2025-05-03 11:06:03,749 - INFO - Successfully loaded mapping data for 488 papers
2025-05-03 11:06:03,750 - INFO - Skipping 39357436 - no mappings meet similarity threshold 0.692
2025-05-03 11:06:03,750 - INFO - Using default tokenizer.
2025-05-03 11:06:03,897 - INFO - Paper 88246188 ROUGE-1 F1: 0.2818
2025-05-03 11:06:03,897 - INFO - Paper 88246188 ROUGE-2 F1: 0.0819
2025-05-03 11:06:03,897 - INFO - Paper 88246188 ROUGE-L F1: 0.1409
2025-05-03 11:06:03,897 - INFO - Using default tokenizer.
2025-05-03 11:06:03,912 - INFO - Paper 53809041 ROUGE-1 F1: 0.1867
2025-05-03 11:06:03,912 - INFO - Paper 53809041 ROUGE-2 F1: 0.0708
2025-05-03 11:06:03,912 - INFO - Paper 53809041 ROUGE-L F1: 0.0913
2025-05-03 11:06:03,912 - INFO - Using default tokenizer.
2025-05-03 11:06:04,055 - INFO - Paper 84548548 ROUGE-1 F1: 0.6003
2025-05-03 11:06:04,055 - INFO - Paper 84548548 ROUGE-2 F1: 0.4048
2025-05-03 11:06:04,055 - INFO - Paper 84548548 ROUGE-L F1: 0.4736
2025-05-03 11:06:04,056 - INFO - Using default tokenizer.
2025-05-03 11:06:04,116 - INFO - Paper 43280550 ROUGE-1 F1: 0.5892
2025-05-03 11:06:04,116 - INFO - Paper 43280550 ROUGE-2 F1: 0.2282
2025-05-03 11:06:04,116 - INFO - Paper 43280550 ROUGE-L F1: 0.3638
2025-05-03 11:06:04,116 - INFO - Using default tokenizer.
2025-05-03 11:06:04,523 - INFO - Paper 35928796 ROUGE-1 F1: 0.8263
2025-05-03 11:06:04,524 - INFO - Paper 35928796 ROUGE-2 F1: 0.7333
2025-05-03 11:06:04,524 - INFO - Paper 35928796 ROUGE-L F1: 0.7751
2025-05-03 11:06:04,524 - INFO - Using default tokenizer.
2025-05-03 11:06:04,532 - INFO - Paper 34524227 ROUGE-1 F1: 0.6643
2025-05-03 11:06:04,532 - INFO - Paper 34524227 ROUGE-2 F1: 0.5018
2025-05-03 11:06:04,532 - INFO - Paper 34524227 ROUGE-L F1: 0.6065
2025-05-03 11:06:04,532 - INFO - Using default tokenizer.
2025-05-03 11:06:04,552 - INFO - Paper 4353776 ROUGE-1 F1: 0.3386
2025-05-03 11:06:04,552 - INFO - Paper 4353776 ROUGE-2 F1: 0.1265
2025-05-03 11:06:04,552 - INFO - Paper 4353776 ROUGE-L F1: 0.1850
2025-05-03 11:06:04,552 - INFO - Using default tokenizer.
2025-05-03 11:06:04,810 - INFO - Paper 50897768 ROUGE-1 F1: 0.6907
2025-05-03 11:06:04,810 - INFO - Paper 50897768 ROUGE-2 F1: 0.5274
2025-05-03 11:06:04,810 - INFO - Paper 50897768 ROUGE-L F1: 0.5563
2025-05-03 11:06:04,810 - INFO - Using default tokenizer.
2025-05-03 11:06:04,839 - INFO - Paper 36272485 ROUGE-1 F1: 0.2407
2025-05-03 11:06:04,839 - INFO - Paper 36272485 ROUGE-2 F1: 0.0804
2025-05-03 11:06:04,839 - INFO - Paper 36272485 ROUGE-L F1: 0.1328
2025-05-03 11:06:04,839 - INFO - Using default tokenizer.
2025-05-03 11:06:04,900 - INFO - Paper 74193008 ROUGE-1 F1: 0.3172
2025-05-03 11:06:04,900 - INFO - Paper 74193008 ROUGE-2 F1: 0.1395
2025-05-03 11:06:04,900 - INFO - Paper 74193008 ROUGE-L F1: 0.2147
2025-05-03 11:06:04,900 - INFO - Using default tokenizer.
2025-05-03 11:06:05,269 - INFO - Paper 97291551 ROUGE-1 F1: 0.7031
2025-05-03 11:06:05,270 - INFO - Paper 97291551 ROUGE-2 F1: 0.5583
2025-05-03 11:06:05,270 - INFO - Paper 97291551 ROUGE-L F1: 0.5982
2025-05-03 11:06:05,270 - INFO - Using default tokenizer.
2025-05-03 11:06:05,508 - INFO - Paper 13655370 ROUGE-1 F1: 0.5355
2025-05-03 11:06:05,508 - INFO - Paper 13655370 ROUGE-2 F1: 0.2003
2025-05-03 11:06:05,508 - INFO - Paper 13655370 ROUGE-L F1: 0.2672
2025-05-03 11:06:05,509 - INFO - Using default tokenizer.
2025-05-03 11:06:05,567 - INFO - Paper 11779349 ROUGE-1 F1: 0.1848
2025-05-03 11:06:05,567 - INFO - Paper 11779349 ROUGE-2 F1: 0.0803
2025-05-03 11:06:05,567 - INFO - Paper 11779349 ROUGE-L F1: 0.1210
2025-05-03 11:06:05,567 - INFO - Using default tokenizer.
2025-05-03 11:06:05,707 - INFO - Paper 98262950 ROUGE-1 F1: 0.4875
2025-05-03 11:06:05,707 - INFO - Paper 98262950 ROUGE-2 F1: 0.1239
2025-05-03 11:06:05,707 - INFO - Paper 98262950 ROUGE-L F1: 0.2180
2025-05-03 11:06:05,707 - INFO - Using default tokenizer.
2025-05-03 11:06:05,711 - INFO - Paper 81465314 ROUGE-1 F1: 0.1033
2025-05-03 11:06:05,711 - INFO - Paper 81465314 ROUGE-2 F1: 0.0095
2025-05-03 11:06:05,711 - INFO - Paper 81465314 ROUGE-L F1: 0.0469
2025-05-03 11:06:05,711 - INFO - Using default tokenizer.
2025-05-03 11:06:05,781 - INFO - Paper 8087311 ROUGE-1 F1: 0.6530
2025-05-03 11:06:05,781 - INFO - Paper 8087311 ROUGE-2 F1: 0.3585
2025-05-03 11:06:05,782 - INFO - Paper 8087311 ROUGE-L F1: 0.4655
2025-05-03 11:06:05,782 - INFO - Using default tokenizer.
2025-05-03 11:06:05,832 - INFO - Paper 74261188 ROUGE-1 F1: 0.4908
2025-05-03 11:06:05,832 - INFO - Paper 74261188 ROUGE-2 F1: 0.2176
2025-05-03 11:06:05,832 - INFO - Paper 74261188 ROUGE-L F1: 0.2663
2025-05-03 11:06:05,833 - INFO - Using default tokenizer.
2025-05-03 11:06:06,041 - INFO - Paper 96308075 ROUGE-1 F1: 0.5290
2025-05-03 11:06:06,041 - INFO - Paper 96308075 ROUGE-2 F1: 0.2812
2025-05-03 11:06:06,041 - INFO - Paper 96308075 ROUGE-L F1: 0.3218
2025-05-03 11:06:06,041 - INFO - Using default tokenizer.
2025-05-03 11:06:06,392 - INFO - Paper 23675750 ROUGE-1 F1: 0.6382
2025-05-03 11:06:06,392 - INFO - Paper 23675750 ROUGE-2 F1: 0.3935
2025-05-03 11:06:06,392 - INFO - Paper 23675750 ROUGE-L F1: 0.4558
2025-05-03 11:06:06,393 - INFO - Using default tokenizer.
2025-05-03 11:06:06,441 - INFO - Paper 16973018 ROUGE-1 F1: 0.5925
2025-05-03 11:06:06,441 - INFO - Paper 16973018 ROUGE-2 F1: 0.2672
2025-05-03 11:06:06,441 - INFO - Paper 16973018 ROUGE-L F1: 0.3700
2025-05-03 11:06:06,441 - INFO - Using default tokenizer.
2025-05-03 11:06:06,463 - INFO - Paper 86675541 ROUGE-1 F1: 0.1813
2025-05-03 11:06:06,463 - INFO - Paper 86675541 ROUGE-2 F1: 0.0596
2025-05-03 11:06:06,463 - INFO - Paper 86675541 ROUGE-L F1: 0.1337
2025-05-03 11:06:06,463 - INFO - Using default tokenizer.
2025-05-03 11:06:06,820 - INFO - Paper 90421095 ROUGE-1 F1: 0.7340
2025-05-03 11:06:06,820 - INFO - Paper 90421095 ROUGE-2 F1: 0.5111
2025-05-03 11:06:06,820 - INFO - Paper 90421095 ROUGE-L F1: 0.5496
2025-05-03 11:06:06,821 - INFO - Using default tokenizer.
2025-05-03 11:06:06,888 - INFO - Paper 14310989 ROUGE-1 F1: 0.5220
2025-05-03 11:06:06,888 - INFO - Paper 14310989 ROUGE-2 F1: 0.2131
2025-05-03 11:06:06,888 - INFO - Paper 14310989 ROUGE-L F1: 0.2965
2025-05-03 11:06:06,888 - INFO - Using default tokenizer.
2025-05-03 11:06:06,896 - INFO - Paper 80897282 ROUGE-1 F1: 0.4521
2025-05-03 11:06:06,896 - INFO - Paper 80897282 ROUGE-2 F1: 0.2162
2025-05-03 11:06:06,896 - INFO - Paper 80897282 ROUGE-L F1: 0.3295
2025-05-03 11:06:06,896 - INFO - Using default tokenizer.
2025-05-03 11:06:06,960 - INFO - Paper 36200725 ROUGE-1 F1: 0.2806
2025-05-03 11:06:06,960 - INFO - Paper 36200725 ROUGE-2 F1: 0.0877
2025-05-03 11:06:06,960 - INFO - Paper 36200725 ROUGE-L F1: 0.1412
2025-05-03 11:06:06,961 - INFO - Using default tokenizer.
2025-05-03 11:06:07,357 - INFO - Paper 52464539 ROUGE-1 F1: 0.7645
2025-05-03 11:06:07,357 - INFO - Paper 52464539 ROUGE-2 F1: 0.5585
2025-05-03 11:06:07,357 - INFO - Paper 52464539 ROUGE-L F1: 0.5967
2025-05-03 11:06:07,357 - INFO - Using default tokenizer.
2025-05-03 11:06:07,676 - INFO - Paper 84480736 ROUGE-1 F1: 0.5537
2025-05-03 11:06:07,676 - INFO - Paper 84480736 ROUGE-2 F1: 0.2766
2025-05-03 11:06:07,677 - INFO - Paper 84480736 ROUGE-L F1: 0.3333
2025-05-03 11:06:07,677 - INFO - Using default tokenizer.
2025-05-03 11:06:07,719 - INFO - Paper 2577868 ROUGE-1 F1: 0.5898
2025-05-03 11:06:07,719 - INFO - Paper 2577868 ROUGE-2 F1: 0.2916
2025-05-03 11:06:07,719 - INFO - Paper 2577868 ROUGE-L F1: 0.4060
2025-05-03 11:06:07,720 - INFO - Using default tokenizer.
2025-05-03 11:06:08,198 - INFO - Paper 45601881 ROUGE-1 F1: 0.8218
2025-05-03 11:06:08,198 - INFO - Paper 45601881 ROUGE-2 F1: 0.6154
2025-05-03 11:06:08,198 - INFO - Paper 45601881 ROUGE-L F1: 0.6570
2025-05-03 11:06:08,199 - INFO - Using default tokenizer.
2025-05-03 11:06:08,205 - INFO - Paper 414696 ROUGE-1 F1: 0.6494
2025-05-03 11:06:08,205 - INFO - Paper 414696 ROUGE-2 F1: 0.6026
2025-05-03 11:06:08,205 - INFO - Paper 414696 ROUGE-L F1: 0.6494
2025-05-03 11:06:08,205 - INFO - Using default tokenizer.
2025-05-03 11:06:08,233 - INFO - Paper 17675091 ROUGE-1 F1: 0.1648
2025-05-03 11:06:08,233 - INFO - Paper 17675091 ROUGE-2 F1: 0.0296
2025-05-03 11:06:08,233 - INFO - Paper 17675091 ROUGE-L F1: 0.0861
2025-05-03 11:06:08,233 - INFO - Using default tokenizer.
2025-05-03 11:06:08,277 - INFO - Paper 63621777 ROUGE-1 F1: 0.2423
2025-05-03 11:06:08,277 - INFO - Paper 63621777 ROUGE-2 F1: 0.0873
2025-05-03 11:06:08,277 - INFO - Paper 63621777 ROUGE-L F1: 0.1339
2025-05-03 11:06:08,278 - INFO - Using default tokenizer.
2025-05-03 11:06:08,297 - INFO - Paper 48411412 ROUGE-1 F1: 0.3053
2025-05-03 11:06:08,297 - INFO - Paper 48411412 ROUGE-2 F1: 0.0943
2025-05-03 11:06:08,297 - INFO - Paper 48411412 ROUGE-L F1: 0.1605
2025-05-03 11:06:08,297 - INFO - Using default tokenizer.
2025-05-03 11:06:08,646 - INFO - Paper 66112363 ROUGE-1 F1: 0.7792
2025-05-03 11:06:08,646 - INFO - Paper 66112363 ROUGE-2 F1: 0.6217
2025-05-03 11:06:08,646 - INFO - Paper 66112363 ROUGE-L F1: 0.6670
2025-05-03 11:06:08,647 - INFO - Using default tokenizer.
2025-05-03 11:06:08,653 - INFO - Paper 50538257 ROUGE-1 F1: 0.0277
2025-05-03 11:06:08,653 - INFO - Paper 50538257 ROUGE-2 F1: 0.0000
2025-05-03 11:06:08,653 - INFO - Paper 50538257 ROUGE-L F1: 0.0238
2025-05-03 11:06:08,653 - INFO - Using default tokenizer.
2025-05-03 11:06:08,658 - INFO - Paper 8136900 ROUGE-1 F1: 0.1423
2025-05-03 11:06:08,658 - INFO - Paper 8136900 ROUGE-2 F1: 0.0558
2025-05-03 11:06:08,658 - INFO - Paper 8136900 ROUGE-L F1: 0.0949
2025-05-03 11:06:08,658 - INFO - Using default tokenizer.
2025-05-03 11:06:08,677 - INFO - Paper 7904666 ROUGE-1 F1: 0.4340
2025-05-03 11:06:08,677 - INFO - Paper 7904666 ROUGE-2 F1: 0.1410
2025-05-03 11:06:08,677 - INFO - Paper 7904666 ROUGE-L F1: 0.2128
2025-05-03 11:06:08,678 - INFO - Using default tokenizer.
2025-05-03 11:06:08,693 - INFO - Paper 93142771 ROUGE-1 F1: 0.4634
2025-05-03 11:06:08,693 - INFO - Paper 93142771 ROUGE-2 F1: 0.1667
2025-05-03 11:06:08,693 - INFO - Paper 93142771 ROUGE-L F1: 0.2780
2025-05-03 11:06:08,693 - INFO - Using default tokenizer.
2025-05-03 11:06:08,734 - INFO - Paper 76817909 ROUGE-1 F1: 0.4781
2025-05-03 11:06:08,735 - INFO - Paper 76817909 ROUGE-2 F1: 0.2077
2025-05-03 11:06:08,735 - INFO - Paper 76817909 ROUGE-L F1: 0.2895
2025-05-03 11:06:08,735 - INFO - Using default tokenizer.
2025-05-03 11:06:08,741 - INFO - Paper 435175 ROUGE-1 F1: 0.1314
2025-05-03 11:06:08,741 - INFO - Paper 435175 ROUGE-2 F1: 0.0460
2025-05-03 11:06:08,741 - INFO - Paper 435175 ROUGE-L F1: 0.0800
2025-05-03 11:06:08,742 - INFO - Using default tokenizer.
2025-05-03 11:06:08,760 - INFO - Paper 24950879 ROUGE-1 F1: 0.2734
2025-05-03 11:06:08,760 - INFO - Paper 24950879 ROUGE-2 F1: 0.0866
2025-05-03 11:06:08,760 - INFO - Paper 24950879 ROUGE-L F1: 0.1511
2025-05-03 11:06:08,760 - INFO - Using default tokenizer.
2025-05-03 11:06:08,763 - INFO - Paper 42851012 ROUGE-1 F1: 0.0714
2025-05-03 11:06:08,763 - INFO - Paper 42851012 ROUGE-2 F1: 0.0631
2025-05-03 11:06:08,763 - INFO - Paper 42851012 ROUGE-L F1: 0.0714
2025-05-03 11:06:08,763 - INFO - Using default tokenizer.
2025-05-03 11:06:08,828 - INFO - Paper 88532041 ROUGE-1 F1: 0.5606
2025-05-03 11:06:08,828 - INFO - Paper 88532041 ROUGE-2 F1: 0.2341
2025-05-03 11:06:08,828 - INFO - Paper 88532041 ROUGE-L F1: 0.3248
2025-05-03 11:06:08,828 - INFO - Using default tokenizer.
2025-05-03 11:06:08,839 - INFO - Paper 12175403 ROUGE-1 F1: 0.4259
2025-05-03 11:06:08,839 - INFO - Paper 12175403 ROUGE-2 F1: 0.1491
2025-05-03 11:06:08,839 - INFO - Paper 12175403 ROUGE-L F1: 0.2407
2025-05-03 11:06:08,839 - INFO - Using default tokenizer.
2025-05-03 11:06:08,881 - INFO - Paper 37010180 ROUGE-1 F1: 0.1641
2025-05-03 11:06:08,881 - INFO - Paper 37010180 ROUGE-2 F1: 0.0443
2025-05-03 11:06:08,882 - INFO - Paper 37010180 ROUGE-L F1: 0.0959
2025-05-03 11:06:08,882 - INFO - Using default tokenizer.
2025-05-03 11:06:08,893 - INFO - Paper 99295545 ROUGE-1 F1: 0.4615
2025-05-03 11:06:08,894 - INFO - Paper 99295545 ROUGE-2 F1: 0.1734
2025-05-03 11:06:08,894 - INFO - Paper 99295545 ROUGE-L F1: 0.3015
2025-05-03 11:06:08,894 - INFO - Skipping 78190587 - no mappings meet similarity threshold 0.692
2025-05-03 11:06:08,894 - INFO - Using default tokenizer.
2025-05-03 11:06:08,958 - INFO - Paper 15062404 ROUGE-1 F1: 0.4012
2025-05-03 11:06:08,958 - INFO - Paper 15062404 ROUGE-2 F1: 0.1051
2025-05-03 11:06:08,958 - INFO - Paper 15062404 ROUGE-L F1: 0.1895
2025-05-03 11:06:08,958 - INFO - Using default tokenizer.
2025-05-03 11:06:08,986 - INFO - Paper 71370947 ROUGE-1 F1: 0.2169
2025-05-03 11:06:08,986 - INFO - Paper 71370947 ROUGE-2 F1: 0.0398
2025-05-03 11:06:08,986 - INFO - Paper 71370947 ROUGE-L F1: 0.1243
2025-05-03 11:06:08,986 - INFO - Using default tokenizer.
2025-05-03 11:06:08,998 - INFO - Paper 57934330 ROUGE-1 F1: 0.2406
2025-05-03 11:06:08,998 - INFO - Paper 57934330 ROUGE-2 F1: 0.1422
2025-05-03 11:06:08,998 - INFO - Paper 57934330 ROUGE-L F1: 0.1604
2025-05-03 11:06:08,998 - INFO - Using default tokenizer.
2025-05-03 11:06:09,018 - INFO - Paper 78860785 ROUGE-1 F1: 0.4574
2025-05-03 11:06:09,018 - INFO - Paper 78860785 ROUGE-2 F1: 0.1879
2025-05-03 11:06:09,018 - INFO - Paper 78860785 ROUGE-L F1: 0.2661
2025-05-03 11:06:09,018 - INFO - Using default tokenizer.
2025-05-03 11:06:09,051 - INFO - Paper 63848470 ROUGE-1 F1: 0.3564
2025-05-03 11:06:09,051 - INFO - Paper 63848470 ROUGE-2 F1: 0.0493
2025-05-03 11:06:09,051 - INFO - Paper 63848470 ROUGE-L F1: 0.1659
2025-05-03 11:06:09,051 - INFO - Using default tokenizer.
2025-05-03 11:06:09,076 - INFO - Paper 77534612 ROUGE-1 F1: 0.5793
2025-05-03 11:06:09,076 - INFO - Paper 77534612 ROUGE-2 F1: 0.2926
2025-05-03 11:06:09,076 - INFO - Paper 77534612 ROUGE-L F1: 0.4354
2025-05-03 11:06:09,076 - INFO - Using default tokenizer.
2025-05-03 11:06:09,240 - INFO - Paper 23929837 ROUGE-1 F1: 0.4718
2025-05-03 11:06:09,240 - INFO - Paper 23929837 ROUGE-2 F1: 0.1680
2025-05-03 11:06:09,240 - INFO - Paper 23929837 ROUGE-L F1: 0.2398
2025-05-03 11:06:09,241 - INFO - Using default tokenizer.
2025-05-03 11:06:09,461 - INFO - Paper 13135318 ROUGE-1 F1: 0.6814
2025-05-03 11:06:09,461 - INFO - Paper 13135318 ROUGE-2 F1: 0.5390
2025-05-03 11:06:09,461 - INFO - Paper 13135318 ROUGE-L F1: 0.5930
2025-05-03 11:06:09,461 - INFO - Using default tokenizer.
2025-05-03 11:06:09,597 - INFO - Paper 97923725 ROUGE-1 F1: 0.5147
2025-05-03 11:06:09,597 - INFO - Paper 97923725 ROUGE-2 F1: 0.2217
2025-05-03 11:06:09,597 - INFO - Paper 97923725 ROUGE-L F1: 0.2786
2025-05-03 11:06:09,597 - INFO - Using default tokenizer.
2025-05-03 11:06:09,607 - INFO - Paper 25809281 ROUGE-1 F1: 0.4379
2025-05-03 11:06:09,607 - INFO - Paper 25809281 ROUGE-2 F1: 0.1118
2025-05-03 11:06:09,607 - INFO - Paper 25809281 ROUGE-L F1: 0.2549
2025-05-03 11:06:09,607 - INFO - Using default tokenizer.
2025-05-03 11:06:09,692 - INFO - Paper 8601517 ROUGE-1 F1: 0.4462
2025-05-03 11:06:09,692 - INFO - Paper 8601517 ROUGE-2 F1: 0.1497
2025-05-03 11:06:09,692 - INFO - Paper 8601517 ROUGE-L F1: 0.2250
2025-05-03 11:06:09,692 - INFO - Using default tokenizer.
2025-05-03 11:06:09,992 - INFO - Paper 73515355 ROUGE-1 F1: 0.6803
2025-05-03 11:06:09,992 - INFO - Paper 73515355 ROUGE-2 F1: 0.4583
2025-05-03 11:06:09,992 - INFO - Paper 73515355 ROUGE-L F1: 0.5227
2025-05-03 11:06:09,992 - INFO - Using default tokenizer.
2025-05-03 11:06:10,157 - INFO - Paper 7305163 ROUGE-1 F1: 0.4891
2025-05-03 11:06:10,157 - INFO - Paper 7305163 ROUGE-2 F1: 0.3277
2025-05-03 11:06:10,157 - INFO - Paper 7305163 ROUGE-L F1: 0.3833
2025-05-03 11:06:10,157 - INFO - Using default tokenizer.
2025-05-03 11:06:10,375 - INFO - Paper 31459000 ROUGE-1 F1: 0.6631
2025-05-03 11:06:10,375 - INFO - Paper 31459000 ROUGE-2 F1: 0.4403
2025-05-03 11:06:10,375 - INFO - Paper 31459000 ROUGE-L F1: 0.4750
2025-05-03 11:06:10,375 - INFO - Using default tokenizer.
2025-05-03 11:06:10,386 - INFO - Paper 38779502 ROUGE-1 F1: 0.0322
2025-05-03 11:06:10,386 - INFO - Paper 38779502 ROUGE-2 F1: 0.0054
2025-05-03 11:06:10,386 - INFO - Paper 38779502 ROUGE-L F1: 0.0242
2025-05-03 11:06:10,386 - INFO - Using default tokenizer.
2025-05-03 11:06:10,428 - INFO - Paper 67930407 ROUGE-1 F1: 0.5367
2025-05-03 11:06:10,428 - INFO - Paper 67930407 ROUGE-2 F1: 0.1775
2025-05-03 11:06:10,428 - INFO - Paper 67930407 ROUGE-L F1: 0.2739
2025-05-03 11:06:10,429 - INFO - Using default tokenizer.
2025-05-03 11:06:10,582 - INFO - Paper 35247822 ROUGE-1 F1: 0.6753
2025-05-03 11:06:10,582 - INFO - Paper 35247822 ROUGE-2 F1: 0.3496
2025-05-03 11:06:10,582 - INFO - Paper 35247822 ROUGE-L F1: 0.4721
2025-05-03 11:06:10,582 - INFO - Using default tokenizer.
2025-05-03 11:06:10,590 - INFO - Paper 687757 ROUGE-1 F1: 0.1215
2025-05-03 11:06:10,590 - INFO - Paper 687757 ROUGE-2 F1: 0.0333
2025-05-03 11:06:10,590 - INFO - Paper 687757 ROUGE-L F1: 0.0773
2025-05-03 11:06:10,590 - INFO - Using default tokenizer.
2025-05-03 11:06:10,915 - INFO - Paper 34958521 ROUGE-1 F1: 0.6708
2025-05-03 11:06:10,915 - INFO - Paper 34958521 ROUGE-2 F1: 0.4546
2025-05-03 11:06:10,915 - INFO - Paper 34958521 ROUGE-L F1: 0.4895
2025-05-03 11:06:10,916 - INFO - Using default tokenizer.
2025-05-03 11:06:10,952 - INFO - Paper 86524123 ROUGE-1 F1: 0.3427
2025-05-03 11:06:10,952 - INFO - Paper 86524123 ROUGE-2 F1: 0.0913
2025-05-03 11:06:10,952 - INFO - Paper 86524123 ROUGE-L F1: 0.1526
2025-05-03 11:06:10,952 - INFO - Using default tokenizer.
2025-05-03 11:06:10,994 - INFO - Paper 37171167 ROUGE-1 F1: 0.3653
2025-05-03 11:06:10,994 - INFO - Paper 37171167 ROUGE-2 F1: 0.1123
2025-05-03 11:06:10,994 - INFO - Paper 37171167 ROUGE-L F1: 0.1973
2025-05-03 11:06:10,995 - INFO - Using default tokenizer.
2025-05-03 11:06:11,002 - INFO - Paper 71425952 ROUGE-1 F1: 0.3171
2025-05-03 11:06:11,002 - INFO - Paper 71425952 ROUGE-2 F1: 0.1963
2025-05-03 11:06:11,002 - INFO - Paper 71425952 ROUGE-L F1: 0.2561
2025-05-03 11:06:11,002 - INFO - Using default tokenizer.
2025-05-03 11:06:11,034 - INFO - Paper 12279648 ROUGE-1 F1: 0.5563
2025-05-03 11:06:11,034 - INFO - Paper 12279648 ROUGE-2 F1: 0.2637
2025-05-03 11:06:11,034 - INFO - Paper 12279648 ROUGE-L F1: 0.3276
2025-05-03 11:06:11,034 - INFO - Using default tokenizer.
2025-05-03 11:06:11,100 - INFO - Paper 89767636 ROUGE-1 F1: 0.6133
2025-05-03 11:06:11,100 - INFO - Paper 89767636 ROUGE-2 F1: 0.4388
2025-05-03 11:06:11,100 - INFO - Paper 89767636 ROUGE-L F1: 0.5289
2025-05-03 11:06:11,100 - INFO - Using default tokenizer.
2025-05-03 11:06:11,557 - INFO - Paper 99384474 ROUGE-1 F1: 0.6823
2025-05-03 11:06:11,557 - INFO - Paper 99384474 ROUGE-2 F1: 0.4110
2025-05-03 11:06:11,557 - INFO - Paper 99384474 ROUGE-L F1: 0.4616
2025-05-03 11:06:11,557 - INFO - Using default tokenizer.
2025-05-03 11:06:11,588 - INFO - Paper 36779622 ROUGE-1 F1: 0.4141
2025-05-03 11:06:11,588 - INFO - Paper 36779622 ROUGE-2 F1: 0.1600
2025-05-03 11:06:11,588 - INFO - Paper 36779622 ROUGE-L F1: 0.2270
2025-05-03 11:06:11,588 - INFO - Using default tokenizer.
2025-05-03 11:06:12,037 - INFO - Paper 85505359 ROUGE-1 F1: 0.7362
2025-05-03 11:06:12,037 - INFO - Paper 85505359 ROUGE-2 F1: 0.4340
2025-05-03 11:06:12,037 - INFO - Paper 85505359 ROUGE-L F1: 0.5070
2025-05-03 11:06:12,037 - INFO - Using default tokenizer.
2025-05-03 11:06:12,131 - INFO - Paper 26262723 ROUGE-1 F1: 0.5297
2025-05-03 11:06:12,131 - INFO - Paper 26262723 ROUGE-2 F1: 0.2094
2025-05-03 11:06:12,131 - INFO - Paper 26262723 ROUGE-L F1: 0.2883
2025-05-03 11:06:12,132 - INFO - Using default tokenizer.
2025-05-03 11:06:12,146 - INFO - Paper 87558652 ROUGE-1 F1: 0.2500
2025-05-03 11:06:12,146 - INFO - Paper 87558652 ROUGE-2 F1: 0.0879
2025-05-03 11:06:12,147 - INFO - Paper 87558652 ROUGE-L F1: 0.1583
2025-05-03 11:06:12,147 - INFO - Using default tokenizer.
2025-05-03 11:06:12,182 - INFO - Paper 45435119 ROUGE-1 F1: 0.3732
2025-05-03 11:06:12,182 - INFO - Paper 45435119 ROUGE-2 F1: 0.0886
2025-05-03 11:06:12,182 - INFO - Paper 45435119 ROUGE-L F1: 0.1709
2025-05-03 11:06:12,182 - INFO - Using default tokenizer.
2025-05-03 11:06:12,191 - INFO - Paper 85820029 ROUGE-1 F1: 0.3245
2025-05-03 11:06:12,191 - INFO - Paper 85820029 ROUGE-2 F1: 0.1333
2025-05-03 11:06:12,191 - INFO - Paper 85820029 ROUGE-L F1: 0.2252
2025-05-03 11:06:12,191 - INFO - Using default tokenizer.
2025-05-03 11:06:12,546 - INFO - Paper 17601393 ROUGE-1 F1: 0.6318
2025-05-03 11:06:12,547 - INFO - Paper 17601393 ROUGE-2 F1: 0.4595
2025-05-03 11:06:12,547 - INFO - Paper 17601393 ROUGE-L F1: 0.5163
2025-05-03 11:06:12,547 - INFO - Using default tokenizer.
2025-05-03 11:06:12,637 - INFO - Paper 78499306 ROUGE-1 F1: 0.5255
2025-05-03 11:06:12,637 - INFO - Paper 78499306 ROUGE-2 F1: 0.2121
2025-05-03 11:06:12,637 - INFO - Paper 78499306 ROUGE-L F1: 0.2971
2025-05-03 11:06:12,637 - INFO - Using default tokenizer.
2025-05-03 11:06:12,971 - INFO - Paper 31021586 ROUGE-1 F1: 0.5780
2025-05-03 11:06:12,971 - INFO - Paper 31021586 ROUGE-2 F1: 0.3528
2025-05-03 11:06:12,971 - INFO - Paper 31021586 ROUGE-L F1: 0.3829
2025-05-03 11:06:12,972 - INFO - Using default tokenizer.
2025-05-03 11:06:13,050 - INFO - Paper 30485653 ROUGE-1 F1: 0.2736
2025-05-03 11:06:13,050 - INFO - Paper 30485653 ROUGE-2 F1: 0.0785
2025-05-03 11:06:13,051 - INFO - Paper 30485653 ROUGE-L F1: 0.1424
2025-05-03 11:06:13,051 - INFO - Using default tokenizer.
2025-05-03 11:06:13,307 - INFO - Paper 68340528 ROUGE-1 F1: 0.4887
2025-05-03 11:06:13,307 - INFO - Paper 68340528 ROUGE-2 F1: 0.2273
2025-05-03 11:06:13,307 - INFO - Paper 68340528 ROUGE-L F1: 0.2857
2025-05-03 11:06:13,307 - INFO - Skipping 56843191 - no mappings meet similarity threshold 0.692
2025-05-03 11:06:13,307 - INFO - Using default tokenizer.
2025-05-03 11:06:13,415 - INFO - Paper 84030160 ROUGE-1 F1: 0.6039
2025-05-03 11:06:13,415 - INFO - Paper 84030160 ROUGE-2 F1: 0.4316
2025-05-03 11:06:13,415 - INFO - Paper 84030160 ROUGE-L F1: 0.5055
2025-05-03 11:06:13,415 - INFO - Using default tokenizer.
2025-05-03 11:06:13,444 - INFO - Paper 85853580 ROUGE-1 F1: 0.2866
2025-05-03 11:06:13,444 - INFO - Paper 85853580 ROUGE-2 F1: 0.0741
2025-05-03 11:06:13,444 - INFO - Paper 85853580 ROUGE-L F1: 0.1566
2025-05-03 11:06:13,444 - INFO - Using default tokenizer.
2025-05-03 11:06:13,461 - INFO - Paper 7570292 ROUGE-1 F1: 0.3620
2025-05-03 11:06:13,461 - INFO - Paper 7570292 ROUGE-2 F1: 0.1197
2025-05-03 11:06:13,461 - INFO - Paper 7570292 ROUGE-L F1: 0.2208
2025-05-03 11:06:13,462 - INFO - Using default tokenizer.
2025-05-03 11:06:13,578 - INFO - Paper 26668230 ROUGE-1 F1: 0.5428
2025-05-03 11:06:13,578 - INFO - Paper 26668230 ROUGE-2 F1: 0.2433
2025-05-03 11:06:13,578 - INFO - Paper 26668230 ROUGE-L F1: 0.3081
2025-05-03 11:06:13,578 - INFO - Skipping 58884367 - no mappings meet similarity threshold 0.692
2025-05-03 11:06:13,578 - INFO - Using default tokenizer.
2025-05-03 11:06:13,656 - INFO - Paper 65123124 ROUGE-1 F1: 0.5771
2025-05-03 11:06:13,656 - INFO - Paper 65123124 ROUGE-2 F1: 0.2944
2025-05-03 11:06:13,656 - INFO - Paper 65123124 ROUGE-L F1: 0.3589
2025-05-03 11:06:13,656 - INFO - Using default tokenizer.
2025-05-03 11:06:13,726 - INFO - Paper 78841597 ROUGE-1 F1: 0.5505
2025-05-03 11:06:13,726 - INFO - Paper 78841597 ROUGE-2 F1: 0.3319
2025-05-03 11:06:13,726 - INFO - Paper 78841597 ROUGE-L F1: 0.4000
2025-05-03 11:06:13,726 - INFO - Using default tokenizer.
2025-05-03 11:06:13,879 - INFO - Paper 33126132 ROUGE-1 F1: 0.5280
2025-05-03 11:06:13,879 - INFO - Paper 33126132 ROUGE-2 F1: 0.3682
2025-05-03 11:06:13,879 - INFO - Paper 33126132 ROUGE-L F1: 0.4243
2025-05-03 11:06:13,879 - INFO - Using default tokenizer.
2025-05-03 11:06:13,968 - INFO - Paper 8784223 ROUGE-1 F1: 0.4832
2025-05-03 11:06:13,969 - INFO - Paper 8784223 ROUGE-2 F1: 0.1674
2025-05-03 11:06:13,969 - INFO - Paper 8784223 ROUGE-L F1: 0.2543
2025-05-03 11:06:13,969 - INFO - Using default tokenizer.
2025-05-03 11:06:14,006 - INFO - Paper 57983162 ROUGE-1 F1: 0.2021
2025-05-03 11:06:14,007 - INFO - Paper 57983162 ROUGE-2 F1: 0.0598
2025-05-03 11:06:14,007 - INFO - Paper 57983162 ROUGE-L F1: 0.1171
2025-05-03 11:06:14,007 - INFO - Using default tokenizer.
2025-05-03 11:06:14,305 - INFO - Paper 9563928 ROUGE-1 F1: 0.6541
2025-05-03 11:06:14,305 - INFO - Paper 9563928 ROUGE-2 F1: 0.4464
2025-05-03 11:06:14,305 - INFO - Paper 9563928 ROUGE-L F1: 0.4987
2025-05-03 11:06:14,306 - INFO - Using default tokenizer.
2025-05-03 11:06:14,367 - INFO - Paper 94646863 ROUGE-1 F1: 0.5783
2025-05-03 11:06:14,368 - INFO - Paper 94646863 ROUGE-2 F1: 0.2864
2025-05-03 11:06:14,368 - INFO - Paper 94646863 ROUGE-L F1: 0.4032
2025-05-03 11:06:14,368 - INFO - Using default tokenizer.
2025-05-03 11:06:14,433 - INFO - Paper 17350626 ROUGE-1 F1: 0.2760
2025-05-03 11:06:14,433 - INFO - Paper 17350626 ROUGE-2 F1: 0.0627
2025-05-03 11:06:14,433 - INFO - Paper 17350626 ROUGE-L F1: 0.1362
2025-05-03 11:06:14,434 - INFO - Using default tokenizer.
2025-05-03 11:06:14,449 - INFO - Paper 49439664 ROUGE-1 F1: 0.6143
2025-05-03 11:06:14,449 - INFO - Paper 49439664 ROUGE-2 F1: 0.2297
2025-05-03 11:06:14,449 - INFO - Paper 49439664 ROUGE-L F1: 0.4143
2025-05-03 11:06:14,450 - INFO - Using default tokenizer.
2025-05-03 11:06:14,679 - INFO - Paper 2852538 ROUGE-1 F1: 0.5990
2025-05-03 11:06:14,679 - INFO - Paper 2852538 ROUGE-2 F1: 0.3125
2025-05-03 11:06:14,679 - INFO - Paper 2852538 ROUGE-L F1: 0.3557
2025-05-03 11:06:14,679 - INFO - Using default tokenizer.
2025-05-03 11:06:15,180 - INFO - Paper 74156567 ROUGE-1 F1: 0.7484
2025-05-03 11:06:15,180 - INFO - Paper 74156567 ROUGE-2 F1: 0.4791
2025-05-03 11:06:15,180 - INFO - Paper 74156567 ROUGE-L F1: 0.5229
2025-05-03 11:06:15,180 - INFO - Using default tokenizer.
2025-05-03 11:06:15,217 - INFO - Paper 19173630 ROUGE-1 F1: 0.1209
2025-05-03 11:06:15,217 - INFO - Paper 19173630 ROUGE-2 F1: 0.0316
2025-05-03 11:06:15,217 - INFO - Paper 19173630 ROUGE-L F1: 0.0684
2025-05-03 11:06:15,217 - INFO - Using default tokenizer.
2025-05-03 11:06:15,339 - INFO - Paper 78861774 ROUGE-1 F1: 0.6726
2025-05-03 11:06:15,339 - INFO - Paper 78861774 ROUGE-2 F1: 0.3148
2025-05-03 11:06:15,339 - INFO - Paper 78861774 ROUGE-L F1: 0.4007
2025-05-03 11:06:15,339 - INFO - Using default tokenizer.
2025-05-03 11:06:15,596 - INFO - Paper 202387 ROUGE-1 F1: 0.6186
2025-05-03 11:06:15,596 - INFO - Paper 202387 ROUGE-2 F1: 0.3722
2025-05-03 11:06:15,596 - INFO - Paper 202387 ROUGE-L F1: 0.4295
2025-05-03 11:06:15,596 - INFO - Using default tokenizer.
2025-05-03 11:06:15,617 - INFO - Paper 85933068 ROUGE-1 F1: 0.4444
2025-05-03 11:06:15,617 - INFO - Paper 85933068 ROUGE-2 F1: 0.1542
2025-05-03 11:06:15,617 - INFO - Paper 85933068 ROUGE-L F1: 0.2465
2025-05-03 11:06:15,617 - INFO - Using default tokenizer.
2025-05-03 11:06:15,709 - INFO - Paper 81057283 ROUGE-1 F1: 0.6400
2025-05-03 11:06:15,709 - INFO - Paper 81057283 ROUGE-2 F1: 0.4772
2025-05-03 11:06:15,709 - INFO - Paper 81057283 ROUGE-L F1: 0.5236
2025-05-03 11:06:15,709 - INFO - Using default tokenizer.
2025-05-03 11:06:15,769 - INFO - Paper 31183232 ROUGE-1 F1: 0.6874
2025-05-03 11:06:15,769 - INFO - Paper 31183232 ROUGE-2 F1: 0.4277
2025-05-03 11:06:15,769 - INFO - Paper 31183232 ROUGE-L F1: 0.4937
2025-05-03 11:06:15,769 - INFO - Using default tokenizer.
2025-05-03 11:06:16,210 - INFO - Paper 17754953 ROUGE-1 F1: 0.7813
2025-05-03 11:06:16,210 - INFO - Paper 17754953 ROUGE-2 F1: 0.5576
2025-05-03 11:06:16,210 - INFO - Paper 17754953 ROUGE-L F1: 0.6207
2025-05-03 11:06:16,210 - INFO - Using default tokenizer.
2025-05-03 11:06:16,212 - INFO - Paper 33015723 ROUGE-1 F1: 0.0882
2025-05-03 11:06:16,212 - INFO - Paper 33015723 ROUGE-2 F1: 0.0299
2025-05-03 11:06:16,212 - INFO - Paper 33015723 ROUGE-L F1: 0.0882
2025-05-03 11:06:16,212 - INFO - Using default tokenizer.
2025-05-03 11:06:16,475 - INFO - Paper 76635514 ROUGE-1 F1: 0.7279
2025-05-03 11:06:16,475 - INFO - Paper 76635514 ROUGE-2 F1: 0.5696
2025-05-03 11:06:16,475 - INFO - Paper 76635514 ROUGE-L F1: 0.6119
2025-05-03 11:06:16,476 - INFO - Using default tokenizer.
2025-05-03 11:06:16,525 - INFO - Paper 11636296 ROUGE-1 F1: 0.6234
2025-05-03 11:06:16,525 - INFO - Paper 11636296 ROUGE-2 F1: 0.3036
2025-05-03 11:06:16,525 - INFO - Paper 11636296 ROUGE-L F1: 0.3893
2025-05-03 11:06:16,525 - INFO - Using default tokenizer.
2025-05-03 11:06:16,685 - INFO - Paper 85123331 ROUGE-1 F1: 0.7757
2025-05-03 11:06:16,685 - INFO - Paper 85123331 ROUGE-2 F1: 0.6638
2025-05-03 11:06:16,685 - INFO - Paper 85123331 ROUGE-L F1: 0.7066
2025-05-03 11:06:16,685 - INFO - Using default tokenizer.
2025-05-03 11:06:17,199 - INFO - Paper 49333267 ROUGE-1 F1: 0.7662
2025-05-03 11:06:17,199 - INFO - Paper 49333267 ROUGE-2 F1: 0.5023
2025-05-03 11:06:17,199 - INFO - Paper 49333267 ROUGE-L F1: 0.5495
2025-05-03 11:06:17,199 - INFO - Using default tokenizer.
2025-05-03 11:06:17,604 - INFO - Paper 10587146 ROUGE-1 F1: 0.6381
2025-05-03 11:06:17,604 - INFO - Paper 10587146 ROUGE-2 F1: 0.3682
2025-05-03 11:06:17,604 - INFO - Paper 10587146 ROUGE-L F1: 0.4220
2025-05-03 11:06:17,605 - INFO - Using default tokenizer.
2025-05-03 11:06:17,933 - INFO - Paper 28727146 ROUGE-1 F1: 0.6163
2025-05-03 11:06:17,933 - INFO - Paper 28727146 ROUGE-2 F1: 0.3912
2025-05-03 11:06:17,933 - INFO - Paper 28727146 ROUGE-L F1: 0.4413
2025-05-03 11:06:17,934 - INFO - Using default tokenizer.
2025-05-03 11:06:18,272 - INFO - Paper 57114772 ROUGE-1 F1: 0.6752
2025-05-03 11:06:18,272 - INFO - Paper 57114772 ROUGE-2 F1: 0.4300
2025-05-03 11:06:18,272 - INFO - Paper 57114772 ROUGE-L F1: 0.4410
2025-05-03 11:06:18,273 - INFO - Using default tokenizer.
2025-05-03 11:06:18,320 - INFO - Paper 94730041 ROUGE-1 F1: 0.4044
2025-05-03 11:06:18,320 - INFO - Paper 94730041 ROUGE-2 F1: 0.1088
2025-05-03 11:06:18,320 - INFO - Paper 94730041 ROUGE-L F1: 0.1899
2025-05-03 11:06:18,320 - INFO - Using default tokenizer.
2025-05-03 11:06:18,785 - INFO - Paper 61298922 ROUGE-1 F1: 0.7095
2025-05-03 11:06:18,785 - INFO - Paper 61298922 ROUGE-2 F1: 0.4558
2025-05-03 11:06:18,785 - INFO - Paper 61298922 ROUGE-L F1: 0.5122
2025-05-03 11:06:18,786 - INFO - Using default tokenizer.
2025-05-03 11:06:19,156 - INFO - Paper 36051826 ROUGE-1 F1: 0.7014
2025-05-03 11:06:19,156 - INFO - Paper 36051826 ROUGE-2 F1: 0.4239
2025-05-03 11:06:19,157 - INFO - Paper 36051826 ROUGE-L F1: 0.4652
2025-05-03 11:06:19,157 - INFO - Using default tokenizer.
2025-05-03 11:06:19,292 - INFO - Paper 7912651 ROUGE-1 F1: 0.7568
2025-05-03 11:06:19,292 - INFO - Paper 7912651 ROUGE-2 F1: 0.6006
2025-05-03 11:06:19,292 - INFO - Paper 7912651 ROUGE-L F1: 0.6541
2025-05-03 11:06:19,292 - INFO - Using default tokenizer.
2025-05-03 11:06:19,341 - INFO - Paper 74164301 ROUGE-1 F1: 0.5313
2025-05-03 11:06:19,341 - INFO - Paper 74164301 ROUGE-2 F1: 0.2125
2025-05-03 11:06:19,341 - INFO - Paper 74164301 ROUGE-L F1: 0.2886
2025-05-03 11:06:19,341 - INFO - Using default tokenizer.
2025-05-03 11:06:19,357 - INFO - Paper 72788236 ROUGE-1 F1: 0.2201
2025-05-03 11:06:19,357 - INFO - Paper 72788236 ROUGE-2 F1: 0.0495
2025-05-03 11:06:19,357 - INFO - Paper 72788236 ROUGE-L F1: 0.1290
2025-05-03 11:06:19,357 - INFO - Using default tokenizer.
2025-05-03 11:06:19,760 - INFO - Paper 93025332 ROUGE-1 F1: 0.8002
2025-05-03 11:06:19,760 - INFO - Paper 93025332 ROUGE-2 F1: 0.7243
2025-05-03 11:06:19,760 - INFO - Paper 93025332 ROUGE-L F1: 0.7450
2025-05-03 11:06:19,760 - INFO - Using default tokenizer.
2025-05-03 11:06:19,809 - INFO - Paper 43650136 ROUGE-1 F1: 0.2231
2025-05-03 11:06:19,809 - INFO - Paper 43650136 ROUGE-2 F1: 0.0898
2025-05-03 11:06:19,809 - INFO - Paper 43650136 ROUGE-L F1: 0.1434
2025-05-03 11:06:19,809 - INFO - Using default tokenizer.
2025-05-03 11:06:19,821 - INFO - Paper 62769214 ROUGE-1 F1: 0.2075
2025-05-03 11:06:19,822 - INFO - Paper 62769214 ROUGE-2 F1: 0.0355
2025-05-03 11:06:19,822 - INFO - Paper 62769214 ROUGE-L F1: 0.0971
2025-05-03 11:06:19,822 - INFO - Using default tokenizer.
2025-05-03 11:06:19,829 - INFO - Paper 52492536 ROUGE-1 F1: 0.0335
2025-05-03 11:06:19,829 - INFO - Paper 52492536 ROUGE-2 F1: 0.0112
2025-05-03 11:06:19,829 - INFO - Paper 52492536 ROUGE-L F1: 0.0335
2025-05-03 11:06:19,829 - INFO - Using default tokenizer.
2025-05-03 11:06:20,203 - INFO - Paper 53935450 ROUGE-1 F1: 0.5972
2025-05-03 11:06:20,203 - INFO - Paper 53935450 ROUGE-2 F1: 0.3446
2025-05-03 11:06:20,203 - INFO - Paper 53935450 ROUGE-L F1: 0.3700
2025-05-03 11:06:20,204 - INFO - Using default tokenizer.
2025-05-03 11:06:20,238 - INFO - Paper 7120002 ROUGE-1 F1: 0.5015
2025-05-03 11:06:20,238 - INFO - Paper 7120002 ROUGE-2 F1: 0.2088
2025-05-03 11:06:20,239 - INFO - Paper 7120002 ROUGE-L F1: 0.2903
2025-05-03 11:06:20,239 - INFO - Using default tokenizer.
2025-05-03 11:06:20,555 - INFO - Paper 30995172 ROUGE-1 F1: 0.7577
2025-05-03 11:06:20,555 - INFO - Paper 30995172 ROUGE-2 F1: 0.6222
2025-05-03 11:06:20,556 - INFO - Paper 30995172 ROUGE-L F1: 0.6686
2025-05-03 11:06:20,556 - INFO - Using default tokenizer.
2025-05-03 11:06:20,760 - INFO - Paper 97703387 ROUGE-1 F1: 0.8084
2025-05-03 11:06:20,761 - INFO - Paper 97703387 ROUGE-2 F1: 0.6058
2025-05-03 11:06:20,761 - INFO - Paper 97703387 ROUGE-L F1: 0.6605
2025-05-03 11:06:20,761 - INFO - Using default tokenizer.
2025-05-03 11:06:20,824 - INFO - Paper 53721399 ROUGE-1 F1: 0.6007
2025-05-03 11:06:20,824 - INFO - Paper 53721399 ROUGE-2 F1: 0.2345
2025-05-03 11:06:20,825 - INFO - Paper 53721399 ROUGE-L F1: 0.3285
2025-05-03 11:06:20,825 - INFO - Using default tokenizer.
2025-05-03 11:06:20,872 - INFO - Paper 16124640 ROUGE-1 F1: 0.2684
2025-05-03 11:06:20,873 - INFO - Paper 16124640 ROUGE-2 F1: 0.1232
2025-05-03 11:06:20,873 - INFO - Paper 16124640 ROUGE-L F1: 0.1516
2025-05-03 11:06:20,873 - INFO - Using default tokenizer.
2025-05-03 11:06:20,913 - INFO - Paper 69976012 ROUGE-1 F1: 0.4657
2025-05-03 11:06:20,913 - INFO - Paper 69976012 ROUGE-2 F1: 0.2051
2025-05-03 11:06:20,913 - INFO - Paper 69976012 ROUGE-L F1: 0.2880
2025-05-03 11:06:20,913 - INFO - Using default tokenizer.
2025-05-03 11:06:21,047 - INFO - Paper 74547298 ROUGE-1 F1: 0.4982
2025-05-03 11:06:21,047 - INFO - Paper 74547298 ROUGE-2 F1: 0.3857
2025-05-03 11:06:21,047 - INFO - Paper 74547298 ROUGE-L F1: 0.4324
2025-05-03 11:06:21,048 - INFO - Using default tokenizer.
2025-05-03 11:06:21,091 - INFO - Paper 7255717 ROUGE-1 F1: 0.2479
2025-05-03 11:06:21,091 - INFO - Paper 7255717 ROUGE-2 F1: 0.0507
2025-05-03 11:06:21,091 - INFO - Paper 7255717 ROUGE-L F1: 0.1372
2025-05-03 11:06:21,091 - INFO - Using default tokenizer.
2025-05-03 11:06:21,107 - INFO - Paper 29962756 ROUGE-1 F1: 0.4893
2025-05-03 11:06:21,107 - INFO - Paper 29962756 ROUGE-2 F1: 0.1909
2025-05-03 11:06:21,107 - INFO - Paper 29962756 ROUGE-L F1: 0.2945
2025-05-03 11:06:21,108 - INFO - Using default tokenizer.
2025-05-03 11:06:21,218 - INFO - Paper 31303819 ROUGE-1 F1: 0.6133
2025-05-03 11:06:21,218 - INFO - Paper 31303819 ROUGE-2 F1: 0.2888
2025-05-03 11:06:21,218 - INFO - Paper 31303819 ROUGE-L F1: 0.3717
2025-05-03 11:06:21,218 - INFO - Using default tokenizer.
2025-05-03 11:06:21,235 - INFO - Paper 29981772 ROUGE-1 F1: 0.4104
2025-05-03 11:06:21,235 - INFO - Paper 29981772 ROUGE-2 F1: 0.1163
2025-05-03 11:06:21,235 - INFO - Paper 29981772 ROUGE-L F1: 0.2370
2025-05-03 11:06:21,235 - INFO - Using default tokenizer.
2025-05-03 11:06:21,272 - INFO - Paper 15643187 ROUGE-1 F1: 0.3639
2025-05-03 11:06:21,272 - INFO - Paper 15643187 ROUGE-2 F1: 0.0891
2025-05-03 11:06:21,272 - INFO - Paper 15643187 ROUGE-L F1: 0.1862
2025-05-03 11:06:21,272 - INFO - Using default tokenizer.
2025-05-03 11:06:21,293 - INFO - Paper 18322264 ROUGE-1 F1: 0.4316
2025-05-03 11:06:21,293 - INFO - Paper 18322264 ROUGE-2 F1: 0.1741
2025-05-03 11:06:21,293 - INFO - Paper 18322264 ROUGE-L F1: 0.2620
2025-05-03 11:06:21,293 - INFO - Using default tokenizer.
2025-05-03 11:06:21,323 - INFO - Paper 30748495 ROUGE-1 F1: 0.4728
2025-05-03 11:06:21,323 - INFO - Paper 30748495 ROUGE-2 F1: 0.1891
2025-05-03 11:06:21,323 - INFO - Paper 30748495 ROUGE-L F1: 0.2748
2025-05-03 11:06:21,323 - INFO - Using default tokenizer.
2025-05-03 11:06:21,577 - INFO - Paper 48091191 ROUGE-1 F1: 0.6942
2025-05-03 11:06:21,577 - INFO - Paper 48091191 ROUGE-2 F1: 0.4320
2025-05-03 11:06:21,577 - INFO - Paper 48091191 ROUGE-L F1: 0.4863
2025-05-03 11:06:21,577 - INFO - Using default tokenizer.
2025-05-03 11:06:21,667 - INFO - Paper 39353178 ROUGE-1 F1: 0.4405
2025-05-03 11:06:21,667 - INFO - Paper 39353178 ROUGE-2 F1: 0.1202
2025-05-03 11:06:21,667 - INFO - Paper 39353178 ROUGE-L F1: 0.1880
2025-05-03 11:06:21,667 - INFO - Using default tokenizer.
2025-05-03 11:06:21,687 - INFO - Paper 60516406 ROUGE-1 F1: 0.2003
2025-05-03 11:06:21,687 - INFO - Paper 60516406 ROUGE-2 F1: 0.0421
2025-05-03 11:06:21,687 - INFO - Paper 60516406 ROUGE-L F1: 0.1163
2025-05-03 11:06:21,688 - INFO - Using default tokenizer.
2025-05-03 11:06:21,766 - INFO - Paper 30789903 ROUGE-1 F1: 0.5876
2025-05-03 11:06:21,766 - INFO - Paper 30789903 ROUGE-2 F1: 0.2479
2025-05-03 11:06:21,766 - INFO - Paper 30789903 ROUGE-L F1: 0.3567
2025-05-03 11:06:21,766 - INFO - Using default tokenizer.
2025-05-03 11:06:21,800 - INFO - Paper 18521109 ROUGE-1 F1: 0.2282
2025-05-03 11:06:21,800 - INFO - Paper 18521109 ROUGE-2 F1: 0.0802
2025-05-03 11:06:21,800 - INFO - Paper 18521109 ROUGE-L F1: 0.1365
2025-05-03 11:06:21,800 - INFO - Using default tokenizer.
2025-05-03 11:06:22,175 - INFO - Paper 36197895 ROUGE-1 F1: 0.6938
2025-05-03 11:06:22,175 - INFO - Paper 36197895 ROUGE-2 F1: 0.5425
2025-05-03 11:06:22,175 - INFO - Paper 36197895 ROUGE-L F1: 0.5863
2025-05-03 11:06:22,175 - INFO - Using default tokenizer.
2025-05-03 11:06:22,198 - INFO - Paper 24753674 ROUGE-1 F1: 0.0865
2025-05-03 11:06:22,198 - INFO - Paper 24753674 ROUGE-2 F1: 0.0211
2025-05-03 11:06:22,198 - INFO - Paper 24753674 ROUGE-L F1: 0.0506
2025-05-03 11:06:22,199 - INFO - Using default tokenizer.
2025-05-03 11:06:22,217 - INFO - Paper 5681713 ROUGE-1 F1: 0.6161
2025-05-03 11:06:22,217 - INFO - Paper 5681713 ROUGE-2 F1: 0.4529
2025-05-03 11:06:22,217 - INFO - Paper 5681713 ROUGE-L F1: 0.5357
2025-05-03 11:06:22,217 - INFO - Using default tokenizer.
2025-05-03 11:06:22,221 - INFO - Paper 21919380 ROUGE-1 F1: 0.0000
2025-05-03 11:06:22,221 - INFO - Paper 21919380 ROUGE-2 F1: 0.0000
2025-05-03 11:06:22,221 - INFO - Paper 21919380 ROUGE-L F1: 0.0000
2025-05-03 11:06:22,221 - INFO - Using default tokenizer.
2025-05-03 11:06:22,398 - INFO - Paper 11354749 ROUGE-1 F1: 0.6149
2025-05-03 11:06:22,398 - INFO - Paper 11354749 ROUGE-2 F1: 0.4357
2025-05-03 11:06:22,398 - INFO - Paper 11354749 ROUGE-L F1: 0.4827
2025-05-03 11:06:22,399 - INFO - Using default tokenizer.
2025-05-03 11:06:23,009 - INFO - Paper 60253398 ROUGE-1 F1: 0.7735
2025-05-03 11:06:23,009 - INFO - Paper 60253398 ROUGE-2 F1: 0.5058
2025-05-03 11:06:23,009 - INFO - Paper 60253398 ROUGE-L F1: 0.5521
2025-05-03 11:06:23,009 - INFO - Using default tokenizer.
2025-05-03 11:06:23,023 - INFO - Paper 2774914 ROUGE-1 F1: 0.4041
2025-05-03 11:06:23,023 - INFO - Paper 2774914 ROUGE-2 F1: 0.0566
2025-05-03 11:06:23,023 - INFO - Paper 2774914 ROUGE-L F1: 0.1790
2025-05-03 11:06:23,023 - INFO - Using default tokenizer.
2025-05-03 11:06:23,613 - INFO - Paper 8455503 ROUGE-1 F1: 0.8131
2025-05-03 11:06:23,613 - INFO - Paper 8455503 ROUGE-2 F1: 0.6285
2025-05-03 11:06:23,613 - INFO - Paper 8455503 ROUGE-L F1: 0.6404
2025-05-03 11:06:23,613 - INFO - Using default tokenizer.
2025-05-03 11:06:23,624 - INFO - Paper 99440206 ROUGE-1 F1: 0.4509
2025-05-03 11:06:23,624 - INFO - Paper 99440206 ROUGE-2 F1: 0.1686
2025-05-03 11:06:23,624 - INFO - Paper 99440206 ROUGE-L F1: 0.2832
2025-05-03 11:06:23,625 - INFO - Using default tokenizer.
2025-05-03 11:06:23,948 - INFO - Paper 8984509 ROUGE-1 F1: 0.6346
2025-05-03 11:06:23,948 - INFO - Paper 8984509 ROUGE-2 F1: 0.4395
2025-05-03 11:06:23,949 - INFO - Paper 8984509 ROUGE-L F1: 0.4728
2025-05-03 11:06:23,949 - INFO - Using default tokenizer.
2025-05-03 11:06:24,016 - INFO - Paper 86508243 ROUGE-1 F1: 0.2650
2025-05-03 11:06:24,016 - INFO - Paper 86508243 ROUGE-2 F1: 0.0772
2025-05-03 11:06:24,016 - INFO - Paper 86508243 ROUGE-L F1: 0.1259
2025-05-03 11:06:24,016 - INFO - Using default tokenizer.
2025-05-03 11:06:24,020 - INFO - Paper 97592875 ROUGE-1 F1: 0.2386
2025-05-03 11:06:24,020 - INFO - Paper 97592875 ROUGE-2 F1: 0.0460
2025-05-03 11:06:24,020 - INFO - Paper 97592875 ROUGE-L F1: 0.1477
2025-05-03 11:06:24,020 - INFO - Using default tokenizer.
2025-05-03 11:06:24,086 - INFO - Paper 45186835 ROUGE-1 F1: 0.6681
2025-05-03 11:06:24,086 - INFO - Paper 45186835 ROUGE-2 F1: 0.4464
2025-05-03 11:06:24,086 - INFO - Paper 45186835 ROUGE-L F1: 0.4631
2025-05-03 11:06:24,087 - INFO - Using default tokenizer.
2025-05-03 11:06:24,131 - INFO - Paper 24312671 ROUGE-1 F1: 0.6540
2025-05-03 11:06:24,131 - INFO - Paper 24312671 ROUGE-2 F1: 0.3565
2025-05-03 11:06:24,131 - INFO - Paper 24312671 ROUGE-L F1: 0.4695
2025-05-03 11:06:24,131 - INFO - Using default tokenizer.
2025-05-03 11:06:24,324 - INFO - Paper 49139111 ROUGE-1 F1: 0.5600
2025-05-03 11:06:24,324 - INFO - Paper 49139111 ROUGE-2 F1: 0.1927
2025-05-03 11:06:24,324 - INFO - Paper 49139111 ROUGE-L F1: 0.2700
2025-05-03 11:06:24,325 - INFO - Using default tokenizer.
2025-05-03 11:06:24,345 - INFO - Paper 32560739 ROUGE-1 F1: 0.4922
2025-05-03 11:06:24,345 - INFO - Paper 32560739 ROUGE-2 F1: 0.2451
2025-05-03 11:06:24,345 - INFO - Paper 32560739 ROUGE-L F1: 0.2984
2025-05-03 11:06:24,345 - INFO - Using default tokenizer.
2025-05-03 11:06:24,431 - INFO - Paper 73414525 ROUGE-1 F1: 0.4091
2025-05-03 11:06:24,431 - INFO - Paper 73414525 ROUGE-2 F1: 0.0965
2025-05-03 11:06:24,431 - INFO - Paper 73414525 ROUGE-L F1: 0.1855
2025-05-03 11:06:24,432 - INFO - Using default tokenizer.
2025-05-03 11:06:24,483 - INFO - Paper 97980035 ROUGE-1 F1: 0.6241
2025-05-03 11:06:24,483 - INFO - Paper 97980035 ROUGE-2 F1: 0.3941
2025-05-03 11:06:24,483 - INFO - Paper 97980035 ROUGE-L F1: 0.4767
2025-05-03 11:06:24,483 - INFO - Using default tokenizer.
2025-05-03 11:06:24,718 - INFO - Paper 12625177 ROUGE-1 F1: 0.6587
2025-05-03 11:06:24,718 - INFO - Paper 12625177 ROUGE-2 F1: 0.4707
2025-05-03 11:06:24,718 - INFO - Paper 12625177 ROUGE-L F1: 0.5258
2025-05-03 11:06:24,719 - INFO - Using default tokenizer.
2025-05-03 11:06:24,769 - INFO - Paper 36278339 ROUGE-1 F1: 0.5396
2025-05-03 11:06:24,769 - INFO - Paper 36278339 ROUGE-2 F1: 0.2000
2025-05-03 11:06:24,769 - INFO - Paper 36278339 ROUGE-L F1: 0.3018
2025-05-03 11:06:24,769 - INFO - Using default tokenizer.
2025-05-03 11:06:24,963 - INFO - Paper 91633253 ROUGE-1 F1: 0.7855
2025-05-03 11:06:24,964 - INFO - Paper 91633253 ROUGE-2 F1: 0.5851
2025-05-03 11:06:24,964 - INFO - Paper 91633253 ROUGE-L F1: 0.6505
2025-05-03 11:06:24,964 - INFO - Using default tokenizer.
2025-05-03 11:06:24,969 - INFO - Paper 6799048 ROUGE-1 F1: 0.2548
2025-05-03 11:06:24,970 - INFO - Paper 6799048 ROUGE-2 F1: 0.0389
2025-05-03 11:06:24,970 - INFO - Paper 6799048 ROUGE-L F1: 0.1390
2025-05-03 11:06:24,970 - INFO - Using default tokenizer.
2025-05-03 11:06:25,011 - INFO - Paper 5180208 ROUGE-1 F1: 0.5467
2025-05-03 11:06:25,011 - INFO - Paper 5180208 ROUGE-2 F1: 0.2216
2025-05-03 11:06:25,011 - INFO - Paper 5180208 ROUGE-L F1: 0.3059
2025-05-03 11:06:25,012 - INFO - Using default tokenizer.
2025-05-03 11:06:25,072 - INFO - Paper 597051 ROUGE-1 F1: 0.2401
2025-05-03 11:06:25,072 - INFO - Paper 597051 ROUGE-2 F1: 0.0826
2025-05-03 11:06:25,072 - INFO - Paper 597051 ROUGE-L F1: 0.1380
2025-05-03 11:06:25,072 - INFO - Using default tokenizer.
2025-05-03 11:06:25,473 - INFO - Paper 23313716 ROUGE-1 F1: 0.7372
2025-05-03 11:06:25,473 - INFO - Paper 23313716 ROUGE-2 F1: 0.5516
2025-05-03 11:06:25,473 - INFO - Paper 23313716 ROUGE-L F1: 0.5994
2025-05-03 11:06:25,473 - INFO - Using default tokenizer.
2025-05-03 11:06:25,501 - INFO - Paper 88969640 ROUGE-1 F1: 0.5291
2025-05-03 11:06:25,502 - INFO - Paper 88969640 ROUGE-2 F1: 0.1803
2025-05-03 11:06:25,502 - INFO - Paper 88969640 ROUGE-L F1: 0.2762
2025-05-03 11:06:25,502 - INFO - Using default tokenizer.
2025-05-03 11:06:25,745 - INFO - Paper 83267919 ROUGE-1 F1: 0.4832
2025-05-03 11:06:25,745 - INFO - Paper 83267919 ROUGE-2 F1: 0.3459
2025-05-03 11:06:25,745 - INFO - Paper 83267919 ROUGE-L F1: 0.3914
2025-05-03 11:06:25,745 - INFO - Skipping 73424952 - no mappings meet similarity threshold 0.692
2025-05-03 11:06:25,745 - INFO - Using default tokenizer.
2025-05-03 11:06:26,180 - INFO - Paper 66912872 ROUGE-1 F1: 0.7044
2025-05-03 11:06:26,180 - INFO - Paper 66912872 ROUGE-2 F1: 0.4503
2025-05-03 11:06:26,180 - INFO - Paper 66912872 ROUGE-L F1: 0.4956
2025-05-03 11:06:26,180 - INFO - Using default tokenizer.
2025-05-03 11:06:26,357 - INFO - Paper 2899329 ROUGE-1 F1: 0.4086
2025-05-03 11:06:26,357 - INFO - Paper 2899329 ROUGE-2 F1: 0.1419
2025-05-03 11:06:26,357 - INFO - Paper 2899329 ROUGE-L F1: 0.2049
2025-05-03 11:06:26,357 - INFO - Using default tokenizer.
2025-05-03 11:06:26,472 - INFO - Paper 56196 ROUGE-1 F1: 0.6160
2025-05-03 11:06:26,472 - INFO - Paper 56196 ROUGE-2 F1: 0.2862
2025-05-03 11:06:26,472 - INFO - Paper 56196 ROUGE-L F1: 0.3799
2025-05-03 11:06:26,472 - INFO - Using default tokenizer.
2025-05-03 11:06:26,579 - INFO - Paper 30189879 ROUGE-1 F1: 0.6368
2025-05-03 11:06:26,579 - INFO - Paper 30189879 ROUGE-2 F1: 0.3052
2025-05-03 11:06:26,579 - INFO - Paper 30189879 ROUGE-L F1: 0.3890
2025-05-03 11:06:26,579 - INFO - Using default tokenizer.
2025-05-03 11:06:26,764 - INFO - Paper 91451160 ROUGE-1 F1: 0.7161
2025-05-03 11:06:26,764 - INFO - Paper 91451160 ROUGE-2 F1: 0.5336
2025-05-03 11:06:26,764 - INFO - Paper 91451160 ROUGE-L F1: 0.5910
2025-05-03 11:06:26,764 - INFO - Using default tokenizer.
2025-05-03 11:06:26,771 - INFO - Paper 66403710 ROUGE-1 F1: 0.0876
2025-05-03 11:06:26,771 - INFO - Paper 66403710 ROUGE-2 F1: 0.0147
2025-05-03 11:06:26,771 - INFO - Paper 66403710 ROUGE-L F1: 0.0535
2025-05-03 11:06:26,771 - INFO - Using default tokenizer.
2025-05-03 11:06:26,807 - INFO - Paper 55410278 ROUGE-1 F1: 0.3523
2025-05-03 11:06:26,807 - INFO - Paper 55410278 ROUGE-2 F1: 0.1413
2025-05-03 11:06:26,807 - INFO - Paper 55410278 ROUGE-L F1: 0.2087
2025-05-03 11:06:26,807 - INFO - Using default tokenizer.
2025-05-03 11:06:27,070 - INFO - Paper 21050319 ROUGE-1 F1: 0.7263
2025-05-03 11:06:27,070 - INFO - Paper 21050319 ROUGE-2 F1: 0.6045
2025-05-03 11:06:27,070 - INFO - Paper 21050319 ROUGE-L F1: 0.6347
2025-05-03 11:06:27,070 - INFO - Using default tokenizer.
2025-05-03 11:06:27,373 - INFO - Paper 24169489 ROUGE-1 F1: 0.6971
2025-05-03 11:06:27,373 - INFO - Paper 24169489 ROUGE-2 F1: 0.5787
2025-05-03 11:06:27,373 - INFO - Paper 24169489 ROUGE-L F1: 0.6195
2025-05-03 11:06:27,374 - INFO - Using default tokenizer.
2025-05-03 11:06:27,454 - INFO - Paper 15757806 ROUGE-1 F1: 0.3795
2025-05-03 11:06:27,454 - INFO - Paper 15757806 ROUGE-2 F1: 0.0811
2025-05-03 11:06:27,454 - INFO - Paper 15757806 ROUGE-L F1: 0.1655
2025-05-03 11:06:27,454 - INFO - Using default tokenizer.
2025-05-03 11:06:27,482 - INFO - Paper 21542239 ROUGE-1 F1: 0.3433
2025-05-03 11:06:27,482 - INFO - Paper 21542239 ROUGE-2 F1: 0.1295
2025-05-03 11:06:27,482 - INFO - Paper 21542239 ROUGE-L F1: 0.1890
2025-05-03 11:06:27,483 - INFO - Skipping 48074885 - no mappings meet similarity threshold 0.692
2025-05-03 11:06:27,483 - INFO - Using default tokenizer.
2025-05-03 11:06:27,510 - INFO - Paper 63511892 ROUGE-1 F1: 0.6585
2025-05-03 11:06:27,511 - INFO - Paper 63511892 ROUGE-2 F1: 0.4675
2025-05-03 11:06:27,511 - INFO - Paper 63511892 ROUGE-L F1: 0.5114
2025-05-03 11:06:27,511 - INFO - Using default tokenizer.
2025-05-03 11:06:27,553 - INFO - Paper 57228237 ROUGE-1 F1: 0.4923
2025-05-03 11:06:27,553 - INFO - Paper 57228237 ROUGE-2 F1: 0.3188
2025-05-03 11:06:27,553 - INFO - Paper 57228237 ROUGE-L F1: 0.3821
2025-05-03 11:06:27,553 - INFO - Using default tokenizer.
2025-05-03 11:06:27,858 - INFO - Paper 75962230 ROUGE-1 F1: 0.6605
2025-05-03 11:06:27,859 - INFO - Paper 75962230 ROUGE-2 F1: 0.5398
2025-05-03 11:06:27,859 - INFO - Paper 75962230 ROUGE-L F1: 0.5732
2025-05-03 11:06:27,859 - INFO - Using default tokenizer.
2025-05-03 11:06:28,298 - INFO - Paper 39674358 ROUGE-1 F1: 0.8457
2025-05-03 11:06:28,298 - INFO - Paper 39674358 ROUGE-2 F1: 0.7316
2025-05-03 11:06:28,298 - INFO - Paper 39674358 ROUGE-L F1: 0.7597
2025-05-03 11:06:28,298 - INFO - Using default tokenizer.
2025-05-03 11:06:28,566 - INFO - Paper 5550259 ROUGE-1 F1: 0.5440
2025-05-03 11:06:28,566 - INFO - Paper 5550259 ROUGE-2 F1: 0.3293
2025-05-03 11:06:28,566 - INFO - Paper 5550259 ROUGE-L F1: 0.3770
2025-05-03 11:06:28,567 - INFO - Using default tokenizer.
2025-05-03 11:06:28,598 - INFO - Paper 59485457 ROUGE-1 F1: 0.2789
2025-05-03 11:06:28,598 - INFO - Paper 59485457 ROUGE-2 F1: 0.0804
2025-05-03 11:06:28,598 - INFO - Paper 59485457 ROUGE-L F1: 0.1602
2025-05-03 11:06:28,598 - INFO - Using default tokenizer.
2025-05-03 11:06:28,601 - INFO - Paper 31543932 ROUGE-1 F1: 0.1899
2025-05-03 11:06:28,601 - INFO - Paper 31543932 ROUGE-2 F1: 0.0678
2025-05-03 11:06:28,601 - INFO - Paper 31543932 ROUGE-L F1: 0.1229
2025-05-03 11:06:28,601 - INFO - Using default tokenizer.
2025-05-03 11:06:28,612 - INFO - Paper 43687503 ROUGE-1 F1: 0.1354
2025-05-03 11:06:28,612 - INFO - Paper 43687503 ROUGE-2 F1: 0.0175
2025-05-03 11:06:28,612 - INFO - Paper 43687503 ROUGE-L F1: 0.0786
2025-05-03 11:06:28,612 - INFO - Using default tokenizer.
2025-05-03 11:06:28,623 - INFO - Paper 18304114 ROUGE-1 F1: 0.3003
2025-05-03 11:06:28,623 - INFO - Paper 18304114 ROUGE-2 F1: 0.0399
2025-05-03 11:06:28,623 - INFO - Paper 18304114 ROUGE-L F1: 0.1586
2025-05-03 11:06:28,623 - INFO - Using default tokenizer.
2025-05-03 11:06:28,656 - INFO - Paper 63755811 ROUGE-1 F1: 0.6460
2025-05-03 11:06:28,656 - INFO - Paper 63755811 ROUGE-2 F1: 0.4579
2025-05-03 11:06:28,656 - INFO - Paper 63755811 ROUGE-L F1: 0.4938
2025-05-03 11:06:28,656 - INFO - Using default tokenizer.
2025-05-03 11:06:28,735 - INFO - Paper 93460473 ROUGE-1 F1: 0.6244
2025-05-03 11:06:28,735 - INFO - Paper 93460473 ROUGE-2 F1: 0.3512
2025-05-03 11:06:28,735 - INFO - Paper 93460473 ROUGE-L F1: 0.4552
2025-05-03 11:06:28,735 - INFO - Using default tokenizer.
2025-05-03 11:06:28,746 - INFO - Paper 70691684 ROUGE-1 F1: 0.2564
2025-05-03 11:06:28,746 - INFO - Paper 70691684 ROUGE-2 F1: 0.0876
2025-05-03 11:06:28,746 - INFO - Paper 70691684 ROUGE-L F1: 0.1487
2025-05-03 11:06:28,747 - INFO - Using default tokenizer.
2025-05-03 11:06:28,777 - INFO - Paper 87827594 ROUGE-1 F1: 0.1993
2025-05-03 11:06:28,777 - INFO - Paper 87827594 ROUGE-2 F1: 0.0706
2025-05-03 11:06:28,777 - INFO - Paper 87827594 ROUGE-L F1: 0.1166
2025-05-03 11:06:28,777 - INFO - Using default tokenizer.
2025-05-03 11:06:28,810 - INFO - Paper 56472821 ROUGE-1 F1: 0.5215
2025-05-03 11:06:28,811 - INFO - Paper 56472821 ROUGE-2 F1: 0.3477
2025-05-03 11:06:28,811 - INFO - Paper 56472821 ROUGE-L F1: 0.4059
2025-05-03 11:06:28,811 - INFO - Using default tokenizer.
2025-05-03 11:06:29,012 - INFO - Paper 30621133 ROUGE-1 F1: 0.6580
2025-05-03 11:06:29,012 - INFO - Paper 30621133 ROUGE-2 F1: 0.3145
2025-05-03 11:06:29,012 - INFO - Paper 30621133 ROUGE-L F1: 0.3414
2025-05-03 11:06:29,013 - INFO - Using default tokenizer.
2025-05-03 11:06:29,033 - INFO - Paper 79512250 ROUGE-1 F1: 0.5193
2025-05-03 11:06:29,033 - INFO - Paper 79512250 ROUGE-2 F1: 0.2281
2025-05-03 11:06:29,033 - INFO - Paper 79512250 ROUGE-L F1: 0.3205
2025-05-03 11:06:29,034 - INFO - Using default tokenizer.
2025-05-03 11:06:29,049 - INFO - Paper 7590139 ROUGE-1 F1: 0.2186
2025-05-03 11:06:29,049 - INFO - Paper 7590139 ROUGE-2 F1: 0.0455
2025-05-03 11:06:29,049 - INFO - Paper 7590139 ROUGE-L F1: 0.1196
2025-05-03 11:06:29,049 - INFO - Using default tokenizer.
2025-05-03 11:06:29,292 - INFO - Paper 13040160 ROUGE-1 F1: 0.6667
2025-05-03 11:06:29,292 - INFO - Paper 13040160 ROUGE-2 F1: 0.5165
2025-05-03 11:06:29,292 - INFO - Paper 13040160 ROUGE-L F1: 0.5457
2025-05-03 11:06:29,293 - INFO - Using default tokenizer.
2025-05-03 11:06:29,899 - INFO - Paper 45795840 ROUGE-1 F1: 0.7846
2025-05-03 11:06:29,899 - INFO - Paper 45795840 ROUGE-2 F1: 0.5872
2025-05-03 11:06:29,899 - INFO - Paper 45795840 ROUGE-L F1: 0.6467
2025-05-03 11:06:29,899 - INFO - Using default tokenizer.
2025-05-03 11:06:29,913 - INFO - Paper 50438213 ROUGE-1 F1: 0.2099
2025-05-03 11:06:29,913 - INFO - Paper 50438213 ROUGE-2 F1: 0.0301
2025-05-03 11:06:29,913 - INFO - Paper 50438213 ROUGE-L F1: 0.1242
2025-05-03 11:06:29,914 - INFO - Using default tokenizer.
2025-05-03 11:06:30,307 - INFO - Paper 13793499 ROUGE-1 F1: 0.7161
2025-05-03 11:06:30,307 - INFO - Paper 13793499 ROUGE-2 F1: 0.5024
2025-05-03 11:06:30,307 - INFO - Paper 13793499 ROUGE-L F1: 0.5555
2025-05-03 11:06:30,307 - INFO - Using default tokenizer.
2025-05-03 11:06:30,627 - INFO - Paper 41840073 ROUGE-1 F1: 0.6586
2025-05-03 11:06:30,627 - INFO - Paper 41840073 ROUGE-2 F1: 0.4654
2025-05-03 11:06:30,627 - INFO - Paper 41840073 ROUGE-L F1: 0.5078
2025-05-03 11:06:30,627 - INFO - Using default tokenizer.
2025-05-03 11:06:30,949 - INFO - Paper 31194274 ROUGE-1 F1: 0.7703
2025-05-03 11:06:30,950 - INFO - Paper 31194274 ROUGE-2 F1: 0.6155
2025-05-03 11:06:30,950 - INFO - Paper 31194274 ROUGE-L F1: 0.6640
2025-05-03 11:06:30,950 - INFO - Using default tokenizer.
2025-05-03 11:06:31,217 - INFO - Paper 28037079 ROUGE-1 F1: 0.6162
2025-05-03 11:06:31,217 - INFO - Paper 28037079 ROUGE-2 F1: 0.3693
2025-05-03 11:06:31,217 - INFO - Paper 28037079 ROUGE-L F1: 0.4392
2025-05-03 11:06:31,218 - INFO - Using default tokenizer.
2025-05-03 11:06:31,257 - INFO - Paper 96831204 ROUGE-1 F1: 0.4498
2025-05-03 11:06:31,257 - INFO - Paper 96831204 ROUGE-2 F1: 0.1390
2025-05-03 11:06:31,257 - INFO - Paper 96831204 ROUGE-L F1: 0.2207
2025-05-03 11:06:31,257 - INFO - Using default tokenizer.
2025-05-03 11:06:31,397 - INFO - Paper 13187019 ROUGE-1 F1: 0.5112
2025-05-03 11:06:31,397 - INFO - Paper 13187019 ROUGE-2 F1: 0.3778
2025-05-03 11:06:31,397 - INFO - Paper 13187019 ROUGE-L F1: 0.4057
2025-05-03 11:06:31,397 - INFO - Using default tokenizer.
2025-05-03 11:06:31,566 - INFO - Paper 40771210 ROUGE-1 F1: 0.4704
2025-05-03 11:06:31,566 - INFO - Paper 40771210 ROUGE-2 F1: 0.2596
2025-05-03 11:06:31,566 - INFO - Paper 40771210 ROUGE-L F1: 0.3074
2025-05-03 11:06:31,567 - INFO - Using default tokenizer.
2025-05-03 11:06:31,622 - INFO - Paper 35973587 ROUGE-1 F1: 0.4121
2025-05-03 11:06:31,622 - INFO - Paper 35973587 ROUGE-2 F1: 0.0853
2025-05-03 11:06:31,622 - INFO - Paper 35973587 ROUGE-L F1: 0.1769
2025-05-03 11:06:31,622 - INFO - Using default tokenizer.
2025-05-03 11:06:31,663 - INFO - Paper 96217072 ROUGE-1 F1: 0.5932
2025-05-03 11:06:31,664 - INFO - Paper 96217072 ROUGE-2 F1: 0.2493
2025-05-03 11:06:31,664 - INFO - Paper 96217072 ROUGE-L F1: 0.3446
2025-05-03 11:06:31,664 - INFO - Using default tokenizer.
2025-05-03 11:06:32,114 - INFO - Paper 5225266 ROUGE-1 F1: 0.7208
2025-05-03 11:06:32,114 - INFO - Paper 5225266 ROUGE-2 F1: 0.5375
2025-05-03 11:06:32,114 - INFO - Paper 5225266 ROUGE-L F1: 0.5815
2025-05-03 11:06:32,114 - INFO - Using default tokenizer.
2025-05-03 11:06:32,654 - INFO - Paper 43018598 ROUGE-1 F1: 0.7167
2025-05-03 11:06:32,654 - INFO - Paper 43018598 ROUGE-2 F1: 0.3992
2025-05-03 11:06:32,654 - INFO - Paper 43018598 ROUGE-L F1: 0.4407
2025-05-03 11:06:32,654 - INFO - Using default tokenizer.
2025-05-03 11:06:32,886 - INFO - Paper 38469042 ROUGE-1 F1: 0.7101
2025-05-03 11:06:32,886 - INFO - Paper 38469042 ROUGE-2 F1: 0.4860
2025-05-03 11:06:32,886 - INFO - Paper 38469042 ROUGE-L F1: 0.5588
2025-05-03 11:06:32,886 - INFO - Using default tokenizer.
2025-05-03 11:06:32,967 - INFO - Paper 80770343 ROUGE-1 F1: 0.2894
2025-05-03 11:06:32,967 - INFO - Paper 80770343 ROUGE-2 F1: 0.0818
2025-05-03 11:06:32,967 - INFO - Paper 80770343 ROUGE-L F1: 0.1549
2025-05-03 11:06:32,967 - INFO - Using default tokenizer.
2025-05-03 11:06:33,273 - INFO - Paper 90525296 ROUGE-1 F1: 0.6103
2025-05-03 11:06:33,273 - INFO - Paper 90525296 ROUGE-2 F1: 0.4747
2025-05-03 11:06:33,273 - INFO - Paper 90525296 ROUGE-L F1: 0.5151
2025-05-03 11:06:33,274 - INFO - Using default tokenizer.
2025-05-03 11:06:33,280 - INFO - Paper 47397989 ROUGE-1 F1: 0.0931
2025-05-03 11:06:33,280 - INFO - Paper 47397989 ROUGE-2 F1: 0.0197
2025-05-03 11:06:33,280 - INFO - Paper 47397989 ROUGE-L F1: 0.0637
2025-05-03 11:06:33,281 - INFO - Skipping 70481957 - no mappings meet similarity threshold 0.692
2025-05-03 11:06:33,281 - INFO - Using default tokenizer.
2025-05-03 11:06:33,405 - INFO - Paper 40883301 ROUGE-1 F1: 0.3929
2025-05-03 11:06:33,405 - INFO - Paper 40883301 ROUGE-2 F1: 0.1150
2025-05-03 11:06:33,405 - INFO - Paper 40883301 ROUGE-L F1: 0.1825
2025-05-03 11:06:33,406 - INFO - Using default tokenizer.
2025-05-03 11:06:33,416 - INFO - Paper 34187605 ROUGE-1 F1: 0.1267
2025-05-03 11:06:33,416 - INFO - Paper 34187605 ROUGE-2 F1: 0.0409
2025-05-03 11:06:33,416 - INFO - Paper 34187605 ROUGE-L F1: 0.0860
2025-05-03 11:06:33,416 - INFO - Using default tokenizer.
2025-05-03 11:06:33,449 - INFO - Paper 93598871 ROUGE-1 F1: 0.2606
2025-05-03 11:06:33,449 - INFO - Paper 93598871 ROUGE-2 F1: 0.0673
2025-05-03 11:06:33,450 - INFO - Paper 93598871 ROUGE-L F1: 0.1394
2025-05-03 11:06:33,450 - INFO - Using default tokenizer.
2025-05-03 11:06:33,519 - INFO - Paper 73180675 ROUGE-1 F1: 0.2331
2025-05-03 11:06:33,520 - INFO - Paper 73180675 ROUGE-2 F1: 0.1058
2025-05-03 11:06:33,520 - INFO - Paper 73180675 ROUGE-L F1: 0.1445
2025-05-03 11:06:33,520 - INFO - Using default tokenizer.
2025-05-03 11:06:33,560 - INFO - Paper 46416317 ROUGE-1 F1: 0.4112
2025-05-03 11:06:33,560 - INFO - Paper 46416317 ROUGE-2 F1: 0.0898
2025-05-03 11:06:33,560 - INFO - Paper 46416317 ROUGE-L F1: 0.1706
2025-05-03 11:06:33,560 - INFO - Using default tokenizer.
2025-05-03 11:06:33,714 - INFO - Paper 82387857 ROUGE-1 F1: 0.6549
2025-05-03 11:06:33,715 - INFO - Paper 82387857 ROUGE-2 F1: 0.4315
2025-05-03 11:06:33,715 - INFO - Paper 82387857 ROUGE-L F1: 0.4791
2025-05-03 11:06:33,715 - INFO - Using default tokenizer.
2025-05-03 11:06:33,722 - INFO - Paper 55048906 ROUGE-1 F1: 0.0929
2025-05-03 11:06:33,722 - INFO - Paper 55048906 ROUGE-2 F1: 0.0639
2025-05-03 11:06:33,722 - INFO - Paper 55048906 ROUGE-L F1: 0.0880
2025-05-03 11:06:33,722 - INFO - Using default tokenizer.
2025-05-03 11:06:33,724 - INFO - Paper 80004741 ROUGE-1 F1: 0.0256
2025-05-03 11:06:33,724 - INFO - Paper 80004741 ROUGE-2 F1: 0.0000
2025-05-03 11:06:33,724 - INFO - Paper 80004741 ROUGE-L F1: 0.0256
2025-05-03 11:06:33,724 - INFO - Using default tokenizer.
2025-05-03 11:06:34,022 - INFO - Paper 87041789 ROUGE-1 F1: 0.5837
2025-05-03 11:06:34,022 - INFO - Paper 87041789 ROUGE-2 F1: 0.4090
2025-05-03 11:06:34,022 - INFO - Paper 87041789 ROUGE-L F1: 0.4494
2025-05-03 11:06:34,023 - INFO - Using default tokenizer.
2025-05-03 11:06:34,028 - INFO - Paper 21532550 ROUGE-1 F1: 0.0962
2025-05-03 11:06:34,028 - INFO - Paper 21532550 ROUGE-2 F1: 0.0194
2025-05-03 11:06:34,028 - INFO - Paper 21532550 ROUGE-L F1: 0.0769
2025-05-03 11:06:34,028 - INFO - Using default tokenizer.
2025-05-03 11:06:34,113 - INFO - Paper 26105266 ROUGE-1 F1: 0.3498
2025-05-03 11:06:34,113 - INFO - Paper 26105266 ROUGE-2 F1: 0.1080
2025-05-03 11:06:34,114 - INFO - Paper 26105266 ROUGE-L F1: 0.1678
2025-05-03 11:06:34,114 - INFO - Using default tokenizer.
2025-05-03 11:06:34,467 - INFO - Paper 32338938 ROUGE-1 F1: 0.6780
2025-05-03 11:06:34,467 - INFO - Paper 32338938 ROUGE-2 F1: 0.5016
2025-05-03 11:06:34,468 - INFO - Paper 32338938 ROUGE-L F1: 0.5470
2025-05-03 11:06:34,468 - INFO - Using default tokenizer.
2025-05-03 11:06:34,490 - INFO - Paper 63531440 ROUGE-1 F1: 0.3592
2025-05-03 11:06:34,490 - INFO - Paper 63531440 ROUGE-2 F1: 0.1025
2025-05-03 11:06:34,490 - INFO - Paper 63531440 ROUGE-L F1: 0.1725
2025-05-03 11:06:34,490 - INFO - Using default tokenizer.
2025-05-03 11:06:34,507 - INFO - Paper 26473847 ROUGE-1 F1: 0.2101
2025-05-03 11:06:34,507 - INFO - Paper 26473847 ROUGE-2 F1: 0.0527
2025-05-03 11:06:34,507 - INFO - Paper 26473847 ROUGE-L F1: 0.1163
2025-05-03 11:06:34,507 - INFO - Using default tokenizer.
2025-05-03 11:06:34,592 - INFO - Paper 54139177 ROUGE-1 F1: 0.6705
2025-05-03 11:06:34,592 - INFO - Paper 54139177 ROUGE-2 F1: 0.4605
2025-05-03 11:06:34,593 - INFO - Paper 54139177 ROUGE-L F1: 0.5204
2025-05-03 11:06:34,593 - INFO - Using default tokenizer.
2025-05-03 11:06:34,641 - INFO - Paper 98238949 ROUGE-1 F1: 0.5997
2025-05-03 11:06:34,641 - INFO - Paper 98238949 ROUGE-2 F1: 0.2623
2025-05-03 11:06:34,641 - INFO - Paper 98238949 ROUGE-L F1: 0.3303
2025-05-03 11:06:34,641 - INFO - Skipping 47798365 - no mappings meet similarity threshold 0.692
2025-05-03 11:06:34,641 - INFO - Using default tokenizer.
2025-05-03 11:06:34,734 - INFO - Paper 68399070 ROUGE-1 F1: 0.2771
2025-05-03 11:06:34,734 - INFO - Paper 68399070 ROUGE-2 F1: 0.0992
2025-05-03 11:06:34,734 - INFO - Paper 68399070 ROUGE-L F1: 0.1479
2025-05-03 11:06:34,734 - INFO - Using default tokenizer.
2025-05-03 11:06:34,747 - INFO - Paper 76514111 ROUGE-1 F1: 0.2642
2025-05-03 11:06:34,747 - INFO - Paper 76514111 ROUGE-2 F1: 0.0664
2025-05-03 11:06:34,747 - INFO - Paper 76514111 ROUGE-L F1: 0.1557
2025-05-03 11:06:34,747 - INFO - Using default tokenizer.
2025-05-03 11:06:34,758 - INFO - Paper 69537377 ROUGE-1 F1: 0.5190
2025-05-03 11:06:34,758 - INFO - Paper 69537377 ROUGE-2 F1: 0.2229
2025-05-03 11:06:34,759 - INFO - Paper 69537377 ROUGE-L F1: 0.3557
2025-05-03 11:06:34,759 - INFO - Using default tokenizer.
2025-05-03 11:06:34,810 - INFO - Paper 91637218 ROUGE-1 F1: 0.4263
2025-05-03 11:06:34,810 - INFO - Paper 91637218 ROUGE-2 F1: 0.1841
2025-05-03 11:06:34,810 - INFO - Paper 91637218 ROUGE-L F1: 0.2585
2025-05-03 11:06:34,810 - INFO - Using default tokenizer.
2025-05-03 11:06:34,993 - INFO - Paper 25710556 ROUGE-1 F1: 0.4067
2025-05-03 11:06:34,993 - INFO - Paper 25710556 ROUGE-2 F1: 0.0961
2025-05-03 11:06:34,993 - INFO - Paper 25710556 ROUGE-L F1: 0.1620
2025-05-03 11:06:34,993 - INFO - Using default tokenizer.
2025-05-03 11:06:35,013 - INFO - Paper 23242120 ROUGE-1 F1: 0.2724
2025-05-03 11:06:35,013 - INFO - Paper 23242120 ROUGE-2 F1: 0.0562
2025-05-03 11:06:35,013 - INFO - Paper 23242120 ROUGE-L F1: 0.1269
2025-05-03 11:06:35,013 - INFO - Using default tokenizer.
2025-05-03 11:06:35,048 - INFO - Paper 88049354 ROUGE-1 F1: 0.4047
2025-05-03 11:06:35,048 - INFO - Paper 88049354 ROUGE-2 F1: 0.0948
2025-05-03 11:06:35,048 - INFO - Paper 88049354 ROUGE-L F1: 0.1832
2025-05-03 11:06:35,048 - INFO - Using default tokenizer.
2025-05-03 11:06:35,228 - INFO - Paper 8264189 ROUGE-1 F1: 0.6080
2025-05-03 11:06:35,228 - INFO - Paper 8264189 ROUGE-2 F1: 0.2109
2025-05-03 11:06:35,228 - INFO - Paper 8264189 ROUGE-L F1: 0.2800
2025-05-03 11:06:35,228 - INFO - Using default tokenizer.
2025-05-03 11:06:35,342 - INFO - Paper 59320034 ROUGE-1 F1: 0.5522
2025-05-03 11:06:35,342 - INFO - Paper 59320034 ROUGE-2 F1: 0.1877
2025-05-03 11:06:35,342 - INFO - Paper 59320034 ROUGE-L F1: 0.2570
2025-05-03 11:06:35,342 - INFO - Using default tokenizer.
2025-05-03 11:06:35,570 - INFO - Paper 69467563 ROUGE-1 F1: 0.5471
2025-05-03 11:06:35,570 - INFO - Paper 69467563 ROUGE-2 F1: 0.3568
2025-05-03 11:06:35,570 - INFO - Paper 69467563 ROUGE-L F1: 0.4203
2025-05-03 11:06:35,570 - INFO - Using default tokenizer.
2025-05-03 11:06:35,621 - INFO - Paper 22127536 ROUGE-1 F1: 0.6465
2025-05-03 11:06:35,621 - INFO - Paper 22127536 ROUGE-2 F1: 0.3607
2025-05-03 11:06:35,621 - INFO - Paper 22127536 ROUGE-L F1: 0.4352
2025-05-03 11:06:35,621 - INFO - Using default tokenizer.
2025-05-03 11:06:35,634 - INFO - Paper 1055799 ROUGE-1 F1: 0.2208
2025-05-03 11:06:35,634 - INFO - Paper 1055799 ROUGE-2 F1: 0.0938
2025-05-03 11:06:35,634 - INFO - Paper 1055799 ROUGE-L F1: 0.1656
2025-05-03 11:06:35,635 - INFO - Using default tokenizer.
2025-05-03 11:06:35,751 - INFO - Paper 44148071 ROUGE-1 F1: 0.5236
2025-05-03 11:06:35,751 - INFO - Paper 44148071 ROUGE-2 F1: 0.1922
2025-05-03 11:06:35,751 - INFO - Paper 44148071 ROUGE-L F1: 0.2455
2025-05-03 11:06:35,752 - INFO - Using default tokenizer.
2025-05-03 11:06:35,862 - INFO - Paper 10374612 ROUGE-1 F1: 0.7404
2025-05-03 11:06:35,862 - INFO - Paper 10374612 ROUGE-2 F1: 0.6141
2025-05-03 11:06:35,862 - INFO - Paper 10374612 ROUGE-L F1: 0.6717
2025-05-03 11:06:35,862 - INFO - Skipping 16280529 - no mappings meet similarity threshold 0.692
2025-05-03 11:06:35,863 - INFO - Using default tokenizer.
2025-05-03 11:06:35,944 - INFO - Paper 97932426 ROUGE-1 F1: 0.5842
2025-05-03 11:06:35,944 - INFO - Paper 97932426 ROUGE-2 F1: 0.2877
2025-05-03 11:06:35,944 - INFO - Paper 97932426 ROUGE-L F1: 0.4099
2025-05-03 11:06:35,944 - INFO - Using default tokenizer.
2025-05-03 11:06:35,953 - INFO - Paper 66226432 ROUGE-1 F1: 0.1560
2025-05-03 11:06:35,953 - INFO - Paper 66226432 ROUGE-2 F1: 0.0475
2025-05-03 11:06:35,953 - INFO - Paper 66226432 ROUGE-L F1: 0.0851
2025-05-03 11:06:35,954 - INFO - Using default tokenizer.
2025-05-03 11:06:36,061 - INFO - Paper 58308538 ROUGE-1 F1: 0.4450
2025-05-03 11:06:36,061 - INFO - Paper 58308538 ROUGE-2 F1: 0.2204
2025-05-03 11:06:36,061 - INFO - Paper 58308538 ROUGE-L F1: 0.2855
2025-05-03 11:06:36,062 - INFO - Using default tokenizer.
2025-05-03 11:06:36,467 - INFO - Paper 45765062 ROUGE-1 F1: 0.7387
2025-05-03 11:06:36,467 - INFO - Paper 45765062 ROUGE-2 F1: 0.4792
2025-05-03 11:06:36,467 - INFO - Paper 45765062 ROUGE-L F1: 0.5342
2025-05-03 11:06:36,467 - INFO - Using default tokenizer.
2025-05-03 11:06:36,698 - INFO - Paper 6827132 ROUGE-1 F1: 0.6764
2025-05-03 11:06:36,698 - INFO - Paper 6827132 ROUGE-2 F1: 0.3888
2025-05-03 11:06:36,699 - INFO - Paper 6827132 ROUGE-L F1: 0.4455
2025-05-03 11:06:36,699 - INFO - Using default tokenizer.
2025-05-03 11:06:36,733 - INFO - Paper 24000799 ROUGE-1 F1: 0.5678
2025-05-03 11:06:36,733 - INFO - Paper 24000799 ROUGE-2 F1: 0.2057
2025-05-03 11:06:36,733 - INFO - Paper 24000799 ROUGE-L F1: 0.3375
2025-05-03 11:06:36,733 - INFO - Using default tokenizer.
2025-05-03 11:06:36,876 - INFO - Paper 12239056 ROUGE-1 F1: 0.3730
2025-05-03 11:06:36,876 - INFO - Paper 12239056 ROUGE-2 F1: 0.0966
2025-05-03 11:06:36,876 - INFO - Paper 12239056 ROUGE-L F1: 0.1749
2025-05-03 11:06:36,876 - INFO - Using default tokenizer.
2025-05-03 11:06:37,123 - INFO - Paper 11112277 ROUGE-1 F1: 0.4921
2025-05-03 11:06:37,123 - INFO - Paper 11112277 ROUGE-2 F1: 0.2034
2025-05-03 11:06:37,123 - INFO - Paper 11112277 ROUGE-L F1: 0.2534
2025-05-03 11:06:37,123 - INFO - Using default tokenizer.
2025-05-03 11:06:37,572 - INFO - Paper 66357293 ROUGE-1 F1: 0.6703
2025-05-03 11:06:37,572 - INFO - Paper 66357293 ROUGE-2 F1: 0.3267
2025-05-03 11:06:37,572 - INFO - Paper 66357293 ROUGE-L F1: 0.3897
2025-05-03 11:06:37,573 - INFO - Using default tokenizer.
2025-05-03 11:06:37,584 - INFO - Paper 57613420 ROUGE-1 F1: 0.6097
2025-05-03 11:06:37,585 - INFO - Paper 57613420 ROUGE-2 F1: 0.4585
2025-05-03 11:06:37,585 - INFO - Paper 57613420 ROUGE-L F1: 0.5128
2025-05-03 11:06:37,585 - INFO - Using default tokenizer.
2025-05-03 11:06:37,605 - INFO - Paper 92451519 ROUGE-1 F1: 0.4879
2025-05-03 11:06:37,605 - INFO - Paper 92451519 ROUGE-2 F1: 0.2510
2025-05-03 11:06:37,605 - INFO - Paper 92451519 ROUGE-L F1: 0.3427
2025-05-03 11:06:37,605 - INFO - Using default tokenizer.
2025-05-03 11:06:37,616 - INFO - Paper 11790475 ROUGE-1 F1: 0.3871
2025-05-03 11:06:37,616 - INFO - Paper 11790475 ROUGE-2 F1: 0.2703
2025-05-03 11:06:37,616 - INFO - Paper 11790475 ROUGE-L F1: 0.3118
2025-05-03 11:06:37,616 - INFO - Using default tokenizer.
2025-05-03 11:06:37,975 - INFO - Paper 79305631 ROUGE-1 F1: 0.7038
2025-05-03 11:06:37,975 - INFO - Paper 79305631 ROUGE-2 F1: 0.4650
2025-05-03 11:06:37,975 - INFO - Paper 79305631 ROUGE-L F1: 0.5235
2025-05-03 11:06:37,975 - INFO - Using default tokenizer.
2025-05-03 11:06:38,286 - INFO - Paper 37479343 ROUGE-1 F1: 0.5899
2025-05-03 11:06:38,286 - INFO - Paper 37479343 ROUGE-2 F1: 0.4091
2025-05-03 11:06:38,286 - INFO - Paper 37479343 ROUGE-L F1: 0.4455
2025-05-03 11:06:38,287 - INFO - Using default tokenizer.
2025-05-03 11:06:38,354 - INFO - Paper 32533290 ROUGE-1 F1: 0.2651
2025-05-03 11:06:38,354 - INFO - Paper 32533290 ROUGE-2 F1: 0.0792
2025-05-03 11:06:38,354 - INFO - Paper 32533290 ROUGE-L F1: 0.1317
2025-05-03 11:06:38,354 - INFO - Using default tokenizer.
2025-05-03 11:06:38,378 - INFO - Paper 62302416 ROUGE-1 F1: 0.1858
2025-05-03 11:06:38,378 - INFO - Paper 62302416 ROUGE-2 F1: 0.0296
2025-05-03 11:06:38,378 - INFO - Paper 62302416 ROUGE-L F1: 0.1032
2025-05-03 11:06:38,378 - INFO - Using default tokenizer.
2025-05-03 11:06:38,407 - INFO - Paper 65062778 ROUGE-1 F1: 0.4437
2025-05-03 11:06:38,407 - INFO - Paper 65062778 ROUGE-2 F1: 0.1821
2025-05-03 11:06:38,407 - INFO - Paper 65062778 ROUGE-L F1: 0.2588
2025-05-03 11:06:38,407 - INFO - Using default tokenizer.
2025-05-03 11:06:38,593 - INFO - Paper 82220044 ROUGE-1 F1: 0.7352
2025-05-03 11:06:38,593 - INFO - Paper 82220044 ROUGE-2 F1: 0.5199
2025-05-03 11:06:38,593 - INFO - Paper 82220044 ROUGE-L F1: 0.5553
2025-05-03 11:06:38,594 - INFO - Using default tokenizer.
2025-05-03 11:06:38,607 - INFO - Paper 39570633 ROUGE-1 F1: 0.1907
2025-05-03 11:06:38,607 - INFO - Paper 39570633 ROUGE-2 F1: 0.0638
2025-05-03 11:06:38,607 - INFO - Paper 39570633 ROUGE-L F1: 0.1144
2025-05-03 11:06:38,607 - INFO - Using default tokenizer.
2025-05-03 11:06:38,613 - INFO - Paper 71225651 ROUGE-1 F1: 0.0356
2025-05-03 11:06:38,613 - INFO - Paper 71225651 ROUGE-2 F1: 0.0153
2025-05-03 11:06:38,613 - INFO - Paper 71225651 ROUGE-L F1: 0.0305
2025-05-03 11:06:38,613 - INFO - Using default tokenizer.
2025-05-03 11:06:38,746 - INFO - Paper 72529720 ROUGE-1 F1: 0.3121
2025-05-03 11:06:38,746 - INFO - Paper 72529720 ROUGE-2 F1: 0.0756
2025-05-03 11:06:38,747 - INFO - Paper 72529720 ROUGE-L F1: 0.1422
2025-05-03 11:06:38,747 - INFO - Using default tokenizer.
2025-05-03 11:06:38,813 - INFO - Paper 27321339 ROUGE-1 F1: 0.3347
2025-05-03 11:06:38,813 - INFO - Paper 27321339 ROUGE-2 F1: 0.1104
2025-05-03 11:06:38,813 - INFO - Paper 27321339 ROUGE-L F1: 0.1844
2025-05-03 11:06:38,814 - INFO - Using default tokenizer.
2025-05-03 11:06:38,884 - INFO - Paper 99878837 ROUGE-1 F1: 0.6237
2025-05-03 11:06:38,884 - INFO - Paper 99878837 ROUGE-2 F1: 0.3642
2025-05-03 11:06:38,884 - INFO - Paper 99878837 ROUGE-L F1: 0.4430
2025-05-03 11:06:38,884 - INFO - Using default tokenizer.
2025-05-03 11:06:39,006 - INFO - Paper 6777051 ROUGE-1 F1: 0.6591
2025-05-03 11:06:39,006 - INFO - Paper 6777051 ROUGE-2 F1: 0.3228
2025-05-03 11:06:39,006 - INFO - Paper 6777051 ROUGE-L F1: 0.4130
2025-05-03 11:06:39,006 - INFO - Using default tokenizer.
2025-05-03 11:06:39,092 - INFO - Paper 66099843 ROUGE-1 F1: 0.6244
2025-05-03 11:06:39,092 - INFO - Paper 66099843 ROUGE-2 F1: 0.2810
2025-05-03 11:06:39,092 - INFO - Paper 66099843 ROUGE-L F1: 0.3612
2025-05-03 11:06:39,093 - INFO - Using default tokenizer.
2025-05-03 11:06:39,591 - INFO - Paper 82626355 ROUGE-1 F1: 0.7506
2025-05-03 11:06:39,591 - INFO - Paper 82626355 ROUGE-2 F1: 0.4621
2025-05-03 11:06:39,591 - INFO - Paper 82626355 ROUGE-L F1: 0.5004
2025-05-03 11:06:39,591 - INFO - Using default tokenizer.
2025-05-03 11:06:40,079 - INFO - Paper 1873334 ROUGE-1 F1: 0.7242
2025-05-03 11:06:40,079 - INFO - Paper 1873334 ROUGE-2 F1: 0.4938
2025-05-03 11:06:40,079 - INFO - Paper 1873334 ROUGE-L F1: 0.5293
2025-05-03 11:06:40,079 - INFO - Using default tokenizer.
2025-05-03 11:06:40,135 - INFO - Paper 51458146 ROUGE-1 F1: 0.5301
2025-05-03 11:06:40,135 - INFO - Paper 51458146 ROUGE-2 F1: 0.3512
2025-05-03 11:06:40,135 - INFO - Paper 51458146 ROUGE-L F1: 0.4164
2025-05-03 11:06:40,135 - INFO - Using default tokenizer.
2025-05-03 11:06:40,144 - INFO - Paper 40774761 ROUGE-1 F1: 0.3716
2025-05-03 11:06:40,144 - INFO - Paper 40774761 ROUGE-2 F1: 0.1020
2025-05-03 11:06:40,144 - INFO - Paper 40774761 ROUGE-L F1: 0.2027
2025-05-03 11:06:40,144 - INFO - Using default tokenizer.
2025-05-03 11:06:40,175 - INFO - Paper 1907968 ROUGE-1 F1: 0.2161
2025-05-03 11:06:40,175 - INFO - Paper 1907968 ROUGE-2 F1: 0.0639
2025-05-03 11:06:40,175 - INFO - Paper 1907968 ROUGE-L F1: 0.1330
2025-05-03 11:06:40,175 - INFO - Using default tokenizer.
2025-05-03 11:06:40,526 - INFO - Paper 71546396 ROUGE-1 F1: 0.6511
2025-05-03 11:06:40,527 - INFO - Paper 71546396 ROUGE-2 F1: 0.4072
2025-05-03 11:06:40,527 - INFO - Paper 71546396 ROUGE-L F1: 0.4472
2025-05-03 11:06:40,527 - INFO - Using default tokenizer.
2025-05-03 11:06:40,750 - INFO - Paper 80421460 ROUGE-1 F1: 0.6374
2025-05-03 11:06:40,750 - INFO - Paper 80421460 ROUGE-2 F1: 0.4826
2025-05-03 11:06:40,750 - INFO - Paper 80421460 ROUGE-L F1: 0.4991
2025-05-03 11:06:40,751 - INFO - Using default tokenizer.
2025-05-03 11:06:40,962 - INFO - Paper 24824894 ROUGE-1 F1: 0.4953
2025-05-03 11:06:40,962 - INFO - Paper 24824894 ROUGE-2 F1: 0.3242
2025-05-03 11:06:40,962 - INFO - Paper 24824894 ROUGE-L F1: 0.3628
2025-05-03 11:06:40,962 - INFO - Skipping 47698609 - no mappings meet similarity threshold 0.692
2025-05-03 11:06:40,962 - INFO - Using default tokenizer.
2025-05-03 11:06:41,353 - INFO - Paper 25766140 ROUGE-1 F1: 0.7170
2025-05-03 11:06:41,354 - INFO - Paper 25766140 ROUGE-2 F1: 0.4277
2025-05-03 11:06:41,354 - INFO - Paper 25766140 ROUGE-L F1: 0.4705
2025-05-03 11:06:41,354 - INFO - Using default tokenizer.
2025-05-03 11:06:41,383 - INFO - Paper 8799962 ROUGE-1 F1: 0.5134
2025-05-03 11:06:41,383 - INFO - Paper 8799962 ROUGE-2 F1: 0.1717
2025-05-03 11:06:41,383 - INFO - Paper 8799962 ROUGE-L F1: 0.2584
2025-05-03 11:06:41,383 - INFO - Using default tokenizer.
2025-05-03 11:06:41,594 - INFO - Paper 65756728 ROUGE-1 F1: 0.4888
2025-05-03 11:06:41,594 - INFO - Paper 65756728 ROUGE-2 F1: 0.1689
2025-05-03 11:06:41,594 - INFO - Paper 65756728 ROUGE-L F1: 0.2501
2025-05-03 11:06:41,594 - INFO - Using default tokenizer.
2025-05-03 11:06:41,603 - INFO - Paper 49519055 ROUGE-1 F1: 0.3596
2025-05-03 11:06:41,603 - INFO - Paper 49519055 ROUGE-2 F1: 0.1270
2025-05-03 11:06:41,603 - INFO - Paper 49519055 ROUGE-L F1: 0.2019
2025-05-03 11:06:41,604 - INFO - Using default tokenizer.
2025-05-03 11:06:41,997 - INFO - Paper 4830217 ROUGE-1 F1: 0.8221
2025-05-03 11:06:41,997 - INFO - Paper 4830217 ROUGE-2 F1: 0.6599
2025-05-03 11:06:41,997 - INFO - Paper 4830217 ROUGE-L F1: 0.6796
2025-05-03 11:06:41,997 - INFO - Using default tokenizer.
2025-05-03 11:06:42,027 - INFO - Paper 66681632 ROUGE-1 F1: 0.3775
2025-05-03 11:06:42,027 - INFO - Paper 66681632 ROUGE-2 F1: 0.0782
2025-05-03 11:06:42,027 - INFO - Paper 66681632 ROUGE-L F1: 0.1622
2025-05-03 11:06:42,027 - INFO - Using default tokenizer.
2025-05-03 11:06:42,097 - INFO - Paper 60887948 ROUGE-1 F1: 0.5413
2025-05-03 11:06:42,098 - INFO - Paper 60887948 ROUGE-2 F1: 0.2325
2025-05-03 11:06:42,098 - INFO - Paper 60887948 ROUGE-L F1: 0.3344
2025-05-03 11:06:42,098 - INFO - Using default tokenizer.
2025-05-03 11:06:42,302 - INFO - Paper 21145042 ROUGE-1 F1: 0.4468
2025-05-03 11:06:42,302 - INFO - Paper 21145042 ROUGE-2 F1: 0.2931
2025-05-03 11:06:42,302 - INFO - Paper 21145042 ROUGE-L F1: 0.3321
2025-05-03 11:06:42,302 - INFO - Using default tokenizer.
2025-05-03 11:06:42,310 - INFO - Paper 10218080 ROUGE-1 F1: 0.0847
2025-05-03 11:06:42,310 - INFO - Paper 10218080 ROUGE-2 F1: 0.0236
2025-05-03 11:06:42,310 - INFO - Paper 10218080 ROUGE-L F1: 0.0565
2025-05-03 11:06:42,310 - INFO - Skipping 6726365 - no mappings meet similarity threshold 0.692
2025-05-03 11:06:42,310 - INFO - Using default tokenizer.
2025-05-03 11:06:42,325 - INFO - Paper 98781755 ROUGE-1 F1: 0.4009
2025-05-03 11:06:42,325 - INFO - Paper 98781755 ROUGE-2 F1: 0.1754
2025-05-03 11:06:42,325 - INFO - Paper 98781755 ROUGE-L F1: 0.2547
2025-05-03 11:06:42,325 - INFO - Using default tokenizer.
2025-05-03 11:06:42,388 - INFO - Paper 72922440 ROUGE-1 F1: 0.4033
2025-05-03 11:06:42,388 - INFO - Paper 72922440 ROUGE-2 F1: 0.1093
2025-05-03 11:06:42,388 - INFO - Paper 72922440 ROUGE-L F1: 0.1996
2025-05-03 11:06:42,388 - INFO - Using default tokenizer.
2025-05-03 11:06:42,771 - INFO - Paper 97381495 ROUGE-1 F1: 0.8098
2025-05-03 11:06:42,771 - INFO - Paper 97381495 ROUGE-2 F1: 0.6962
2025-05-03 11:06:42,771 - INFO - Paper 97381495 ROUGE-L F1: 0.7080
2025-05-03 11:06:42,771 - INFO - Using default tokenizer.
2025-05-03 11:06:42,790 - INFO - Paper 70889889 ROUGE-1 F1: 0.1534
2025-05-03 11:06:42,790 - INFO - Paper 70889889 ROUGE-2 F1: 0.0417
2025-05-03 11:06:42,790 - INFO - Paper 70889889 ROUGE-L F1: 0.0831
2025-05-03 11:06:42,790 - INFO - Using default tokenizer.
2025-05-03 11:06:42,827 - INFO - Paper 39382584 ROUGE-1 F1: 0.3418
2025-05-03 11:06:42,827 - INFO - Paper 39382584 ROUGE-2 F1: 0.0935
2025-05-03 11:06:42,827 - INFO - Paper 39382584 ROUGE-L F1: 0.1751
2025-05-03 11:06:42,827 - INFO - Using default tokenizer.
2025-05-03 11:06:42,920 - INFO - Paper 26277001 ROUGE-1 F1: 0.6961
2025-05-03 11:06:42,920 - INFO - Paper 26277001 ROUGE-2 F1: 0.4379
2025-05-03 11:06:42,920 - INFO - Paper 26277001 ROUGE-L F1: 0.4738
2025-05-03 11:06:42,921 - INFO - Using default tokenizer.
2025-05-03 11:06:42,933 - INFO - Paper 36679338 ROUGE-1 F1: 0.5208
2025-05-03 11:06:42,933 - INFO - Paper 36679338 ROUGE-2 F1: 0.2563
2025-05-03 11:06:42,933 - INFO - Paper 36679338 ROUGE-L F1: 0.3435
2025-05-03 11:06:42,933 - INFO - Using default tokenizer.
2025-05-03 11:06:43,371 - INFO - Paper 87411149 ROUGE-1 F1: 0.7869
2025-05-03 11:06:43,371 - INFO - Paper 87411149 ROUGE-2 F1: 0.5999
2025-05-03 11:06:43,372 - INFO - Paper 87411149 ROUGE-L F1: 0.6591
2025-05-03 11:06:43,372 - INFO - Using default tokenizer.
2025-05-03 11:06:43,634 - INFO - Paper 16027177 ROUGE-1 F1: 0.4153
2025-05-03 11:06:43,634 - INFO - Paper 16027177 ROUGE-2 F1: 0.1788
2025-05-03 11:06:43,634 - INFO - Paper 16027177 ROUGE-L F1: 0.2663
2025-05-03 11:06:43,634 - INFO - Using default tokenizer.
2025-05-03 11:06:43,661 - INFO - Paper 75952682 ROUGE-1 F1: 0.2245
2025-05-03 11:06:43,661 - INFO - Paper 75952682 ROUGE-2 F1: 0.0462
2025-05-03 11:06:43,661 - INFO - Paper 75952682 ROUGE-L F1: 0.1353
2025-05-03 11:06:43,661 - INFO - Using default tokenizer.
2025-05-03 11:06:43,668 - INFO - Paper 42045072 ROUGE-1 F1: 0.0368
2025-05-03 11:06:43,668 - INFO - Paper 42045072 ROUGE-2 F1: 0.0092
2025-05-03 11:06:43,668 - INFO - Paper 42045072 ROUGE-L F1: 0.0368
2025-05-03 11:06:43,668 - INFO - Using default tokenizer.
2025-05-03 11:06:43,750 - INFO - Paper 86423785 ROUGE-1 F1: 0.6314
2025-05-03 11:06:43,750 - INFO - Paper 86423785 ROUGE-2 F1: 0.2923
2025-05-03 11:06:43,750 - INFO - Paper 86423785 ROUGE-L F1: 0.4016
2025-05-03 11:06:43,750 - INFO - Using default tokenizer.
2025-05-03 11:06:44,293 - INFO - Paper 50388820 ROUGE-1 F1: 0.7211
2025-05-03 11:06:44,293 - INFO - Paper 50388820 ROUGE-2 F1: 0.4369
2025-05-03 11:06:44,293 - INFO - Paper 50388820 ROUGE-L F1: 0.4864
2025-05-03 11:06:44,293 - INFO - Using default tokenizer.
2025-05-03 11:06:44,441 - INFO - Paper 82821959 ROUGE-1 F1: 0.6262
2025-05-03 11:06:44,441 - INFO - Paper 82821959 ROUGE-2 F1: 0.4258
2025-05-03 11:06:44,441 - INFO - Paper 82821959 ROUGE-L F1: 0.4714
2025-05-03 11:06:44,442 - INFO - Using default tokenizer.
2025-05-03 11:06:44,680 - INFO - Paper 92908954 ROUGE-1 F1: 0.7124
2025-05-03 11:06:44,680 - INFO - Paper 92908954 ROUGE-2 F1: 0.5516
2025-05-03 11:06:44,680 - INFO - Paper 92908954 ROUGE-L F1: 0.6133
2025-05-03 11:06:44,680 - INFO - Using default tokenizer.
2025-05-03 11:06:44,687 - INFO - Paper 11481096 ROUGE-1 F1: 0.2838
2025-05-03 11:06:44,687 - INFO - Paper 11481096 ROUGE-2 F1: 0.1860
2025-05-03 11:06:44,687 - INFO - Paper 11481096 ROUGE-L F1: 0.2376
2025-05-03 11:06:44,687 - INFO - Using default tokenizer.
2025-05-03 11:06:44,763 - INFO - Paper 65102009 ROUGE-1 F1: 0.5576
2025-05-03 11:06:44,763 - INFO - Paper 65102009 ROUGE-2 F1: 0.2571
2025-05-03 11:06:44,763 - INFO - Paper 65102009 ROUGE-L F1: 0.3556
2025-05-03 11:06:44,763 - INFO - Using default tokenizer.
2025-05-03 11:06:44,795 - INFO - Paper 19050347 ROUGE-1 F1: 0.3218
2025-05-03 11:06:44,796 - INFO - Paper 19050347 ROUGE-2 F1: 0.0779
2025-05-03 11:06:44,796 - INFO - Paper 19050347 ROUGE-L F1: 0.1526
2025-05-03 11:06:44,796 - INFO - Skipping 90011197 - no mappings meet similarity threshold 0.692
2025-05-03 11:06:44,796 - INFO - Using default tokenizer.
2025-05-03 11:06:45,287 - INFO - Paper 33714440 ROUGE-1 F1: 0.7088
2025-05-03 11:06:45,287 - INFO - Paper 33714440 ROUGE-2 F1: 0.4490
2025-05-03 11:06:45,287 - INFO - Paper 33714440 ROUGE-L F1: 0.5068
2025-05-03 11:06:45,287 - INFO - Using default tokenizer.
2025-05-03 11:06:45,602 - INFO - Paper 23942242 ROUGE-1 F1: 0.6489
2025-05-03 11:06:45,602 - INFO - Paper 23942242 ROUGE-2 F1: 0.4353
2025-05-03 11:06:45,602 - INFO - Paper 23942242 ROUGE-L F1: 0.4736
2025-05-03 11:06:45,602 - INFO - Using default tokenizer.
2025-05-03 11:06:45,670 - INFO - Paper 7415123 ROUGE-1 F1: 0.6067
2025-05-03 11:06:45,670 - INFO - Paper 7415123 ROUGE-2 F1: 0.2454
2025-05-03 11:06:45,670 - INFO - Paper 7415123 ROUGE-L F1: 0.2839
2025-05-03 11:06:45,671 - INFO - Using default tokenizer.
2025-05-03 11:06:45,902 - INFO - Paper 61603670 ROUGE-1 F1: 0.7244
2025-05-03 11:06:45,902 - INFO - Paper 61603670 ROUGE-2 F1: 0.6112
2025-05-03 11:06:45,902 - INFO - Paper 61603670 ROUGE-L F1: 0.6477
2025-05-03 11:06:45,903 - INFO - Using default tokenizer.
2025-05-03 11:06:45,941 - INFO - Paper 51450104 ROUGE-1 F1: 0.5953
2025-05-03 11:06:45,941 - INFO - Paper 51450104 ROUGE-2 F1: 0.2353
2025-05-03 11:06:45,941 - INFO - Paper 51450104 ROUGE-L F1: 0.3255
2025-05-03 11:06:45,941 - INFO - Using default tokenizer.
2025-05-03 11:06:45,963 - INFO - Paper 46342402 ROUGE-1 F1: 0.1674
2025-05-03 11:06:45,963 - INFO - Paper 46342402 ROUGE-2 F1: 0.0398
2025-05-03 11:06:45,963 - INFO - Paper 46342402 ROUGE-L F1: 0.0936
2025-05-03 11:06:45,963 - INFO - Using default tokenizer.
2025-05-03 11:06:45,994 - INFO - Paper 12711637 ROUGE-1 F1: 0.6006
2025-05-03 11:06:45,994 - INFO - Paper 12711637 ROUGE-2 F1: 0.2638
2025-05-03 11:06:45,994 - INFO - Paper 12711637 ROUGE-L F1: 0.3344
2025-05-03 11:06:45,994 - INFO - Using default tokenizer.
2025-05-03 11:06:46,143 - INFO - Paper 61580548 ROUGE-1 F1: 0.5373
2025-05-03 11:06:46,143 - INFO - Paper 61580548 ROUGE-2 F1: 0.2292
2025-05-03 11:06:46,143 - INFO - Paper 61580548 ROUGE-L F1: 0.3084
2025-05-03 11:06:46,143 - INFO - Using default tokenizer.
2025-05-03 11:06:46,698 - INFO - Paper 15084340 ROUGE-1 F1: 0.7649
2025-05-03 11:06:46,698 - INFO - Paper 15084340 ROUGE-2 F1: 0.5400
2025-05-03 11:06:46,698 - INFO - Paper 15084340 ROUGE-L F1: 0.5478
2025-05-03 11:06:46,698 - INFO - Using default tokenizer.
2025-05-03 11:06:46,783 - INFO - Paper 69013017 ROUGE-1 F1: 0.3189
2025-05-03 11:06:46,783 - INFO - Paper 69013017 ROUGE-2 F1: 0.0769
2025-05-03 11:06:46,783 - INFO - Paper 69013017 ROUGE-L F1: 0.1352
2025-05-03 11:06:46,784 - INFO - Using default tokenizer.
2025-05-03 11:06:46,975 - INFO - Paper 87885377 ROUGE-1 F1: 0.6289
2025-05-03 11:06:46,975 - INFO - Paper 87885377 ROUGE-2 F1: 0.2923
2025-05-03 11:06:46,975 - INFO - Paper 87885377 ROUGE-L F1: 0.3704
2025-05-03 11:06:46,976 - INFO - Skipping 69119323 - no mappings meet similarity threshold 0.692
2025-05-03 11:06:46,976 - INFO - Using default tokenizer.
2025-05-03 11:06:47,007 - INFO - Paper 15765418 ROUGE-1 F1: 0.3656
2025-05-03 11:06:47,007 - INFO - Paper 15765418 ROUGE-2 F1: 0.0709
2025-05-03 11:06:47,007 - INFO - Paper 15765418 ROUGE-L F1: 0.1843
2025-05-03 11:06:47,007 - INFO - Skipping 47686356 - no mappings meet similarity threshold 0.692
2025-05-03 11:06:47,007 - INFO - Using default tokenizer.
2025-05-03 11:06:47,059 - INFO - Paper 42443464 ROUGE-1 F1: 0.4732
2025-05-03 11:06:47,059 - INFO - Paper 42443464 ROUGE-2 F1: 0.1682
2025-05-03 11:06:47,059 - INFO - Paper 42443464 ROUGE-L F1: 0.2284
2025-05-03 11:06:47,059 - INFO - Using default tokenizer.
2025-05-03 11:06:47,083 - INFO - Paper 77737945 ROUGE-1 F1: 0.4189
2025-05-03 11:06:47,083 - INFO - Paper 77737945 ROUGE-2 F1: 0.1061
2025-05-03 11:06:47,083 - INFO - Paper 77737945 ROUGE-L F1: 0.2226
2025-05-03 11:06:47,084 - INFO - Skipping 83248182 - no mappings meet similarity threshold 0.692
2025-05-03 11:06:47,084 - INFO - Using default tokenizer.
2025-05-03 11:06:47,447 - INFO - Paper 66302705 ROUGE-1 F1: 0.5950
2025-05-03 11:06:47,447 - INFO - Paper 66302705 ROUGE-2 F1: 0.2711
2025-05-03 11:06:47,447 - INFO - Paper 66302705 ROUGE-L F1: 0.3242
2025-05-03 11:06:47,448 - INFO - Using default tokenizer.
2025-05-03 11:06:47,520 - INFO - Paper 18958324 ROUGE-1 F1: 0.3094
2025-05-03 11:06:47,520 - INFO - Paper 18958324 ROUGE-2 F1: 0.0893
2025-05-03 11:06:47,520 - INFO - Paper 18958324 ROUGE-L F1: 0.1503
2025-05-03 11:06:47,520 - INFO - Using default tokenizer.
2025-05-03 11:06:48,028 - INFO - Paper 48141212 ROUGE-1 F1: 0.7794
2025-05-03 11:06:48,028 - INFO - Paper 48141212 ROUGE-2 F1: 0.5772
2025-05-03 11:06:48,028 - INFO - Paper 48141212 ROUGE-L F1: 0.6251
2025-05-03 11:06:48,028 - INFO - Using default tokenizer.
2025-05-03 11:06:48,081 - INFO - Paper 16973657 ROUGE-1 F1: 0.4943
2025-05-03 11:06:48,081 - INFO - Paper 16973657 ROUGE-2 F1: 0.1871
2025-05-03 11:06:48,081 - INFO - Paper 16973657 ROUGE-L F1: 0.2421
2025-05-03 11:06:48,081 - INFO - Using default tokenizer.
2025-05-03 11:06:48,460 - INFO - Paper 84655302 ROUGE-1 F1: 0.7121
2025-05-03 11:06:48,460 - INFO - Paper 84655302 ROUGE-2 F1: 0.4282
2025-05-03 11:06:48,460 - INFO - Paper 84655302 ROUGE-L F1: 0.4969
2025-05-03 11:06:48,460 - INFO - Using default tokenizer.
2025-05-03 11:06:48,593 - INFO - Paper 64175585 ROUGE-1 F1: 0.5493
2025-05-03 11:06:48,593 - INFO - Paper 64175585 ROUGE-2 F1: 0.3160
2025-05-03 11:06:48,593 - INFO - Paper 64175585 ROUGE-L F1: 0.3886
2025-05-03 11:06:48,593 - INFO - Using default tokenizer.
2025-05-03 11:06:48,762 - INFO - Paper 59277766 ROUGE-1 F1: 0.6944
2025-05-03 11:06:48,762 - INFO - Paper 59277766 ROUGE-2 F1: 0.5141
2025-05-03 11:06:48,762 - INFO - Paper 59277766 ROUGE-L F1: 0.5710
2025-05-03 11:06:48,762 - INFO - Using default tokenizer.
2025-05-03 11:06:48,774 - INFO - Paper 93060618 ROUGE-1 F1: 0.2134
2025-05-03 11:06:48,774 - INFO - Paper 93060618 ROUGE-2 F1: 0.0299
2025-05-03 11:06:48,774 - INFO - Paper 93060618 ROUGE-L F1: 0.1290
2025-05-03 11:06:48,775 - INFO - Using default tokenizer.
2025-05-03 11:06:48,811 - INFO - Paper 47723293 ROUGE-1 F1: 0.4454
2025-05-03 11:06:48,811 - INFO - Paper 47723293 ROUGE-2 F1: 0.0967
2025-05-03 11:06:48,812 - INFO - Paper 47723293 ROUGE-L F1: 0.2128
2025-05-03 11:06:48,812 - INFO - Using default tokenizer.
2025-05-03 11:06:48,873 - INFO - Paper 75389943 ROUGE-1 F1: 0.5711
2025-05-03 11:06:48,873 - INFO - Paper 75389943 ROUGE-2 F1: 0.2552
2025-05-03 11:06:48,873 - INFO - Paper 75389943 ROUGE-L F1: 0.3486
2025-05-03 11:06:48,873 - INFO - Using default tokenizer.
2025-05-03 11:06:48,973 - INFO - Paper 11006232 ROUGE-1 F1: 0.6516
2025-05-03 11:06:48,973 - INFO - Paper 11006232 ROUGE-2 F1: 0.5347
2025-05-03 11:06:48,973 - INFO - Paper 11006232 ROUGE-L F1: 0.5823
2025-05-03 11:06:48,973 - INFO - Using default tokenizer.
2025-05-03 11:06:49,379 - INFO - Paper 65595064 ROUGE-1 F1: 0.7025
2025-05-03 11:06:49,379 - INFO - Paper 65595064 ROUGE-2 F1: 0.4264
2025-05-03 11:06:49,379 - INFO - Paper 65595064 ROUGE-L F1: 0.4891
2025-05-03 11:06:49,379 - INFO - Using default tokenizer.
2025-05-03 11:06:49,435 - INFO - Paper 91812941 ROUGE-1 F1: 0.5921
2025-05-03 11:06:49,435 - INFO - Paper 91812941 ROUGE-2 F1: 0.1809
2025-05-03 11:06:49,435 - INFO - Paper 91812941 ROUGE-L F1: 0.3153
2025-05-03 11:06:49,435 - INFO - Using default tokenizer.
2025-05-03 11:06:49,884 - INFO - Paper 78412080 ROUGE-1 F1: 0.7071
2025-05-03 11:06:49,885 - INFO - Paper 78412080 ROUGE-2 F1: 0.4479
2025-05-03 11:06:49,885 - INFO - Paper 78412080 ROUGE-L F1: 0.4939
2025-05-03 11:06:49,885 - INFO - Using default tokenizer.
2025-05-03 11:06:49,917 - INFO - Paper 33427271 ROUGE-1 F1: 0.4249
2025-05-03 11:06:49,917 - INFO - Paper 33427271 ROUGE-2 F1: 0.2812
2025-05-03 11:06:49,917 - INFO - Paper 33427271 ROUGE-L F1: 0.3266
2025-05-03 11:06:49,917 - INFO - Using default tokenizer.
2025-05-03 11:06:49,978 - INFO - Paper 11684235 ROUGE-1 F1: 0.6347
2025-05-03 11:06:49,978 - INFO - Paper 11684235 ROUGE-2 F1: 0.3272
2025-05-03 11:06:49,978 - INFO - Paper 11684235 ROUGE-L F1: 0.3881
2025-05-03 11:06:49,978 - INFO - Using default tokenizer.
2025-05-03 11:06:50,554 - INFO - Paper 11313245 ROUGE-1 F1: 0.7889
2025-05-03 11:06:50,554 - INFO - Paper 11313245 ROUGE-2 F1: 0.5803
2025-05-03 11:06:50,554 - INFO - Paper 11313245 ROUGE-L F1: 0.6496
2025-05-03 11:06:50,555 - INFO - Using default tokenizer.
2025-05-03 11:06:50,569 - INFO - Paper 30877354 ROUGE-1 F1: 0.2474
2025-05-03 11:06:50,569 - INFO - Paper 30877354 ROUGE-2 F1: 0.0745
2025-05-03 11:06:50,569 - INFO - Paper 30877354 ROUGE-L F1: 0.1567
2025-05-03 11:06:50,569 - INFO - Using default tokenizer.
2025-05-03 11:06:50,822 - INFO - Paper 22744554 ROUGE-1 F1: 0.6078
2025-05-03 11:06:50,823 - INFO - Paper 22744554 ROUGE-2 F1: 0.2703
2025-05-03 11:06:50,823 - INFO - Paper 22744554 ROUGE-L F1: 0.3511
2025-05-03 11:06:50,823 - INFO - Using default tokenizer.
2025-05-03 11:06:51,252 - INFO - Paper 22030520 ROUGE-1 F1: 0.7007
2025-05-03 11:06:51,252 - INFO - Paper 22030520 ROUGE-2 F1: 0.4655
2025-05-03 11:06:51,252 - INFO - Paper 22030520 ROUGE-L F1: 0.5119
2025-05-03 11:06:51,252 - INFO - Using default tokenizer.
2025-05-03 11:06:51,320 - INFO - Paper 75937139 ROUGE-1 F1: 0.3592
2025-05-03 11:06:51,320 - INFO - Paper 75937139 ROUGE-2 F1: 0.1387
2025-05-03 11:06:51,320 - INFO - Paper 75937139 ROUGE-L F1: 0.1964
2025-05-03 11:06:51,320 - INFO - Using default tokenizer.
2025-05-03 11:06:51,351 - INFO - Paper 1540690 ROUGE-1 F1: 0.4352
2025-05-03 11:06:51,351 - INFO - Paper 1540690 ROUGE-2 F1: 0.1796
2025-05-03 11:06:51,351 - INFO - Paper 1540690 ROUGE-L F1: 0.2500
2025-05-03 11:06:51,352 - INFO - Using default tokenizer.
2025-05-03 11:06:51,837 - INFO - Paper 4536127 ROUGE-1 F1: 0.7356
2025-05-03 11:06:51,837 - INFO - Paper 4536127 ROUGE-2 F1: 0.4568
2025-05-03 11:06:51,837 - INFO - Paper 4536127 ROUGE-L F1: 0.5134
2025-05-03 11:06:51,837 - INFO - Using default tokenizer.
2025-05-03 11:06:51,926 - INFO - Paper 16057781 ROUGE-1 F1: 0.5313
2025-05-03 11:06:51,926 - INFO - Paper 16057781 ROUGE-2 F1: 0.2343
2025-05-03 11:06:51,926 - INFO - Paper 16057781 ROUGE-L F1: 0.3012
2025-05-03 11:06:51,926 - INFO - Using default tokenizer.
2025-05-03 11:06:52,495 - INFO - Paper 263861 ROUGE-1 F1: 0.8025
2025-05-03 11:06:52,495 - INFO - Paper 263861 ROUGE-2 F1: 0.6037
2025-05-03 11:06:52,495 - INFO - Paper 263861 ROUGE-L F1: 0.6444
2025-05-03 11:06:52,496 - INFO - Using default tokenizer.
2025-05-03 11:06:52,581 - INFO - Paper 90600191 ROUGE-1 F1: 0.5411
2025-05-03 11:06:52,582 - INFO - Paper 90600191 ROUGE-2 F1: 0.1859
2025-05-03 11:06:52,582 - INFO - Paper 90600191 ROUGE-L F1: 0.2899
2025-05-03 11:06:52,582 - INFO - Using default tokenizer.
2025-05-03 11:06:52,594 - INFO - Paper 81262575 ROUGE-1 F1: 0.2565
2025-05-03 11:06:52,595 - INFO - Paper 81262575 ROUGE-2 F1: 0.0716
2025-05-03 11:06:52,595 - INFO - Paper 81262575 ROUGE-L F1: 0.1473
2025-05-03 11:06:52,595 - INFO - Using default tokenizer.
2025-05-03 11:06:52,606 - INFO - Paper 35704901 ROUGE-1 F1: 0.2886
2025-05-03 11:06:52,606 - INFO - Paper 35704901 ROUGE-2 F1: 0.1050
2025-05-03 11:06:52,606 - INFO - Paper 35704901 ROUGE-L F1: 0.1891
2025-05-03 11:06:52,607 - INFO - Using default tokenizer.
2025-05-03 11:06:52,923 - INFO - Paper 85839366 ROUGE-1 F1: 0.5986
2025-05-03 11:06:52,923 - INFO - Paper 85839366 ROUGE-2 F1: 0.4263
2025-05-03 11:06:52,923 - INFO - Paper 85839366 ROUGE-L F1: 0.4739
2025-05-03 11:06:52,923 - INFO - Using default tokenizer.
2025-05-03 11:06:52,965 - INFO - Paper 69694249 ROUGE-1 F1: 0.4121
2025-05-03 11:06:52,965 - INFO - Paper 69694249 ROUGE-2 F1: 0.1711
2025-05-03 11:06:52,965 - INFO - Paper 69694249 ROUGE-L F1: 0.2467
2025-05-03 11:06:52,965 - INFO - Using default tokenizer.
2025-05-03 11:06:53,077 - INFO - Paper 44210578 ROUGE-1 F1: 0.5907
2025-05-03 11:06:53,077 - INFO - Paper 44210578 ROUGE-2 F1: 0.2283
2025-05-03 11:06:53,077 - INFO - Paper 44210578 ROUGE-L F1: 0.3173
2025-05-03 11:06:53,077 - INFO - Using default tokenizer.
2025-05-03 11:06:53,606 - INFO - Paper 39038842 ROUGE-1 F1: 0.7267
2025-05-03 11:06:53,606 - INFO - Paper 39038842 ROUGE-2 F1: 0.4419
2025-05-03 11:06:53,606 - INFO - Paper 39038842 ROUGE-L F1: 0.4998
2025-05-03 11:06:53,606 - INFO - Using default tokenizer.
2025-05-03 11:06:54,117 - INFO - Paper 81780960 ROUGE-1 F1: 0.7098
2025-05-03 11:06:54,117 - INFO - Paper 81780960 ROUGE-2 F1: 0.4704
2025-05-03 11:06:54,117 - INFO - Paper 81780960 ROUGE-L F1: 0.5224
2025-05-03 11:06:54,117 - INFO - Using default tokenizer.
2025-05-03 11:06:54,153 - INFO - Paper 5674972 ROUGE-1 F1: 0.3955
2025-05-03 11:06:54,153 - INFO - Paper 5674972 ROUGE-2 F1: 0.1643
2025-05-03 11:06:54,153 - INFO - Paper 5674972 ROUGE-L F1: 0.2599
2025-05-03 11:06:54,153 - INFO - Using default tokenizer.
2025-05-03 11:06:54,170 - INFO - Paper 81535007 ROUGE-1 F1: 0.2368
2025-05-03 11:06:54,170 - INFO - Paper 81535007 ROUGE-2 F1: 0.0792
2025-05-03 11:06:54,170 - INFO - Paper 81535007 ROUGE-L F1: 0.1504
2025-05-03 11:06:54,170 - INFO - Using default tokenizer.
2025-05-03 11:06:54,178 - INFO - Paper 68642594 ROUGE-1 F1: 0.0000
2025-05-03 11:06:54,178 - INFO - Paper 68642594 ROUGE-2 F1: 0.0000
2025-05-03 11:06:54,178 - INFO - Paper 68642594 ROUGE-L F1: 0.0000
2025-05-03 11:06:54,178 - INFO - Using default tokenizer.
2025-05-03 11:06:54,309 - INFO - Paper 11418476 ROUGE-1 F1: 0.6134
2025-05-03 11:06:54,309 - INFO - Paper 11418476 ROUGE-2 F1: 0.2787
2025-05-03 11:06:54,309 - INFO - Paper 11418476 ROUGE-L F1: 0.3121
2025-05-03 11:06:54,310 - INFO - Using default tokenizer.
2025-05-03 11:06:54,343 - INFO - Paper 30905451 ROUGE-1 F1: 0.6677
2025-05-03 11:06:54,343 - INFO - Paper 30905451 ROUGE-2 F1: 0.3270
2025-05-03 11:06:54,343 - INFO - Paper 30905451 ROUGE-L F1: 0.4399
2025-05-03 11:06:54,343 - INFO - Using default tokenizer.
2025-05-03 11:06:54,450 - INFO - Paper 24928430 ROUGE-1 F1: 0.6017
2025-05-03 11:06:54,450 - INFO - Paper 24928430 ROUGE-2 F1: 0.2894
2025-05-03 11:06:54,450 - INFO - Paper 24928430 ROUGE-L F1: 0.4017
2025-05-03 11:06:54,451 - INFO - Using default tokenizer.
2025-05-03 11:06:54,461 - INFO - Paper 17980043 ROUGE-1 F1: 0.3032
2025-05-03 11:06:54,461 - INFO - Paper 17980043 ROUGE-2 F1: 0.0642
2025-05-03 11:06:54,461 - INFO - Paper 17980043 ROUGE-L F1: 0.1543
2025-05-03 11:06:54,461 - INFO - Using default tokenizer.
2025-05-03 11:06:54,909 - INFO - Paper 93195231 ROUGE-1 F1: 0.6650
2025-05-03 11:06:54,910 - INFO - Paper 93195231 ROUGE-2 F1: 0.2893
2025-05-03 11:06:54,910 - INFO - Paper 93195231 ROUGE-L F1: 0.3371
2025-05-03 11:06:54,910 - INFO - Using default tokenizer.
2025-05-03 11:06:54,954 - INFO - Paper 32248697 ROUGE-1 F1: 0.4718
2025-05-03 11:06:54,954 - INFO - Paper 32248697 ROUGE-2 F1: 0.1682
2025-05-03 11:06:54,954 - INFO - Paper 32248697 ROUGE-L F1: 0.2805
2025-05-03 11:06:54,954 - INFO - Using default tokenizer.
2025-05-03 11:06:55,407 - INFO - Paper 50524744 ROUGE-1 F1: 0.7815
2025-05-03 11:06:55,408 - INFO - Paper 50524744 ROUGE-2 F1: 0.6040
2025-05-03 11:06:55,408 - INFO - Paper 50524744 ROUGE-L F1: 0.6573
2025-05-03 11:06:55,408 - INFO - Using default tokenizer.
2025-05-03 11:06:55,421 - INFO - Paper 37796162 ROUGE-1 F1: 0.4020
2025-05-03 11:06:55,421 - INFO - Paper 37796162 ROUGE-2 F1: 0.1527
2025-05-03 11:06:55,421 - INFO - Paper 37796162 ROUGE-L F1: 0.2500
2025-05-03 11:06:55,421 - INFO - Using default tokenizer.
2025-05-03 11:06:55,774 - INFO - Paper 81001972 ROUGE-1 F1: 0.7099
2025-05-03 11:06:55,775 - INFO - Paper 81001972 ROUGE-2 F1: 0.4169
2025-05-03 11:06:55,775 - INFO - Paper 81001972 ROUGE-L F1: 0.4780
2025-05-03 11:06:55,775 - INFO - Using default tokenizer.
2025-05-03 11:06:55,826 - INFO - Paper 89581601 ROUGE-1 F1: 0.4436
2025-05-03 11:06:55,826 - INFO - Paper 89581601 ROUGE-2 F1: 0.1385
2025-05-03 11:06:55,826 - INFO - Paper 89581601 ROUGE-L F1: 0.2206
2025-05-03 11:06:55,826 - INFO - Using default tokenizer.
2025-05-03 11:06:55,885 - INFO - Paper 45612165 ROUGE-1 F1: 0.2081
2025-05-03 11:06:55,885 - INFO - Paper 45612165 ROUGE-2 F1: 0.0370
2025-05-03 11:06:55,886 - INFO - Paper 45612165 ROUGE-L F1: 0.0923
2025-05-03 11:06:55,886 - INFO - Using default tokenizer.
2025-05-03 11:06:56,012 - INFO - Paper 91325283 ROUGE-1 F1: 0.5983
2025-05-03 11:06:56,013 - INFO - Paper 91325283 ROUGE-2 F1: 0.2744
2025-05-03 11:06:56,013 - INFO - Paper 91325283 ROUGE-L F1: 0.3647
2025-05-03 11:06:56,013 - INFO - Using default tokenizer.
2025-05-03 11:06:56,018 - INFO - Paper 5262509 ROUGE-1 F1: 0.3793
2025-05-03 11:06:56,018 - INFO - Paper 5262509 ROUGE-2 F1: 0.1739
2025-05-03 11:06:56,018 - INFO - Paper 5262509 ROUGE-L F1: 0.2328
2025-05-03 11:06:56,019 - INFO - Using default tokenizer.
2025-05-03 11:06:56,044 - INFO - Paper 4647896 ROUGE-1 F1: 0.5196
2025-05-03 11:06:56,045 - INFO - Paper 4647896 ROUGE-2 F1: 0.2964
2025-05-03 11:06:56,045 - INFO - Paper 4647896 ROUGE-L F1: 0.3843
2025-05-03 11:06:56,045 - INFO - Using default tokenizer.
2025-05-03 11:06:56,433 - INFO - Paper 92615357 ROUGE-1 F1: 0.7162
2025-05-03 11:06:56,433 - INFO - Paper 92615357 ROUGE-2 F1: 0.4602
2025-05-03 11:06:56,433 - INFO - Paper 92615357 ROUGE-L F1: 0.5482
2025-05-03 11:06:56,434 - INFO - Using default tokenizer.
2025-05-03 11:06:56,479 - INFO - Paper 75865335 ROUGE-1 F1: 0.3271
2025-05-03 11:06:56,479 - INFO - Paper 75865335 ROUGE-2 F1: 0.0920
2025-05-03 11:06:56,479 - INFO - Paper 75865335 ROUGE-L F1: 0.1671
2025-05-03 11:06:56,479 - INFO - Using default tokenizer.
2025-05-03 11:06:56,563 - INFO - Paper 57956236 ROUGE-1 F1: 0.3441
2025-05-03 11:06:56,563 - INFO - Paper 57956236 ROUGE-2 F1: 0.0939
2025-05-03 11:06:56,563 - INFO - Paper 57956236 ROUGE-L F1: 0.1704
2025-05-03 11:06:56,563 - INFO - Using default tokenizer.
2025-05-03 11:06:56,610 - INFO - Paper 91929013 ROUGE-1 F1: 0.4164
2025-05-03 11:06:56,610 - INFO - Paper 91929013 ROUGE-2 F1: 0.1540
2025-05-03 11:06:56,610 - INFO - Paper 91929013 ROUGE-L F1: 0.2404
2025-05-03 11:06:56,610 - INFO - Using default tokenizer.
2025-05-03 11:06:57,047 - INFO - Paper 11791786 ROUGE-1 F1: 0.6836
2025-05-03 11:06:57,047 - INFO - Paper 11791786 ROUGE-2 F1: 0.4018
2025-05-03 11:06:57,047 - INFO - Paper 11791786 ROUGE-L F1: 0.4449
2025-05-03 11:06:57,048 - INFO - Skipping 89853012 - no mappings meet similarity threshold 0.692
2025-05-03 11:06:57,048 - INFO - Using default tokenizer.
2025-05-03 11:06:57,066 - INFO - Paper 94015576 ROUGE-1 F1: 0.3595
2025-05-03 11:06:57,066 - INFO - Paper 94015576 ROUGE-2 F1: 0.0664
2025-05-03 11:06:57,066 - INFO - Paper 94015576 ROUGE-L F1: 0.1736
2025-05-03 11:06:57,066 - INFO - Using default tokenizer.
2025-05-03 11:06:57,556 - INFO - Paper 76874430 ROUGE-1 F1: 0.7017
2025-05-03 11:06:57,556 - INFO - Paper 76874430 ROUGE-2 F1: 0.4381
2025-05-03 11:06:57,556 - INFO - Paper 76874430 ROUGE-L F1: 0.4891
2025-05-03 11:06:57,557 - INFO - Using default tokenizer.
2025-05-03 11:06:57,586 - INFO - Paper 4784102 ROUGE-1 F1: 0.4189
2025-05-03 11:06:57,586 - INFO - Paper 4784102 ROUGE-2 F1: 0.2899
2025-05-03 11:06:57,587 - INFO - Paper 4784102 ROUGE-L F1: 0.3599
2025-05-03 11:06:57,587 - INFO - Using default tokenizer.
2025-05-03 11:06:57,981 - INFO - Paper 42200029 ROUGE-1 F1: 0.6888
2025-05-03 11:06:57,981 - INFO - Paper 42200029 ROUGE-2 F1: 0.4996
2025-05-03 11:06:57,981 - INFO - Paper 42200029 ROUGE-L F1: 0.5490
2025-05-03 11:06:57,981 - INFO - Using default tokenizer.
2025-05-03 11:06:58,010 - INFO - Paper 87068449 ROUGE-1 F1: 0.4595
2025-05-03 11:06:58,010 - INFO - Paper 87068449 ROUGE-2 F1: 0.1791
2025-05-03 11:06:58,010 - INFO - Paper 87068449 ROUGE-L F1: 0.2413
2025-05-03 11:06:58,010 - INFO - Using default tokenizer.
2025-05-03 11:06:58,052 - INFO - Paper 26515037 ROUGE-1 F1: 0.4429
2025-05-03 11:06:58,052 - INFO - Paper 26515037 ROUGE-2 F1: 0.1499
2025-05-03 11:06:58,052 - INFO - Paper 26515037 ROUGE-L F1: 0.2285
2025-05-03 11:06:58,052 - INFO - Using default tokenizer.
2025-05-03 11:06:58,088 - INFO - Paper 66006367 ROUGE-1 F1: 0.4471
2025-05-03 11:06:58,089 - INFO - Paper 66006367 ROUGE-2 F1: 0.1150
2025-05-03 11:06:58,089 - INFO - Paper 66006367 ROUGE-L F1: 0.2294
2025-05-03 11:06:58,089 - INFO - Using default tokenizer.
2025-05-03 11:06:58,284 - INFO - Paper 52208833 ROUGE-1 F1: 0.6184
2025-05-03 11:06:58,284 - INFO - Paper 52208833 ROUGE-2 F1: 0.2339
2025-05-03 11:06:58,284 - INFO - Paper 52208833 ROUGE-L F1: 0.2984
2025-05-03 11:06:58,284 - INFO - Using default tokenizer.
2025-05-03 11:06:58,398 - INFO - Paper 87460557 ROUGE-1 F1: 0.6850
2025-05-03 11:06:58,398 - INFO - Paper 87460557 ROUGE-2 F1: 0.4720
2025-05-03 11:06:58,398 - INFO - Paper 87460557 ROUGE-L F1: 0.5480
2025-05-03 11:06:58,398 - INFO - Using default tokenizer.
2025-05-03 11:06:58,666 - INFO - Paper 8151447 ROUGE-1 F1: 0.6799
2025-05-03 11:06:58,666 - INFO - Paper 8151447 ROUGE-2 F1: 0.4462
2025-05-03 11:06:58,666 - INFO - Paper 8151447 ROUGE-L F1: 0.4876
2025-05-03 11:06:58,666 - INFO - Using default tokenizer.
2025-05-03 11:06:58,941 - INFO - Paper 96747724 ROUGE-1 F1: 0.6297
2025-05-03 11:06:58,941 - INFO - Paper 96747724 ROUGE-2 F1: 0.4919
2025-05-03 11:06:58,941 - INFO - Paper 96747724 ROUGE-L F1: 0.5371
2025-05-03 11:06:58,941 - INFO - Using default tokenizer.
2025-05-03 11:06:59,205 - INFO - Paper 8363020 ROUGE-1 F1: 0.6064
2025-05-03 11:06:59,205 - INFO - Paper 8363020 ROUGE-2 F1: 0.2529
2025-05-03 11:06:59,206 - INFO - Paper 8363020 ROUGE-L F1: 0.2896
2025-05-03 11:06:59,206 - INFO - Using default tokenizer.
2025-05-03 11:06:59,259 - INFO - Paper 93544751 ROUGE-1 F1: 0.4913
2025-05-03 11:06:59,259 - INFO - Paper 93544751 ROUGE-2 F1: 0.1960
2025-05-03 11:06:59,259 - INFO - Paper 93544751 ROUGE-L F1: 0.2771
2025-05-03 11:06:59,259 - INFO - Using default tokenizer.
2025-05-03 11:06:59,432 - INFO - Paper 11542688 ROUGE-1 F1: 0.7084
2025-05-03 11:06:59,432 - INFO - Paper 11542688 ROUGE-2 F1: 0.5413
2025-05-03 11:06:59,432 - INFO - Paper 11542688 ROUGE-L F1: 0.5885
2025-05-03 11:06:59,432 - INFO - Skipping 26955055 - no mappings meet similarity threshold 0.692
2025-05-03 11:06:59,432 - INFO - Using default tokenizer.
2025-05-03 11:06:59,462 - INFO - Paper 58874274 ROUGE-1 F1: 0.4830
2025-05-03 11:06:59,462 - INFO - Paper 58874274 ROUGE-2 F1: 0.3187
2025-05-03 11:06:59,462 - INFO - Paper 58874274 ROUGE-L F1: 0.3922
2025-05-03 11:06:59,462 - INFO - Using default tokenizer.
2025-05-03 11:06:59,537 - INFO - Paper 81916449 ROUGE-1 F1: 0.5901
2025-05-03 11:06:59,537 - INFO - Paper 81916449 ROUGE-2 F1: 0.2903
2025-05-03 11:06:59,537 - INFO - Paper 81916449 ROUGE-L F1: 0.3691
2025-05-03 11:06:59,537 - INFO - Using default tokenizer.
2025-05-03 11:07:00,030 - INFO - Paper 17539393 ROUGE-1 F1: 0.7378
2025-05-03 11:07:00,030 - INFO - Paper 17539393 ROUGE-2 F1: 0.4960
2025-05-03 11:07:00,030 - INFO - Paper 17539393 ROUGE-L F1: 0.5633
2025-05-03 11:07:00,030 - INFO - Using default tokenizer.
2025-05-03 11:07:00,287 - INFO - Paper 29703573 ROUGE-1 F1: 0.5480
2025-05-03 11:07:00,287 - INFO - Paper 29703573 ROUGE-2 F1: 0.2780
2025-05-03 11:07:00,287 - INFO - Paper 29703573 ROUGE-L F1: 0.3180
2025-05-03 11:07:00,288 - INFO - Using default tokenizer.
2025-05-03 11:07:00,743 - INFO - Paper 99341732 ROUGE-1 F1: 0.7109
2025-05-03 11:07:00,743 - INFO - Paper 99341732 ROUGE-2 F1: 0.4666
2025-05-03 11:07:00,743 - INFO - Paper 99341732 ROUGE-L F1: 0.5400
2025-05-03 11:07:00,743 - INFO - Using default tokenizer.
2025-05-03 11:07:00,757 - INFO - Paper 37775721 ROUGE-1 F1: 0.5523
2025-05-03 11:07:00,757 - INFO - Paper 37775721 ROUGE-2 F1: 0.3019
2025-05-03 11:07:00,757 - INFO - Paper 37775721 ROUGE-L F1: 0.4182
2025-05-03 11:07:00,758 - INFO - Using default tokenizer.
2025-05-03 11:07:00,876 - INFO - Paper 77684000 ROUGE-1 F1: 0.6330
2025-05-03 11:07:00,876 - INFO - Paper 77684000 ROUGE-2 F1: 0.3448
2025-05-03 11:07:00,876 - INFO - Paper 77684000 ROUGE-L F1: 0.4437
2025-05-03 11:07:00,877 - INFO - Using default tokenizer.
2025-05-03 11:07:01,179 - INFO - Paper 518237 ROUGE-1 F1: 0.5423
2025-05-03 11:07:01,180 - INFO - Paper 518237 ROUGE-2 F1: 0.2420
2025-05-03 11:07:01,180 - INFO - Paper 518237 ROUGE-L F1: 0.2816
2025-05-03 11:07:01,180 - INFO - Skipping 27086937 - no mappings meet similarity threshold 0.692
2025-05-03 11:07:01,180 - INFO - Using default tokenizer.
2025-05-03 11:07:01,449 - INFO - Paper 37135417 ROUGE-1 F1: 0.6674
2025-05-03 11:07:01,449 - INFO - Paper 37135417 ROUGE-2 F1: 0.3399
2025-05-03 11:07:01,449 - INFO - Paper 37135417 ROUGE-L F1: 0.4207
2025-05-03 11:07:01,449 - INFO - Using default tokenizer.
2025-05-03 11:07:01,490 - INFO - Paper 2905851 ROUGE-1 F1: 0.5614
2025-05-03 11:07:01,490 - INFO - Paper 2905851 ROUGE-2 F1: 0.2574
2025-05-03 11:07:01,490 - INFO - Paper 2905851 ROUGE-L F1: 0.3667
2025-05-03 11:07:01,490 - INFO - Using default tokenizer.
2025-05-03 11:07:01,568 - INFO - Paper 69481324 ROUGE-1 F1: 0.5895
2025-05-03 11:07:01,568 - INFO - Paper 69481324 ROUGE-2 F1: 0.2016
2025-05-03 11:07:01,569 - INFO - Paper 69481324 ROUGE-L F1: 0.3199
2025-05-03 11:07:01,569 - INFO - Using default tokenizer.
2025-05-03 11:07:01,863 - INFO - Paper 75779006 ROUGE-1 F1: 0.7870
2025-05-03 11:07:01,863 - INFO - Paper 75779006 ROUGE-2 F1: 0.6838
2025-05-03 11:07:01,864 - INFO - Paper 75779006 ROUGE-L F1: 0.7222
2025-05-03 11:07:01,864 - INFO - Using default tokenizer.
2025-05-03 11:07:01,896 - INFO - Paper 11836666 ROUGE-1 F1: 0.2293
2025-05-03 11:07:01,896 - INFO - Paper 11836666 ROUGE-2 F1: 0.0609
2025-05-03 11:07:01,896 - INFO - Paper 11836666 ROUGE-L F1: 0.1417
2025-05-03 11:07:01,896 - INFO - Using default tokenizer.
2025-05-03 11:07:01,957 - INFO - Paper 27051635 ROUGE-1 F1: 0.5323
2025-05-03 11:07:01,957 - INFO - Paper 27051635 ROUGE-2 F1: 0.3616
2025-05-03 11:07:01,957 - INFO - Paper 27051635 ROUGE-L F1: 0.3964
2025-05-03 11:07:01,957 - INFO - Using default tokenizer.
2025-05-03 11:07:02,017 - INFO - Paper 24510148 ROUGE-1 F1: 0.6125
2025-05-03 11:07:02,017 - INFO - Paper 24510148 ROUGE-2 F1: 0.3660
2025-05-03 11:07:02,017 - INFO - Paper 24510148 ROUGE-L F1: 0.4405
2025-05-03 11:07:02,018 - INFO - Using default tokenizer.
2025-05-03 11:07:02,115 - INFO - Paper 27300559 ROUGE-1 F1: 0.7021
2025-05-03 11:07:02,115 - INFO - Paper 27300559 ROUGE-2 F1: 0.4922
2025-05-03 11:07:02,115 - INFO - Paper 27300559 ROUGE-L F1: 0.5701
2025-05-03 11:07:02,115 - INFO - Using default tokenizer.
2025-05-03 11:07:02,180 - INFO - Paper 51116334 ROUGE-1 F1: 0.2119
2025-05-03 11:07:02,180 - INFO - Paper 51116334 ROUGE-2 F1: 0.0522
2025-05-03 11:07:02,180 - INFO - Paper 51116334 ROUGE-L F1: 0.1228
2025-05-03 11:07:02,180 - INFO - Using default tokenizer.
2025-05-03 11:07:02,226 - INFO - Paper 93980002 ROUGE-1 F1: 0.7143
2025-05-03 11:07:02,226 - INFO - Paper 93980002 ROUGE-2 F1: 0.5081
2025-05-03 11:07:02,226 - INFO - Paper 93980002 ROUGE-L F1: 0.5714
2025-05-03 11:07:02,226 - INFO - Using default tokenizer.
2025-05-03 11:07:02,492 - INFO - Paper 3913778 ROUGE-1 F1: 0.6795
2025-05-03 11:07:02,493 - INFO - Paper 3913778 ROUGE-2 F1: 0.4885
2025-05-03 11:07:02,493 - INFO - Paper 3913778 ROUGE-L F1: 0.5254
2025-05-03 11:07:02,493 - INFO - Using default tokenizer.
2025-05-03 11:07:02,963 - INFO - Paper 63188694 ROUGE-1 F1: 0.7476
2025-05-03 11:07:02,963 - INFO - Paper 63188694 ROUGE-2 F1: 0.4779
2025-05-03 11:07:02,963 - INFO - Paper 63188694 ROUGE-L F1: 0.5088
2025-05-03 11:07:02,963 - INFO - Using default tokenizer.
2025-05-03 11:07:03,170 - INFO - Paper 72744034 ROUGE-1 F1: 0.7183
2025-05-03 11:07:03,170 - INFO - Paper 72744034 ROUGE-2 F1: 0.5845
2025-05-03 11:07:03,170 - INFO - Paper 72744034 ROUGE-L F1: 0.6258
2025-05-03 11:07:03,170 - INFO - Using default tokenizer.
2025-05-03 11:07:03,175 - INFO - Paper 4216862 ROUGE-1 F1: 0.2389
2025-05-03 11:07:03,175 - INFO - Paper 4216862 ROUGE-2 F1: 0.0179
2025-05-03 11:07:03,176 - INFO - Paper 4216862 ROUGE-L F1: 0.1504
2025-05-03 11:07:03,176 - INFO - Using default tokenizer.
2025-05-03 11:07:03,582 - INFO - Paper 46507565 ROUGE-1 F1: 0.7204
2025-05-03 11:07:03,582 - INFO - Paper 46507565 ROUGE-2 F1: 0.5052
2025-05-03 11:07:03,582 - INFO - Paper 46507565 ROUGE-L F1: 0.5470
2025-05-03 11:07:03,582 - INFO - Using default tokenizer.
2025-05-03 11:07:03,593 - INFO - Paper 22546727 ROUGE-1 F1: 0.5677
2025-05-03 11:07:03,593 - INFO - Paper 22546727 ROUGE-2 F1: 0.3389
2025-05-03 11:07:03,593 - INFO - Paper 22546727 ROUGE-L F1: 0.4422
2025-05-03 11:07:03,593 - INFO - Using default tokenizer.
2025-05-03 11:07:04,063 - INFO - Paper 14819310 ROUGE-1 F1: 0.7480
2025-05-03 11:07:04,064 - INFO - Paper 14819310 ROUGE-2 F1: 0.4739
2025-05-03 11:07:04,064 - INFO - Paper 14819310 ROUGE-L F1: 0.5236
2025-05-03 11:07:04,064 - INFO - Using default tokenizer.
2025-05-03 11:07:04,088 - INFO - Paper 63758896 ROUGE-1 F1: 0.4340
2025-05-03 11:07:04,088 - INFO - Paper 63758896 ROUGE-2 F1: 0.1672
2025-05-03 11:07:04,088 - INFO - Paper 63758896 ROUGE-L F1: 0.2465
2025-05-03 11:07:04,088 - INFO - Using default tokenizer.
2025-05-03 11:07:04,115 - INFO - Paper 47257042 ROUGE-1 F1: 0.4948
2025-05-03 11:07:04,115 - INFO - Paper 47257042 ROUGE-2 F1: 0.1888
2025-05-03 11:07:04,115 - INFO - Paper 47257042 ROUGE-L F1: 0.2892
2025-05-03 11:07:04,115 - INFO - Using default tokenizer.
2025-05-03 11:07:04,123 - INFO - Paper 4206973 ROUGE-1 F1: 0.2740
2025-05-03 11:07:04,123 - INFO - Paper 4206973 ROUGE-2 F1: 0.0828
2025-05-03 11:07:04,123 - INFO - Paper 4206973 ROUGE-L F1: 0.1712
2025-05-03 11:07:04,123 - INFO - Using default tokenizer.
2025-05-03 11:07:04,140 - INFO - Paper 43791696 ROUGE-1 F1: 0.2565
2025-05-03 11:07:04,140 - INFO - Paper 43791696 ROUGE-2 F1: 0.0523
2025-05-03 11:07:04,140 - INFO - Paper 43791696 ROUGE-L F1: 0.1242
2025-05-03 11:07:04,140 - INFO - Using default tokenizer.
2025-05-03 11:07:04,325 - INFO - Paper 11773091 ROUGE-1 F1: 0.5527
2025-05-03 11:07:04,326 - INFO - Paper 11773091 ROUGE-2 F1: 0.3854
2025-05-03 11:07:04,326 - INFO - Paper 11773091 ROUGE-L F1: 0.4306
2025-05-03 11:07:04,326 - INFO - Using default tokenizer.
2025-05-03 11:07:04,386 - INFO - Paper 3953515 ROUGE-1 F1: 0.3949
2025-05-03 11:07:04,386 - INFO - Paper 3953515 ROUGE-2 F1: 0.1101
2025-05-03 11:07:04,386 - INFO - Paper 3953515 ROUGE-L F1: 0.1753
2025-05-03 11:07:04,386 - INFO - Using default tokenizer.
2025-05-03 11:07:04,947 - INFO - Paper 88655260 ROUGE-1 F1: 0.7499
2025-05-03 11:07:04,947 - INFO - Paper 88655260 ROUGE-2 F1: 0.4344
2025-05-03 11:07:04,947 - INFO - Paper 88655260 ROUGE-L F1: 0.4838
2025-05-03 11:07:04,947 - INFO - Using default tokenizer.
2025-05-03 11:07:05,287 - INFO - Paper 87208689 ROUGE-1 F1: 0.6319
2025-05-03 11:07:05,287 - INFO - Paper 87208689 ROUGE-2 F1: 0.3440
2025-05-03 11:07:05,287 - INFO - Paper 87208689 ROUGE-L F1: 0.4028
2025-05-03 11:07:05,288 - INFO - Using default tokenizer.
2025-05-03 11:07:05,766 - INFO - Paper 29474820 ROUGE-1 F1: 0.7211
2025-05-03 11:07:05,767 - INFO - Paper 29474820 ROUGE-2 F1: 0.4787
2025-05-03 11:07:05,767 - INFO - Paper 29474820 ROUGE-L F1: 0.5257
2025-05-03 11:07:05,767 - INFO - Using default tokenizer.
2025-05-03 11:07:05,784 - INFO - Paper 99668388 ROUGE-1 F1: 0.5228
2025-05-03 11:07:05,784 - INFO - Paper 99668388 ROUGE-2 F1: 0.2699
2025-05-03 11:07:05,784 - INFO - Paper 99668388 ROUGE-L F1: 0.3837
2025-05-03 11:07:05,784 - INFO - Using default tokenizer.
2025-05-03 11:07:06,229 - INFO - Paper 89628084 ROUGE-1 F1: 0.6363
2025-05-03 11:07:06,229 - INFO - Paper 89628084 ROUGE-2 F1: 0.3665
2025-05-03 11:07:06,229 - INFO - Paper 89628084 ROUGE-L F1: 0.4080
2025-05-03 11:07:06,229 - INFO - Using default tokenizer.
2025-05-03 11:07:06,238 - INFO - Paper 62056200 ROUGE-1 F1: 0.4371
2025-05-03 11:07:06,238 - INFO - Paper 62056200 ROUGE-2 F1: 0.2133
2025-05-03 11:07:06,238 - INFO - Paper 62056200 ROUGE-L F1: 0.3113
2025-05-03 11:07:06,238 - INFO - Using default tokenizer.
2025-05-03 11:07:06,380 - INFO - Paper 187460 ROUGE-1 F1: 0.7489
2025-05-03 11:07:06,380 - INFO - Paper 187460 ROUGE-2 F1: 0.5614
2025-05-03 11:07:06,381 - INFO - Paper 187460 ROUGE-L F1: 0.5979
2025-05-03 11:07:06,381 - INFO - Using default tokenizer.
2025-05-03 11:07:06,388 - INFO - Paper 23426061 ROUGE-1 F1: 0.0000
2025-05-03 11:07:06,388 - INFO - Paper 23426061 ROUGE-2 F1: 0.0000
2025-05-03 11:07:06,388 - INFO - Paper 23426061 ROUGE-L F1: 0.0000
2025-05-03 11:07:06,388 - INFO - Using default tokenizer.
2025-05-03 11:07:06,428 - INFO - Paper 58793266 ROUGE-1 F1: 0.2078
2025-05-03 11:07:06,428 - INFO - Paper 58793266 ROUGE-2 F1: 0.0521
2025-05-03 11:07:06,428 - INFO - Paper 58793266 ROUGE-L F1: 0.1104
2025-05-03 11:07:06,428 - INFO - Using default tokenizer.
2025-05-03 11:07:06,445 - INFO - Paper 80262838 ROUGE-1 F1: 0.3062
2025-05-03 11:07:06,445 - INFO - Paper 80262838 ROUGE-2 F1: 0.0240
2025-05-03 11:07:06,445 - INFO - Paper 80262838 ROUGE-L F1: 0.1352
2025-05-03 11:07:06,445 - INFO - Using default tokenizer.
2025-05-03 11:07:06,513 - INFO - Paper 3855110 ROUGE-1 F1: 0.6407
2025-05-03 11:07:06,513 - INFO - Paper 3855110 ROUGE-2 F1: 0.4013
2025-05-03 11:07:06,513 - INFO - Paper 3855110 ROUGE-L F1: 0.4589
2025-05-03 11:07:06,514 - INFO - Using default tokenizer.
2025-05-03 11:07:06,848 - INFO - Paper 98757756 ROUGE-1 F1: 0.6050
2025-05-03 11:07:06,848 - INFO - Paper 98757756 ROUGE-2 F1: 0.4269
2025-05-03 11:07:06,848 - INFO - Paper 98757756 ROUGE-L F1: 0.4688
2025-05-03 11:07:06,848 - INFO - Using default tokenizer.
2025-05-03 11:07:06,921 - INFO - Paper 53269747 ROUGE-1 F1: 0.6481
2025-05-03 11:07:06,922 - INFO - Paper 53269747 ROUGE-2 F1: 0.4701
2025-05-03 11:07:06,922 - INFO - Paper 53269747 ROUGE-L F1: 0.5206
2025-05-03 11:07:06,922 - INFO - Using default tokenizer.
2025-05-03 11:07:06,938 - INFO - Paper 4728464 ROUGE-1 F1: 0.1685
2025-05-03 11:07:06,938 - INFO - Paper 4728464 ROUGE-2 F1: 0.0602
2025-05-03 11:07:06,938 - INFO - Paper 4728464 ROUGE-L F1: 0.0936
2025-05-03 11:07:06,938 - INFO - Using default tokenizer.
2025-05-03 11:07:07,025 - INFO - Paper 61558513 ROUGE-1 F1: 0.5189
2025-05-03 11:07:07,025 - INFO - Paper 61558513 ROUGE-2 F1: 0.2820
2025-05-03 11:07:07,025 - INFO - Paper 61558513 ROUGE-L F1: 0.3404
2025-05-03 11:07:07,025 - INFO - Using default tokenizer.
2025-05-03 11:07:07,038 - INFO - Paper 62996279 ROUGE-1 F1: 0.3883
2025-05-03 11:07:07,038 - INFO - Paper 62996279 ROUGE-2 F1: 0.3265
2025-05-03 11:07:07,038 - INFO - Paper 62996279 ROUGE-L F1: 0.3657
2025-05-03 11:07:07,038 - INFO - Using default tokenizer.
2025-05-03 11:07:07,216 - INFO - Paper 29796623 ROUGE-1 F1: 0.7057
2025-05-03 11:07:07,216 - INFO - Paper 29796623 ROUGE-2 F1: 0.5115
2025-05-03 11:07:07,216 - INFO - Paper 29796623 ROUGE-L F1: 0.5727
2025-05-03 11:07:07,217 - INFO - Using default tokenizer.
2025-05-03 11:07:07,230 - INFO - Paper 45043151 ROUGE-1 F1: 0.1880
2025-05-03 11:07:07,230 - INFO - Paper 45043151 ROUGE-2 F1: 0.0402
2025-05-03 11:07:07,230 - INFO - Paper 45043151 ROUGE-L F1: 0.1120
2025-05-03 11:07:07,230 - INFO - Using default tokenizer.
2025-05-03 11:07:07,432 - INFO - Paper 70335565 ROUGE-1 F1: 0.8315
2025-05-03 11:07:07,432 - INFO - Paper 70335565 ROUGE-2 F1: 0.6762
2025-05-03 11:07:07,432 - INFO - Paper 70335565 ROUGE-L F1: 0.7253
2025-05-03 11:07:07,432 - INFO - Using default tokenizer.
2025-05-03 11:07:07,443 - INFO - Paper 38867178 ROUGE-1 F1: 0.3835
2025-05-03 11:07:07,443 - INFO - Paper 38867178 ROUGE-2 F1: 0.1128
2025-05-03 11:07:07,443 - INFO - Paper 38867178 ROUGE-L F1: 0.2360
2025-05-03 11:07:07,443 - INFO - Using default tokenizer.
2025-05-03 11:07:07,563 - INFO - Paper 41161677 ROUGE-1 F1: 0.5886
2025-05-03 11:07:07,563 - INFO - Paper 41161677 ROUGE-2 F1: 0.4615
2025-05-03 11:07:07,563 - INFO - Paper 41161677 ROUGE-L F1: 0.5156
2025-05-03 11:07:07,564 - INFO - Using default tokenizer.
2025-05-03 11:07:07,583 - INFO - Paper 75442340 ROUGE-1 F1: 0.1147
2025-05-03 11:07:07,583 - INFO - Paper 75442340 ROUGE-2 F1: 0.0340
2025-05-03 11:07:07,583 - INFO - Paper 75442340 ROUGE-L F1: 0.0652
2025-05-03 11:07:07,583 - INFO - Using default tokenizer.
2025-05-03 11:07:07,729 - INFO - Paper 67744436 ROUGE-1 F1: 0.3826
2025-05-03 11:07:07,729 - INFO - Paper 67744436 ROUGE-2 F1: 0.1295
2025-05-03 11:07:07,729 - INFO - Paper 67744436 ROUGE-L F1: 0.1900
2025-05-03 11:07:07,729 - INFO - Using default tokenizer.
2025-05-03 11:07:07,736 - INFO - Paper 20550713 ROUGE-1 F1: 0.2927
2025-05-03 11:07:07,736 - INFO - Paper 20550713 ROUGE-2 F1: 0.0656
2025-05-03 11:07:07,736 - INFO - Paper 20550713 ROUGE-L F1: 0.1626
2025-05-03 11:07:07,736 - INFO - Using default tokenizer.
2025-05-03 11:07:07,762 - INFO - Paper 78339451 ROUGE-1 F1: 0.4503
2025-05-03 11:07:07,762 - INFO - Paper 78339451 ROUGE-2 F1: 0.1961
2025-05-03 11:07:07,762 - INFO - Paper 78339451 ROUGE-L F1: 0.2827
2025-05-03 11:07:07,762 - INFO - Using default tokenizer.
2025-05-03 11:07:07,853 - INFO - Paper 61360879 ROUGE-1 F1: 0.5023
2025-05-03 11:07:07,853 - INFO - Paper 61360879 ROUGE-2 F1: 0.1720
2025-05-03 11:07:07,853 - INFO - Paper 61360879 ROUGE-L F1: 0.2484
2025-05-03 11:07:07,854 - INFO - Using default tokenizer.
2025-05-03 11:07:07,857 - INFO - Paper 41467472 ROUGE-1 F1: 0.1386
2025-05-03 11:07:07,858 - INFO - Paper 41467472 ROUGE-2 F1: 0.0400
2025-05-03 11:07:07,858 - INFO - Paper 41467472 ROUGE-L F1: 0.0891
2025-05-03 11:07:07,858 - INFO - Using default tokenizer.
2025-05-03 11:07:08,189 - INFO - Paper 45518901 ROUGE-1 F1: 0.5762
2025-05-03 11:07:08,189 - INFO - Paper 45518901 ROUGE-2 F1: 0.3210
2025-05-03 11:07:08,189 - INFO - Paper 45518901 ROUGE-L F1: 0.3775
2025-05-03 11:07:08,189 - INFO - Using default tokenizer.
2025-05-03 11:07:08,245 - INFO - Paper 88548359 ROUGE-1 F1: 0.6124
2025-05-03 11:07:08,245 - INFO - Paper 88548359 ROUGE-2 F1: 0.3597
2025-05-03 11:07:08,245 - INFO - Paper 88548359 ROUGE-L F1: 0.4402
2025-05-03 11:07:08,245 - INFO - Using default tokenizer.
2025-05-03 11:07:08,335 - INFO - Paper 79471009 ROUGE-1 F1: 0.4845
2025-05-03 11:07:08,335 - INFO - Paper 79471009 ROUGE-2 F1: 0.2019
2025-05-03 11:07:08,335 - INFO - Paper 79471009 ROUGE-L F1: 0.2812
2025-05-03 11:07:08,336 - INFO - Using default tokenizer.
2025-05-03 11:07:08,866 - INFO - Paper 35377831 ROUGE-1 F1: 0.8204
2025-05-03 11:07:08,866 - INFO - Paper 35377831 ROUGE-2 F1: 0.6436
2025-05-03 11:07:08,866 - INFO - Paper 35377831 ROUGE-L F1: 0.6895
2025-05-03 11:07:08,866 - INFO - Using default tokenizer.
2025-05-03 11:07:08,981 - INFO - Paper 66883240 ROUGE-1 F1: 0.6210
2025-05-03 11:07:08,981 - INFO - Paper 66883240 ROUGE-2 F1: 0.2829
2025-05-03 11:07:08,982 - INFO - Paper 66883240 ROUGE-L F1: 0.3617
2025-05-03 11:07:08,982 - INFO - Using default tokenizer.
2025-05-03 11:07:09,017 - INFO - Paper 7157784 ROUGE-1 F1: 0.3217
2025-05-03 11:07:09,017 - INFO - Paper 7157784 ROUGE-2 F1: 0.0968
2025-05-03 11:07:09,017 - INFO - Paper 7157784 ROUGE-L F1: 0.1501
2025-05-03 11:07:09,017 - INFO - Using default tokenizer.
2025-05-03 11:07:09,031 - INFO - Paper 38830210 ROUGE-1 F1: 0.1853
2025-05-03 11:07:09,031 - INFO - Paper 38830210 ROUGE-2 F1: 0.0719
2025-05-03 11:07:09,031 - INFO - Paper 38830210 ROUGE-L F1: 0.1221
2025-05-03 11:07:09,031 - INFO - Using default tokenizer.
2025-05-03 11:07:09,089 - INFO - Paper 47469397 ROUGE-1 F1: 0.5969
2025-05-03 11:07:09,089 - INFO - Paper 47469397 ROUGE-2 F1: 0.2606
2025-05-03 11:07:09,089 - INFO - Paper 47469397 ROUGE-L F1: 0.3369
2025-05-03 11:07:09,089 - INFO - Using default tokenizer.
2025-05-03 11:07:09,252 - INFO - Paper 82043898 ROUGE-1 F1: 0.7028
2025-05-03 11:07:09,252 - INFO - Paper 82043898 ROUGE-2 F1: 0.5718
2025-05-03 11:07:09,252 - INFO - Paper 82043898 ROUGE-L F1: 0.6067
2025-05-03 11:07:09,252 - INFO - Using default tokenizer.
2025-05-03 11:07:09,301 - INFO - Paper 82314288 ROUGE-1 F1: 0.4200
2025-05-03 11:07:09,301 - INFO - Paper 82314288 ROUGE-2 F1: 0.1148
2025-05-03 11:07:09,301 - INFO - Paper 82314288 ROUGE-L F1: 0.2076
2025-05-03 11:07:09,301 - INFO - Using default tokenizer.
2025-05-03 11:07:09,358 - INFO - Paper 45538669 ROUGE-1 F1: 0.3655
2025-05-03 11:07:09,358 - INFO - Paper 45538669 ROUGE-2 F1: 0.1158
2025-05-03 11:07:09,359 - INFO - Paper 45538669 ROUGE-L F1: 0.1975
2025-05-03 11:07:09,359 - INFO - Using default tokenizer.
2025-05-03 11:07:09,758 - INFO - Paper 67696398 ROUGE-1 F1: 0.8231
2025-05-03 11:07:09,758 - INFO - Paper 67696398 ROUGE-2 F1: 0.6798
2025-05-03 11:07:09,758 - INFO - Paper 67696398 ROUGE-L F1: 0.7283
2025-05-03 11:07:09,758 - INFO - Using default tokenizer.
2025-05-03 11:07:10,010 - INFO - Paper 37263635 ROUGE-1 F1: 0.8022
2025-05-03 11:07:10,011 - INFO - Paper 37263635 ROUGE-2 F1: 0.6748
2025-05-03 11:07:10,011 - INFO - Paper 37263635 ROUGE-L F1: 0.7187
2025-05-03 11:07:10,011 - INFO - Using default tokenizer.
2025-05-03 11:07:10,110 - INFO - Paper 17409856 ROUGE-1 F1: 0.6347
2025-05-03 11:07:10,110 - INFO - Paper 17409856 ROUGE-2 F1: 0.2681
2025-05-03 11:07:10,110 - INFO - Paper 17409856 ROUGE-L F1: 0.3617
2025-05-03 11:07:10,110 - INFO - Using default tokenizer.
2025-05-03 11:07:10,187 - INFO - Paper 69502658 ROUGE-1 F1: 0.5972
2025-05-03 11:07:10,187 - INFO - Paper 69502658 ROUGE-2 F1: 0.4075
2025-05-03 11:07:10,187 - INFO - Paper 69502658 ROUGE-L F1: 0.4637
2025-05-03 11:07:10,187 - INFO - Using default tokenizer.
2025-05-03 11:07:10,397 - INFO - Paper 91200961 ROUGE-1 F1: 0.4263
2025-05-03 11:07:10,398 - INFO - Paper 91200961 ROUGE-2 F1: 0.1537
2025-05-03 11:07:10,398 - INFO - Paper 91200961 ROUGE-L F1: 0.2065
2025-05-03 11:07:10,398 - INFO - Using default tokenizer.
2025-05-03 11:07:10,409 - INFO - Paper 3517250 ROUGE-1 F1: 0.2135
2025-05-03 11:07:10,410 - INFO - Paper 3517250 ROUGE-2 F1: 0.0681
2025-05-03 11:07:10,410 - INFO - Paper 3517250 ROUGE-L F1: 0.1042
2025-05-03 11:07:10,410 - INFO - Using default tokenizer.
2025-05-03 11:07:10,536 - INFO - Paper 80719489 ROUGE-1 F1: 0.4230
2025-05-03 11:07:10,536 - INFO - Paper 80719489 ROUGE-2 F1: 0.1213
2025-05-03 11:07:10,536 - INFO - Paper 80719489 ROUGE-L F1: 0.1928
2025-05-03 11:07:10,536 - INFO - Using default tokenizer.
2025-05-03 11:07:10,713 - INFO - Paper 96002700 ROUGE-1 F1: 0.6605
2025-05-03 11:07:10,713 - INFO - Paper 96002700 ROUGE-2 F1: 0.2914
2025-05-03 11:07:10,713 - INFO - Paper 96002700 ROUGE-L F1: 0.3734
2025-05-03 11:07:10,713 - INFO - Using default tokenizer.
2025-05-03 11:07:10,986 - INFO - Paper 51254358 ROUGE-1 F1: 0.6172
2025-05-03 11:07:10,986 - INFO - Paper 51254358 ROUGE-2 F1: 0.3389
2025-05-03 11:07:10,986 - INFO - Paper 51254358 ROUGE-L F1: 0.3954
2025-05-03 11:07:10,986 - INFO - Using default tokenizer.
2025-05-03 11:07:10,989 - INFO - Paper 93218559 ROUGE-1 F1: 0.0796
2025-05-03 11:07:10,989 - INFO - Paper 93218559 ROUGE-2 F1: 0.0201
2025-05-03 11:07:10,989 - INFO - Paper 93218559 ROUGE-L F1: 0.0597
2025-05-03 11:07:10,989 - INFO - Using default tokenizer.
2025-05-03 11:07:11,033 - INFO - Paper 42731227 ROUGE-1 F1: 0.4250
2025-05-03 11:07:11,033 - INFO - Paper 42731227 ROUGE-2 F1: 0.1755
2025-05-03 11:07:11,033 - INFO - Paper 42731227 ROUGE-L F1: 0.2667
2025-05-03 11:07:11,033 - INFO - Skipping 22528856 - no mappings meet similarity threshold 0.692
2025-05-03 11:07:11,033 - INFO - Using default tokenizer.
2025-05-03 11:07:11,055 - INFO - Paper 68635574 ROUGE-1 F1: 0.4394
2025-05-03 11:07:11,055 - INFO - Paper 68635574 ROUGE-2 F1: 0.1521
2025-05-03 11:07:11,055 - INFO - Paper 68635574 ROUGE-L F1: 0.2386
2025-05-03 11:07:11,055 - INFO - Overall statistics:
2025-05-03 11:07:11,055 - INFO - Papers processed: 469
2025-05-03 11:07:11,056 - INFO - Similarity threshold: 0.692
2025-05-03 11:07:11,056 - INFO - Original mappings: 16736
2025-05-03 11:07:11,056 - INFO - Filtered mappings: 8542
2025-05-03 11:07:11,056 - INFO - Percentage of mappings retained: 51.04%
2025-05-03 11:07:11,056 - INFO - Average ROUGE-1 F1: 0.4954
2025-05-03 11:07:11,056 - INFO - Average ROUGE-2 F1: 0.2689
2025-05-03 11:07:11,056 - INFO - Average ROUGE-L F1: 0.3347
2025-05-03 11:07:11,056 - INFO - Skipped papers due to no mappings meeting threshold: 0
2025-05-03 11:07:11,170 - INFO - Results saved to ./jaehyeok/datasets/conditional_rouge_results_20250503_110603.json
2025-05-03 11:07:11,171 - INFO - Processing complete. Results saved to ./jaehyeok/datasets/conditional_rouge_results_20250503_110603.json
