2025-05-03 11:00:44,226 - INFO - Successfully loaded mapping data for 488 papers
2025-05-03 11:00:44,227 - INFO - Using default tokenizer.
2025-05-03 11:00:44,233 - INFO - Paper 39357436 ROUGE-1 F1: 0.0346
2025-05-03 11:00:44,233 - INFO - Paper 39357436 ROUGE-2 F1: 0.0116
2025-05-03 11:00:44,233 - INFO - Paper 39357436 ROUGE-L F1: 0.0288
2025-05-03 11:00:44,233 - INFO - Using default tokenizer.
2025-05-03 11:00:44,638 - INFO - Paper 88246188 ROUGE-1 F1: 0.5043
2025-05-03 11:00:44,638 - INFO - Paper 88246188 ROUGE-2 F1: 0.1188
2025-05-03 11:00:44,638 - INFO - Paper 88246188 ROUGE-L F1: 0.1969
2025-05-03 11:00:44,638 - INFO - Using default tokenizer.
2025-05-03 11:00:44,668 - INFO - Paper 53809041 ROUGE-1 F1: 0.4078
2025-05-03 11:00:44,668 - INFO - Paper 53809041 ROUGE-2 F1: 0.1146
2025-05-03 11:00:44,668 - INFO - Paper 53809041 ROUGE-L F1: 0.1827
2025-05-03 11:00:44,668 - INFO - Using default tokenizer.
2025-05-03 11:00:44,855 - INFO - Paper 84548548 ROUGE-1 F1: 0.6601
2025-05-03 11:00:44,856 - INFO - Paper 84548548 ROUGE-2 F1: 0.3845
2025-05-03 11:00:44,856 - INFO - Paper 84548548 ROUGE-L F1: 0.4642
2025-05-03 11:00:44,856 - INFO - Using default tokenizer.
2025-05-03 11:00:44,925 - INFO - Paper 43280550 ROUGE-1 F1: 0.6190
2025-05-03 11:00:44,925 - INFO - Paper 43280550 ROUGE-2 F1: 0.2516
2025-05-03 11:00:44,925 - INFO - Paper 43280550 ROUGE-L F1: 0.3853
2025-05-03 11:00:44,925 - INFO - Using default tokenizer.
2025-05-03 11:00:45,357 - INFO - Paper 35928796 ROUGE-1 F1: 0.8321
2025-05-03 11:00:45,357 - INFO - Paper 35928796 ROUGE-2 F1: 0.7242
2025-05-03 11:00:45,357 - INFO - Paper 35928796 ROUGE-L F1: 0.7732
2025-05-03 11:00:45,357 - INFO - Using default tokenizer.
2025-05-03 11:00:45,366 - INFO - Paper 34524227 ROUGE-1 F1: 0.6643
2025-05-03 11:00:45,366 - INFO - Paper 34524227 ROUGE-2 F1: 0.5018
2025-05-03 11:00:45,366 - INFO - Paper 34524227 ROUGE-L F1: 0.6065
2025-05-03 11:00:45,366 - INFO - Using default tokenizer.
2025-05-03 11:00:45,412 - INFO - Paper 4353776 ROUGE-1 F1: 0.5756
2025-05-03 11:00:45,412 - INFO - Paper 4353776 ROUGE-2 F1: 0.1503
2025-05-03 11:00:45,412 - INFO - Paper 4353776 ROUGE-L F1: 0.2276
2025-05-03 11:00:45,412 - INFO - Using default tokenizer.
2025-05-03 11:00:45,762 - INFO - Paper 50897768 ROUGE-1 F1: 0.7394
2025-05-03 11:00:45,762 - INFO - Paper 50897768 ROUGE-2 F1: 0.5140
2025-05-03 11:00:45,762 - INFO - Paper 50897768 ROUGE-L F1: 0.5496
2025-05-03 11:00:45,763 - INFO - Using default tokenizer.
2025-05-03 11:00:45,870 - INFO - Paper 36272485 ROUGE-1 F1: 0.4705
2025-05-03 11:00:45,870 - INFO - Paper 36272485 ROUGE-2 F1: 0.1043
2025-05-03 11:00:45,870 - INFO - Paper 36272485 ROUGE-L F1: 0.2083
2025-05-03 11:00:45,870 - INFO - Using default tokenizer.
2025-05-03 11:00:46,011 - INFO - Paper 74193008 ROUGE-1 F1: 0.5223
2025-05-03 11:00:46,012 - INFO - Paper 74193008 ROUGE-2 F1: 0.1828
2025-05-03 11:00:46,012 - INFO - Paper 74193008 ROUGE-L F1: 0.2611
2025-05-03 11:00:46,012 - INFO - Using default tokenizer.
2025-05-03 11:00:46,417 - INFO - Paper 97291551 ROUGE-1 F1: 0.7188
2025-05-03 11:00:46,417 - INFO - Paper 97291551 ROUGE-2 F1: 0.5465
2025-05-03 11:00:46,417 - INFO - Paper 97291551 ROUGE-L F1: 0.5892
2025-05-03 11:00:46,418 - INFO - Using default tokenizer.
2025-05-03 11:00:46,772 - INFO - Paper 13655370 ROUGE-1 F1: 0.5849
2025-05-03 11:00:46,773 - INFO - Paper 13655370 ROUGE-2 F1: 0.2052
2025-05-03 11:00:46,773 - INFO - Paper 13655370 ROUGE-L F1: 0.2752
2025-05-03 11:00:46,773 - INFO - Using default tokenizer.
2025-05-03 11:00:46,927 - INFO - Paper 11779349 ROUGE-1 F1: 0.3897
2025-05-03 11:00:46,927 - INFO - Paper 11779349 ROUGE-2 F1: 0.1252
2025-05-03 11:00:46,927 - INFO - Paper 11779349 ROUGE-L F1: 0.1962
2025-05-03 11:00:46,928 - INFO - Using default tokenizer.
2025-05-03 11:00:47,144 - INFO - Paper 98262950 ROUGE-1 F1: 0.5571
2025-05-03 11:00:47,144 - INFO - Paper 98262950 ROUGE-2 F1: 0.1452
2025-05-03 11:00:47,144 - INFO - Paper 98262950 ROUGE-L F1: 0.2393
2025-05-03 11:00:47,144 - INFO - Using default tokenizer.
2025-05-03 11:00:47,150 - INFO - Paper 81465314 ROUGE-1 F1: 0.2049
2025-05-03 11:00:47,150 - INFO - Paper 81465314 ROUGE-2 F1: 0.0165
2025-05-03 11:00:47,150 - INFO - Paper 81465314 ROUGE-L F1: 0.0984
2025-05-03 11:00:47,150 - INFO - Using default tokenizer.
2025-05-03 11:00:47,249 - INFO - Paper 8087311 ROUGE-1 F1: 0.6673
2025-05-03 11:00:47,249 - INFO - Paper 8087311 ROUGE-2 F1: 0.3613
2025-05-03 11:00:47,249 - INFO - Paper 8087311 ROUGE-L F1: 0.4833
2025-05-03 11:00:47,250 - INFO - Using default tokenizer.
2025-05-03 11:00:47,330 - INFO - Paper 74261188 ROUGE-1 F1: 0.5625
2025-05-03 11:00:47,330 - INFO - Paper 74261188 ROUGE-2 F1: 0.2121
2025-05-03 11:00:47,331 - INFO - Paper 74261188 ROUGE-L F1: 0.2742
2025-05-03 11:00:47,331 - INFO - Using default tokenizer.
2025-05-03 11:00:47,642 - INFO - Paper 96308075 ROUGE-1 F1: 0.6065
2025-05-03 11:00:47,642 - INFO - Paper 96308075 ROUGE-2 F1: 0.2826
2025-05-03 11:00:47,642 - INFO - Paper 96308075 ROUGE-L F1: 0.3451
2025-05-03 11:00:47,643 - INFO - Using default tokenizer.
2025-05-03 11:00:48,123 - INFO - Paper 23675750 ROUGE-1 F1: 0.6999
2025-05-03 11:00:48,123 - INFO - Paper 23675750 ROUGE-2 F1: 0.3864
2025-05-03 11:00:48,123 - INFO - Paper 23675750 ROUGE-L F1: 0.4590
2025-05-03 11:00:48,123 - INFO - Using default tokenizer.
2025-05-03 11:00:48,177 - INFO - Paper 16973018 ROUGE-1 F1: 0.6196
2025-05-03 11:00:48,177 - INFO - Paper 16973018 ROUGE-2 F1: 0.2683
2025-05-03 11:00:48,177 - INFO - Paper 16973018 ROUGE-L F1: 0.3792
2025-05-03 11:00:48,177 - INFO - Using default tokenizer.
2025-05-03 11:00:48,248 - INFO - Paper 86675541 ROUGE-1 F1: 0.4719
2025-05-03 11:00:48,248 - INFO - Paper 86675541 ROUGE-2 F1: 0.1021
2025-05-03 11:00:48,248 - INFO - Paper 86675541 ROUGE-L F1: 0.2183
2025-05-03 11:00:48,249 - INFO - Using default tokenizer.
2025-05-03 11:00:48,666 - INFO - Paper 90421095 ROUGE-1 F1: 0.7562
2025-05-03 11:00:48,667 - INFO - Paper 90421095 ROUGE-2 F1: 0.4968
2025-05-03 11:00:48,667 - INFO - Paper 90421095 ROUGE-L F1: 0.5429
2025-05-03 11:00:48,667 - INFO - Using default tokenizer.
2025-05-03 11:00:48,757 - INFO - Paper 14310989 ROUGE-1 F1: 0.6088
2025-05-03 11:00:48,757 - INFO - Paper 14310989 ROUGE-2 F1: 0.2694
2025-05-03 11:00:48,758 - INFO - Paper 14310989 ROUGE-L F1: 0.3511
2025-05-03 11:00:48,758 - INFO - Using default tokenizer.
2025-05-03 11:00:48,767 - INFO - Paper 80897282 ROUGE-1 F1: 0.5256
2025-05-03 11:00:48,768 - INFO - Paper 80897282 ROUGE-2 F1: 0.2452
2025-05-03 11:00:48,768 - INFO - Paper 80897282 ROUGE-L F1: 0.3782
2025-05-03 11:00:48,768 - INFO - Using default tokenizer.
2025-05-03 11:00:48,950 - INFO - Paper 36200725 ROUGE-1 F1: 0.4938
2025-05-03 11:00:48,950 - INFO - Paper 36200725 ROUGE-2 F1: 0.1239
2025-05-03 11:00:48,950 - INFO - Paper 36200725 ROUGE-L F1: 0.2033
2025-05-03 11:00:48,950 - INFO - Using default tokenizer.
2025-05-03 11:00:49,389 - INFO - Paper 52464539 ROUGE-1 F1: 0.7828
2025-05-03 11:00:49,389 - INFO - Paper 52464539 ROUGE-2 F1: 0.5538
2025-05-03 11:00:49,389 - INFO - Paper 52464539 ROUGE-L F1: 0.5913
2025-05-03 11:00:49,389 - INFO - Using default tokenizer.
2025-05-03 11:00:49,822 - INFO - Paper 84480736 ROUGE-1 F1: 0.5965
2025-05-03 11:00:49,822 - INFO - Paper 84480736 ROUGE-2 F1: 0.2715
2025-05-03 11:00:49,822 - INFO - Paper 84480736 ROUGE-L F1: 0.3372
2025-05-03 11:00:49,822 - INFO - Using default tokenizer.
2025-05-03 11:00:49,871 - INFO - Paper 2577868 ROUGE-1 F1: 0.6130
2025-05-03 11:00:49,871 - INFO - Paper 2577868 ROUGE-2 F1: 0.2917
2025-05-03 11:00:49,871 - INFO - Paper 2577868 ROUGE-L F1: 0.4026
2025-05-03 11:00:49,871 - INFO - Using default tokenizer.
2025-05-03 11:00:50,445 - INFO - Paper 45601881 ROUGE-1 F1: 0.8064
2025-05-03 11:00:50,445 - INFO - Paper 45601881 ROUGE-2 F1: 0.5906
2025-05-03 11:00:50,445 - INFO - Paper 45601881 ROUGE-L F1: 0.6324
2025-05-03 11:00:50,446 - INFO - Using default tokenizer.
2025-05-03 11:00:50,453 - INFO - Paper 414696 ROUGE-1 F1: 0.5954
2025-05-03 11:00:50,453 - INFO - Paper 414696 ROUGE-2 F1: 0.5308
2025-05-03 11:00:50,453 - INFO - Paper 414696 ROUGE-L F1: 0.5802
2025-05-03 11:00:50,453 - INFO - Using default tokenizer.
2025-05-03 11:00:50,575 - INFO - Paper 17675091 ROUGE-1 F1: 0.5108
2025-05-03 11:00:50,576 - INFO - Paper 17675091 ROUGE-2 F1: 0.1247
2025-05-03 11:00:50,576 - INFO - Paper 17675091 ROUGE-L F1: 0.2075
2025-05-03 11:00:50,576 - INFO - Using default tokenizer.
2025-05-03 11:00:50,723 - INFO - Paper 63621777 ROUGE-1 F1: 0.5018
2025-05-03 11:00:50,724 - INFO - Paper 63621777 ROUGE-2 F1: 0.1282
2025-05-03 11:00:50,724 - INFO - Paper 63621777 ROUGE-L F1: 0.2036
2025-05-03 11:00:50,724 - INFO - Using default tokenizer.
2025-05-03 11:00:50,759 - INFO - Paper 48411412 ROUGE-1 F1: 0.4251
2025-05-03 11:00:50,759 - INFO - Paper 48411412 ROUGE-2 F1: 0.1288
2025-05-03 11:00:50,759 - INFO - Paper 48411412 ROUGE-L F1: 0.2110
2025-05-03 11:00:50,759 - INFO - Using default tokenizer.
2025-05-03 11:00:51,157 - INFO - Paper 66112363 ROUGE-1 F1: 0.7813
2025-05-03 11:00:51,158 - INFO - Paper 66112363 ROUGE-2 F1: 0.6054
2025-05-03 11:00:51,158 - INFO - Paper 66112363 ROUGE-L F1: 0.6544
2025-05-03 11:00:51,158 - INFO - Using default tokenizer.
2025-05-03 11:00:51,200 - INFO - Paper 50538257 ROUGE-1 F1: 0.3968
2025-05-03 11:00:51,200 - INFO - Paper 50538257 ROUGE-2 F1: 0.0401
2025-05-03 11:00:51,200 - INFO - Paper 50538257 ROUGE-L F1: 0.1571
2025-05-03 11:00:51,200 - INFO - Using default tokenizer.
2025-05-03 11:00:51,217 - INFO - Paper 8136900 ROUGE-1 F1: 0.4037
2025-05-03 11:00:51,217 - INFO - Paper 8136900 ROUGE-2 F1: 0.0699
2025-05-03 11:00:51,217 - INFO - Paper 8136900 ROUGE-L F1: 0.2042
2025-05-03 11:00:51,217 - INFO - Using default tokenizer.
2025-05-03 11:00:51,237 - INFO - Paper 7904666 ROUGE-1 F1: 0.4476
2025-05-03 11:00:51,238 - INFO - Paper 7904666 ROUGE-2 F1: 0.1402
2025-05-03 11:00:51,238 - INFO - Paper 7904666 ROUGE-L F1: 0.2094
2025-05-03 11:00:51,238 - INFO - Using default tokenizer.
2025-05-03 11:00:51,267 - INFO - Paper 93142771 ROUGE-1 F1: 0.4767
2025-05-03 11:00:51,267 - INFO - Paper 93142771 ROUGE-2 F1: 0.1773
2025-05-03 11:00:51,267 - INFO - Paper 93142771 ROUGE-L F1: 0.2500
2025-05-03 11:00:51,268 - INFO - Using default tokenizer.
2025-05-03 11:00:51,346 - INFO - Paper 76817909 ROUGE-1 F1: 0.6099
2025-05-03 11:00:51,346 - INFO - Paper 76817909 ROUGE-2 F1: 0.2315
2025-05-03 11:00:51,346 - INFO - Paper 76817909 ROUGE-L F1: 0.3161
2025-05-03 11:00:51,346 - INFO - Using default tokenizer.
2025-05-03 11:00:51,369 - INFO - Paper 435175 ROUGE-1 F1: 0.4288
2025-05-03 11:00:51,369 - INFO - Paper 435175 ROUGE-2 F1: 0.1143
2025-05-03 11:00:51,369 - INFO - Paper 435175 ROUGE-L F1: 0.2315
2025-05-03 11:00:51,370 - INFO - Using default tokenizer.
2025-05-03 11:00:51,418 - INFO - Paper 24950879 ROUGE-1 F1: 0.5408
2025-05-03 11:00:51,418 - INFO - Paper 24950879 ROUGE-2 F1: 0.1479
2025-05-03 11:00:51,418 - INFO - Paper 24950879 ROUGE-L F1: 0.2665
2025-05-03 11:00:51,418 - INFO - Using default tokenizer.
2025-05-03 11:00:51,432 - INFO - Paper 42851012 ROUGE-1 F1: 0.4030
2025-05-03 11:00:51,433 - INFO - Paper 42851012 ROUGE-2 F1: 0.1000
2025-05-03 11:00:51,433 - INFO - Paper 42851012 ROUGE-L F1: 0.2139
2025-05-03 11:00:51,433 - INFO - Using default tokenizer.
2025-05-03 11:00:51,523 - INFO - Paper 88532041 ROUGE-1 F1: 0.5850
2025-05-03 11:00:51,523 - INFO - Paper 88532041 ROUGE-2 F1: 0.2549
2025-05-03 11:00:51,523 - INFO - Paper 88532041 ROUGE-L F1: 0.3621
2025-05-03 11:00:51,524 - INFO - Using default tokenizer.
2025-05-03 11:00:51,537 - INFO - Paper 12175403 ROUGE-1 F1: 0.4444
2025-05-03 11:00:51,537 - INFO - Paper 12175403 ROUGE-2 F1: 0.1649
2025-05-03 11:00:51,537 - INFO - Paper 12175403 ROUGE-L F1: 0.2698
2025-05-03 11:00:51,538 - INFO - Using default tokenizer.
2025-05-03 11:00:51,732 - INFO - Paper 37010180 ROUGE-1 F1: 0.4712
2025-05-03 11:00:51,732 - INFO - Paper 37010180 ROUGE-2 F1: 0.0872
2025-05-03 11:00:51,732 - INFO - Paper 37010180 ROUGE-L F1: 0.1831
2025-05-03 11:00:51,733 - INFO - Using default tokenizer.
2025-05-03 11:00:51,750 - INFO - Paper 99295545 ROUGE-1 F1: 0.5155
2025-05-03 11:00:51,750 - INFO - Paper 99295545 ROUGE-2 F1: 0.2062
2025-05-03 11:00:51,750 - INFO - Paper 99295545 ROUGE-L F1: 0.3484
2025-05-03 11:00:51,750 - INFO - Using default tokenizer.
2025-05-03 11:00:51,760 - INFO - Paper 78190587 ROUGE-1 F1: 0.2976
2025-05-03 11:00:51,760 - INFO - Paper 78190587 ROUGE-2 F1: 0.0719
2025-05-03 11:00:51,760 - INFO - Paper 78190587 ROUGE-L F1: 0.1607
2025-05-03 11:00:51,761 - INFO - Using default tokenizer.
2025-05-03 11:00:51,914 - INFO - Paper 15062404 ROUGE-1 F1: 0.5383
2025-05-03 11:00:51,915 - INFO - Paper 15062404 ROUGE-2 F1: 0.1256
2025-05-03 11:00:51,915 - INFO - Paper 15062404 ROUGE-L F1: 0.2261
2025-05-03 11:00:51,915 - INFO - Using default tokenizer.
2025-05-03 11:00:52,028 - INFO - Paper 71370947 ROUGE-1 F1: 0.5314
2025-05-03 11:00:52,028 - INFO - Paper 71370947 ROUGE-2 F1: 0.1344
2025-05-03 11:00:52,028 - INFO - Paper 71370947 ROUGE-L F1: 0.2356
2025-05-03 11:00:52,028 - INFO - Using default tokenizer.
2025-05-03 11:00:52,051 - INFO - Paper 57934330 ROUGE-1 F1: 0.4167
2025-05-03 11:00:52,051 - INFO - Paper 57934330 ROUGE-2 F1: 0.1597
2025-05-03 11:00:52,051 - INFO - Paper 57934330 ROUGE-L F1: 0.2500
2025-05-03 11:00:52,051 - INFO - Using default tokenizer.
2025-05-03 11:00:52,076 - INFO - Paper 78860785 ROUGE-1 F1: 0.5196
2025-05-03 11:00:52,076 - INFO - Paper 78860785 ROUGE-2 F1: 0.1839
2025-05-03 11:00:52,076 - INFO - Paper 78860785 ROUGE-L F1: 0.2766
2025-05-03 11:00:52,076 - INFO - Using default tokenizer.
2025-05-03 11:00:52,152 - INFO - Paper 63848470 ROUGE-1 F1: 0.5681
2025-05-03 11:00:52,152 - INFO - Paper 63848470 ROUGE-2 F1: 0.1164
2025-05-03 11:00:52,152 - INFO - Paper 63848470 ROUGE-L F1: 0.2260
2025-05-03 11:00:52,152 - INFO - Using default tokenizer.
2025-05-03 11:00:52,179 - INFO - Paper 77534612 ROUGE-1 F1: 0.5793
2025-05-03 11:00:52,179 - INFO - Paper 77534612 ROUGE-2 F1: 0.2926
2025-05-03 11:00:52,179 - INFO - Paper 77534612 ROUGE-L F1: 0.4354
2025-05-03 11:00:52,179 - INFO - Using default tokenizer.
2025-05-03 11:00:52,583 - INFO - Paper 23929837 ROUGE-1 F1: 0.5737
2025-05-03 11:00:52,583 - INFO - Paper 23929837 ROUGE-2 F1: 0.2003
2025-05-03 11:00:52,583 - INFO - Paper 23929837 ROUGE-L F1: 0.2807
2025-05-03 11:00:52,584 - INFO - Using default tokenizer.
2025-05-03 11:00:52,862 - INFO - Paper 13135318 ROUGE-1 F1: 0.7197
2025-05-03 11:00:52,862 - INFO - Paper 13135318 ROUGE-2 F1: 0.5344
2025-05-03 11:00:52,863 - INFO - Paper 13135318 ROUGE-L F1: 0.6015
2025-05-03 11:00:52,863 - INFO - Using default tokenizer.
2025-05-03 11:00:53,094 - INFO - Paper 97923725 ROUGE-1 F1: 0.5785
2025-05-03 11:00:53,095 - INFO - Paper 97923725 ROUGE-2 F1: 0.2290
2025-05-03 11:00:53,095 - INFO - Paper 97923725 ROUGE-L F1: 0.2917
2025-05-03 11:00:53,095 - INFO - Using default tokenizer.
2025-05-03 11:00:53,108 - INFO - Paper 25809281 ROUGE-1 F1: 0.4832
2025-05-03 11:00:53,108 - INFO - Paper 25809281 ROUGE-2 F1: 0.1415
2025-05-03 11:00:53,109 - INFO - Paper 25809281 ROUGE-L F1: 0.2691
2025-05-03 11:00:53,109 - INFO - Using default tokenizer.
2025-05-03 11:00:53,234 - INFO - Paper 8601517 ROUGE-1 F1: 0.5356
2025-05-03 11:00:53,234 - INFO - Paper 8601517 ROUGE-2 F1: 0.1653
2025-05-03 11:00:53,234 - INFO - Paper 8601517 ROUGE-L F1: 0.2379
2025-05-03 11:00:53,234 - INFO - Using default tokenizer.
2025-05-03 11:00:53,601 - INFO - Paper 73515355 ROUGE-1 F1: 0.7160
2025-05-03 11:00:53,601 - INFO - Paper 73515355 ROUGE-2 F1: 0.4511
2025-05-03 11:00:53,601 - INFO - Paper 73515355 ROUGE-L F1: 0.5270
2025-05-03 11:00:53,601 - INFO - Using default tokenizer.
2025-05-03 11:00:53,849 - INFO - Paper 7305163 ROUGE-1 F1: 0.5940
2025-05-03 11:00:53,850 - INFO - Paper 7305163 ROUGE-2 F1: 0.3415
2025-05-03 11:00:53,850 - INFO - Paper 7305163 ROUGE-L F1: 0.3902
2025-05-03 11:00:53,850 - INFO - Using default tokenizer.
2025-05-03 11:00:54,119 - INFO - Paper 31459000 ROUGE-1 F1: 0.6969
2025-05-03 11:00:54,119 - INFO - Paper 31459000 ROUGE-2 F1: 0.4304
2025-05-03 11:00:54,119 - INFO - Paper 31459000 ROUGE-L F1: 0.4803
2025-05-03 11:00:54,119 - INFO - Using default tokenizer.
2025-05-03 11:00:54,305 - INFO - Paper 38779502 ROUGE-1 F1: 0.5584
2025-05-03 11:00:54,305 - INFO - Paper 38779502 ROUGE-2 F1: 0.1097
2025-05-03 11:00:54,305 - INFO - Paper 38779502 ROUGE-L F1: 0.2035
2025-05-03 11:00:54,305 - INFO - Using default tokenizer.
2025-05-03 11:00:54,363 - INFO - Paper 67930407 ROUGE-1 F1: 0.5786
2025-05-03 11:00:54,363 - INFO - Paper 67930407 ROUGE-2 F1: 0.1957
2025-05-03 11:00:54,364 - INFO - Paper 67930407 ROUGE-L F1: 0.3048
2025-05-03 11:00:54,364 - INFO - Using default tokenizer.
2025-05-03 11:00:54,533 - INFO - Paper 35247822 ROUGE-1 F1: 0.6771
2025-05-03 11:00:54,533 - INFO - Paper 35247822 ROUGE-2 F1: 0.3486
2025-05-03 11:00:54,534 - INFO - Paper 35247822 ROUGE-L F1: 0.4805
2025-05-03 11:00:54,534 - INFO - Using default tokenizer.
2025-05-03 11:00:54,559 - INFO - Paper 687757 ROUGE-1 F1: 0.4278
2025-05-03 11:00:54,559 - INFO - Paper 687757 ROUGE-2 F1: 0.0991
2025-05-03 11:00:54,559 - INFO - Paper 687757 ROUGE-L F1: 0.2121
2025-05-03 11:00:54,559 - INFO - Using default tokenizer.
2025-05-03 11:00:54,968 - INFO - Paper 34958521 ROUGE-1 F1: 0.6992
2025-05-03 11:00:54,968 - INFO - Paper 34958521 ROUGE-2 F1: 0.4346
2025-05-03 11:00:54,968 - INFO - Paper 34958521 ROUGE-L F1: 0.4743
2025-05-03 11:00:54,969 - INFO - Using default tokenizer.
2025-05-03 11:00:55,046 - INFO - Paper 86524123 ROUGE-1 F1: 0.4746
2025-05-03 11:00:55,046 - INFO - Paper 86524123 ROUGE-2 F1: 0.1350
2025-05-03 11:00:55,046 - INFO - Paper 86524123 ROUGE-L F1: 0.2031
2025-05-03 11:00:55,046 - INFO - Using default tokenizer.
2025-05-03 11:00:55,114 - INFO - Paper 37171167 ROUGE-1 F1: 0.5301
2025-05-03 11:00:55,114 - INFO - Paper 37171167 ROUGE-2 F1: 0.1696
2025-05-03 11:00:55,114 - INFO - Paper 37171167 ROUGE-L F1: 0.2584
2025-05-03 11:00:55,114 - INFO - Using default tokenizer.
2025-05-03 11:00:55,132 - INFO - Paper 71425952 ROUGE-1 F1: 0.5076
2025-05-03 11:00:55,132 - INFO - Paper 71425952 ROUGE-2 F1: 0.2266
2025-05-03 11:00:55,132 - INFO - Paper 71425952 ROUGE-L F1: 0.3254
2025-05-03 11:00:55,132 - INFO - Using default tokenizer.
2025-05-03 11:00:55,184 - INFO - Paper 12279648 ROUGE-1 F1: 0.5623
2025-05-03 11:00:55,184 - INFO - Paper 12279648 ROUGE-2 F1: 0.2367
2025-05-03 11:00:55,184 - INFO - Paper 12279648 ROUGE-L F1: 0.2971
2025-05-03 11:00:55,184 - INFO - Using default tokenizer.
2025-05-03 11:00:55,261 - INFO - Paper 89767636 ROUGE-1 F1: 0.6529
2025-05-03 11:00:55,261 - INFO - Paper 89767636 ROUGE-2 F1: 0.4369
2025-05-03 11:00:55,261 - INFO - Paper 89767636 ROUGE-L F1: 0.5331
2025-05-03 11:00:55,261 - INFO - Using default tokenizer.
2025-05-03 11:00:55,851 - INFO - Paper 99384474 ROUGE-1 F1: 0.7239
2025-05-03 11:00:55,852 - INFO - Paper 99384474 ROUGE-2 F1: 0.4108
2025-05-03 11:00:55,852 - INFO - Paper 99384474 ROUGE-L F1: 0.4573
2025-05-03 11:00:55,852 - INFO - Using default tokenizer.
2025-05-03 11:00:55,911 - INFO - Paper 36779622 ROUGE-1 F1: 0.5036
2025-05-03 11:00:55,911 - INFO - Paper 36779622 ROUGE-2 F1: 0.1714
2025-05-03 11:00:55,911 - INFO - Paper 36779622 ROUGE-L F1: 0.2660
2025-05-03 11:00:55,911 - INFO - Using default tokenizer.
2025-05-03 11:00:56,456 - INFO - Paper 85505359 ROUGE-1 F1: 0.7474
2025-05-03 11:00:56,456 - INFO - Paper 85505359 ROUGE-2 F1: 0.4251
2025-05-03 11:00:56,456 - INFO - Paper 85505359 ROUGE-L F1: 0.4882
2025-05-03 11:00:56,457 - INFO - Using default tokenizer.
2025-05-03 11:00:56,611 - INFO - Paper 26262723 ROUGE-1 F1: 0.5871
2025-05-03 11:00:56,611 - INFO - Paper 26262723 ROUGE-2 F1: 0.2100
2025-05-03 11:00:56,612 - INFO - Paper 26262723 ROUGE-L F1: 0.2777
2025-05-03 11:00:56,612 - INFO - Using default tokenizer.
2025-05-03 11:00:56,646 - INFO - Paper 87558652 ROUGE-1 F1: 0.4222
2025-05-03 11:00:56,646 - INFO - Paper 87558652 ROUGE-2 F1: 0.1082
2025-05-03 11:00:56,646 - INFO - Paper 87558652 ROUGE-L F1: 0.2126
2025-05-03 11:00:56,646 - INFO - Using default tokenizer.
2025-05-03 11:00:56,699 - INFO - Paper 45435119 ROUGE-1 F1: 0.4458
2025-05-03 11:00:56,699 - INFO - Paper 45435119 ROUGE-2 F1: 0.1135
2025-05-03 11:00:56,699 - INFO - Paper 45435119 ROUGE-L F1: 0.2120
2025-05-03 11:00:56,700 - INFO - Using default tokenizer.
2025-05-03 11:00:56,711 - INFO - Paper 85820029 ROUGE-1 F1: 0.4387
2025-05-03 11:00:56,711 - INFO - Paper 85820029 ROUGE-2 F1: 0.1318
2025-05-03 11:00:56,712 - INFO - Paper 85820029 ROUGE-L F1: 0.2735
2025-05-03 11:00:56,712 - INFO - Using default tokenizer.
2025-05-03 11:00:57,179 - INFO - Paper 17601393 ROUGE-1 F1: 0.6899
2025-05-03 11:00:57,179 - INFO - Paper 17601393 ROUGE-2 F1: 0.4379
2025-05-03 11:00:57,179 - INFO - Paper 17601393 ROUGE-L F1: 0.4941
2025-05-03 11:00:57,180 - INFO - Using default tokenizer.
2025-05-03 11:00:57,316 - INFO - Paper 78499306 ROUGE-1 F1: 0.5640
2025-05-03 11:00:57,317 - INFO - Paper 78499306 ROUGE-2 F1: 0.1985
2025-05-03 11:00:57,317 - INFO - Paper 78499306 ROUGE-L F1: 0.2988
2025-05-03 11:00:57,317 - INFO - Using default tokenizer.
2025-05-03 11:00:57,868 - INFO - Paper 31021586 ROUGE-1 F1: 0.6944
2025-05-03 11:00:57,868 - INFO - Paper 31021586 ROUGE-2 F1: 0.3872
2025-05-03 11:00:57,868 - INFO - Paper 31021586 ROUGE-L F1: 0.4259
2025-05-03 11:00:57,868 - INFO - Using default tokenizer.
2025-05-03 11:00:58,143 - INFO - Paper 30485653 ROUGE-1 F1: 0.5003
2025-05-03 11:00:58,143 - INFO - Paper 30485653 ROUGE-2 F1: 0.1400
2025-05-03 11:00:58,143 - INFO - Paper 30485653 ROUGE-L F1: 0.2270
2025-05-03 11:00:58,143 - INFO - Using default tokenizer.
2025-05-03 11:00:58,635 - INFO - Paper 68340528 ROUGE-1 F1: 0.5835
2025-05-03 11:00:58,635 - INFO - Paper 68340528 ROUGE-2 F1: 0.2306
2025-05-03 11:00:58,635 - INFO - Paper 68340528 ROUGE-L F1: 0.2973
2025-05-03 11:00:58,635 - INFO - Using default tokenizer.
2025-05-03 11:00:58,665 - INFO - Paper 56843191 ROUGE-1 F1: 0.4158
2025-05-03 11:00:58,665 - INFO - Paper 56843191 ROUGE-2 F1: 0.1258
2025-05-03 11:00:58,665 - INFO - Paper 56843191 ROUGE-L F1: 0.2013
2025-05-03 11:00:58,665 - INFO - Using default tokenizer.
2025-05-03 11:00:58,799 - INFO - Paper 84030160 ROUGE-1 F1: 0.6284
2025-05-03 11:00:58,799 - INFO - Paper 84030160 ROUGE-2 F1: 0.4221
2025-05-03 11:00:58,800 - INFO - Paper 84030160 ROUGE-L F1: 0.4966
2025-05-03 11:00:58,800 - INFO - Using default tokenizer.
2025-05-03 11:00:58,870 - INFO - Paper 85853580 ROUGE-1 F1: 0.4447
2025-05-03 11:00:58,870 - INFO - Paper 85853580 ROUGE-2 F1: 0.1227
2025-05-03 11:00:58,870 - INFO - Paper 85853580 ROUGE-L F1: 0.1869
2025-05-03 11:00:58,870 - INFO - Using default tokenizer.
2025-05-03 11:00:58,897 - INFO - Paper 7570292 ROUGE-1 F1: 0.4708
2025-05-03 11:00:58,897 - INFO - Paper 7570292 ROUGE-2 F1: 0.1456
2025-05-03 11:00:58,897 - INFO - Paper 7570292 ROUGE-L F1: 0.2796
2025-05-03 11:00:58,897 - INFO - Using default tokenizer.
2025-05-03 11:00:59,066 - INFO - Paper 26668230 ROUGE-1 F1: 0.6612
2025-05-03 11:00:59,066 - INFO - Paper 26668230 ROUGE-2 F1: 0.2863
2025-05-03 11:00:59,066 - INFO - Paper 26668230 ROUGE-L F1: 0.3546
2025-05-03 11:00:59,066 - INFO - Using default tokenizer.
2025-05-03 11:00:59,094 - INFO - Paper 58884367 ROUGE-1 F1: 0.3204
2025-05-03 11:00:59,094 - INFO - Paper 58884367 ROUGE-2 F1: 0.0440
2025-05-03 11:00:59,094 - INFO - Paper 58884367 ROUGE-L F1: 0.1754
2025-05-03 11:00:59,094 - INFO - Using default tokenizer.
2025-05-03 11:00:59,192 - INFO - Paper 65123124 ROUGE-1 F1: 0.6155
2025-05-03 11:00:59,192 - INFO - Paper 65123124 ROUGE-2 F1: 0.3129
2025-05-03 11:00:59,192 - INFO - Paper 65123124 ROUGE-L F1: 0.3909
2025-05-03 11:00:59,192 - INFO - Using default tokenizer.
2025-05-03 11:00:59,296 - INFO - Paper 78841597 ROUGE-1 F1: 0.6231
2025-05-03 11:00:59,296 - INFO - Paper 78841597 ROUGE-2 F1: 0.3236
2025-05-03 11:00:59,296 - INFO - Paper 78841597 ROUGE-L F1: 0.4042
2025-05-03 11:00:59,296 - INFO - Using default tokenizer.
2025-05-03 11:00:59,535 - INFO - Paper 33126132 ROUGE-1 F1: 0.6206
2025-05-03 11:00:59,535 - INFO - Paper 33126132 ROUGE-2 F1: 0.3642
2025-05-03 11:00:59,535 - INFO - Paper 33126132 ROUGE-L F1: 0.4277
2025-05-03 11:00:59,535 - INFO - Using default tokenizer.
2025-05-03 11:00:59,721 - INFO - Paper 8784223 ROUGE-1 F1: 0.6261
2025-05-03 11:00:59,721 - INFO - Paper 8784223 ROUGE-2 F1: 0.2224
2025-05-03 11:00:59,721 - INFO - Paper 8784223 ROUGE-L F1: 0.3023
2025-05-03 11:00:59,721 - INFO - Using default tokenizer.
2025-05-03 11:00:59,824 - INFO - Paper 57983162 ROUGE-1 F1: 0.4275
2025-05-03 11:00:59,824 - INFO - Paper 57983162 ROUGE-2 F1: 0.1135
2025-05-03 11:00:59,824 - INFO - Paper 57983162 ROUGE-L F1: 0.1820
2025-05-03 11:00:59,824 - INFO - Using default tokenizer.
2025-05-03 11:01:00,227 - INFO - Paper 9563928 ROUGE-1 F1: 0.6882
2025-05-03 11:01:00,227 - INFO - Paper 9563928 ROUGE-2 F1: 0.4362
2025-05-03 11:01:00,227 - INFO - Paper 9563928 ROUGE-L F1: 0.4836
2025-05-03 11:01:00,227 - INFO - Using default tokenizer.
2025-05-03 11:01:00,310 - INFO - Paper 94646863 ROUGE-1 F1: 0.5875
2025-05-03 11:01:00,310 - INFO - Paper 94646863 ROUGE-2 F1: 0.2636
2025-05-03 11:01:00,310 - INFO - Paper 94646863 ROUGE-L F1: 0.3798
2025-05-03 11:01:00,310 - INFO - Using default tokenizer.
2025-05-03 11:01:00,437 - INFO - Paper 17350626 ROUGE-1 F1: 0.4240
2025-05-03 11:01:00,437 - INFO - Paper 17350626 ROUGE-2 F1: 0.1157
2025-05-03 11:01:00,437 - INFO - Paper 17350626 ROUGE-L F1: 0.1930
2025-05-03 11:01:00,438 - INFO - Using default tokenizer.
2025-05-03 11:01:00,455 - INFO - Paper 49439664 ROUGE-1 F1: 0.6290
2025-05-03 11:01:00,455 - INFO - Paper 49439664 ROUGE-2 F1: 0.2500
2025-05-03 11:01:00,455 - INFO - Paper 49439664 ROUGE-L F1: 0.4299
2025-05-03 11:01:00,455 - INFO - Using default tokenizer.
2025-05-03 11:01:00,776 - INFO - Paper 2852538 ROUGE-1 F1: 0.6627
2025-05-03 11:01:00,777 - INFO - Paper 2852538 ROUGE-2 F1: 0.3137
2025-05-03 11:01:00,777 - INFO - Paper 2852538 ROUGE-L F1: 0.3622
2025-05-03 11:01:00,777 - INFO - Using default tokenizer.
2025-05-03 11:01:01,394 - INFO - Paper 74156567 ROUGE-1 F1: 0.7653
2025-05-03 11:01:01,395 - INFO - Paper 74156567 ROUGE-2 F1: 0.4935
2025-05-03 11:01:01,395 - INFO - Paper 74156567 ROUGE-L F1: 0.5436
2025-05-03 11:01:01,395 - INFO - Using default tokenizer.
2025-05-03 11:01:01,568 - INFO - Paper 19173630 ROUGE-1 F1: 0.4535
2025-05-03 11:01:01,568 - INFO - Paper 19173630 ROUGE-2 F1: 0.1218
2025-05-03 11:01:01,568 - INFO - Paper 19173630 ROUGE-L F1: 0.1697
2025-05-03 11:01:01,569 - INFO - Using default tokenizer.
2025-05-03 11:01:01,739 - INFO - Paper 78861774 ROUGE-1 F1: 0.6595
2025-05-03 11:01:01,739 - INFO - Paper 78861774 ROUGE-2 F1: 0.3081
2025-05-03 11:01:01,739 - INFO - Paper 78861774 ROUGE-L F1: 0.4147
2025-05-03 11:01:01,740 - INFO - Using default tokenizer.
2025-05-03 11:01:02,133 - INFO - Paper 202387 ROUGE-1 F1: 0.6887
2025-05-03 11:01:02,134 - INFO - Paper 202387 ROUGE-2 F1: 0.3511
2025-05-03 11:01:02,134 - INFO - Paper 202387 ROUGE-L F1: 0.4160
2025-05-03 11:01:02,134 - INFO - Using default tokenizer.
2025-05-03 11:01:02,157 - INFO - Paper 85933068 ROUGE-1 F1: 0.4797
2025-05-03 11:01:02,157 - INFO - Paper 85933068 ROUGE-2 F1: 0.1631
2025-05-03 11:01:02,157 - INFO - Paper 85933068 ROUGE-L F1: 0.2553
2025-05-03 11:01:02,157 - INFO - Using default tokenizer.
2025-05-03 11:01:02,280 - INFO - Paper 81057283 ROUGE-1 F1: 0.7088
2025-05-03 11:01:02,281 - INFO - Paper 81057283 ROUGE-2 F1: 0.4809
2025-05-03 11:01:02,281 - INFO - Paper 81057283 ROUGE-L F1: 0.5272
2025-05-03 11:01:02,281 - INFO - Using default tokenizer.
2025-05-03 11:01:02,345 - INFO - Paper 31183232 ROUGE-1 F1: 0.6952
2025-05-03 11:01:02,345 - INFO - Paper 31183232 ROUGE-2 F1: 0.4194
2025-05-03 11:01:02,345 - INFO - Paper 31183232 ROUGE-L F1: 0.4927
2025-05-03 11:01:02,345 - INFO - Using default tokenizer.
2025-05-03 11:01:02,862 - INFO - Paper 17754953 ROUGE-1 F1: 0.7858
2025-05-03 11:01:02,862 - INFO - Paper 17754953 ROUGE-2 F1: 0.5401
2025-05-03 11:01:02,862 - INFO - Paper 17754953 ROUGE-L F1: 0.6067
2025-05-03 11:01:02,863 - INFO - Using default tokenizer.
2025-05-03 11:01:02,870 - INFO - Paper 33015723 ROUGE-1 F1: 0.4615
2025-05-03 11:01:02,870 - INFO - Paper 33015723 ROUGE-2 F1: 0.0775
2025-05-03 11:01:02,870 - INFO - Paper 33015723 ROUGE-L F1: 0.2462
2025-05-03 11:01:02,870 - INFO - Using default tokenizer.
2025-05-03 11:01:03,268 - INFO - Paper 76635514 ROUGE-1 F1: 0.7459
2025-05-03 11:01:03,268 - INFO - Paper 76635514 ROUGE-2 F1: 0.5410
2025-05-03 11:01:03,268 - INFO - Paper 76635514 ROUGE-L F1: 0.5964
2025-05-03 11:01:03,268 - INFO - Using default tokenizer.
2025-05-03 11:01:03,372 - INFO - Paper 11636296 ROUGE-1 F1: 0.6105
2025-05-03 11:01:03,372 - INFO - Paper 11636296 ROUGE-2 F1: 0.2988
2025-05-03 11:01:03,372 - INFO - Paper 11636296 ROUGE-L F1: 0.4070
2025-05-03 11:01:03,373 - INFO - Using default tokenizer.
2025-05-03 11:01:03,551 - INFO - Paper 85123331 ROUGE-1 F1: 0.7880
2025-05-03 11:01:03,551 - INFO - Paper 85123331 ROUGE-2 F1: 0.6580
2025-05-03 11:01:03,552 - INFO - Paper 85123331 ROUGE-L F1: 0.6912
2025-05-03 11:01:03,552 - INFO - Using default tokenizer.
2025-05-03 11:01:04,147 - INFO - Paper 49333267 ROUGE-1 F1: 0.7617
2025-05-03 11:01:04,147 - INFO - Paper 49333267 ROUGE-2 F1: 0.4792
2025-05-03 11:01:04,147 - INFO - Paper 49333267 ROUGE-L F1: 0.5335
2025-05-03 11:01:04,147 - INFO - Using default tokenizer.
2025-05-03 11:01:04,738 - INFO - Paper 10587146 ROUGE-1 F1: 0.6997
2025-05-03 11:01:04,738 - INFO - Paper 10587146 ROUGE-2 F1: 0.3636
2025-05-03 11:01:04,738 - INFO - Paper 10587146 ROUGE-L F1: 0.4210
2025-05-03 11:01:04,738 - INFO - Using default tokenizer.
2025-05-03 11:01:05,234 - INFO - Paper 28727146 ROUGE-1 F1: 0.6780
2025-05-03 11:01:05,234 - INFO - Paper 28727146 ROUGE-2 F1: 0.3886
2025-05-03 11:01:05,234 - INFO - Paper 28727146 ROUGE-L F1: 0.4407
2025-05-03 11:01:05,234 - INFO - Using default tokenizer.
2025-05-03 11:01:05,638 - INFO - Paper 57114772 ROUGE-1 F1: 0.7096
2025-05-03 11:01:05,639 - INFO - Paper 57114772 ROUGE-2 F1: 0.4205
2025-05-03 11:01:05,639 - INFO - Paper 57114772 ROUGE-L F1: 0.4316
2025-05-03 11:01:05,639 - INFO - Using default tokenizer.
2025-05-03 11:01:05,721 - INFO - Paper 94730041 ROUGE-1 F1: 0.5169
2025-05-03 11:01:05,721 - INFO - Paper 94730041 ROUGE-2 F1: 0.1315
2025-05-03 11:01:05,721 - INFO - Paper 94730041 ROUGE-L F1: 0.2326
2025-05-03 11:01:05,721 - INFO - Using default tokenizer.
2025-05-03 11:01:06,316 - INFO - Paper 61298922 ROUGE-1 F1: 0.7439
2025-05-03 11:01:06,316 - INFO - Paper 61298922 ROUGE-2 F1: 0.4364
2025-05-03 11:01:06,316 - INFO - Paper 61298922 ROUGE-L F1: 0.4962
2025-05-03 11:01:06,317 - INFO - Using default tokenizer.
2025-05-03 11:01:06,766 - INFO - Paper 36051826 ROUGE-1 F1: 0.7244
2025-05-03 11:01:06,766 - INFO - Paper 36051826 ROUGE-2 F1: 0.4137
2025-05-03 11:01:06,766 - INFO - Paper 36051826 ROUGE-L F1: 0.4573
2025-05-03 11:01:06,767 - INFO - Using default tokenizer.
2025-05-03 11:01:06,944 - INFO - Paper 7912651 ROUGE-1 F1: 0.7482
2025-05-03 11:01:06,945 - INFO - Paper 7912651 ROUGE-2 F1: 0.5514
2025-05-03 11:01:06,945 - INFO - Paper 7912651 ROUGE-L F1: 0.6206
2025-05-03 11:01:06,945 - INFO - Using default tokenizer.
2025-05-03 11:01:07,023 - INFO - Paper 74164301 ROUGE-1 F1: 0.5623
2025-05-03 11:01:07,023 - INFO - Paper 74164301 ROUGE-2 F1: 0.2085
2025-05-03 11:01:07,023 - INFO - Paper 74164301 ROUGE-L F1: 0.2842
2025-05-03 11:01:07,023 - INFO - Using default tokenizer.
2025-05-03 11:01:07,080 - INFO - Paper 72788236 ROUGE-1 F1: 0.4727
2025-05-03 11:01:07,080 - INFO - Paper 72788236 ROUGE-2 F1: 0.1337
2025-05-03 11:01:07,080 - INFO - Paper 72788236 ROUGE-L F1: 0.2424
2025-05-03 11:01:07,080 - INFO - Using default tokenizer.
2025-05-03 11:01:07,554 - INFO - Paper 93025332 ROUGE-1 F1: 0.8119
2025-05-03 11:01:07,554 - INFO - Paper 93025332 ROUGE-2 F1: 0.6987
2025-05-03 11:01:07,555 - INFO - Paper 93025332 ROUGE-L F1: 0.7273
2025-05-03 11:01:07,555 - INFO - Using default tokenizer.
2025-05-03 11:01:07,697 - INFO - Paper 43650136 ROUGE-1 F1: 0.4485
2025-05-03 11:01:07,698 - INFO - Paper 43650136 ROUGE-2 F1: 0.1424
2025-05-03 11:01:07,698 - INFO - Paper 43650136 ROUGE-L F1: 0.2177
2025-05-03 11:01:07,698 - INFO - Using default tokenizer.
2025-05-03 11:01:07,733 - INFO - Paper 62769214 ROUGE-1 F1: 0.4458
2025-05-03 11:01:07,733 - INFO - Paper 62769214 ROUGE-2 F1: 0.0901
2025-05-03 11:01:07,733 - INFO - Paper 62769214 ROUGE-L F1: 0.2291
2025-05-03 11:01:07,733 - INFO - Using default tokenizer.
2025-05-03 11:01:07,759 - INFO - Paper 52492536 ROUGE-1 F1: 0.2888
2025-05-03 11:01:07,759 - INFO - Paper 52492536 ROUGE-2 F1: 0.0762
2025-05-03 11:01:07,759 - INFO - Paper 52492536 ROUGE-L F1: 0.1459
2025-05-03 11:01:07,759 - INFO - Using default tokenizer.
2025-05-03 11:01:08,296 - INFO - Paper 53935450 ROUGE-1 F1: 0.6598
2025-05-03 11:01:08,296 - INFO - Paper 53935450 ROUGE-2 F1: 0.3435
2025-05-03 11:01:08,296 - INFO - Paper 53935450 ROUGE-L F1: 0.3791
2025-05-03 11:01:08,296 - INFO - Using default tokenizer.
2025-05-03 11:01:08,362 - INFO - Paper 7120002 ROUGE-1 F1: 0.6149
2025-05-03 11:01:08,362 - INFO - Paper 7120002 ROUGE-2 F1: 0.2358
2025-05-03 11:01:08,362 - INFO - Paper 7120002 ROUGE-L F1: 0.3552
2025-05-03 11:01:08,362 - INFO - Using default tokenizer.
2025-05-03 11:01:08,768 - INFO - Paper 30995172 ROUGE-1 F1: 0.7882
2025-05-03 11:01:08,768 - INFO - Paper 30995172 ROUGE-2 F1: 0.5901
2025-05-03 11:01:08,768 - INFO - Paper 30995172 ROUGE-L F1: 0.6390
2025-05-03 11:01:08,769 - INFO - Using default tokenizer.
2025-05-03 11:01:08,998 - INFO - Paper 97703387 ROUGE-1 F1: 0.7842
2025-05-03 11:01:08,998 - INFO - Paper 97703387 ROUGE-2 F1: 0.6010
2025-05-03 11:01:08,998 - INFO - Paper 97703387 ROUGE-L F1: 0.6574
2025-05-03 11:01:08,998 - INFO - Using default tokenizer.
2025-05-03 11:01:09,098 - INFO - Paper 53721399 ROUGE-1 F1: 0.5958
2025-05-03 11:01:09,098 - INFO - Paper 53721399 ROUGE-2 F1: 0.2289
2025-05-03 11:01:09,098 - INFO - Paper 53721399 ROUGE-L F1: 0.3374
2025-05-03 11:01:09,098 - INFO - Using default tokenizer.
2025-05-03 11:01:09,205 - INFO - Paper 16124640 ROUGE-1 F1: 0.4684
2025-05-03 11:01:09,205 - INFO - Paper 16124640 ROUGE-2 F1: 0.1547
2025-05-03 11:01:09,205 - INFO - Paper 16124640 ROUGE-L F1: 0.2104
2025-05-03 11:01:09,206 - INFO - Using default tokenizer.
2025-05-03 11:01:09,278 - INFO - Paper 69976012 ROUGE-1 F1: 0.5681
2025-05-03 11:01:09,278 - INFO - Paper 69976012 ROUGE-2 F1: 0.2416
2025-05-03 11:01:09,278 - INFO - Paper 69976012 ROUGE-L F1: 0.3208
2025-05-03 11:01:09,278 - INFO - Using default tokenizer.
2025-05-03 11:01:09,480 - INFO - Paper 74547298 ROUGE-1 F1: 0.6302
2025-05-03 11:01:09,480 - INFO - Paper 74547298 ROUGE-2 F1: 0.3971
2025-05-03 11:01:09,480 - INFO - Paper 74547298 ROUGE-L F1: 0.4538
2025-05-03 11:01:09,481 - INFO - Using default tokenizer.
2025-05-03 11:01:09,577 - INFO - Paper 7255717 ROUGE-1 F1: 0.4166
2025-05-03 11:01:09,577 - INFO - Paper 7255717 ROUGE-2 F1: 0.0849
2025-05-03 11:01:09,577 - INFO - Paper 7255717 ROUGE-L F1: 0.1948
2025-05-03 11:01:09,577 - INFO - Using default tokenizer.
2025-05-03 11:01:09,596 - INFO - Paper 29962756 ROUGE-1 F1: 0.4946
2025-05-03 11:01:09,596 - INFO - Paper 29962756 ROUGE-2 F1: 0.1917
2025-05-03 11:01:09,596 - INFO - Paper 29962756 ROUGE-L F1: 0.2993
2025-05-03 11:01:09,596 - INFO - Using default tokenizer.
2025-05-03 11:01:09,746 - INFO - Paper 31303819 ROUGE-1 F1: 0.6844
2025-05-03 11:01:09,746 - INFO - Paper 31303819 ROUGE-2 F1: 0.3656
2025-05-03 11:01:09,746 - INFO - Paper 31303819 ROUGE-L F1: 0.4228
2025-05-03 11:01:09,746 - INFO - Using default tokenizer.
2025-05-03 11:01:09,760 - INFO - Paper 29981772 ROUGE-1 F1: 0.4362
2025-05-03 11:01:09,760 - INFO - Paper 29981772 ROUGE-2 F1: 0.1176
2025-05-03 11:01:09,760 - INFO - Paper 29981772 ROUGE-L F1: 0.2500
2025-05-03 11:01:09,760 - INFO - Using default tokenizer.
2025-05-03 11:01:09,812 - INFO - Paper 15643187 ROUGE-1 F1: 0.4170
2025-05-03 11:01:09,812 - INFO - Paper 15643187 ROUGE-2 F1: 0.1076
2025-05-03 11:01:09,813 - INFO - Paper 15643187 ROUGE-L F1: 0.2022
2025-05-03 11:01:09,813 - INFO - Using default tokenizer.
2025-05-03 11:01:09,860 - INFO - Paper 18322264 ROUGE-1 F1: 0.5901
2025-05-03 11:01:09,860 - INFO - Paper 18322264 ROUGE-2 F1: 0.1954
2025-05-03 11:01:09,860 - INFO - Paper 18322264 ROUGE-L F1: 0.3151
2025-05-03 11:01:09,861 - INFO - Using default tokenizer.
2025-05-03 11:01:09,917 - INFO - Paper 30748495 ROUGE-1 F1: 0.5854
2025-05-03 11:01:09,917 - INFO - Paper 30748495 ROUGE-2 F1: 0.2054
2025-05-03 11:01:09,917 - INFO - Paper 30748495 ROUGE-L F1: 0.2829
2025-05-03 11:01:09,917 - INFO - Using default tokenizer.
2025-05-03 11:01:10,196 - INFO - Paper 48091191 ROUGE-1 F1: 0.7083
2025-05-03 11:01:10,197 - INFO - Paper 48091191 ROUGE-2 F1: 0.4278
2025-05-03 11:01:10,197 - INFO - Paper 48091191 ROUGE-L F1: 0.4722
2025-05-03 11:01:10,197 - INFO - Using default tokenizer.
2025-05-03 11:01:10,374 - INFO - Paper 39353178 ROUGE-1 F1: 0.5652
2025-05-03 11:01:10,374 - INFO - Paper 39353178 ROUGE-2 F1: 0.1358
2025-05-03 11:01:10,374 - INFO - Paper 39353178 ROUGE-L F1: 0.2128
2025-05-03 11:01:10,374 - INFO - Using default tokenizer.
2025-05-03 11:01:10,431 - INFO - Paper 60516406 ROUGE-1 F1: 0.4419
2025-05-03 11:01:10,431 - INFO - Paper 60516406 ROUGE-2 F1: 0.0979
2025-05-03 11:01:10,431 - INFO - Paper 60516406 ROUGE-L F1: 0.1930
2025-05-03 11:01:10,431 - INFO - Using default tokenizer.
2025-05-03 11:01:10,537 - INFO - Paper 30789903 ROUGE-1 F1: 0.5969
2025-05-03 11:01:10,537 - INFO - Paper 30789903 ROUGE-2 F1: 0.2669
2025-05-03 11:01:10,537 - INFO - Paper 30789903 ROUGE-L F1: 0.3824
2025-05-03 11:01:10,537 - INFO - Using default tokenizer.
2025-05-03 11:01:10,638 - INFO - Paper 18521109 ROUGE-1 F1: 0.4889
2025-05-03 11:01:10,638 - INFO - Paper 18521109 ROUGE-2 F1: 0.1203
2025-05-03 11:01:10,638 - INFO - Paper 18521109 ROUGE-L F1: 0.2024
2025-05-03 11:01:10,639 - INFO - Using default tokenizer.
2025-05-03 11:01:11,103 - INFO - Paper 36197895 ROUGE-1 F1: 0.7359
2025-05-03 11:01:11,103 - INFO - Paper 36197895 ROUGE-2 F1: 0.5302
2025-05-03 11:01:11,103 - INFO - Paper 36197895 ROUGE-L F1: 0.5791
2025-05-03 11:01:11,103 - INFO - Using default tokenizer.
2025-05-03 11:01:11,204 - INFO - Paper 24753674 ROUGE-1 F1: 0.3532
2025-05-03 11:01:11,204 - INFO - Paper 24753674 ROUGE-2 F1: 0.1018
2025-05-03 11:01:11,204 - INFO - Paper 24753674 ROUGE-L F1: 0.1677
2025-05-03 11:01:11,204 - INFO - Using default tokenizer.
2025-05-03 11:01:11,222 - INFO - Paper 5681713 ROUGE-1 F1: 0.6161
2025-05-03 11:01:11,222 - INFO - Paper 5681713 ROUGE-2 F1: 0.4529
2025-05-03 11:01:11,222 - INFO - Paper 5681713 ROUGE-L F1: 0.5357
2025-05-03 11:01:11,222 - INFO - Using default tokenizer.
2025-05-03 11:01:11,226 - INFO - Paper 21919380 ROUGE-1 F1: 0.0000
2025-05-03 11:01:11,226 - INFO - Paper 21919380 ROUGE-2 F1: 0.0000
2025-05-03 11:01:11,226 - INFO - Paper 21919380 ROUGE-L F1: 0.0000
2025-05-03 11:01:11,226 - INFO - Using default tokenizer.
2025-05-03 11:01:11,467 - INFO - Paper 11354749 ROUGE-1 F1: 0.6527
2025-05-03 11:01:11,467 - INFO - Paper 11354749 ROUGE-2 F1: 0.4330
2025-05-03 11:01:11,467 - INFO - Paper 11354749 ROUGE-L F1: 0.5059
2025-05-03 11:01:11,468 - INFO - Using default tokenizer.
2025-05-03 11:01:12,115 - INFO - Paper 60253398 ROUGE-1 F1: 0.7687
2025-05-03 11:01:12,116 - INFO - Paper 60253398 ROUGE-2 F1: 0.4934
2025-05-03 11:01:12,116 - INFO - Paper 60253398 ROUGE-L F1: 0.5457
2025-05-03 11:01:12,116 - INFO - Using default tokenizer.
2025-05-03 11:01:12,142 - INFO - Paper 2774914 ROUGE-1 F1: 0.4662
2025-05-03 11:01:12,142 - INFO - Paper 2774914 ROUGE-2 F1: 0.0857
2025-05-03 11:01:12,142 - INFO - Paper 2774914 ROUGE-L F1: 0.2384
2025-05-03 11:01:12,142 - INFO - Using default tokenizer.
2025-05-03 11:01:12,773 - INFO - Paper 8455503 ROUGE-1 F1: 0.8180
2025-05-03 11:01:12,773 - INFO - Paper 8455503 ROUGE-2 F1: 0.6185
2025-05-03 11:01:12,774 - INFO - Paper 8455503 ROUGE-L F1: 0.6265
2025-05-03 11:01:12,774 - INFO - Using default tokenizer.
2025-05-03 11:01:12,788 - INFO - Paper 99440206 ROUGE-1 F1: 0.4925
2025-05-03 11:01:12,788 - INFO - Paper 99440206 ROUGE-2 F1: 0.1500
2025-05-03 11:01:12,788 - INFO - Paper 99440206 ROUGE-L F1: 0.2985
2025-05-03 11:01:12,788 - INFO - Using default tokenizer.
2025-05-03 11:01:13,299 - INFO - Paper 8984509 ROUGE-1 F1: 0.7356
2025-05-03 11:01:13,299 - INFO - Paper 8984509 ROUGE-2 F1: 0.4469
2025-05-03 11:01:13,299 - INFO - Paper 8984509 ROUGE-L F1: 0.5107
2025-05-03 11:01:13,299 - INFO - Using default tokenizer.
2025-05-03 11:01:13,470 - INFO - Paper 86508243 ROUGE-1 F1: 0.5308
2025-05-03 11:01:13,470 - INFO - Paper 86508243 ROUGE-2 F1: 0.1329
2025-05-03 11:01:13,470 - INFO - Paper 86508243 ROUGE-L F1: 0.2093
2025-05-03 11:01:13,470 - INFO - Using default tokenizer.
2025-05-03 11:01:13,475 - INFO - Paper 97592875 ROUGE-1 F1: 0.3188
2025-05-03 11:01:13,475 - INFO - Paper 97592875 ROUGE-2 F1: 0.0488
2025-05-03 11:01:13,475 - INFO - Paper 97592875 ROUGE-L F1: 0.1739
2025-05-03 11:01:13,475 - INFO - Using default tokenizer.
2025-05-03 11:01:13,562 - INFO - Paper 45186835 ROUGE-1 F1: 0.6482
2025-05-03 11:01:13,562 - INFO - Paper 45186835 ROUGE-2 F1: 0.4059
2025-05-03 11:01:13,562 - INFO - Paper 45186835 ROUGE-L F1: 0.4348
2025-05-03 11:01:13,562 - INFO - Using default tokenizer.
2025-05-03 11:01:13,664 - INFO - Paper 24312671 ROUGE-1 F1: 0.6346
2025-05-03 11:01:13,664 - INFO - Paper 24312671 ROUGE-2 F1: 0.3230
2025-05-03 11:01:13,664 - INFO - Paper 24312671 ROUGE-L F1: 0.4284
2025-05-03 11:01:13,664 - INFO - Using default tokenizer.
2025-05-03 11:01:13,984 - INFO - Paper 49139111 ROUGE-1 F1: 0.6092
2025-05-03 11:01:13,984 - INFO - Paper 49139111 ROUGE-2 F1: 0.1992
2025-05-03 11:01:13,984 - INFO - Paper 49139111 ROUGE-L F1: 0.2790
2025-05-03 11:01:13,985 - INFO - Using default tokenizer.
2025-05-03 11:01:14,019 - INFO - Paper 32560739 ROUGE-1 F1: 0.5879
2025-05-03 11:01:14,019 - INFO - Paper 32560739 ROUGE-2 F1: 0.2596
2025-05-03 11:01:14,019 - INFO - Paper 32560739 ROUGE-L F1: 0.3450
2025-05-03 11:01:14,019 - INFO - Using default tokenizer.
2025-05-03 11:01:14,211 - INFO - Paper 73414525 ROUGE-1 F1: 0.4872
2025-05-03 11:01:14,211 - INFO - Paper 73414525 ROUGE-2 F1: 0.1034
2025-05-03 11:01:14,211 - INFO - Paper 73414525 ROUGE-L F1: 0.2079
2025-05-03 11:01:14,211 - INFO - Using default tokenizer.
2025-05-03 11:01:14,297 - INFO - Paper 97980035 ROUGE-1 F1: 0.6513
2025-05-03 11:01:14,297 - INFO - Paper 97980035 ROUGE-2 F1: 0.3842
2025-05-03 11:01:14,297 - INFO - Paper 97980035 ROUGE-L F1: 0.4817
2025-05-03 11:01:14,297 - INFO - Using default tokenizer.
2025-05-03 11:01:14,585 - INFO - Paper 12625177 ROUGE-1 F1: 0.6947
2025-05-03 11:01:14,586 - INFO - Paper 12625177 ROUGE-2 F1: 0.4654
2025-05-03 11:01:14,586 - INFO - Paper 12625177 ROUGE-L F1: 0.5231
2025-05-03 11:01:14,586 - INFO - Using default tokenizer.
2025-05-03 11:01:14,651 - INFO - Paper 36278339 ROUGE-1 F1: 0.5702
2025-05-03 11:01:14,651 - INFO - Paper 36278339 ROUGE-2 F1: 0.2232
2025-05-03 11:01:14,651 - INFO - Paper 36278339 ROUGE-L F1: 0.3341
2025-05-03 11:01:14,651 - INFO - Using default tokenizer.
2025-05-03 11:01:14,856 - INFO - Paper 91633253 ROUGE-1 F1: 0.7876
2025-05-03 11:01:14,856 - INFO - Paper 91633253 ROUGE-2 F1: 0.5759
2025-05-03 11:01:14,856 - INFO - Paper 91633253 ROUGE-L F1: 0.6410
2025-05-03 11:01:14,856 - INFO - Using default tokenizer.
2025-05-03 11:01:14,873 - INFO - Paper 6799048 ROUGE-1 F1: 0.4419
2025-05-03 11:01:14,873 - INFO - Paper 6799048 ROUGE-2 F1: 0.0654
2025-05-03 11:01:14,873 - INFO - Paper 6799048 ROUGE-L F1: 0.2000
2025-05-03 11:01:14,873 - INFO - Using default tokenizer.
2025-05-03 11:01:14,925 - INFO - Paper 5180208 ROUGE-1 F1: 0.5746
2025-05-03 11:01:14,926 - INFO - Paper 5180208 ROUGE-2 F1: 0.2195
2025-05-03 11:01:14,926 - INFO - Paper 5180208 ROUGE-L F1: 0.3209
2025-05-03 11:01:14,926 - INFO - Using default tokenizer.
2025-05-03 11:01:15,179 - INFO - Paper 597051 ROUGE-1 F1: 0.5510
2025-05-03 11:01:15,179 - INFO - Paper 597051 ROUGE-2 F1: 0.1410
2025-05-03 11:01:15,180 - INFO - Paper 597051 ROUGE-L F1: 0.2106
2025-05-03 11:01:15,180 - INFO - Using default tokenizer.
2025-05-03 11:01:15,685 - INFO - Paper 23313716 ROUGE-1 F1: 0.7601
2025-05-03 11:01:15,685 - INFO - Paper 23313716 ROUGE-2 F1: 0.5282
2025-05-03 11:01:15,685 - INFO - Paper 23313716 ROUGE-L F1: 0.5798
2025-05-03 11:01:15,685 - INFO - Using default tokenizer.
2025-05-03 11:01:15,738 - INFO - Paper 88969640 ROUGE-1 F1: 0.5297
2025-05-03 11:01:15,738 - INFO - Paper 88969640 ROUGE-2 F1: 0.1787
2025-05-03 11:01:15,738 - INFO - Paper 88969640 ROUGE-L F1: 0.2723
2025-05-03 11:01:15,739 - INFO - Using default tokenizer.
2025-05-03 11:01:16,161 - INFO - Paper 83267919 ROUGE-1 F1: 0.6240
2025-05-03 11:01:16,162 - INFO - Paper 83267919 ROUGE-2 F1: 0.3574
2025-05-03 11:01:16,162 - INFO - Paper 83267919 ROUGE-L F1: 0.4244
2025-05-03 11:01:16,162 - INFO - Using default tokenizer.
2025-05-03 11:01:16,166 - INFO - Paper 73424952 ROUGE-1 F1: 0.2150
2025-05-03 11:01:16,166 - INFO - Paper 73424952 ROUGE-2 F1: 0.0943
2025-05-03 11:01:16,166 - INFO - Paper 73424952 ROUGE-L F1: 0.1495
2025-05-03 11:01:16,166 - INFO - Using default tokenizer.
2025-05-03 11:01:16,692 - INFO - Paper 66912872 ROUGE-1 F1: 0.7424
2025-05-03 11:01:16,692 - INFO - Paper 66912872 ROUGE-2 F1: 0.4462
2025-05-03 11:01:16,692 - INFO - Paper 66912872 ROUGE-L F1: 0.4929
2025-05-03 11:01:16,692 - INFO - Using default tokenizer.
2025-05-03 11:01:17,001 - INFO - Paper 2899329 ROUGE-1 F1: 0.5461
2025-05-03 11:01:17,001 - INFO - Paper 2899329 ROUGE-2 F1: 0.1658
2025-05-03 11:01:17,001 - INFO - Paper 2899329 ROUGE-L F1: 0.2494
2025-05-03 11:01:17,001 - INFO - Using default tokenizer.
2025-05-03 11:01:17,210 - INFO - Paper 56196 ROUGE-1 F1: 0.6094
2025-05-03 11:01:17,210 - INFO - Paper 56196 ROUGE-2 F1: 0.2574
2025-05-03 11:01:17,210 - INFO - Paper 56196 ROUGE-L F1: 0.3461
2025-05-03 11:01:17,210 - INFO - Using default tokenizer.
2025-05-03 11:01:17,385 - INFO - Paper 30189879 ROUGE-1 F1: 0.6314
2025-05-03 11:01:17,385 - INFO - Paper 30189879 ROUGE-2 F1: 0.2966
2025-05-03 11:01:17,385 - INFO - Paper 30189879 ROUGE-L F1: 0.4008
2025-05-03 11:01:17,386 - INFO - Using default tokenizer.
2025-05-03 11:01:17,600 - INFO - Paper 91451160 ROUGE-1 F1: 0.7350
2025-05-03 11:01:17,600 - INFO - Paper 91451160 ROUGE-2 F1: 0.5258
2025-05-03 11:01:17,600 - INFO - Paper 91451160 ROUGE-L F1: 0.5882
2025-05-03 11:01:17,600 - INFO - Using default tokenizer.
2025-05-03 11:01:17,611 - INFO - Paper 66403710 ROUGE-1 F1: 0.1704
2025-05-03 11:01:17,611 - INFO - Paper 66403710 ROUGE-2 F1: 0.0450
2025-05-03 11:01:17,611 - INFO - Paper 66403710 ROUGE-L F1: 0.1076
2025-05-03 11:01:17,611 - INFO - Using default tokenizer.
2025-05-03 11:01:17,704 - INFO - Paper 55410278 ROUGE-1 F1: 0.5478
2025-05-03 11:01:17,704 - INFO - Paper 55410278 ROUGE-2 F1: 0.1880
2025-05-03 11:01:17,704 - INFO - Paper 55410278 ROUGE-L F1: 0.2720
2025-05-03 11:01:17,705 - INFO - Using default tokenizer.
2025-05-03 11:01:18,021 - INFO - Paper 21050319 ROUGE-1 F1: 0.7725
2025-05-03 11:01:18,021 - INFO - Paper 21050319 ROUGE-2 F1: 0.5979
2025-05-03 11:01:18,021 - INFO - Paper 21050319 ROUGE-L F1: 0.6401
2025-05-03 11:01:18,021 - INFO - Using default tokenizer.
2025-05-03 11:01:18,421 - INFO - Paper 24169489 ROUGE-1 F1: 0.7830
2025-05-03 11:01:18,421 - INFO - Paper 24169489 ROUGE-2 F1: 0.6148
2025-05-03 11:01:18,422 - INFO - Paper 24169489 ROUGE-L F1: 0.6599
2025-05-03 11:01:18,422 - INFO - Using default tokenizer.
2025-05-03 11:01:18,611 - INFO - Paper 15757806 ROUGE-1 F1: 0.5589
2025-05-03 11:01:18,611 - INFO - Paper 15757806 ROUGE-2 F1: 0.1347
2025-05-03 11:01:18,611 - INFO - Paper 15757806 ROUGE-L F1: 0.2367
2025-05-03 11:01:18,611 - INFO - Using default tokenizer.
2025-05-03 11:01:18,659 - INFO - Paper 21542239 ROUGE-1 F1: 0.4757
2025-05-03 11:01:18,659 - INFO - Paper 21542239 ROUGE-2 F1: 0.1385
2025-05-03 11:01:18,659 - INFO - Paper 21542239 ROUGE-L F1: 0.2353
2025-05-03 11:01:18,659 - INFO - Using default tokenizer.
2025-05-03 11:01:18,668 - INFO - Paper 48074885 ROUGE-1 F1: 0.0258
2025-05-03 11:01:18,668 - INFO - Paper 48074885 ROUGE-2 F1: 0.0000
2025-05-03 11:01:18,668 - INFO - Paper 48074885 ROUGE-L F1: 0.0193
2025-05-03 11:01:18,668 - INFO - Using default tokenizer.
2025-05-03 11:01:18,714 - INFO - Paper 63511892 ROUGE-1 F1: 0.6534
2025-05-03 11:01:18,714 - INFO - Paper 63511892 ROUGE-2 F1: 0.4394
2025-05-03 11:01:18,714 - INFO - Paper 63511892 ROUGE-L F1: 0.4940
2025-05-03 11:01:18,714 - INFO - Using default tokenizer.
2025-05-03 11:01:18,777 - INFO - Paper 57228237 ROUGE-1 F1: 0.5625
2025-05-03 11:01:18,777 - INFO - Paper 57228237 ROUGE-2 F1: 0.2975
2025-05-03 11:01:18,777 - INFO - Paper 57228237 ROUGE-L F1: 0.3795
2025-05-03 11:01:18,777 - INFO - Using default tokenizer.
2025-05-03 11:01:19,183 - INFO - Paper 75962230 ROUGE-1 F1: 0.7143
2025-05-03 11:01:19,183 - INFO - Paper 75962230 ROUGE-2 F1: 0.5206
2025-05-03 11:01:19,183 - INFO - Paper 75962230 ROUGE-L F1: 0.5704
2025-05-03 11:01:19,184 - INFO - Using default tokenizer.
2025-05-03 11:01:19,683 - INFO - Paper 39674358 ROUGE-1 F1: 0.8481
2025-05-03 11:01:19,684 - INFO - Paper 39674358 ROUGE-2 F1: 0.7064
2025-05-03 11:01:19,684 - INFO - Paper 39674358 ROUGE-L F1: 0.7387
2025-05-03 11:01:19,684 - INFO - Using default tokenizer.
2025-05-03 11:01:20,104 - INFO - Paper 5550259 ROUGE-1 F1: 0.6538
2025-05-03 11:01:20,104 - INFO - Paper 5550259 ROUGE-2 F1: 0.3461
2025-05-03 11:01:20,104 - INFO - Paper 5550259 ROUGE-L F1: 0.4060
2025-05-03 11:01:20,105 - INFO - Using default tokenizer.
2025-05-03 11:01:20,184 - INFO - Paper 59485457 ROUGE-1 F1: 0.4854
2025-05-03 11:01:20,184 - INFO - Paper 59485457 ROUGE-2 F1: 0.1171
2025-05-03 11:01:20,184 - INFO - Paper 59485457 ROUGE-L F1: 0.2135
2025-05-03 11:01:20,184 - INFO - Using default tokenizer.
2025-05-03 11:01:20,191 - INFO - Paper 31543932 ROUGE-1 F1: 0.4382
2025-05-03 11:01:20,191 - INFO - Paper 31543932 ROUGE-2 F1: 0.1285
2025-05-03 11:01:20,191 - INFO - Paper 31543932 ROUGE-L F1: 0.2470
2025-05-03 11:01:20,191 - INFO - Using default tokenizer.
2025-05-03 11:01:20,220 - INFO - Paper 43687503 ROUGE-1 F1: 0.4039
2025-05-03 11:01:20,220 - INFO - Paper 43687503 ROUGE-2 F1: 0.0980
2025-05-03 11:01:20,220 - INFO - Paper 43687503 ROUGE-L F1: 0.1857
2025-05-03 11:01:20,221 - INFO - Using default tokenizer.
2025-05-03 11:01:20,237 - INFO - Paper 18304114 ROUGE-1 F1: 0.3871
2025-05-03 11:01:20,237 - INFO - Paper 18304114 ROUGE-2 F1: 0.0509
2025-05-03 11:01:20,237 - INFO - Paper 18304114 ROUGE-L F1: 0.1751
2025-05-03 11:01:20,237 - INFO - Using default tokenizer.
2025-05-03 11:01:20,297 - INFO - Paper 63755811 ROUGE-1 F1: 0.5914
2025-05-03 11:01:20,298 - INFO - Paper 63755811 ROUGE-2 F1: 0.3524
2025-05-03 11:01:20,298 - INFO - Paper 63755811 ROUGE-L F1: 0.4284
2025-05-03 11:01:20,298 - INFO - Using default tokenizer.
2025-05-03 11:01:20,401 - INFO - Paper 93460473 ROUGE-1 F1: 0.6200
2025-05-03 11:01:20,401 - INFO - Paper 93460473 ROUGE-2 F1: 0.3354
2025-05-03 11:01:20,401 - INFO - Paper 93460473 ROUGE-L F1: 0.4535
2025-05-03 11:01:20,402 - INFO - Using default tokenizer.
2025-05-03 11:01:20,435 - INFO - Paper 70691684 ROUGE-1 F1: 0.4234
2025-05-03 11:01:20,435 - INFO - Paper 70691684 ROUGE-2 F1: 0.1204
2025-05-03 11:01:20,435 - INFO - Paper 70691684 ROUGE-L F1: 0.2306
2025-05-03 11:01:20,436 - INFO - Using default tokenizer.
2025-05-03 11:01:20,584 - INFO - Paper 87827594 ROUGE-1 F1: 0.5910
2025-05-03 11:01:20,585 - INFO - Paper 87827594 ROUGE-2 F1: 0.1472
2025-05-03 11:01:20,585 - INFO - Paper 87827594 ROUGE-L F1: 0.2256
2025-05-03 11:01:20,585 - INFO - Using default tokenizer.
2025-05-03 11:01:20,635 - INFO - Paper 56472821 ROUGE-1 F1: 0.5678
2025-05-03 11:01:20,635 - INFO - Paper 56472821 ROUGE-2 F1: 0.3231
2025-05-03 11:01:20,635 - INFO - Paper 56472821 ROUGE-L F1: 0.4118
2025-05-03 11:01:20,635 - INFO - Using default tokenizer.
2025-05-03 11:01:20,877 - INFO - Paper 30621133 ROUGE-1 F1: 0.6824
2025-05-03 11:01:20,877 - INFO - Paper 30621133 ROUGE-2 F1: 0.3208
2025-05-03 11:01:20,877 - INFO - Paper 30621133 ROUGE-L F1: 0.3424
2025-05-03 11:01:20,878 - INFO - Using default tokenizer.
2025-05-03 11:01:20,903 - INFO - Paper 79512250 ROUGE-1 F1: 0.5594
2025-05-03 11:01:20,903 - INFO - Paper 79512250 ROUGE-2 F1: 0.2202
2025-05-03 11:01:20,903 - INFO - Paper 79512250 ROUGE-L F1: 0.3291
2025-05-03 11:01:20,903 - INFO - Using default tokenizer.
2025-05-03 11:01:20,958 - INFO - Paper 7590139 ROUGE-1 F1: 0.4986
2025-05-03 11:01:20,958 - INFO - Paper 7590139 ROUGE-2 F1: 0.0833
2025-05-03 11:01:20,958 - INFO - Paper 7590139 ROUGE-L F1: 0.1994
2025-05-03 11:01:20,958 - INFO - Using default tokenizer.
2025-05-03 11:01:21,323 - INFO - Paper 13040160 ROUGE-1 F1: 0.7135
2025-05-03 11:01:21,323 - INFO - Paper 13040160 ROUGE-2 F1: 0.5103
2025-05-03 11:01:21,323 - INFO - Paper 13040160 ROUGE-L F1: 0.5538
2025-05-03 11:01:21,323 - INFO - Using default tokenizer.
2025-05-03 11:01:22,016 - INFO - Paper 45795840 ROUGE-1 F1: 0.8055
2025-05-03 11:01:22,016 - INFO - Paper 45795840 ROUGE-2 F1: 0.5878
2025-05-03 11:01:22,016 - INFO - Paper 45795840 ROUGE-L F1: 0.6529
2025-05-03 11:01:22,017 - INFO - Using default tokenizer.
2025-05-03 11:01:22,064 - INFO - Paper 50438213 ROUGE-1 F1: 0.4764
2025-05-03 11:01:22,064 - INFO - Paper 50438213 ROUGE-2 F1: 0.1215
2025-05-03 11:01:22,064 - INFO - Paper 50438213 ROUGE-L F1: 0.2180
2025-05-03 11:01:22,064 - INFO - Using default tokenizer.
2025-05-03 11:01:22,540 - INFO - Paper 13793499 ROUGE-1 F1: 0.7283
2025-05-03 11:01:22,540 - INFO - Paper 13793499 ROUGE-2 F1: 0.4984
2025-05-03 11:01:22,541 - INFO - Paper 13793499 ROUGE-L F1: 0.5572
2025-05-03 11:01:22,541 - INFO - Using default tokenizer.
2025-05-03 11:01:23,008 - INFO - Paper 41840073 ROUGE-1 F1: 0.7199
2025-05-03 11:01:23,008 - INFO - Paper 41840073 ROUGE-2 F1: 0.4351
2025-05-03 11:01:23,008 - INFO - Paper 41840073 ROUGE-L F1: 0.4938
2025-05-03 11:01:23,008 - INFO - Using default tokenizer.
2025-05-03 11:01:23,446 - INFO - Paper 31194274 ROUGE-1 F1: 0.7750
2025-05-03 11:01:23,446 - INFO - Paper 31194274 ROUGE-2 F1: 0.5877
2025-05-03 11:01:23,446 - INFO - Paper 31194274 ROUGE-L F1: 0.6078
2025-05-03 11:01:23,446 - INFO - Using default tokenizer.
2025-05-03 11:01:23,768 - INFO - Paper 28037079 ROUGE-1 F1: 0.6754
2025-05-03 11:01:23,768 - INFO - Paper 28037079 ROUGE-2 F1: 0.3692
2025-05-03 11:01:23,768 - INFO - Paper 28037079 ROUGE-L F1: 0.4584
2025-05-03 11:01:23,769 - INFO - Using default tokenizer.
2025-05-03 11:01:23,825 - INFO - Paper 96831204 ROUGE-1 F1: 0.5281
2025-05-03 11:01:23,825 - INFO - Paper 96831204 ROUGE-2 F1: 0.1413
2025-05-03 11:01:23,825 - INFO - Paper 96831204 ROUGE-L F1: 0.2389
2025-05-03 11:01:23,825 - INFO - Using default tokenizer.
2025-05-03 11:01:24,028 - INFO - Paper 13187019 ROUGE-1 F1: 0.6281
2025-05-03 11:01:24,028 - INFO - Paper 13187019 ROUGE-2 F1: 0.4080
2025-05-03 11:01:24,028 - INFO - Paper 13187019 ROUGE-L F1: 0.4244
2025-05-03 11:01:24,029 - INFO - Using default tokenizer.
2025-05-03 11:01:24,347 - INFO - Paper 40771210 ROUGE-1 F1: 0.6196
2025-05-03 11:01:24,347 - INFO - Paper 40771210 ROUGE-2 F1: 0.2963
2025-05-03 11:01:24,347 - INFO - Paper 40771210 ROUGE-L F1: 0.3434
2025-05-03 11:01:24,348 - INFO - Using default tokenizer.
2025-05-03 11:01:24,485 - INFO - Paper 35973587 ROUGE-1 F1: 0.4841
2025-05-03 11:01:24,486 - INFO - Paper 35973587 ROUGE-2 F1: 0.0970
2025-05-03 11:01:24,486 - INFO - Paper 35973587 ROUGE-L F1: 0.1997
2025-05-03 11:01:24,486 - INFO - Using default tokenizer.
2025-05-03 11:01:24,532 - INFO - Paper 96217072 ROUGE-1 F1: 0.5917
2025-05-03 11:01:24,532 - INFO - Paper 96217072 ROUGE-2 F1: 0.2443
2025-05-03 11:01:24,532 - INFO - Paper 96217072 ROUGE-L F1: 0.3400
2025-05-03 11:01:24,532 - INFO - Using default tokenizer.
2025-05-03 11:01:25,038 - INFO - Paper 5225266 ROUGE-1 F1: 0.7532
2025-05-03 11:01:25,038 - INFO - Paper 5225266 ROUGE-2 F1: 0.5330
2025-05-03 11:01:25,038 - INFO - Paper 5225266 ROUGE-L F1: 0.5700
2025-05-03 11:01:25,038 - INFO - Using default tokenizer.
2025-05-03 11:01:25,592 - INFO - Paper 43018598 ROUGE-1 F1: 0.7209
2025-05-03 11:01:25,592 - INFO - Paper 43018598 ROUGE-2 F1: 0.3949
2025-05-03 11:01:25,592 - INFO - Paper 43018598 ROUGE-L F1: 0.4389
2025-05-03 11:01:25,593 - INFO - Using default tokenizer.
2025-05-03 11:01:25,892 - INFO - Paper 38469042 ROUGE-1 F1: 0.7423
2025-05-03 11:01:25,892 - INFO - Paper 38469042 ROUGE-2 F1: 0.4572
2025-05-03 11:01:25,892 - INFO - Paper 38469042 ROUGE-L F1: 0.5340
2025-05-03 11:01:25,893 - INFO - Using default tokenizer.
2025-05-03 11:01:26,119 - INFO - Paper 80770343 ROUGE-1 F1: 0.4688
2025-05-03 11:01:26,119 - INFO - Paper 80770343 ROUGE-2 F1: 0.1128
2025-05-03 11:01:26,119 - INFO - Paper 80770343 ROUGE-L F1: 0.2182
2025-05-03 11:01:26,119 - INFO - Using default tokenizer.
2025-05-03 11:01:26,572 - INFO - Paper 90525296 ROUGE-1 F1: 0.7234
2025-05-03 11:01:26,572 - INFO - Paper 90525296 ROUGE-2 F1: 0.4683
2025-05-03 11:01:26,572 - INFO - Paper 90525296 ROUGE-L F1: 0.5151
2025-05-03 11:01:26,573 - INFO - Using default tokenizer.
2025-05-03 11:01:26,601 - INFO - Paper 47397989 ROUGE-1 F1: 0.4139
2025-05-03 11:01:26,601 - INFO - Paper 47397989 ROUGE-2 F1: 0.0930
2025-05-03 11:01:26,601 - INFO - Paper 47397989 ROUGE-L F1: 0.1854
2025-05-03 11:01:26,601 - INFO - Using default tokenizer.
2025-05-03 11:01:26,612 - INFO - Paper 70481957 ROUGE-1 F1: 0.2493
2025-05-03 11:01:26,613 - INFO - Paper 70481957 ROUGE-2 F1: 0.0456
2025-05-03 11:01:26,613 - INFO - Paper 70481957 ROUGE-L F1: 0.1303
2025-05-03 11:01:26,613 - INFO - Using default tokenizer.
2025-05-03 11:01:26,841 - INFO - Paper 40883301 ROUGE-1 F1: 0.5199
2025-05-03 11:01:26,841 - INFO - Paper 40883301 ROUGE-2 F1: 0.1477
2025-05-03 11:01:26,841 - INFO - Paper 40883301 ROUGE-L F1: 0.2283
2025-05-03 11:01:26,841 - INFO - Using default tokenizer.
2025-05-03 11:01:26,878 - INFO - Paper 34187605 ROUGE-1 F1: 0.4201
2025-05-03 11:01:26,879 - INFO - Paper 34187605 ROUGE-2 F1: 0.1009
2025-05-03 11:01:26,879 - INFO - Paper 34187605 ROUGE-L F1: 0.2130
2025-05-03 11:01:26,879 - INFO - Using default tokenizer.
2025-05-03 11:01:26,957 - INFO - Paper 93598871 ROUGE-1 F1: 0.4597
2025-05-03 11:01:26,957 - INFO - Paper 93598871 ROUGE-2 F1: 0.1181
2025-05-03 11:01:26,957 - INFO - Paper 93598871 ROUGE-L F1: 0.2063
2025-05-03 11:01:26,957 - INFO - Using default tokenizer.
2025-05-03 11:01:27,400 - INFO - Paper 73180675 ROUGE-1 F1: 0.5346
2025-05-03 11:01:27,400 - INFO - Paper 73180675 ROUGE-2 F1: 0.1907
2025-05-03 11:01:27,400 - INFO - Paper 73180675 ROUGE-L F1: 0.2501
2025-05-03 11:01:27,401 - INFO - Using default tokenizer.
2025-05-03 11:01:27,491 - INFO - Paper 46416317 ROUGE-1 F1: 0.4554
2025-05-03 11:01:27,491 - INFO - Paper 46416317 ROUGE-2 F1: 0.0987
2025-05-03 11:01:27,491 - INFO - Paper 46416317 ROUGE-L F1: 0.2063
2025-05-03 11:01:27,491 - INFO - Using default tokenizer.
2025-05-03 11:01:27,678 - INFO - Paper 82387857 ROUGE-1 F1: 0.6970
2025-05-03 11:01:27,678 - INFO - Paper 82387857 ROUGE-2 F1: 0.4219
2025-05-03 11:01:27,678 - INFO - Paper 82387857 ROUGE-L F1: 0.4811
2025-05-03 11:01:27,678 - INFO - Using default tokenizer.
2025-05-03 11:01:27,723 - INFO - Paper 55048906 ROUGE-1 F1: 0.4596
2025-05-03 11:01:27,723 - INFO - Paper 55048906 ROUGE-2 F1: 0.1152
2025-05-03 11:01:27,723 - INFO - Paper 55048906 ROUGE-L F1: 0.2244
2025-05-03 11:01:27,723 - INFO - Using default tokenizer.
2025-05-03 11:01:27,732 - INFO - Paper 80004741 ROUGE-1 F1: 0.4247
2025-05-03 11:01:27,732 - INFO - Paper 80004741 ROUGE-2 F1: 0.0759
2025-05-03 11:01:27,732 - INFO - Paper 80004741 ROUGE-L F1: 0.2260
2025-05-03 11:01:27,732 - INFO - Using default tokenizer.
2025-05-03 11:01:28,189 - INFO - Paper 87041789 ROUGE-1 F1: 0.6847
2025-05-03 11:01:28,189 - INFO - Paper 87041789 ROUGE-2 F1: 0.3931
2025-05-03 11:01:28,189 - INFO - Paper 87041789 ROUGE-L F1: 0.4321
2025-05-03 11:01:28,189 - INFO - Using default tokenizer.
2025-05-03 11:01:28,206 - INFO - Paper 21532550 ROUGE-1 F1: 0.4009
2025-05-03 11:01:28,206 - INFO - Paper 21532550 ROUGE-2 F1: 0.1074
2025-05-03 11:01:28,206 - INFO - Paper 21532550 ROUGE-L F1: 0.1960
2025-05-03 11:01:28,206 - INFO - Using default tokenizer.
2025-05-03 11:01:28,384 - INFO - Paper 26105266 ROUGE-1 F1: 0.4950
2025-05-03 11:01:28,384 - INFO - Paper 26105266 ROUGE-2 F1: 0.1309
2025-05-03 11:01:28,384 - INFO - Paper 26105266 ROUGE-L F1: 0.2175
2025-05-03 11:01:28,385 - INFO - Using default tokenizer.
2025-05-03 11:01:28,801 - INFO - Paper 32338938 ROUGE-1 F1: 0.7128
2025-05-03 11:01:28,801 - INFO - Paper 32338938 ROUGE-2 F1: 0.4876
2025-05-03 11:01:28,801 - INFO - Paper 32338938 ROUGE-L F1: 0.5342
2025-05-03 11:01:28,802 - INFO - Using default tokenizer.
2025-05-03 11:01:28,836 - INFO - Paper 63531440 ROUGE-1 F1: 0.4706
2025-05-03 11:01:28,836 - INFO - Paper 63531440 ROUGE-2 F1: 0.1120
2025-05-03 11:01:28,836 - INFO - Paper 63531440 ROUGE-L F1: 0.2081
2025-05-03 11:01:28,836 - INFO - Using default tokenizer.
2025-05-03 11:01:28,888 - INFO - Paper 26473847 ROUGE-1 F1: 0.4701
2025-05-03 11:01:28,888 - INFO - Paper 26473847 ROUGE-2 F1: 0.0948
2025-05-03 11:01:28,888 - INFO - Paper 26473847 ROUGE-L F1: 0.2214
2025-05-03 11:01:28,888 - INFO - Using default tokenizer.
2025-05-03 11:01:28,980 - INFO - Paper 54139177 ROUGE-1 F1: 0.6722
2025-05-03 11:01:28,980 - INFO - Paper 54139177 ROUGE-2 F1: 0.4514
2025-05-03 11:01:28,980 - INFO - Paper 54139177 ROUGE-L F1: 0.5134
2025-05-03 11:01:28,981 - INFO - Using default tokenizer.
2025-05-03 11:01:29,053 - INFO - Paper 98238949 ROUGE-1 F1: 0.6141
2025-05-03 11:01:29,053 - INFO - Paper 98238949 ROUGE-2 F1: 0.2564
2025-05-03 11:01:29,053 - INFO - Paper 98238949 ROUGE-L F1: 0.3497
2025-05-03 11:01:29,053 - INFO - Using default tokenizer.
2025-05-03 11:01:29,060 - INFO - Paper 47798365 ROUGE-1 F1: 0.3984
2025-05-03 11:01:29,060 - INFO - Paper 47798365 ROUGE-2 F1: 0.0643
2025-05-03 11:01:29,060 - INFO - Paper 47798365 ROUGE-L F1: 0.1753
2025-05-03 11:01:29,060 - INFO - Using default tokenizer.
2025-05-03 11:01:29,426 - INFO - Paper 68399070 ROUGE-1 F1: 0.5602
2025-05-03 11:01:29,426 - INFO - Paper 68399070 ROUGE-2 F1: 0.1478
2025-05-03 11:01:29,426 - INFO - Paper 68399070 ROUGE-L F1: 0.2372
2025-05-03 11:01:29,427 - INFO - Using default tokenizer.
2025-05-03 11:01:29,464 - INFO - Paper 76514111 ROUGE-1 F1: 0.4552
2025-05-03 11:01:29,464 - INFO - Paper 76514111 ROUGE-2 F1: 0.1126
2025-05-03 11:01:29,464 - INFO - Paper 76514111 ROUGE-L F1: 0.2671
2025-05-03 11:01:29,465 - INFO - Using default tokenizer.
2025-05-03 11:01:29,489 - INFO - Paper 69537377 ROUGE-1 F1: 0.5626
2025-05-03 11:01:29,490 - INFO - Paper 69537377 ROUGE-2 F1: 0.1897
2025-05-03 11:01:29,490 - INFO - Paper 69537377 ROUGE-L F1: 0.3573
2025-05-03 11:01:29,490 - INFO - Using default tokenizer.
2025-05-03 11:01:29,600 - INFO - Paper 91637218 ROUGE-1 F1: 0.6167
2025-05-03 11:01:29,600 - INFO - Paper 91637218 ROUGE-2 F1: 0.2099
2025-05-03 11:01:29,600 - INFO - Paper 91637218 ROUGE-L F1: 0.3066
2025-05-03 11:01:29,600 - INFO - Using default tokenizer.
2025-05-03 11:01:30,142 - INFO - Paper 25710556 ROUGE-1 F1: 0.5452
2025-05-03 11:01:30,142 - INFO - Paper 25710556 ROUGE-2 F1: 0.1447
2025-05-03 11:01:30,142 - INFO - Paper 25710556 ROUGE-L F1: 0.2261
2025-05-03 11:01:30,142 - INFO - Using default tokenizer.
2025-05-03 11:01:30,169 - INFO - Paper 23242120 ROUGE-1 F1: 0.3401
2025-05-03 11:01:30,169 - INFO - Paper 23242120 ROUGE-2 F1: 0.0676
2025-05-03 11:01:30,169 - INFO - Paper 23242120 ROUGE-L F1: 0.1549
2025-05-03 11:01:30,170 - INFO - Using default tokenizer.
2025-05-03 11:01:30,236 - INFO - Paper 88049354 ROUGE-1 F1: 0.4610
2025-05-03 11:01:30,236 - INFO - Paper 88049354 ROUGE-2 F1: 0.1144
2025-05-03 11:01:30,236 - INFO - Paper 88049354 ROUGE-L F1: 0.2151
2025-05-03 11:01:30,236 - INFO - Using default tokenizer.
2025-05-03 11:01:30,445 - INFO - Paper 8264189 ROUGE-1 F1: 0.6284
2025-05-03 11:01:30,445 - INFO - Paper 8264189 ROUGE-2 F1: 0.2154
2025-05-03 11:01:30,445 - INFO - Paper 8264189 ROUGE-L F1: 0.2946
2025-05-03 11:01:30,445 - INFO - Using default tokenizer.
2025-05-03 11:01:30,590 - INFO - Paper 59320034 ROUGE-1 F1: 0.5445
2025-05-03 11:01:30,590 - INFO - Paper 59320034 ROUGE-2 F1: 0.1943
2025-05-03 11:01:30,590 - INFO - Paper 59320034 ROUGE-L F1: 0.2810
2025-05-03 11:01:30,590 - INFO - Using default tokenizer.
2025-05-03 11:01:30,928 - INFO - Paper 69467563 ROUGE-1 F1: 0.6134
2025-05-03 11:01:30,928 - INFO - Paper 69467563 ROUGE-2 F1: 0.3458
2025-05-03 11:01:30,928 - INFO - Paper 69467563 ROUGE-L F1: 0.4199
2025-05-03 11:01:30,929 - INFO - Using default tokenizer.
2025-05-03 11:01:31,002 - INFO - Paper 22127536 ROUGE-1 F1: 0.6444
2025-05-03 11:01:31,002 - INFO - Paper 22127536 ROUGE-2 F1: 0.3486
2025-05-03 11:01:31,002 - INFO - Paper 22127536 ROUGE-L F1: 0.4259
2025-05-03 11:01:31,002 - INFO - Using default tokenizer.
2025-05-03 11:01:31,047 - INFO - Paper 1055799 ROUGE-1 F1: 0.5064
2025-05-03 11:01:31,047 - INFO - Paper 1055799 ROUGE-2 F1: 0.1369
2025-05-03 11:01:31,047 - INFO - Paper 1055799 ROUGE-L F1: 0.2532
2025-05-03 11:01:31,047 - INFO - Using default tokenizer.
2025-05-03 11:01:31,241 - INFO - Paper 44148071 ROUGE-1 F1: 0.5892
2025-05-03 11:01:31,241 - INFO - Paper 44148071 ROUGE-2 F1: 0.1941
2025-05-03 11:01:31,241 - INFO - Paper 44148071 ROUGE-L F1: 0.2542
2025-05-03 11:01:31,241 - INFO - Using default tokenizer.
2025-05-03 11:01:31,380 - INFO - Paper 10374612 ROUGE-1 F1: 0.7573
2025-05-03 11:01:31,380 - INFO - Paper 10374612 ROUGE-2 F1: 0.5795
2025-05-03 11:01:31,380 - INFO - Paper 10374612 ROUGE-L F1: 0.6366
2025-05-03 11:01:31,381 - INFO - Using default tokenizer.
2025-05-03 11:01:31,399 - INFO - Paper 16280529 ROUGE-1 F1: 0.1624
2025-05-03 11:01:31,399 - INFO - Paper 16280529 ROUGE-2 F1: 0.0383
2025-05-03 11:01:31,399 - INFO - Paper 16280529 ROUGE-L F1: 0.1019
2025-05-03 11:01:31,399 - INFO - Using default tokenizer.
2025-05-03 11:01:31,513 - INFO - Paper 97932426 ROUGE-1 F1: 0.5916
2025-05-03 11:01:31,513 - INFO - Paper 97932426 ROUGE-2 F1: 0.2761
2025-05-03 11:01:31,513 - INFO - Paper 97932426 ROUGE-L F1: 0.4067
2025-05-03 11:01:31,513 - INFO - Using default tokenizer.
2025-05-03 11:01:31,562 - INFO - Paper 66226432 ROUGE-1 F1: 0.4785
2025-05-03 11:01:31,562 - INFO - Paper 66226432 ROUGE-2 F1: 0.1199
2025-05-03 11:01:31,562 - INFO - Paper 66226432 ROUGE-L F1: 0.1873
2025-05-03 11:01:31,562 - INFO - Using default tokenizer.
2025-05-03 11:01:31,713 - INFO - Paper 58308538 ROUGE-1 F1: 0.5254
2025-05-03 11:01:31,713 - INFO - Paper 58308538 ROUGE-2 F1: 0.2277
2025-05-03 11:01:31,713 - INFO - Paper 58308538 ROUGE-L F1: 0.2938
2025-05-03 11:01:31,714 - INFO - Using default tokenizer.
2025-05-03 11:01:32,184 - INFO - Paper 45765062 ROUGE-1 F1: 0.7416
2025-05-03 11:01:32,184 - INFO - Paper 45765062 ROUGE-2 F1: 0.4608
2025-05-03 11:01:32,184 - INFO - Paper 45765062 ROUGE-L F1: 0.5135
2025-05-03 11:01:32,184 - INFO - Using default tokenizer.
2025-05-03 11:01:32,549 - INFO - Paper 6827132 ROUGE-1 F1: 0.6552
2025-05-03 11:01:32,549 - INFO - Paper 6827132 ROUGE-2 F1: 0.3609
2025-05-03 11:01:32,549 - INFO - Paper 6827132 ROUGE-L F1: 0.4201
2025-05-03 11:01:32,550 - INFO - Using default tokenizer.
2025-05-03 11:01:32,591 - INFO - Paper 24000799 ROUGE-1 F1: 0.5938
2025-05-03 11:01:32,591 - INFO - Paper 24000799 ROUGE-2 F1: 0.2194
2025-05-03 11:01:32,591 - INFO - Paper 24000799 ROUGE-L F1: 0.3551
2025-05-03 11:01:32,591 - INFO - Using default tokenizer.
2025-05-03 11:01:32,957 - INFO - Paper 12239056 ROUGE-1 F1: 0.5792
2025-05-03 11:01:32,957 - INFO - Paper 12239056 ROUGE-2 F1: 0.1355
2025-05-03 11:01:32,957 - INFO - Paper 12239056 ROUGE-L F1: 0.2192
2025-05-03 11:01:32,957 - INFO - Using default tokenizer.
2025-05-03 11:01:33,417 - INFO - Paper 11112277 ROUGE-1 F1: 0.6108
2025-05-03 11:01:33,417 - INFO - Paper 11112277 ROUGE-2 F1: 0.2317
2025-05-03 11:01:33,417 - INFO - Paper 11112277 ROUGE-L F1: 0.2954
2025-05-03 11:01:33,418 - INFO - Using default tokenizer.
2025-05-03 11:01:33,945 - INFO - Paper 66357293 ROUGE-1 F1: 0.6862
2025-05-03 11:01:33,945 - INFO - Paper 66357293 ROUGE-2 F1: 0.3275
2025-05-03 11:01:33,945 - INFO - Paper 66357293 ROUGE-L F1: 0.3991
2025-05-03 11:01:33,945 - INFO - Using default tokenizer.
2025-05-03 11:01:33,962 - INFO - Paper 57613420 ROUGE-1 F1: 0.6014
2025-05-03 11:01:33,962 - INFO - Paper 57613420 ROUGE-2 F1: 0.3794
2025-05-03 11:01:33,962 - INFO - Paper 57613420 ROUGE-L F1: 0.4569
2025-05-03 11:01:33,962 - INFO - Using default tokenizer.
2025-05-03 11:01:33,988 - INFO - Paper 92451519 ROUGE-1 F1: 0.5269
2025-05-03 11:01:33,988 - INFO - Paper 92451519 ROUGE-2 F1: 0.2482
2025-05-03 11:01:33,988 - INFO - Paper 92451519 ROUGE-L F1: 0.3369
2025-05-03 11:01:33,988 - INFO - Using default tokenizer.
2025-05-03 11:01:34,014 - INFO - Paper 11790475 ROUGE-1 F1: 0.5549
2025-05-03 11:01:34,014 - INFO - Paper 11790475 ROUGE-2 F1: 0.2605
2025-05-03 11:01:34,014 - INFO - Paper 11790475 ROUGE-L F1: 0.3234
2025-05-03 11:01:34,014 - INFO - Using default tokenizer.
2025-05-03 11:01:34,519 - INFO - Paper 79305631 ROUGE-1 F1: 0.7311
2025-05-03 11:01:34,519 - INFO - Paper 79305631 ROUGE-2 F1: 0.4312
2025-05-03 11:01:34,519 - INFO - Paper 79305631 ROUGE-L F1: 0.5061
2025-05-03 11:01:34,519 - INFO - Using default tokenizer.
2025-05-03 11:01:35,083 - INFO - Paper 37479343 ROUGE-1 F1: 0.7047
2025-05-03 11:01:35,083 - INFO - Paper 37479343 ROUGE-2 F1: 0.4145
2025-05-03 11:01:35,083 - INFO - Paper 37479343 ROUGE-L F1: 0.4676
2025-05-03 11:01:35,083 - INFO - Using default tokenizer.
2025-05-03 11:01:35,283 - INFO - Paper 32533290 ROUGE-1 F1: 0.5421
2025-05-03 11:01:35,284 - INFO - Paper 32533290 ROUGE-2 F1: 0.1586
2025-05-03 11:01:35,284 - INFO - Paper 32533290 ROUGE-L F1: 0.2215
2025-05-03 11:01:35,284 - INFO - Using default tokenizer.
2025-05-03 11:01:35,356 - INFO - Paper 62302416 ROUGE-1 F1: 0.4398
2025-05-03 11:01:35,356 - INFO - Paper 62302416 ROUGE-2 F1: 0.0790
2025-05-03 11:01:35,356 - INFO - Paper 62302416 ROUGE-L F1: 0.1784
2025-05-03 11:01:35,356 - INFO - Using default tokenizer.
2025-05-03 11:01:35,386 - INFO - Paper 65062778 ROUGE-1 F1: 0.4635
2025-05-03 11:01:35,386 - INFO - Paper 65062778 ROUGE-2 F1: 0.1854
2025-05-03 11:01:35,387 - INFO - Paper 65062778 ROUGE-L F1: 0.2658
2025-05-03 11:01:35,387 - INFO - Using default tokenizer.
2025-05-03 11:01:35,626 - INFO - Paper 82220044 ROUGE-1 F1: 0.7367
2025-05-03 11:01:35,626 - INFO - Paper 82220044 ROUGE-2 F1: 0.4974
2025-05-03 11:01:35,626 - INFO - Paper 82220044 ROUGE-L F1: 0.5414
2025-05-03 11:01:35,627 - INFO - Using default tokenizer.
2025-05-03 11:01:35,660 - INFO - Paper 39570633 ROUGE-1 F1: 0.4724
2025-05-03 11:01:35,660 - INFO - Paper 39570633 ROUGE-2 F1: 0.1354
2025-05-03 11:01:35,660 - INFO - Paper 39570633 ROUGE-L F1: 0.2270
2025-05-03 11:01:35,660 - INFO - Using default tokenizer.
2025-05-03 11:01:35,679 - INFO - Paper 71225651 ROUGE-1 F1: 0.2389
2025-05-03 11:01:35,680 - INFO - Paper 71225651 ROUGE-2 F1: 0.0580
2025-05-03 11:01:35,680 - INFO - Paper 71225651 ROUGE-L F1: 0.1426
2025-05-03 11:01:35,680 - INFO - Using default tokenizer.
2025-05-03 11:01:35,968 - INFO - Paper 72529720 ROUGE-1 F1: 0.4934
2025-05-03 11:01:35,968 - INFO - Paper 72529720 ROUGE-2 F1: 0.1100
2025-05-03 11:01:35,968 - INFO - Paper 72529720 ROUGE-L F1: 0.2045
2025-05-03 11:01:35,968 - INFO - Using default tokenizer.
2025-05-03 11:01:36,126 - INFO - Paper 27321339 ROUGE-1 F1: 0.5433
2025-05-03 11:01:36,126 - INFO - Paper 27321339 ROUGE-2 F1: 0.1662
2025-05-03 11:01:36,126 - INFO - Paper 27321339 ROUGE-L F1: 0.2511
2025-05-03 11:01:36,127 - INFO - Using default tokenizer.
2025-05-03 11:01:36,211 - INFO - Paper 99878837 ROUGE-1 F1: 0.6373
2025-05-03 11:01:36,211 - INFO - Paper 99878837 ROUGE-2 F1: 0.3694
2025-05-03 11:01:36,211 - INFO - Paper 99878837 ROUGE-L F1: 0.4549
2025-05-03 11:01:36,211 - INFO - Using default tokenizer.
2025-05-03 11:01:36,404 - INFO - Paper 6777051 ROUGE-1 F1: 0.6561
2025-05-03 11:01:36,404 - INFO - Paper 6777051 ROUGE-2 F1: 0.3253
2025-05-03 11:01:36,404 - INFO - Paper 6777051 ROUGE-L F1: 0.4302
2025-05-03 11:01:36,404 - INFO - Using default tokenizer.
2025-05-03 11:01:36,537 - INFO - Paper 66099843 ROUGE-1 F1: 0.6020
2025-05-03 11:01:36,537 - INFO - Paper 66099843 ROUGE-2 F1: 0.2992
2025-05-03 11:01:36,537 - INFO - Paper 66099843 ROUGE-L F1: 0.3851
2025-05-03 11:01:36,537 - INFO - Using default tokenizer.
2025-05-03 11:01:37,159 - INFO - Paper 82626355 ROUGE-1 F1: 0.7313
2025-05-03 11:01:37,159 - INFO - Paper 82626355 ROUGE-2 F1: 0.4348
2025-05-03 11:01:37,159 - INFO - Paper 82626355 ROUGE-L F1: 0.4686
2025-05-03 11:01:37,159 - INFO - Using default tokenizer.
2025-05-03 11:01:37,807 - INFO - Paper 1873334 ROUGE-1 F1: 0.7616
2025-05-03 11:01:37,808 - INFO - Paper 1873334 ROUGE-2 F1: 0.4508
2025-05-03 11:01:37,808 - INFO - Paper 1873334 ROUGE-L F1: 0.5010
2025-05-03 11:01:37,808 - INFO - Using default tokenizer.
2025-05-03 11:01:37,906 - INFO - Paper 51458146 ROUGE-1 F1: 0.6092
2025-05-03 11:01:37,906 - INFO - Paper 51458146 ROUGE-2 F1: 0.3215
2025-05-03 11:01:37,906 - INFO - Paper 51458146 ROUGE-L F1: 0.4152
2025-05-03 11:01:37,907 - INFO - Using default tokenizer.
2025-05-03 11:01:37,916 - INFO - Paper 40774761 ROUGE-1 F1: 0.3849
2025-05-03 11:01:37,917 - INFO - Paper 40774761 ROUGE-2 F1: 0.1079
2025-05-03 11:01:37,917 - INFO - Paper 40774761 ROUGE-L F1: 0.2019
2025-05-03 11:01:37,917 - INFO - Using default tokenizer.
2025-05-03 11:01:37,980 - INFO - Paper 1907968 ROUGE-1 F1: 0.3454
2025-05-03 11:01:37,980 - INFO - Paper 1907968 ROUGE-2 F1: 0.0882
2025-05-03 11:01:37,980 - INFO - Paper 1907968 ROUGE-L F1: 0.1716
2025-05-03 11:01:37,980 - INFO - Using default tokenizer.
2025-05-03 11:01:38,516 - INFO - Paper 71546396 ROUGE-1 F1: 0.6912
2025-05-03 11:01:38,516 - INFO - Paper 71546396 ROUGE-2 F1: 0.3669
2025-05-03 11:01:38,516 - INFO - Paper 71546396 ROUGE-L F1: 0.4156
2025-05-03 11:01:38,516 - INFO - Using default tokenizer.
2025-05-03 11:01:38,835 - INFO - Paper 80421460 ROUGE-1 F1: 0.7108
2025-05-03 11:01:38,835 - INFO - Paper 80421460 ROUGE-2 F1: 0.4684
2025-05-03 11:01:38,835 - INFO - Paper 80421460 ROUGE-L F1: 0.5005
2025-05-03 11:01:38,836 - INFO - Using default tokenizer.
2025-05-03 11:01:39,172 - INFO - Paper 24824894 ROUGE-1 F1: 0.5992
2025-05-03 11:01:39,172 - INFO - Paper 24824894 ROUGE-2 F1: 0.3283
2025-05-03 11:01:39,172 - INFO - Paper 24824894 ROUGE-L F1: 0.3866
2025-05-03 11:01:39,172 - INFO - Using default tokenizer.
2025-05-03 11:01:39,225 - INFO - Paper 47698609 ROUGE-1 F1: 0.3451
2025-05-03 11:01:39,225 - INFO - Paper 47698609 ROUGE-2 F1: 0.1031
2025-05-03 11:01:39,226 - INFO - Paper 47698609 ROUGE-L F1: 0.1736
2025-05-03 11:01:39,226 - INFO - Using default tokenizer.
2025-05-03 11:01:39,642 - INFO - Paper 25766140 ROUGE-1 F1: 0.7315
2025-05-03 11:01:39,642 - INFO - Paper 25766140 ROUGE-2 F1: 0.4336
2025-05-03 11:01:39,642 - INFO - Paper 25766140 ROUGE-L F1: 0.4773
2025-05-03 11:01:39,642 - INFO - Using default tokenizer.
2025-05-03 11:01:39,687 - INFO - Paper 8799962 ROUGE-1 F1: 0.5743
2025-05-03 11:01:39,687 - INFO - Paper 8799962 ROUGE-2 F1: 0.1737
2025-05-03 11:01:39,687 - INFO - Paper 8799962 ROUGE-L F1: 0.2713
2025-05-03 11:01:39,687 - INFO - Using default tokenizer.
2025-05-03 11:01:40,038 - INFO - Paper 65756728 ROUGE-1 F1: 0.6067
2025-05-03 11:01:40,038 - INFO - Paper 65756728 ROUGE-2 F1: 0.1912
2025-05-03 11:01:40,038 - INFO - Paper 65756728 ROUGE-L F1: 0.2753
2025-05-03 11:01:40,039 - INFO - Using default tokenizer.
2025-05-03 11:01:40,057 - INFO - Paper 49519055 ROUGE-1 F1: 0.4420
2025-05-03 11:01:40,057 - INFO - Paper 49519055 ROUGE-2 F1: 0.1187
2025-05-03 11:01:40,057 - INFO - Paper 49519055 ROUGE-L F1: 0.2144
2025-05-03 11:01:40,057 - INFO - Using default tokenizer.
2025-05-03 11:01:40,504 - INFO - Paper 4830217 ROUGE-1 F1: 0.8275
2025-05-03 11:01:40,504 - INFO - Paper 4830217 ROUGE-2 F1: 0.6505
2025-05-03 11:01:40,504 - INFO - Paper 4830217 ROUGE-L F1: 0.6817
2025-05-03 11:01:40,504 - INFO - Using default tokenizer.
2025-05-03 11:01:40,571 - INFO - Paper 66681632 ROUGE-1 F1: 0.5198
2025-05-03 11:01:40,571 - INFO - Paper 66681632 ROUGE-2 F1: 0.1170
2025-05-03 11:01:40,571 - INFO - Paper 66681632 ROUGE-L F1: 0.2115
2025-05-03 11:01:40,571 - INFO - Using default tokenizer.
2025-05-03 11:01:40,696 - INFO - Paper 60887948 ROUGE-1 F1: 0.6397
2025-05-03 11:01:40,697 - INFO - Paper 60887948 ROUGE-2 F1: 0.2538
2025-05-03 11:01:40,697 - INFO - Paper 60887948 ROUGE-L F1: 0.3484
2025-05-03 11:01:40,697 - INFO - Using default tokenizer.
2025-05-03 11:01:41,027 - INFO - Paper 21145042 ROUGE-1 F1: 0.5523
2025-05-03 11:01:41,027 - INFO - Paper 21145042 ROUGE-2 F1: 0.2959
2025-05-03 11:01:41,027 - INFO - Paper 21145042 ROUGE-L F1: 0.3441
2025-05-03 11:01:41,028 - INFO - Using default tokenizer.
2025-05-03 11:01:41,060 - INFO - Paper 10218080 ROUGE-1 F1: 0.4071
2025-05-03 11:01:41,060 - INFO - Paper 10218080 ROUGE-2 F1: 0.1383
2025-05-03 11:01:41,060 - INFO - Paper 10218080 ROUGE-L F1: 0.2051
2025-05-03 11:01:41,060 - INFO - Using default tokenizer.
2025-05-03 11:01:41,085 - INFO - Paper 6726365 ROUGE-1 F1: 0.1392
2025-05-03 11:01:41,085 - INFO - Paper 6726365 ROUGE-2 F1: 0.0322
2025-05-03 11:01:41,085 - INFO - Paper 6726365 ROUGE-L F1: 0.0830
2025-05-03 11:01:41,085 - INFO - Using default tokenizer.
2025-05-03 11:01:41,120 - INFO - Paper 98781755 ROUGE-1 F1: 0.5588
2025-05-03 11:01:41,120 - INFO - Paper 98781755 ROUGE-2 F1: 0.2328
2025-05-03 11:01:41,120 - INFO - Paper 98781755 ROUGE-L F1: 0.3420
2025-05-03 11:01:41,120 - INFO - Using default tokenizer.
2025-05-03 11:01:41,255 - INFO - Paper 72922440 ROUGE-1 F1: 0.5539
2025-05-03 11:01:41,255 - INFO - Paper 72922440 ROUGE-2 F1: 0.1395
2025-05-03 11:01:41,255 - INFO - Paper 72922440 ROUGE-L F1: 0.2448
2025-05-03 11:01:41,256 - INFO - Using default tokenizer.
2025-05-03 11:01:41,714 - INFO - Paper 97381495 ROUGE-1 F1: 0.8258
2025-05-03 11:01:41,714 - INFO - Paper 97381495 ROUGE-2 F1: 0.6579
2025-05-03 11:01:41,714 - INFO - Paper 97381495 ROUGE-L F1: 0.6820
2025-05-03 11:01:41,715 - INFO - Using default tokenizer.
2025-05-03 11:01:41,780 - INFO - Paper 70889889 ROUGE-1 F1: 0.3991
2025-05-03 11:01:41,780 - INFO - Paper 70889889 ROUGE-2 F1: 0.0696
2025-05-03 11:01:41,781 - INFO - Paper 70889889 ROUGE-L F1: 0.1584
2025-05-03 11:01:41,781 - INFO - Using default tokenizer.
2025-05-03 11:01:41,851 - INFO - Paper 39382584 ROUGE-1 F1: 0.4483
2025-05-03 11:01:41,851 - INFO - Paper 39382584 ROUGE-2 F1: 0.1156
2025-05-03 11:01:41,851 - INFO - Paper 39382584 ROUGE-L F1: 0.2307
2025-05-03 11:01:41,851 - INFO - Using default tokenizer.
2025-05-03 11:01:41,976 - INFO - Paper 26277001 ROUGE-1 F1: 0.7317
2025-05-03 11:01:41,976 - INFO - Paper 26277001 ROUGE-2 F1: 0.4181
2025-05-03 11:01:41,976 - INFO - Paper 26277001 ROUGE-L F1: 0.4609
2025-05-03 11:01:41,977 - INFO - Using default tokenizer.
2025-05-03 11:01:41,993 - INFO - Paper 36679338 ROUGE-1 F1: 0.5035
2025-05-03 11:01:41,993 - INFO - Paper 36679338 ROUGE-2 F1: 0.2367
2025-05-03 11:01:41,993 - INFO - Paper 36679338 ROUGE-L F1: 0.3464
2025-05-03 11:01:41,993 - INFO - Using default tokenizer.
2025-05-03 11:01:42,528 - INFO - Paper 87411149 ROUGE-1 F1: 0.7854
2025-05-03 11:01:42,528 - INFO - Paper 87411149 ROUGE-2 F1: 0.5627
2025-05-03 11:01:42,528 - INFO - Paper 87411149 ROUGE-L F1: 0.6262
2025-05-03 11:01:42,528 - INFO - Using default tokenizer.
2025-05-03 11:01:42,972 - INFO - Paper 16027177 ROUGE-1 F1: 0.5566
2025-05-03 11:01:42,972 - INFO - Paper 16027177 ROUGE-2 F1: 0.2073
2025-05-03 11:01:42,972 - INFO - Paper 16027177 ROUGE-L F1: 0.3003
2025-05-03 11:01:42,972 - INFO - Using default tokenizer.
2025-05-03 11:01:43,047 - INFO - Paper 75952682 ROUGE-1 F1: 0.4320
2025-05-03 11:01:43,047 - INFO - Paper 75952682 ROUGE-2 F1: 0.0976
2025-05-03 11:01:43,047 - INFO - Paper 75952682 ROUGE-L F1: 0.2110
2025-05-03 11:01:43,047 - INFO - Using default tokenizer.
2025-05-03 11:01:43,120 - INFO - Paper 42045072 ROUGE-1 F1: 0.3599
2025-05-03 11:01:43,120 - INFO - Paper 42045072 ROUGE-2 F1: 0.0678
2025-05-03 11:01:43,120 - INFO - Paper 42045072 ROUGE-L F1: 0.1570
2025-05-03 11:01:43,121 - INFO - Using default tokenizer.
2025-05-03 11:01:43,234 - INFO - Paper 86423785 ROUGE-1 F1: 0.6480
2025-05-03 11:01:43,234 - INFO - Paper 86423785 ROUGE-2 F1: 0.3132
2025-05-03 11:01:43,234 - INFO - Paper 86423785 ROUGE-L F1: 0.4210
2025-05-03 11:01:43,235 - INFO - Using default tokenizer.
2025-05-03 11:01:43,847 - INFO - Paper 50388820 ROUGE-1 F1: 0.7303
2025-05-03 11:01:43,847 - INFO - Paper 50388820 ROUGE-2 F1: 0.4214
2025-05-03 11:01:43,847 - INFO - Paper 50388820 ROUGE-L F1: 0.4737
2025-05-03 11:01:43,847 - INFO - Using default tokenizer.
2025-05-03 11:01:44,050 - INFO - Paper 82821959 ROUGE-1 F1: 0.6556
2025-05-03 11:01:44,050 - INFO - Paper 82821959 ROUGE-2 F1: 0.4005
2025-05-03 11:01:44,050 - INFO - Paper 82821959 ROUGE-L F1: 0.4690
2025-05-03 11:01:44,051 - INFO - Using default tokenizer.
2025-05-03 11:01:44,359 - INFO - Paper 92908954 ROUGE-1 F1: 0.7233
2025-05-03 11:01:44,359 - INFO - Paper 92908954 ROUGE-2 F1: 0.5212
2025-05-03 11:01:44,360 - INFO - Paper 92908954 ROUGE-L F1: 0.5719
2025-05-03 11:01:44,360 - INFO - Using default tokenizer.
2025-05-03 11:01:44,382 - INFO - Paper 11481096 ROUGE-1 F1: 0.5646
2025-05-03 11:01:44,382 - INFO - Paper 11481096 ROUGE-2 F1: 0.1836
2025-05-03 11:01:44,382 - INFO - Paper 11481096 ROUGE-L F1: 0.2903
2025-05-03 11:01:44,382 - INFO - Using default tokenizer.
2025-05-03 11:01:44,500 - INFO - Paper 65102009 ROUGE-1 F1: 0.6198
2025-05-03 11:01:44,500 - INFO - Paper 65102009 ROUGE-2 F1: 0.2621
2025-05-03 11:01:44,500 - INFO - Paper 65102009 ROUGE-L F1: 0.3647
2025-05-03 11:01:44,501 - INFO - Using default tokenizer.
2025-05-03 11:01:44,546 - INFO - Paper 19050347 ROUGE-1 F1: 0.4020
2025-05-03 11:01:44,546 - INFO - Paper 19050347 ROUGE-2 F1: 0.0846
2025-05-03 11:01:44,547 - INFO - Paper 19050347 ROUGE-L F1: 0.1787
2025-05-03 11:01:44,547 - INFO - Using default tokenizer.
2025-05-03 11:01:44,551 - INFO - Paper 90011197 ROUGE-1 F1: 0.0478
2025-05-03 11:01:44,551 - INFO - Paper 90011197 ROUGE-2 F1: 0.0000
2025-05-03 11:01:44,551 - INFO - Paper 90011197 ROUGE-L F1: 0.0273
2025-05-03 11:01:44,552 - INFO - Using default tokenizer.
2025-05-03 11:01:45,148 - INFO - Paper 33714440 ROUGE-1 F1: 0.7155
2025-05-03 11:01:45,148 - INFO - Paper 33714440 ROUGE-2 F1: 0.4424
2025-05-03 11:01:45,148 - INFO - Paper 33714440 ROUGE-L F1: 0.5005
2025-05-03 11:01:45,149 - INFO - Using default tokenizer.
2025-05-03 11:01:45,592 - INFO - Paper 23942242 ROUGE-1 F1: 0.7036
2025-05-03 11:01:45,593 - INFO - Paper 23942242 ROUGE-2 F1: 0.4083
2025-05-03 11:01:45,593 - INFO - Paper 23942242 ROUGE-L F1: 0.4604
2025-05-03 11:01:45,593 - INFO - Using default tokenizer.
2025-05-03 11:01:45,713 - INFO - Paper 7415123 ROUGE-1 F1: 0.6090
2025-05-03 11:01:45,713 - INFO - Paper 7415123 ROUGE-2 F1: 0.2476
2025-05-03 11:01:45,713 - INFO - Paper 7415123 ROUGE-L F1: 0.2859
2025-05-03 11:01:45,713 - INFO - Using default tokenizer.
2025-05-03 11:01:46,025 - INFO - Paper 61603670 ROUGE-1 F1: 0.7588
2025-05-03 11:01:46,025 - INFO - Paper 61603670 ROUGE-2 F1: 0.5657
2025-05-03 11:01:46,025 - INFO - Paper 61603670 ROUGE-L F1: 0.6236
2025-05-03 11:01:46,025 - INFO - Using default tokenizer.
2025-05-03 11:01:46,085 - INFO - Paper 51450104 ROUGE-1 F1: 0.5486
2025-05-03 11:01:46,085 - INFO - Paper 51450104 ROUGE-2 F1: 0.2135
2025-05-03 11:01:46,085 - INFO - Paper 51450104 ROUGE-L F1: 0.3310
2025-05-03 11:01:46,085 - INFO - Using default tokenizer.
2025-05-03 11:01:46,188 - INFO - Paper 46342402 ROUGE-1 F1: 0.4904
2025-05-03 11:01:46,189 - INFO - Paper 46342402 ROUGE-2 F1: 0.1101
2025-05-03 11:01:46,189 - INFO - Paper 46342402 ROUGE-L F1: 0.1937
2025-05-03 11:01:46,189 - INFO - Using default tokenizer.
2025-05-03 11:01:46,226 - INFO - Paper 12711637 ROUGE-1 F1: 0.6230
2025-05-03 11:01:46,226 - INFO - Paper 12711637 ROUGE-2 F1: 0.2481
2025-05-03 11:01:46,226 - INFO - Paper 12711637 ROUGE-L F1: 0.3368
2025-05-03 11:01:46,226 - INFO - Using default tokenizer.
2025-05-03 11:01:46,405 - INFO - Paper 61580548 ROUGE-1 F1: 0.5833
2025-05-03 11:01:46,405 - INFO - Paper 61580548 ROUGE-2 F1: 0.2321
2025-05-03 11:01:46,405 - INFO - Paper 61580548 ROUGE-L F1: 0.3255
2025-05-03 11:01:46,406 - INFO - Using default tokenizer.
2025-05-03 11:01:47,152 - INFO - Paper 15084340 ROUGE-1 F1: 0.7535
2025-05-03 11:01:47,152 - INFO - Paper 15084340 ROUGE-2 F1: 0.5545
2025-05-03 11:01:47,152 - INFO - Paper 15084340 ROUGE-L F1: 0.5670
2025-05-03 11:01:47,152 - INFO - Using default tokenizer.
2025-05-03 11:01:47,350 - INFO - Paper 69013017 ROUGE-1 F1: 0.4744
2025-05-03 11:01:47,350 - INFO - Paper 69013017 ROUGE-2 F1: 0.0987
2025-05-03 11:01:47,350 - INFO - Paper 69013017 ROUGE-L F1: 0.1985
2025-05-03 11:01:47,351 - INFO - Using default tokenizer.
2025-05-03 11:01:47,572 - INFO - Paper 87885377 ROUGE-1 F1: 0.6559
2025-05-03 11:01:47,573 - INFO - Paper 87885377 ROUGE-2 F1: 0.2989
2025-05-03 11:01:47,573 - INFO - Paper 87885377 ROUGE-L F1: 0.3681
2025-05-03 11:01:47,573 - INFO - Using default tokenizer.
2025-05-03 11:01:47,588 - INFO - Paper 69119323 ROUGE-1 F1: 0.3675
2025-05-03 11:01:47,589 - INFO - Paper 69119323 ROUGE-2 F1: 0.0480
2025-05-03 11:01:47,589 - INFO - Paper 69119323 ROUGE-L F1: 0.1480
2025-05-03 11:01:47,589 - INFO - Using default tokenizer.
2025-05-03 11:01:47,634 - INFO - Paper 15765418 ROUGE-1 F1: 0.4415
2025-05-03 11:01:47,634 - INFO - Paper 15765418 ROUGE-2 F1: 0.0791
2025-05-03 11:01:47,634 - INFO - Paper 15765418 ROUGE-L F1: 0.1919
2025-05-03 11:01:47,634 - INFO - Skipping 47686356 - no mappings meet similarity threshold 0.581
2025-05-03 11:01:47,634 - INFO - Using default tokenizer.
2025-05-03 11:01:47,734 - INFO - Paper 42443464 ROUGE-1 F1: 0.5836
2025-05-03 11:01:47,734 - INFO - Paper 42443464 ROUGE-2 F1: 0.1973
2025-05-03 11:01:47,734 - INFO - Paper 42443464 ROUGE-L F1: 0.2710
2025-05-03 11:01:47,734 - INFO - Using default tokenizer.
2025-05-03 11:01:47,781 - INFO - Paper 77737945 ROUGE-1 F1: 0.4954
2025-05-03 11:01:47,782 - INFO - Paper 77737945 ROUGE-2 F1: 0.1009
2025-05-03 11:01:47,782 - INFO - Paper 77737945 ROUGE-L F1: 0.2252
2025-05-03 11:01:47,782 - INFO - Skipping 83248182 - no mappings meet similarity threshold 0.581
2025-05-03 11:01:47,782 - INFO - Using default tokenizer.
2025-05-03 11:01:48,331 - INFO - Paper 66302705 ROUGE-1 F1: 0.6367
2025-05-03 11:01:48,331 - INFO - Paper 66302705 ROUGE-2 F1: 0.2552
2025-05-03 11:01:48,331 - INFO - Paper 66302705 ROUGE-L F1: 0.3259
2025-05-03 11:01:48,332 - INFO - Using default tokenizer.
2025-05-03 11:01:48,514 - INFO - Paper 18958324 ROUGE-1 F1: 0.5246
2025-05-03 11:01:48,514 - INFO - Paper 18958324 ROUGE-2 F1: 0.1284
2025-05-03 11:01:48,514 - INFO - Paper 18958324 ROUGE-L F1: 0.2060
2025-05-03 11:01:48,515 - INFO - Using default tokenizer.
2025-05-03 11:01:49,068 - INFO - Paper 48141212 ROUGE-1 F1: 0.7820
2025-05-03 11:01:49,068 - INFO - Paper 48141212 ROUGE-2 F1: 0.5637
2025-05-03 11:01:49,068 - INFO - Paper 48141212 ROUGE-L F1: 0.6120
2025-05-03 11:01:49,068 - INFO - Using default tokenizer.
2025-05-03 11:01:49,143 - INFO - Paper 16973657 ROUGE-1 F1: 0.5421
2025-05-03 11:01:49,143 - INFO - Paper 16973657 ROUGE-2 F1: 0.1956
2025-05-03 11:01:49,143 - INFO - Paper 16973657 ROUGE-L F1: 0.2638
2025-05-03 11:01:49,143 - INFO - Using default tokenizer.
2025-05-03 11:01:49,610 - INFO - Paper 84655302 ROUGE-1 F1: 0.7445
2025-05-03 11:01:49,611 - INFO - Paper 84655302 ROUGE-2 F1: 0.4434
2025-05-03 11:01:49,611 - INFO - Paper 84655302 ROUGE-L F1: 0.5127
2025-05-03 11:01:49,611 - INFO - Using default tokenizer.
2025-05-03 11:01:49,854 - INFO - Paper 64175585 ROUGE-1 F1: 0.6536
2025-05-03 11:01:49,854 - INFO - Paper 64175585 ROUGE-2 F1: 0.2983
2025-05-03 11:01:49,854 - INFO - Paper 64175585 ROUGE-L F1: 0.3811
2025-05-03 11:01:49,854 - INFO - Using default tokenizer.
2025-05-03 11:01:50,069 - INFO - Paper 59277766 ROUGE-1 F1: 0.7320
2025-05-03 11:01:50,069 - INFO - Paper 59277766 ROUGE-2 F1: 0.4870
2025-05-03 11:01:50,069 - INFO - Paper 59277766 ROUGE-L F1: 0.5566
2025-05-03 11:01:50,069 - INFO - Using default tokenizer.
2025-05-03 11:01:50,094 - INFO - Paper 93060618 ROUGE-1 F1: 0.3663
2025-05-03 11:01:50,094 - INFO - Paper 93060618 ROUGE-2 F1: 0.0993
2025-05-03 11:01:50,094 - INFO - Paper 93060618 ROUGE-L F1: 0.2051
2025-05-03 11:01:50,094 - INFO - Using default tokenizer.
2025-05-03 11:01:50,172 - INFO - Paper 47723293 ROUGE-1 F1: 0.5131
2025-05-03 11:01:50,172 - INFO - Paper 47723293 ROUGE-2 F1: 0.1351
2025-05-03 11:01:50,172 - INFO - Paper 47723293 ROUGE-L F1: 0.2374
2025-05-03 11:01:50,173 - INFO - Using default tokenizer.
2025-05-03 11:01:50,277 - INFO - Paper 75389943 ROUGE-1 F1: 0.5995
2025-05-03 11:01:50,278 - INFO - Paper 75389943 ROUGE-2 F1: 0.2541
2025-05-03 11:01:50,278 - INFO - Paper 75389943 ROUGE-L F1: 0.3649
2025-05-03 11:01:50,278 - INFO - Using default tokenizer.
2025-05-03 11:01:50,389 - INFO - Paper 11006232 ROUGE-1 F1: 0.6799
2025-05-03 11:01:50,389 - INFO - Paper 11006232 ROUGE-2 F1: 0.5266
2025-05-03 11:01:50,389 - INFO - Paper 11006232 ROUGE-L F1: 0.5871
2025-05-03 11:01:50,390 - INFO - Using default tokenizer.
2025-05-03 11:01:50,870 - INFO - Paper 65595064 ROUGE-1 F1: 0.7200
2025-05-03 11:01:50,870 - INFO - Paper 65595064 ROUGE-2 F1: 0.4149
2025-05-03 11:01:50,870 - INFO - Paper 65595064 ROUGE-L F1: 0.4848
2025-05-03 11:01:50,870 - INFO - Using default tokenizer.
2025-05-03 11:01:50,952 - INFO - Paper 91812941 ROUGE-1 F1: 0.5974
2025-05-03 11:01:50,952 - INFO - Paper 91812941 ROUGE-2 F1: 0.1824
2025-05-03 11:01:50,952 - INFO - Paper 91812941 ROUGE-L F1: 0.3086
2025-05-03 11:01:50,952 - INFO - Using default tokenizer.
2025-05-03 11:01:51,518 - INFO - Paper 78412080 ROUGE-1 F1: 0.7018
2025-05-03 11:01:51,518 - INFO - Paper 78412080 ROUGE-2 F1: 0.4203
2025-05-03 11:01:51,518 - INFO - Paper 78412080 ROUGE-L F1: 0.4681
2025-05-03 11:01:51,519 - INFO - Using default tokenizer.
2025-05-03 11:01:51,572 - INFO - Paper 33427271 ROUGE-1 F1: 0.5887
2025-05-03 11:01:51,573 - INFO - Paper 33427271 ROUGE-2 F1: 0.3023
2025-05-03 11:01:51,573 - INFO - Paper 33427271 ROUGE-L F1: 0.3619
2025-05-03 11:01:51,573 - INFO - Using default tokenizer.
2025-05-03 11:01:51,669 - INFO - Paper 11684235 ROUGE-1 F1: 0.6303
2025-05-03 11:01:51,669 - INFO - Paper 11684235 ROUGE-2 F1: 0.3003
2025-05-03 11:01:51,669 - INFO - Paper 11684235 ROUGE-L F1: 0.4033
2025-05-03 11:01:51,670 - INFO - Using default tokenizer.
2025-05-03 11:01:52,338 - INFO - Paper 11313245 ROUGE-1 F1: 0.7855
2025-05-03 11:01:52,338 - INFO - Paper 11313245 ROUGE-2 F1: 0.5540
2025-05-03 11:01:52,339 - INFO - Paper 11313245 ROUGE-L F1: 0.6242
2025-05-03 11:01:52,339 - INFO - Using default tokenizer.
2025-05-03 11:01:52,384 - INFO - Paper 30877354 ROUGE-1 F1: 0.5094
2025-05-03 11:01:52,384 - INFO - Paper 30877354 ROUGE-2 F1: 0.1559
2025-05-03 11:01:52,384 - INFO - Paper 30877354 ROUGE-L F1: 0.2547
2025-05-03 11:01:52,384 - INFO - Using default tokenizer.
2025-05-03 11:01:52,746 - INFO - Paper 22744554 ROUGE-1 F1: 0.6365
2025-05-03 11:01:52,747 - INFO - Paper 22744554 ROUGE-2 F1: 0.2743
2025-05-03 11:01:52,747 - INFO - Paper 22744554 ROUGE-L F1: 0.3560
2025-05-03 11:01:52,747 - INFO - Using default tokenizer.
2025-05-03 11:01:53,345 - INFO - Paper 22030520 ROUGE-1 F1: 0.7425
2025-05-03 11:01:53,345 - INFO - Paper 22030520 ROUGE-2 F1: 0.4457
2025-05-03 11:01:53,345 - INFO - Paper 22030520 ROUGE-L F1: 0.4974
2025-05-03 11:01:53,345 - INFO - Using default tokenizer.
2025-05-03 11:01:53,534 - INFO - Paper 75937139 ROUGE-1 F1: 0.5620
2025-05-03 11:01:53,534 - INFO - Paper 75937139 ROUGE-2 F1: 0.2038
2025-05-03 11:01:53,534 - INFO - Paper 75937139 ROUGE-L F1: 0.2403
2025-05-03 11:01:53,534 - INFO - Using default tokenizer.
2025-05-03 11:01:53,592 - INFO - Paper 1540690 ROUGE-1 F1: 0.5311
2025-05-03 11:01:53,592 - INFO - Paper 1540690 ROUGE-2 F1: 0.1775
2025-05-03 11:01:53,592 - INFO - Paper 1540690 ROUGE-L F1: 0.2751
2025-05-03 11:01:53,592 - INFO - Using default tokenizer.
2025-05-03 11:01:54,123 - INFO - Paper 4536127 ROUGE-1 F1: 0.7495
2025-05-03 11:01:54,123 - INFO - Paper 4536127 ROUGE-2 F1: 0.4499
2025-05-03 11:01:54,123 - INFO - Paper 4536127 ROUGE-L F1: 0.5102
2025-05-03 11:01:54,124 - INFO - Using default tokenizer.
2025-05-03 11:01:54,266 - INFO - Paper 16057781 ROUGE-1 F1: 0.5815
2025-05-03 11:01:54,266 - INFO - Paper 16057781 ROUGE-2 F1: 0.2380
2025-05-03 11:01:54,266 - INFO - Paper 16057781 ROUGE-L F1: 0.3214
2025-05-03 11:01:54,267 - INFO - Using default tokenizer.
2025-05-03 11:01:54,913 - INFO - Paper 263861 ROUGE-1 F1: 0.7834
2025-05-03 11:01:54,913 - INFO - Paper 263861 ROUGE-2 F1: 0.5707
2025-05-03 11:01:54,913 - INFO - Paper 263861 ROUGE-L F1: 0.6198
2025-05-03 11:01:54,914 - INFO - Using default tokenizer.
2025-05-03 11:01:55,055 - INFO - Paper 90600191 ROUGE-1 F1: 0.5127
2025-05-03 11:01:55,055 - INFO - Paper 90600191 ROUGE-2 F1: 0.1826
2025-05-03 11:01:55,055 - INFO - Paper 90600191 ROUGE-L F1: 0.2750
2025-05-03 11:01:55,055 - INFO - Using default tokenizer.
2025-05-03 11:01:55,108 - INFO - Paper 81262575 ROUGE-1 F1: 0.4148
2025-05-03 11:01:55,108 - INFO - Paper 81262575 ROUGE-2 F1: 0.1139
2025-05-03 11:01:55,108 - INFO - Paper 81262575 ROUGE-L F1: 0.2123
2025-05-03 11:01:55,108 - INFO - Using default tokenizer.
2025-05-03 11:01:55,132 - INFO - Paper 35704901 ROUGE-1 F1: 0.5147
2025-05-03 11:01:55,132 - INFO - Paper 35704901 ROUGE-2 F1: 0.1808
2025-05-03 11:01:55,132 - INFO - Paper 35704901 ROUGE-L F1: 0.2831
2025-05-03 11:01:55,132 - INFO - Using default tokenizer.
2025-05-03 11:01:55,536 - INFO - Paper 85839366 ROUGE-1 F1: 0.6563
2025-05-03 11:01:55,536 - INFO - Paper 85839366 ROUGE-2 F1: 0.4286
2025-05-03 11:01:55,536 - INFO - Paper 85839366 ROUGE-L F1: 0.4915
2025-05-03 11:01:55,537 - INFO - Using default tokenizer.
2025-05-03 11:01:55,619 - INFO - Paper 69694249 ROUGE-1 F1: 0.5774
2025-05-03 11:01:55,619 - INFO - Paper 69694249 ROUGE-2 F1: 0.2604
2025-05-03 11:01:55,619 - INFO - Paper 69694249 ROUGE-L F1: 0.3373
2025-05-03 11:01:55,619 - INFO - Using default tokenizer.
2025-05-03 11:01:55,726 - INFO - Paper 44210578 ROUGE-1 F1: 0.5940
2025-05-03 11:01:55,727 - INFO - Paper 44210578 ROUGE-2 F1: 0.2253
2025-05-03 11:01:55,727 - INFO - Paper 44210578 ROUGE-L F1: 0.3176
2025-05-03 11:01:55,727 - INFO - Using default tokenizer.
2025-05-03 11:01:56,320 - INFO - Paper 39038842 ROUGE-1 F1: 0.7402
2025-05-03 11:01:56,320 - INFO - Paper 39038842 ROUGE-2 F1: 0.4406
2025-05-03 11:01:56,320 - INFO - Paper 39038842 ROUGE-L F1: 0.4925
2025-05-03 11:01:56,320 - INFO - Using default tokenizer.
2025-05-03 11:01:56,889 - INFO - Paper 81780960 ROUGE-1 F1: 0.7294
2025-05-03 11:01:56,889 - INFO - Paper 81780960 ROUGE-2 F1: 0.4513
2025-05-03 11:01:56,889 - INFO - Paper 81780960 ROUGE-L F1: 0.5087
2025-05-03 11:01:56,890 - INFO - Using default tokenizer.
2025-05-03 11:01:56,943 - INFO - Paper 5674972 ROUGE-1 F1: 0.4597
2025-05-03 11:01:56,943 - INFO - Paper 5674972 ROUGE-2 F1: 0.1641
2025-05-03 11:01:56,943 - INFO - Paper 5674972 ROUGE-L F1: 0.2768
2025-05-03 11:01:56,944 - INFO - Using default tokenizer.
2025-05-03 11:01:56,996 - INFO - Paper 81535007 ROUGE-1 F1: 0.4719
2025-05-03 11:01:56,996 - INFO - Paper 81535007 ROUGE-2 F1: 0.1202
2025-05-03 11:01:56,996 - INFO - Paper 81535007 ROUGE-L F1: 0.2147
2025-05-03 11:01:56,996 - INFO - Using default tokenizer.
2025-05-03 11:01:57,012 - INFO - Paper 68642594 ROUGE-1 F1: 0.0456
2025-05-03 11:01:57,012 - INFO - Paper 68642594 ROUGE-2 F1: 0.0029
2025-05-03 11:01:57,012 - INFO - Paper 68642594 ROUGE-L F1: 0.0314
2025-05-03 11:01:57,012 - INFO - Using default tokenizer.
2025-05-03 11:01:57,177 - INFO - Paper 11418476 ROUGE-1 F1: 0.6458
2025-05-03 11:01:57,177 - INFO - Paper 11418476 ROUGE-2 F1: 0.2837
2025-05-03 11:01:57,177 - INFO - Paper 11418476 ROUGE-L F1: 0.3306
2025-05-03 11:01:57,178 - INFO - Using default tokenizer.
2025-05-03 11:01:57,213 - INFO - Paper 30905451 ROUGE-1 F1: 0.6718
2025-05-03 11:01:57,214 - INFO - Paper 30905451 ROUGE-2 F1: 0.3247
2025-05-03 11:01:57,214 - INFO - Paper 30905451 ROUGE-L F1: 0.4397
2025-05-03 11:01:57,214 - INFO - Using default tokenizer.
2025-05-03 11:01:57,391 - INFO - Paper 24928430 ROUGE-1 F1: 0.6600
2025-05-03 11:01:57,391 - INFO - Paper 24928430 ROUGE-2 F1: 0.3098
2025-05-03 11:01:57,391 - INFO - Paper 24928430 ROUGE-L F1: 0.4170
2025-05-03 11:01:57,391 - INFO - Using default tokenizer.
2025-05-03 11:01:57,410 - INFO - Paper 17980043 ROUGE-1 F1: 0.4733
2025-05-03 11:01:57,410 - INFO - Paper 17980043 ROUGE-2 F1: 0.1113
2025-05-03 11:01:57,410 - INFO - Paper 17980043 ROUGE-L F1: 0.2388
2025-05-03 11:01:57,410 - INFO - Using default tokenizer.
2025-05-03 11:01:58,037 - INFO - Paper 93195231 ROUGE-1 F1: 0.6904
2025-05-03 11:01:58,037 - INFO - Paper 93195231 ROUGE-2 F1: 0.2900
2025-05-03 11:01:58,037 - INFO - Paper 93195231 ROUGE-L F1: 0.3399
2025-05-03 11:01:58,037 - INFO - Using default tokenizer.
2025-05-03 11:01:58,123 - INFO - Paper 32248697 ROUGE-1 F1: 0.5681
2025-05-03 11:01:58,123 - INFO - Paper 32248697 ROUGE-2 F1: 0.1891
2025-05-03 11:01:58,123 - INFO - Paper 32248697 ROUGE-L F1: 0.2782
2025-05-03 11:01:58,123 - INFO - Using default tokenizer.
2025-05-03 11:01:58,619 - INFO - Paper 50524744 ROUGE-1 F1: 0.7809
2025-05-03 11:01:58,619 - INFO - Paper 50524744 ROUGE-2 F1: 0.5907
2025-05-03 11:01:58,619 - INFO - Paper 50524744 ROUGE-L F1: 0.6408
2025-05-03 11:01:58,620 - INFO - Using default tokenizer.
2025-05-03 11:01:58,638 - INFO - Paper 37796162 ROUGE-1 F1: 0.4914
2025-05-03 11:01:58,638 - INFO - Paper 37796162 ROUGE-2 F1: 0.2035
2025-05-03 11:01:58,638 - INFO - Paper 37796162 ROUGE-L F1: 0.3276
2025-05-03 11:01:58,638 - INFO - Using default tokenizer.
2025-05-03 11:01:59,036 - INFO - Paper 81001972 ROUGE-1 F1: 0.7251
2025-05-03 11:01:59,036 - INFO - Paper 81001972 ROUGE-2 F1: 0.4156
2025-05-03 11:01:59,036 - INFO - Paper 81001972 ROUGE-L F1: 0.4878
2025-05-03 11:01:59,037 - INFO - Using default tokenizer.
2025-05-03 11:01:59,125 - INFO - Paper 89581601 ROUGE-1 F1: 0.5564
2025-05-03 11:01:59,125 - INFO - Paper 89581601 ROUGE-2 F1: 0.1762
2025-05-03 11:01:59,125 - INFO - Paper 89581601 ROUGE-L F1: 0.2333
2025-05-03 11:01:59,125 - INFO - Using default tokenizer.
2025-05-03 11:01:59,310 - INFO - Paper 45612165 ROUGE-1 F1: 0.4339
2025-05-03 11:01:59,310 - INFO - Paper 45612165 ROUGE-2 F1: 0.0791
2025-05-03 11:01:59,311 - INFO - Paper 45612165 ROUGE-L F1: 0.1542
2025-05-03 11:01:59,311 - INFO - Using default tokenizer.
2025-05-03 11:01:59,489 - INFO - Paper 91325283 ROUGE-1 F1: 0.6151
2025-05-03 11:01:59,489 - INFO - Paper 91325283 ROUGE-2 F1: 0.2779
2025-05-03 11:01:59,489 - INFO - Paper 91325283 ROUGE-L F1: 0.3843
2025-05-03 11:01:59,489 - INFO - Using default tokenizer.
2025-05-03 11:01:59,498 - INFO - Paper 5262509 ROUGE-1 F1: 0.4099
2025-05-03 11:01:59,498 - INFO - Paper 5262509 ROUGE-2 F1: 0.1637
2025-05-03 11:01:59,498 - INFO - Paper 5262509 ROUGE-L F1: 0.2473
2025-05-03 11:01:59,498 - INFO - Using default tokenizer.
2025-05-03 11:01:59,544 - INFO - Paper 4647896 ROUGE-1 F1: 0.6107
2025-05-03 11:01:59,544 - INFO - Paper 4647896 ROUGE-2 F1: 0.3048
2025-05-03 11:01:59,544 - INFO - Paper 4647896 ROUGE-L F1: 0.4133
2025-05-03 11:01:59,544 - INFO - Using default tokenizer.
2025-05-03 11:01:59,996 - INFO - Paper 92615357 ROUGE-1 F1: 0.7434
2025-05-03 11:01:59,996 - INFO - Paper 92615357 ROUGE-2 F1: 0.4641
2025-05-03 11:01:59,996 - INFO - Paper 92615357 ROUGE-L F1: 0.5561
2025-05-03 11:01:59,997 - INFO - Using default tokenizer.
2025-05-03 11:02:00,105 - INFO - Paper 75865335 ROUGE-1 F1: 0.5278
2025-05-03 11:02:00,105 - INFO - Paper 75865335 ROUGE-2 F1: 0.1386
2025-05-03 11:02:00,105 - INFO - Paper 75865335 ROUGE-L F1: 0.2237
2025-05-03 11:02:00,105 - INFO - Using default tokenizer.
2025-05-03 11:02:00,319 - INFO - Paper 57956236 ROUGE-1 F1: 0.5223
2025-05-03 11:02:00,319 - INFO - Paper 57956236 ROUGE-2 F1: 0.1347
2025-05-03 11:02:00,319 - INFO - Paper 57956236 ROUGE-L F1: 0.2336
2025-05-03 11:02:00,320 - INFO - Using default tokenizer.
2025-05-03 11:02:00,402 - INFO - Paper 91929013 ROUGE-1 F1: 0.5360
2025-05-03 11:02:00,402 - INFO - Paper 91929013 ROUGE-2 F1: 0.1895
2025-05-03 11:02:00,403 - INFO - Paper 91929013 ROUGE-L F1: 0.2975
2025-05-03 11:02:00,403 - INFO - Using default tokenizer.
2025-05-03 11:02:00,877 - INFO - Paper 11791786 ROUGE-1 F1: 0.7074
2025-05-03 11:02:00,877 - INFO - Paper 11791786 ROUGE-2 F1: 0.4084
2025-05-03 11:02:00,877 - INFO - Paper 11791786 ROUGE-L F1: 0.4547
2025-05-03 11:02:00,878 - INFO - Skipping 89853012 - no mappings meet similarity threshold 0.581
2025-05-03 11:02:00,878 - INFO - Using default tokenizer.
2025-05-03 11:02:00,908 - INFO - Paper 94015576 ROUGE-1 F1: 0.4511
2025-05-03 11:02:00,908 - INFO - Paper 94015576 ROUGE-2 F1: 0.0932
2025-05-03 11:02:00,908 - INFO - Paper 94015576 ROUGE-L F1: 0.2090
2025-05-03 11:02:00,908 - INFO - Using default tokenizer.
2025-05-03 11:02:01,511 - INFO - Paper 76874430 ROUGE-1 F1: 0.7276
2025-05-03 11:02:01,511 - INFO - Paper 76874430 ROUGE-2 F1: 0.4324
2025-05-03 11:02:01,511 - INFO - Paper 76874430 ROUGE-L F1: 0.4819
2025-05-03 11:02:01,512 - INFO - Using default tokenizer.
2025-05-03 11:02:01,560 - INFO - Paper 4784102 ROUGE-1 F1: 0.5464
2025-05-03 11:02:01,560 - INFO - Paper 4784102 ROUGE-2 F1: 0.3342
2025-05-03 11:02:01,560 - INFO - Paper 4784102 ROUGE-L F1: 0.4286
2025-05-03 11:02:01,560 - INFO - Using default tokenizer.
2025-05-03 11:02:02,075 - INFO - Paper 42200029 ROUGE-1 F1: 0.7389
2025-05-03 11:02:02,075 - INFO - Paper 42200029 ROUGE-2 F1: 0.5030
2025-05-03 11:02:02,075 - INFO - Paper 42200029 ROUGE-L F1: 0.5388
2025-05-03 11:02:02,075 - INFO - Using default tokenizer.
2025-05-03 11:02:02,121 - INFO - Paper 87068449 ROUGE-1 F1: 0.5765
2025-05-03 11:02:02,121 - INFO - Paper 87068449 ROUGE-2 F1: 0.2225
2025-05-03 11:02:02,121 - INFO - Paper 87068449 ROUGE-L F1: 0.2950
2025-05-03 11:02:02,121 - INFO - Using default tokenizer.
2025-05-03 11:02:02,195 - INFO - Paper 26515037 ROUGE-1 F1: 0.5089
2025-05-03 11:02:02,195 - INFO - Paper 26515037 ROUGE-2 F1: 0.1755
2025-05-03 11:02:02,195 - INFO - Paper 26515037 ROUGE-L F1: 0.2690
2025-05-03 11:02:02,196 - INFO - Using default tokenizer.
2025-05-03 11:02:02,261 - INFO - Paper 66006367 ROUGE-1 F1: 0.5386
2025-05-03 11:02:02,261 - INFO - Paper 66006367 ROUGE-2 F1: 0.1412
2025-05-03 11:02:02,261 - INFO - Paper 66006367 ROUGE-L F1: 0.2432
2025-05-03 11:02:02,261 - INFO - Using default tokenizer.
2025-05-03 11:02:02,522 - INFO - Paper 52208833 ROUGE-1 F1: 0.6433
2025-05-03 11:02:02,522 - INFO - Paper 52208833 ROUGE-2 F1: 0.2492
2025-05-03 11:02:02,522 - INFO - Paper 52208833 ROUGE-L F1: 0.3211
2025-05-03 11:02:02,522 - INFO - Using default tokenizer.
2025-05-03 11:02:02,644 - INFO - Paper 87460557 ROUGE-1 F1: 0.6780
2025-05-03 11:02:02,644 - INFO - Paper 87460557 ROUGE-2 F1: 0.4609
2025-05-03 11:02:02,644 - INFO - Paper 87460557 ROUGE-L F1: 0.5415
2025-05-03 11:02:02,644 - INFO - Using default tokenizer.
2025-05-03 11:02:03,010 - INFO - Paper 8151447 ROUGE-1 F1: 0.7001
2025-05-03 11:02:03,011 - INFO - Paper 8151447 ROUGE-2 F1: 0.4048
2025-05-03 11:02:03,011 - INFO - Paper 8151447 ROUGE-L F1: 0.4714
2025-05-03 11:02:03,011 - INFO - Using default tokenizer.
2025-05-03 11:02:03,428 - INFO - Paper 96747724 ROUGE-1 F1: 0.7231
2025-05-03 11:02:03,429 - INFO - Paper 96747724 ROUGE-2 F1: 0.4816
2025-05-03 11:02:03,429 - INFO - Paper 96747724 ROUGE-L F1: 0.5293
2025-05-03 11:02:03,429 - INFO - Using default tokenizer.
2025-05-03 11:02:03,768 - INFO - Paper 8363020 ROUGE-1 F1: 0.6265
2025-05-03 11:02:03,768 - INFO - Paper 8363020 ROUGE-2 F1: 0.2528
2025-05-03 11:02:03,768 - INFO - Paper 8363020 ROUGE-L F1: 0.2924
2025-05-03 11:02:03,769 - INFO - Using default tokenizer.
2025-05-03 11:02:03,861 - INFO - Paper 93544751 ROUGE-1 F1: 0.5342
2025-05-03 11:02:03,861 - INFO - Paper 93544751 ROUGE-2 F1: 0.1963
2025-05-03 11:02:03,861 - INFO - Paper 93544751 ROUGE-L F1: 0.2902
2025-05-03 11:02:03,861 - INFO - Using default tokenizer.
2025-05-03 11:02:04,070 - INFO - Paper 11542688 ROUGE-1 F1: 0.7355
2025-05-03 11:02:04,070 - INFO - Paper 11542688 ROUGE-2 F1: 0.5209
2025-05-03 11:02:04,070 - INFO - Paper 11542688 ROUGE-L F1: 0.5737
2025-05-03 11:02:04,070 - INFO - Skipping 26955055 - no mappings meet similarity threshold 0.581
2025-05-03 11:02:04,070 - INFO - Using default tokenizer.
2025-05-03 11:02:04,115 - INFO - Paper 58874274 ROUGE-1 F1: 0.5250
2025-05-03 11:02:04,115 - INFO - Paper 58874274 ROUGE-2 F1: 0.2795
2025-05-03 11:02:04,115 - INFO - Paper 58874274 ROUGE-L F1: 0.3735
2025-05-03 11:02:04,115 - INFO - Using default tokenizer.
2025-05-03 11:02:04,197 - INFO - Paper 81916449 ROUGE-1 F1: 0.5816
2025-05-03 11:02:04,197 - INFO - Paper 81916449 ROUGE-2 F1: 0.2894
2025-05-03 11:02:04,197 - INFO - Paper 81916449 ROUGE-L F1: 0.3561
2025-05-03 11:02:04,197 - INFO - Using default tokenizer.
2025-05-03 11:02:04,722 - INFO - Paper 17539393 ROUGE-1 F1: 0.7493
2025-05-03 11:02:04,722 - INFO - Paper 17539393 ROUGE-2 F1: 0.4894
2025-05-03 11:02:04,722 - INFO - Paper 17539393 ROUGE-L F1: 0.5566
2025-05-03 11:02:04,722 - INFO - Using default tokenizer.
2025-05-03 11:02:05,224 - INFO - Paper 29703573 ROUGE-1 F1: 0.6402
2025-05-03 11:02:05,224 - INFO - Paper 29703573 ROUGE-2 F1: 0.2956
2025-05-03 11:02:05,224 - INFO - Paper 29703573 ROUGE-L F1: 0.3284
2025-05-03 11:02:05,224 - INFO - Using default tokenizer.
2025-05-03 11:02:05,710 - INFO - Paper 99341732 ROUGE-1 F1: 0.7247
2025-05-03 11:02:05,710 - INFO - Paper 99341732 ROUGE-2 F1: 0.4590
2025-05-03 11:02:05,710 - INFO - Paper 99341732 ROUGE-L F1: 0.5314
2025-05-03 11:02:05,711 - INFO - Using default tokenizer.
2025-05-03 11:02:05,725 - INFO - Paper 37775721 ROUGE-1 F1: 0.5523
2025-05-03 11:02:05,725 - INFO - Paper 37775721 ROUGE-2 F1: 0.3019
2025-05-03 11:02:05,725 - INFO - Paper 37775721 ROUGE-L F1: 0.4182
2025-05-03 11:02:05,725 - INFO - Using default tokenizer.
2025-05-03 11:02:05,895 - INFO - Paper 77684000 ROUGE-1 F1: 0.6200
2025-05-03 11:02:05,895 - INFO - Paper 77684000 ROUGE-2 F1: 0.3273
2025-05-03 11:02:05,895 - INFO - Paper 77684000 ROUGE-L F1: 0.4317
2025-05-03 11:02:05,895 - INFO - Using default tokenizer.
2025-05-03 11:02:06,361 - INFO - Paper 518237 ROUGE-1 F1: 0.6672
2025-05-03 11:02:06,361 - INFO - Paper 518237 ROUGE-2 F1: 0.2544
2025-05-03 11:02:06,361 - INFO - Paper 518237 ROUGE-L F1: 0.3071
2025-05-03 11:02:06,362 - INFO - Using default tokenizer.
2025-05-03 11:02:06,368 - INFO - Paper 27086937 ROUGE-1 F1: 0.0501
2025-05-03 11:02:06,368 - INFO - Paper 27086937 ROUGE-2 F1: 0.0042
2025-05-03 11:02:06,368 - INFO - Paper 27086937 ROUGE-L F1: 0.0334
2025-05-03 11:02:06,369 - INFO - Using default tokenizer.
2025-05-03 11:02:06,718 - INFO - Paper 37135417 ROUGE-1 F1: 0.7247
2025-05-03 11:02:06,718 - INFO - Paper 37135417 ROUGE-2 F1: 0.3475
2025-05-03 11:02:06,718 - INFO - Paper 37135417 ROUGE-L F1: 0.4327
2025-05-03 11:02:06,718 - INFO - Using default tokenizer.
2025-05-03 11:02:06,787 - INFO - Paper 2905851 ROUGE-1 F1: 0.6213
2025-05-03 11:02:06,787 - INFO - Paper 2905851 ROUGE-2 F1: 0.2684
2025-05-03 11:02:06,787 - INFO - Paper 2905851 ROUGE-L F1: 0.3535
2025-05-03 11:02:06,787 - INFO - Using default tokenizer.
2025-05-03 11:02:06,905 - INFO - Paper 69481324 ROUGE-1 F1: 0.5885
2025-05-03 11:02:06,905 - INFO - Paper 69481324 ROUGE-2 F1: 0.2065
2025-05-03 11:02:06,905 - INFO - Paper 69481324 ROUGE-L F1: 0.3159
2025-05-03 11:02:06,905 - INFO - Using default tokenizer.
2025-05-03 11:02:07,272 - INFO - Paper 75779006 ROUGE-1 F1: 0.7976
2025-05-03 11:02:07,273 - INFO - Paper 75779006 ROUGE-2 F1: 0.6383
2025-05-03 11:02:07,273 - INFO - Paper 75779006 ROUGE-L F1: 0.6839
2025-05-03 11:02:07,273 - INFO - Using default tokenizer.
2025-05-03 11:02:07,332 - INFO - Paper 11836666 ROUGE-1 F1: 0.4660
2025-05-03 11:02:07,332 - INFO - Paper 11836666 ROUGE-2 F1: 0.0962
2025-05-03 11:02:07,332 - INFO - Paper 11836666 ROUGE-L F1: 0.2061
2025-05-03 11:02:07,332 - INFO - Using default tokenizer.
2025-05-03 11:02:07,400 - INFO - Paper 27051635 ROUGE-1 F1: 0.5491
2025-05-03 11:02:07,400 - INFO - Paper 27051635 ROUGE-2 F1: 0.3492
2025-05-03 11:02:07,400 - INFO - Paper 27051635 ROUGE-L F1: 0.3928
2025-05-03 11:02:07,400 - INFO - Using default tokenizer.
2025-05-03 11:02:07,460 - INFO - Paper 24510148 ROUGE-1 F1: 0.6227
2025-05-03 11:02:07,460 - INFO - Paper 24510148 ROUGE-2 F1: 0.3619
2025-05-03 11:02:07,460 - INFO - Paper 24510148 ROUGE-L F1: 0.4375
2025-05-03 11:02:07,460 - INFO - Using default tokenizer.
2025-05-03 11:02:07,571 - INFO - Paper 27300559 ROUGE-1 F1: 0.6994
2025-05-03 11:02:07,572 - INFO - Paper 27300559 ROUGE-2 F1: 0.4694
2025-05-03 11:02:07,572 - INFO - Paper 27300559 ROUGE-L F1: 0.5599
2025-05-03 11:02:07,572 - INFO - Using default tokenizer.
2025-05-03 11:02:07,818 - INFO - Paper 51116334 ROUGE-1 F1: 0.5247
2025-05-03 11:02:07,818 - INFO - Paper 51116334 ROUGE-2 F1: 0.1313
2025-05-03 11:02:07,818 - INFO - Paper 51116334 ROUGE-L F1: 0.2212
2025-05-03 11:02:07,819 - INFO - Using default tokenizer.
2025-05-03 11:02:07,870 - INFO - Paper 93980002 ROUGE-1 F1: 0.7216
2025-05-03 11:02:07,870 - INFO - Paper 93980002 ROUGE-2 F1: 0.4756
2025-05-03 11:02:07,871 - INFO - Paper 93980002 ROUGE-L F1: 0.5718
2025-05-03 11:02:07,871 - INFO - Using default tokenizer.
2025-05-03 11:02:08,278 - INFO - Paper 3913778 ROUGE-1 F1: 0.7542
2025-05-03 11:02:08,278 - INFO - Paper 3913778 ROUGE-2 F1: 0.5044
2025-05-03 11:02:08,278 - INFO - Paper 3913778 ROUGE-L F1: 0.5392
2025-05-03 11:02:08,279 - INFO - Using default tokenizer.
2025-05-03 11:02:08,815 - INFO - Paper 63188694 ROUGE-1 F1: 0.7490
2025-05-03 11:02:08,815 - INFO - Paper 63188694 ROUGE-2 F1: 0.4714
2025-05-03 11:02:08,815 - INFO - Paper 63188694 ROUGE-L F1: 0.4945
2025-05-03 11:02:08,816 - INFO - Using default tokenizer.
2025-05-03 11:02:09,048 - INFO - Paper 72744034 ROUGE-1 F1: 0.7263
2025-05-03 11:02:09,048 - INFO - Paper 72744034 ROUGE-2 F1: 0.5689
2025-05-03 11:02:09,048 - INFO - Paper 72744034 ROUGE-L F1: 0.6171
2025-05-03 11:02:09,049 - INFO - Using default tokenizer.
2025-05-03 11:02:09,061 - INFO - Paper 4216862 ROUGE-1 F1: 0.3718
2025-05-03 11:02:09,061 - INFO - Paper 4216862 ROUGE-2 F1: 0.0680
2025-05-03 11:02:09,061 - INFO - Paper 4216862 ROUGE-L F1: 0.2310
2025-05-03 11:02:09,061 - INFO - Using default tokenizer.
2025-05-03 11:02:09,531 - INFO - Paper 46507565 ROUGE-1 F1: 0.7400
2025-05-03 11:02:09,532 - INFO - Paper 46507565 ROUGE-2 F1: 0.4905
2025-05-03 11:02:09,532 - INFO - Paper 46507565 ROUGE-L F1: 0.5396
2025-05-03 11:02:09,532 - INFO - Using default tokenizer.
2025-05-03 11:02:09,541 - INFO - Paper 22546727 ROUGE-1 F1: 0.5677
2025-05-03 11:02:09,541 - INFO - Paper 22546727 ROUGE-2 F1: 0.3389
2025-05-03 11:02:09,541 - INFO - Paper 22546727 ROUGE-L F1: 0.4422
2025-05-03 11:02:09,542 - INFO - Using default tokenizer.
2025-05-03 11:02:10,056 - INFO - Paper 14819310 ROUGE-1 F1: 0.7589
2025-05-03 11:02:10,056 - INFO - Paper 14819310 ROUGE-2 F1: 0.4693
2025-05-03 11:02:10,056 - INFO - Paper 14819310 ROUGE-L F1: 0.5260
2025-05-03 11:02:10,057 - INFO - Using default tokenizer.
2025-05-03 11:02:10,095 - INFO - Paper 63758896 ROUGE-1 F1: 0.5039
2025-05-03 11:02:10,095 - INFO - Paper 63758896 ROUGE-2 F1: 0.1947
2025-05-03 11:02:10,095 - INFO - Paper 63758896 ROUGE-L F1: 0.2629
2025-05-03 11:02:10,095 - INFO - Using default tokenizer.
2025-05-03 11:02:10,135 - INFO - Paper 47257042 ROUGE-1 F1: 0.5571
2025-05-03 11:02:10,135 - INFO - Paper 47257042 ROUGE-2 F1: 0.1891
2025-05-03 11:02:10,135 - INFO - Paper 47257042 ROUGE-L F1: 0.2943
2025-05-03 11:02:10,135 - INFO - Using default tokenizer.
2025-05-03 11:02:10,149 - INFO - Paper 4206973 ROUGE-1 F1: 0.4021
2025-05-03 11:02:10,149 - INFO - Paper 4206973 ROUGE-2 F1: 0.0881
2025-05-03 11:02:10,149 - INFO - Paper 4206973 ROUGE-L F1: 0.1804
2025-05-03 11:02:10,149 - INFO - Using default tokenizer.
2025-05-03 11:02:10,179 - INFO - Paper 43791696 ROUGE-1 F1: 0.4202
2025-05-03 11:02:10,179 - INFO - Paper 43791696 ROUGE-2 F1: 0.0817
2025-05-03 11:02:10,179 - INFO - Paper 43791696 ROUGE-L F1: 0.1759
2025-05-03 11:02:10,179 - INFO - Using default tokenizer.
2025-05-03 11:02:10,547 - INFO - Paper 11773091 ROUGE-1 F1: 0.6135
2025-05-03 11:02:10,547 - INFO - Paper 11773091 ROUGE-2 F1: 0.3599
2025-05-03 11:02:10,547 - INFO - Paper 11773091 ROUGE-L F1: 0.4235
2025-05-03 11:02:10,547 - INFO - Using default tokenizer.
2025-05-03 11:02:10,683 - INFO - Paper 3953515 ROUGE-1 F1: 0.5540
2025-05-03 11:02:10,683 - INFO - Paper 3953515 ROUGE-2 F1: 0.1654
2025-05-03 11:02:10,683 - INFO - Paper 3953515 ROUGE-L F1: 0.2392
2025-05-03 11:02:10,683 - INFO - Using default tokenizer.
2025-05-03 11:02:11,359 - INFO - Paper 88655260 ROUGE-1 F1: 0.7445
2025-05-03 11:02:11,359 - INFO - Paper 88655260 ROUGE-2 F1: 0.4264
2025-05-03 11:02:11,359 - INFO - Paper 88655260 ROUGE-L F1: 0.4814
2025-05-03 11:02:11,359 - INFO - Using default tokenizer.
2025-05-03 11:02:11,817 - INFO - Paper 87208689 ROUGE-1 F1: 0.6744
2025-05-03 11:02:11,817 - INFO - Paper 87208689 ROUGE-2 F1: 0.3520
2025-05-03 11:02:11,817 - INFO - Paper 87208689 ROUGE-L F1: 0.4032
2025-05-03 11:02:11,817 - INFO - Using default tokenizer.
2025-05-03 11:02:12,465 - INFO - Paper 29474820 ROUGE-1 F1: 0.7375
2025-05-03 11:02:12,465 - INFO - Paper 29474820 ROUGE-2 F1: 0.4586
2025-05-03 11:02:12,465 - INFO - Paper 29474820 ROUGE-L F1: 0.5277
2025-05-03 11:02:12,466 - INFO - Using default tokenizer.
2025-05-03 11:02:12,489 - INFO - Paper 99668388 ROUGE-1 F1: 0.5373
2025-05-03 11:02:12,489 - INFO - Paper 99668388 ROUGE-2 F1: 0.2402
2025-05-03 11:02:12,489 - INFO - Paper 99668388 ROUGE-L F1: 0.3647
2025-05-03 11:02:12,489 - INFO - Using default tokenizer.
2025-05-03 11:02:13,087 - INFO - Paper 89628084 ROUGE-1 F1: 0.6887
2025-05-03 11:02:13,087 - INFO - Paper 89628084 ROUGE-2 F1: 0.3562
2025-05-03 11:02:13,087 - INFO - Paper 89628084 ROUGE-L F1: 0.4105
2025-05-03 11:02:13,087 - INFO - Using default tokenizer.
2025-05-03 11:02:13,111 - INFO - Paper 62056200 ROUGE-1 F1: 0.5477
2025-05-03 11:02:13,111 - INFO - Paper 62056200 ROUGE-2 F1: 0.2167
2025-05-03 11:02:13,111 - INFO - Paper 62056200 ROUGE-L F1: 0.3693
2025-05-03 11:02:13,111 - INFO - Using default tokenizer.
2025-05-03 11:02:13,268 - INFO - Paper 187460 ROUGE-1 F1: 0.7560
2025-05-03 11:02:13,268 - INFO - Paper 187460 ROUGE-2 F1: 0.5514
2025-05-03 11:02:13,268 - INFO - Paper 187460 ROUGE-L F1: 0.6001
2025-05-03 11:02:13,268 - INFO - Using default tokenizer.
2025-05-03 11:02:13,275 - INFO - Paper 23426061 ROUGE-1 F1: 0.0000
2025-05-03 11:02:13,275 - INFO - Paper 23426061 ROUGE-2 F1: 0.0000
2025-05-03 11:02:13,275 - INFO - Paper 23426061 ROUGE-L F1: 0.0000
2025-05-03 11:02:13,275 - INFO - Using default tokenizer.
2025-05-03 11:02:13,331 - INFO - Paper 58793266 ROUGE-1 F1: 0.2688
2025-05-03 11:02:13,331 - INFO - Paper 58793266 ROUGE-2 F1: 0.0694
2025-05-03 11:02:13,331 - INFO - Paper 58793266 ROUGE-L F1: 0.1365
2025-05-03 11:02:13,331 - INFO - Using default tokenizer.
2025-05-03 11:02:13,368 - INFO - Paper 80262838 ROUGE-1 F1: 0.4794
2025-05-03 11:02:13,368 - INFO - Paper 80262838 ROUGE-2 F1: 0.0643
2025-05-03 11:02:13,368 - INFO - Paper 80262838 ROUGE-L F1: 0.1924
2025-05-03 11:02:13,369 - INFO - Using default tokenizer.
2025-05-03 11:02:13,465 - INFO - Paper 3855110 ROUGE-1 F1: 0.6536
2025-05-03 11:02:13,465 - INFO - Paper 3855110 ROUGE-2 F1: 0.3715
2025-05-03 11:02:13,465 - INFO - Paper 3855110 ROUGE-L F1: 0.4270
2025-05-03 11:02:13,465 - INFO - Using default tokenizer.
2025-05-03 11:02:13,977 - INFO - Paper 98757756 ROUGE-1 F1: 0.7001
2025-05-03 11:02:13,978 - INFO - Paper 98757756 ROUGE-2 F1: 0.4315
2025-05-03 11:02:13,978 - INFO - Paper 98757756 ROUGE-L F1: 0.4853
2025-05-03 11:02:13,978 - INFO - Using default tokenizer.
2025-05-03 11:02:14,085 - INFO - Paper 53269747 ROUGE-1 F1: 0.6772
2025-05-03 11:02:14,085 - INFO - Paper 53269747 ROUGE-2 F1: 0.4229
2025-05-03 11:02:14,085 - INFO - Paper 53269747 ROUGE-L F1: 0.4855
2025-05-03 11:02:14,085 - INFO - Using default tokenizer.
2025-05-03 11:02:14,153 - INFO - Paper 4728464 ROUGE-1 F1: 0.4553
2025-05-03 11:02:14,153 - INFO - Paper 4728464 ROUGE-2 F1: 0.1090
2025-05-03 11:02:14,153 - INFO - Paper 4728464 ROUGE-L F1: 0.1971
2025-05-03 11:02:14,153 - INFO - Using default tokenizer.
2025-05-03 11:02:14,316 - INFO - Paper 61558513 ROUGE-1 F1: 0.6007
2025-05-03 11:02:14,316 - INFO - Paper 61558513 ROUGE-2 F1: 0.2817
2025-05-03 11:02:14,316 - INFO - Paper 61558513 ROUGE-L F1: 0.3604
2025-05-03 11:02:14,316 - INFO - Using default tokenizer.
2025-05-03 11:02:14,334 - INFO - Paper 62996279 ROUGE-1 F1: 0.4481
2025-05-03 11:02:14,334 - INFO - Paper 62996279 ROUGE-2 F1: 0.3067
2025-05-03 11:02:14,334 - INFO - Paper 62996279 ROUGE-L F1: 0.3747
2025-05-03 11:02:14,335 - INFO - Using default tokenizer.
2025-05-03 11:02:14,580 - INFO - Paper 29796623 ROUGE-1 F1: 0.7592
2025-05-03 11:02:14,580 - INFO - Paper 29796623 ROUGE-2 F1: 0.5350
2025-05-03 11:02:14,581 - INFO - Paper 29796623 ROUGE-L F1: 0.5849
2025-05-03 11:02:14,581 - INFO - Using default tokenizer.
2025-05-03 11:02:14,619 - INFO - Paper 45043151 ROUGE-1 F1: 0.4448
2025-05-03 11:02:14,619 - INFO - Paper 45043151 ROUGE-2 F1: 0.1136
2025-05-03 11:02:14,619 - INFO - Paper 45043151 ROUGE-L F1: 0.2125
2025-05-03 11:02:14,620 - INFO - Using default tokenizer.
2025-05-03 11:02:14,824 - INFO - Paper 70335565 ROUGE-1 F1: 0.8315
2025-05-03 11:02:14,825 - INFO - Paper 70335565 ROUGE-2 F1: 0.6762
2025-05-03 11:02:14,825 - INFO - Paper 70335565 ROUGE-L F1: 0.7253
2025-05-03 11:02:14,825 - INFO - Using default tokenizer.
2025-05-03 11:02:14,841 - INFO - Paper 38867178 ROUGE-1 F1: 0.4496
2025-05-03 11:02:14,841 - INFO - Paper 38867178 ROUGE-2 F1: 0.1271
2025-05-03 11:02:14,841 - INFO - Paper 38867178 ROUGE-L F1: 0.2389
2025-05-03 11:02:14,841 - INFO - Using default tokenizer.
2025-05-03 11:02:15,025 - INFO - Paper 41161677 ROUGE-1 F1: 0.6498
2025-05-03 11:02:15,025 - INFO - Paper 41161677 ROUGE-2 F1: 0.4203
2025-05-03 11:02:15,025 - INFO - Paper 41161677 ROUGE-L F1: 0.4964
2025-05-03 11:02:15,026 - INFO - Using default tokenizer.
2025-05-03 11:02:15,123 - INFO - Paper 75442340 ROUGE-1 F1: 0.4733
2025-05-03 11:02:15,123 - INFO - Paper 75442340 ROUGE-2 F1: 0.0963
2025-05-03 11:02:15,123 - INFO - Paper 75442340 ROUGE-L F1: 0.1975
2025-05-03 11:02:15,123 - INFO - Using default tokenizer.
2025-05-03 11:02:15,509 - INFO - Paper 67744436 ROUGE-1 F1: 0.5652
2025-05-03 11:02:15,509 - INFO - Paper 67744436 ROUGE-2 F1: 0.1741
2025-05-03 11:02:15,509 - INFO - Paper 67744436 ROUGE-L F1: 0.2255
2025-05-03 11:02:15,510 - INFO - Using default tokenizer.
2025-05-03 11:02:15,519 - INFO - Paper 20550713 ROUGE-1 F1: 0.3794
2025-05-03 11:02:15,520 - INFO - Paper 20550713 ROUGE-2 F1: 0.0841
2025-05-03 11:02:15,520 - INFO - Paper 20550713 ROUGE-L F1: 0.1929
2025-05-03 11:02:15,520 - INFO - Using default tokenizer.
2025-05-03 11:02:15,560 - INFO - Paper 78339451 ROUGE-1 F1: 0.5434
2025-05-03 11:02:15,560 - INFO - Paper 78339451 ROUGE-2 F1: 0.2282
2025-05-03 11:02:15,560 - INFO - Paper 78339451 ROUGE-L F1: 0.3215
2025-05-03 11:02:15,560 - INFO - Using default tokenizer.
2025-05-03 11:02:15,694 - INFO - Paper 61360879 ROUGE-1 F1: 0.5674
2025-05-03 11:02:15,694 - INFO - Paper 61360879 ROUGE-2 F1: 0.1894
2025-05-03 11:02:15,694 - INFO - Paper 61360879 ROUGE-L F1: 0.2512
2025-05-03 11:02:15,694 - INFO - Using default tokenizer.
2025-05-03 11:02:15,701 - INFO - Paper 41467472 ROUGE-1 F1: 0.2915
2025-05-03 11:02:15,701 - INFO - Paper 41467472 ROUGE-2 F1: 0.0898
2025-05-03 11:02:15,701 - INFO - Paper 41467472 ROUGE-L F1: 0.1538
2025-05-03 11:02:15,701 - INFO - Using default tokenizer.
2025-05-03 11:02:16,133 - INFO - Paper 45518901 ROUGE-1 F1: 0.6185
2025-05-03 11:02:16,133 - INFO - Paper 45518901 ROUGE-2 F1: 0.3163
2025-05-03 11:02:16,134 - INFO - Paper 45518901 ROUGE-L F1: 0.3866
2025-05-03 11:02:16,134 - INFO - Using default tokenizer.
2025-05-03 11:02:16,194 - INFO - Paper 88548359 ROUGE-1 F1: 0.6215
2025-05-03 11:02:16,194 - INFO - Paper 88548359 ROUGE-2 F1: 0.3583
2025-05-03 11:02:16,194 - INFO - Paper 88548359 ROUGE-L F1: 0.4322
2025-05-03 11:02:16,194 - INFO - Using default tokenizer.
2025-05-03 11:02:16,350 - INFO - Paper 79471009 ROUGE-1 F1: 0.6127
2025-05-03 11:02:16,350 - INFO - Paper 79471009 ROUGE-2 F1: 0.2466
2025-05-03 11:02:16,350 - INFO - Paper 79471009 ROUGE-L F1: 0.3379
2025-05-03 11:02:16,350 - INFO - Using default tokenizer.
2025-05-03 11:02:16,996 - INFO - Paper 35377831 ROUGE-1 F1: 0.8232
2025-05-03 11:02:16,996 - INFO - Paper 35377831 ROUGE-2 F1: 0.6171
2025-05-03 11:02:16,996 - INFO - Paper 35377831 ROUGE-L F1: 0.6516
2025-05-03 11:02:16,996 - INFO - Using default tokenizer.
2025-05-03 11:02:17,171 - INFO - Paper 66883240 ROUGE-1 F1: 0.6207
2025-05-03 11:02:17,171 - INFO - Paper 66883240 ROUGE-2 F1: 0.2773
2025-05-03 11:02:17,171 - INFO - Paper 66883240 ROUGE-L F1: 0.3692
2025-05-03 11:02:17,171 - INFO - Using default tokenizer.
2025-05-03 11:02:17,243 - INFO - Paper 7157784 ROUGE-1 F1: 0.4968
2025-05-03 11:02:17,243 - INFO - Paper 7157784 ROUGE-2 F1: 0.1287
2025-05-03 11:02:17,243 - INFO - Paper 7157784 ROUGE-L F1: 0.1916
2025-05-03 11:02:17,243 - INFO - Using default tokenizer.
2025-05-03 11:02:17,275 - INFO - Paper 38830210 ROUGE-1 F1: 0.4406
2025-05-03 11:02:17,275 - INFO - Paper 38830210 ROUGE-2 F1: 0.1567
2025-05-03 11:02:17,275 - INFO - Paper 38830210 ROUGE-L F1: 0.2344
2025-05-03 11:02:17,276 - INFO - Using default tokenizer.
2025-05-03 11:02:17,361 - INFO - Paper 47469397 ROUGE-1 F1: 0.6271
2025-05-03 11:02:17,361 - INFO - Paper 47469397 ROUGE-2 F1: 0.2775
2025-05-03 11:02:17,361 - INFO - Paper 47469397 ROUGE-L F1: 0.3521
2025-05-03 11:02:17,361 - INFO - Using default tokenizer.
2025-05-03 11:02:17,559 - INFO - Paper 82043898 ROUGE-1 F1: 0.7173
2025-05-03 11:02:17,560 - INFO - Paper 82043898 ROUGE-2 F1: 0.5370
2025-05-03 11:02:17,560 - INFO - Paper 82043898 ROUGE-L F1: 0.5882
2025-05-03 11:02:17,560 - INFO - Using default tokenizer.
2025-05-03 11:02:17,655 - INFO - Paper 82314288 ROUGE-1 F1: 0.5373
2025-05-03 11:02:17,655 - INFO - Paper 82314288 ROUGE-2 F1: 0.1423
2025-05-03 11:02:17,655 - INFO - Paper 82314288 ROUGE-L F1: 0.2459
2025-05-03 11:02:17,656 - INFO - Using default tokenizer.
2025-05-03 11:02:17,788 - INFO - Paper 45538669 ROUGE-1 F1: 0.5232
2025-05-03 11:02:17,788 - INFO - Paper 45538669 ROUGE-2 F1: 0.1550
2025-05-03 11:02:17,788 - INFO - Paper 45538669 ROUGE-L F1: 0.2384
2025-05-03 11:02:17,788 - INFO - Using default tokenizer.
2025-05-03 11:02:18,190 - INFO - Paper 67696398 ROUGE-1 F1: 0.8303
2025-05-03 11:02:18,190 - INFO - Paper 67696398 ROUGE-2 F1: 0.6811
2025-05-03 11:02:18,190 - INFO - Paper 67696398 ROUGE-L F1: 0.7254
2025-05-03 11:02:18,191 - INFO - Using default tokenizer.
2025-05-03 11:02:18,473 - INFO - Paper 37263635 ROUGE-1 F1: 0.8138
2025-05-03 11:02:18,473 - INFO - Paper 37263635 ROUGE-2 F1: 0.6488
2025-05-03 11:02:18,473 - INFO - Paper 37263635 ROUGE-L F1: 0.7037
2025-05-03 11:02:18,473 - INFO - Using default tokenizer.
2025-05-03 11:02:18,622 - INFO - Paper 17409856 ROUGE-1 F1: 0.6149
2025-05-03 11:02:18,622 - INFO - Paper 17409856 ROUGE-2 F1: 0.2702
2025-05-03 11:02:18,622 - INFO - Paper 17409856 ROUGE-L F1: 0.3495
2025-05-03 11:02:18,622 - INFO - Using default tokenizer.
2025-05-03 11:02:18,735 - INFO - Paper 69502658 ROUGE-1 F1: 0.6695
2025-05-03 11:02:18,736 - INFO - Paper 69502658 ROUGE-2 F1: 0.3960
2025-05-03 11:02:18,736 - INFO - Paper 69502658 ROUGE-L F1: 0.4760
2025-05-03 11:02:18,736 - INFO - Using default tokenizer.
2025-05-03 11:02:19,183 - INFO - Paper 91200961 ROUGE-1 F1: 0.6058
2025-05-03 11:02:19,183 - INFO - Paper 91200961 ROUGE-2 F1: 0.1987
2025-05-03 11:02:19,183 - INFO - Paper 91200961 ROUGE-L F1: 0.2503
2025-05-03 11:02:19,183 - INFO - Using default tokenizer.
2025-05-03 11:02:19,201 - INFO - Paper 3517250 ROUGE-1 F1: 0.3506
2025-05-03 11:02:19,201 - INFO - Paper 3517250 ROUGE-2 F1: 0.1000
2025-05-03 11:02:19,201 - INFO - Paper 3517250 ROUGE-L F1: 0.1775
2025-05-03 11:02:19,202 - INFO - Using default tokenizer.
2025-05-03 11:02:19,533 - INFO - Paper 80719489 ROUGE-1 F1: 0.5354
2025-05-03 11:02:19,533 - INFO - Paper 80719489 ROUGE-2 F1: 0.1436
2025-05-03 11:02:19,533 - INFO - Paper 80719489 ROUGE-L F1: 0.2330
2025-05-03 11:02:19,534 - INFO - Using default tokenizer.
2025-05-03 11:02:19,838 - INFO - Paper 96002700 ROUGE-1 F1: 0.5828
2025-05-03 11:02:19,838 - INFO - Paper 96002700 ROUGE-2 F1: 0.2794
2025-05-03 11:02:19,838 - INFO - Paper 96002700 ROUGE-L F1: 0.3624
2025-05-03 11:02:19,839 - INFO - Using default tokenizer.
2025-05-03 11:02:20,217 - INFO - Paper 51254358 ROUGE-1 F1: 0.6934
2025-05-03 11:02:20,217 - INFO - Paper 51254358 ROUGE-2 F1: 0.3670
2025-05-03 11:02:20,217 - INFO - Paper 51254358 ROUGE-L F1: 0.4231
2025-05-03 11:02:20,218 - INFO - Using default tokenizer.
2025-05-03 11:02:20,221 - INFO - Paper 93218559 ROUGE-1 F1: 0.2044
2025-05-03 11:02:20,221 - INFO - Paper 93218559 ROUGE-2 F1: 0.0807
2025-05-03 11:02:20,222 - INFO - Paper 93218559 ROUGE-L F1: 0.1333
2025-05-03 11:02:20,222 - INFO - Using default tokenizer.
2025-05-03 11:02:20,263 - INFO - Paper 42731227 ROUGE-1 F1: 0.4554
2025-05-03 11:02:20,263 - INFO - Paper 42731227 ROUGE-2 F1: 0.1736
2025-05-03 11:02:20,263 - INFO - Paper 42731227 ROUGE-L F1: 0.2636
2025-05-03 11:02:20,263 - INFO - Using default tokenizer.
2025-05-03 11:02:20,275 - INFO - Paper 22528856 ROUGE-1 F1: 0.3613
2025-05-03 11:02:20,276 - INFO - Paper 22528856 ROUGE-2 F1: 0.0789
2025-05-03 11:02:20,276 - INFO - Paper 22528856 ROUGE-L F1: 0.1937
2025-05-03 11:02:20,276 - INFO - Using default tokenizer.
2025-05-03 11:02:20,305 - INFO - Paper 68635574 ROUGE-1 F1: 0.5058
2025-05-03 11:02:20,305 - INFO - Paper 68635574 ROUGE-2 F1: 0.1736
2025-05-03 11:02:20,305 - INFO - Paper 68635574 ROUGE-L F1: 0.2762
2025-05-03 11:02:20,306 - INFO - Overall statistics:
2025-05-03 11:02:20,306 - INFO - Papers processed: 484
2025-05-03 11:02:20,306 - INFO - Similarity threshold: 0.581
2025-05-03 11:02:20,306 - INFO - Original mappings: 16986
2025-05-03 11:02:20,306 - INFO - Filtered mappings: 12818
2025-05-03 11:02:20,306 - INFO - Percentage of mappings retained: 75.46%
2025-05-03 11:02:20,306 - INFO - Average ROUGE-1 F1: 0.5753
2025-05-03 11:02:20,306 - INFO - Average ROUGE-2 F1: 0.2734
2025-05-03 11:02:20,306 - INFO - Average ROUGE-L F1: 0.3528
2025-05-03 11:02:20,306 - INFO - Skipped papers due to no mappings meeting threshold: 0
2025-05-03 11:02:20,458 - INFO - Results saved to ./jaehyeok/datasets/conditional_rouge_results_20250503_110044.json
2025-05-03 11:02:20,459 - INFO - Processing complete. Results saved to ./jaehyeok/datasets/conditional_rouge_results_20250503_110044.json
