2025-05-03 11:03:48,524 - INFO - Successfully loaded mapping data for 488 papers
2025-05-03 11:03:48,525 - INFO - Using default tokenizer.
2025-05-03 11:03:48,559 - INFO - Paper 39357436 ROUGE-1 F1: 0.2776
2025-05-03 11:03:48,559 - INFO - Paper 39357436 ROUGE-2 F1: 0.0285
2025-05-03 11:03:48,559 - INFO - Paper 39357436 ROUGE-L F1: 0.1388
2025-05-03 11:03:48,560 - INFO - Using default tokenizer.
2025-05-03 11:03:49,137 - INFO - Paper 88246188 ROUGE-1 F1: 0.5415
2025-05-03 11:03:49,138 - INFO - Paper 88246188 ROUGE-2 F1: 0.1255
2025-05-03 11:03:49,138 - INFO - Paper 88246188 ROUGE-L F1: 0.2103
2025-05-03 11:03:49,138 - INFO - Using default tokenizer.
2025-05-03 11:03:49,196 - INFO - Paper 53809041 ROUGE-1 F1: 0.5448
2025-05-03 11:03:49,196 - INFO - Paper 53809041 ROUGE-2 F1: 0.1421
2025-05-03 11:03:49,196 - INFO - Paper 53809041 ROUGE-L F1: 0.2438
2025-05-03 11:03:49,196 - INFO - Using default tokenizer.
2025-05-03 11:03:49,421 - INFO - Paper 84548548 ROUGE-1 F1: 0.6634
2025-05-03 11:03:49,421 - INFO - Paper 84548548 ROUGE-2 F1: 0.3719
2025-05-03 11:03:49,421 - INFO - Paper 84548548 ROUGE-L F1: 0.4557
2025-05-03 11:03:49,421 - INFO - Using default tokenizer.
2025-05-03 11:03:49,508 - INFO - Paper 43280550 ROUGE-1 F1: 0.6010
2025-05-03 11:03:49,508 - INFO - Paper 43280550 ROUGE-2 F1: 0.2310
2025-05-03 11:03:49,508 - INFO - Paper 43280550 ROUGE-L F1: 0.3685
2025-05-03 11:03:49,508 - INFO - Using default tokenizer.
2025-05-03 11:03:49,960 - INFO - Paper 35928796 ROUGE-1 F1: 0.8331
2025-05-03 11:03:49,961 - INFO - Paper 35928796 ROUGE-2 F1: 0.7199
2025-05-03 11:03:49,961 - INFO - Paper 35928796 ROUGE-L F1: 0.7686
2025-05-03 11:03:49,961 - INFO - Using default tokenizer.
2025-05-03 11:03:49,970 - INFO - Paper 34524227 ROUGE-1 F1: 0.6619
2025-05-03 11:03:49,970 - INFO - Paper 34524227 ROUGE-2 F1: 0.5000
2025-05-03 11:03:49,970 - INFO - Paper 34524227 ROUGE-L F1: 0.6043
2025-05-03 11:03:49,970 - INFO - Using default tokenizer.
2025-05-03 11:03:50,036 - INFO - Paper 4353776 ROUGE-1 F1: 0.5471
2025-05-03 11:03:50,036 - INFO - Paper 4353776 ROUGE-2 F1: 0.1376
2025-05-03 11:03:50,036 - INFO - Paper 4353776 ROUGE-L F1: 0.2303
2025-05-03 11:03:50,036 - INFO - Using default tokenizer.
2025-05-03 11:03:50,495 - INFO - Paper 50897768 ROUGE-1 F1: 0.6913
2025-05-03 11:03:50,495 - INFO - Paper 50897768 ROUGE-2 F1: 0.4546
2025-05-03 11:03:50,495 - INFO - Paper 50897768 ROUGE-L F1: 0.5073
2025-05-03 11:03:50,496 - INFO - Using default tokenizer.
2025-05-03 11:03:50,730 - INFO - Paper 36272485 ROUGE-1 F1: 0.4080
2025-05-03 11:03:50,731 - INFO - Paper 36272485 ROUGE-2 F1: 0.1108
2025-05-03 11:03:50,731 - INFO - Paper 36272485 ROUGE-L F1: 0.1964
2025-05-03 11:03:50,731 - INFO - Using default tokenizer.
2025-05-03 11:03:50,943 - INFO - Paper 74193008 ROUGE-1 F1: 0.5820
2025-05-03 11:03:50,943 - INFO - Paper 74193008 ROUGE-2 F1: 0.1770
2025-05-03 11:03:50,943 - INFO - Paper 74193008 ROUGE-L F1: 0.2627
2025-05-03 11:03:50,943 - INFO - Using default tokenizer.
2025-05-03 11:03:51,525 - INFO - Paper 97291551 ROUGE-1 F1: 0.7761
2025-05-03 11:03:51,525 - INFO - Paper 97291551 ROUGE-2 F1: 0.5245
2025-05-03 11:03:51,525 - INFO - Paper 97291551 ROUGE-L F1: 0.5757
2025-05-03 11:03:51,525 - INFO - Using default tokenizer.
2025-05-03 11:03:51,986 - INFO - Paper 13655370 ROUGE-1 F1: 0.5729
2025-05-03 11:03:51,987 - INFO - Paper 13655370 ROUGE-2 F1: 0.2096
2025-05-03 11:03:51,987 - INFO - Paper 13655370 ROUGE-L F1: 0.2722
2025-05-03 11:03:51,987 - INFO - Using default tokenizer.
2025-05-03 11:03:52,272 - INFO - Paper 11779349 ROUGE-1 F1: 0.5061
2025-05-03 11:03:52,272 - INFO - Paper 11779349 ROUGE-2 F1: 0.1452
2025-05-03 11:03:52,272 - INFO - Paper 11779349 ROUGE-L F1: 0.2382
2025-05-03 11:03:52,273 - INFO - Using default tokenizer.
2025-05-03 11:03:52,541 - INFO - Paper 98262950 ROUGE-1 F1: 0.5449
2025-05-03 11:03:52,541 - INFO - Paper 98262950 ROUGE-2 F1: 0.1356
2025-05-03 11:03:52,541 - INFO - Paper 98262950 ROUGE-L F1: 0.2311
2025-05-03 11:03:52,542 - INFO - Using default tokenizer.
2025-05-03 11:03:52,554 - INFO - Paper 81465314 ROUGE-1 F1: 0.3182
2025-05-03 11:03:52,554 - INFO - Paper 81465314 ROUGE-2 F1: 0.0229
2025-05-03 11:03:52,554 - INFO - Paper 81465314 ROUGE-L F1: 0.1477
2025-05-03 11:03:52,554 - INFO - Using default tokenizer.
2025-05-03 11:03:52,655 - INFO - Paper 8087311 ROUGE-1 F1: 0.6625
2025-05-03 11:03:52,655 - INFO - Paper 8087311 ROUGE-2 F1: 0.3559
2025-05-03 11:03:52,655 - INFO - Paper 8087311 ROUGE-L F1: 0.4778
2025-05-03 11:03:52,656 - INFO - Using default tokenizer.
2025-05-03 11:03:52,768 - INFO - Paper 74261188 ROUGE-1 F1: 0.5664
2025-05-03 11:03:52,769 - INFO - Paper 74261188 ROUGE-2 F1: 0.2066
2025-05-03 11:03:52,769 - INFO - Paper 74261188 ROUGE-L F1: 0.2671
2025-05-03 11:03:52,769 - INFO - Using default tokenizer.
2025-05-03 11:03:53,159 - INFO - Paper 96308075 ROUGE-1 F1: 0.6179
2025-05-03 11:03:53,159 - INFO - Paper 96308075 ROUGE-2 F1: 0.2772
2025-05-03 11:03:53,159 - INFO - Paper 96308075 ROUGE-L F1: 0.3391
2025-05-03 11:03:53,159 - INFO - Using default tokenizer.
2025-05-03 11:03:53,731 - INFO - Paper 23675750 ROUGE-1 F1: 0.6935
2025-05-03 11:03:53,731 - INFO - Paper 23675750 ROUGE-2 F1: 0.3669
2025-05-03 11:03:53,731 - INFO - Paper 23675750 ROUGE-L F1: 0.4410
2025-05-03 11:03:53,731 - INFO - Using default tokenizer.
2025-05-03 11:03:53,791 - INFO - Paper 16973018 ROUGE-1 F1: 0.6106
2025-05-03 11:03:53,791 - INFO - Paper 16973018 ROUGE-2 F1: 0.2627
2025-05-03 11:03:53,791 - INFO - Paper 16973018 ROUGE-L F1: 0.3774
2025-05-03 11:03:53,791 - INFO - Using default tokenizer.
2025-05-03 11:03:53,943 - INFO - Paper 86675541 ROUGE-1 F1: 0.5014
2025-05-03 11:03:53,943 - INFO - Paper 86675541 ROUGE-2 F1: 0.1147
2025-05-03 11:03:53,943 - INFO - Paper 86675541 ROUGE-L F1: 0.2319
2025-05-03 11:03:53,943 - INFO - Using default tokenizer.
2025-05-03 11:03:54,402 - INFO - Paper 90421095 ROUGE-1 F1: 0.7506
2025-05-03 11:03:54,402 - INFO - Paper 90421095 ROUGE-2 F1: 0.4850
2025-05-03 11:03:54,402 - INFO - Paper 90421095 ROUGE-L F1: 0.5396
2025-05-03 11:03:54,403 - INFO - Using default tokenizer.
2025-05-03 11:03:54,515 - INFO - Paper 14310989 ROUGE-1 F1: 0.6056
2025-05-03 11:03:54,515 - INFO - Paper 14310989 ROUGE-2 F1: 0.2662
2025-05-03 11:03:54,515 - INFO - Paper 14310989 ROUGE-L F1: 0.3465
2025-05-03 11:03:54,515 - INFO - Using default tokenizer.
2025-05-03 11:03:54,525 - INFO - Paper 80897282 ROUGE-1 F1: 0.5256
2025-05-03 11:03:54,525 - INFO - Paper 80897282 ROUGE-2 F1: 0.2452
2025-05-03 11:03:54,525 - INFO - Paper 80897282 ROUGE-L F1: 0.3782
2025-05-03 11:03:54,526 - INFO - Using default tokenizer.
2025-05-03 11:03:54,882 - INFO - Paper 36200725 ROUGE-1 F1: 0.5155
2025-05-03 11:03:54,883 - INFO - Paper 36200725 ROUGE-2 F1: 0.1188
2025-05-03 11:03:54,883 - INFO - Paper 36200725 ROUGE-L F1: 0.2151
2025-05-03 11:03:54,883 - INFO - Using default tokenizer.
2025-05-03 11:03:55,369 - INFO - Paper 52464539 ROUGE-1 F1: 0.7879
2025-05-03 11:03:55,369 - INFO - Paper 52464539 ROUGE-2 F1: 0.5402
2025-05-03 11:03:55,369 - INFO - Paper 52464539 ROUGE-L F1: 0.5778
2025-05-03 11:03:55,369 - INFO - Using default tokenizer.
2025-05-03 11:03:55,939 - INFO - Paper 84480736 ROUGE-1 F1: 0.5992
2025-05-03 11:03:55,939 - INFO - Paper 84480736 ROUGE-2 F1: 0.2596
2025-05-03 11:03:55,939 - INFO - Paper 84480736 ROUGE-L F1: 0.3195
2025-05-03 11:03:55,940 - INFO - Using default tokenizer.
2025-05-03 11:03:56,006 - INFO - Paper 2577868 ROUGE-1 F1: 0.6621
2025-05-03 11:03:56,007 - INFO - Paper 2577868 ROUGE-2 F1: 0.2972
2025-05-03 11:03:56,007 - INFO - Paper 2577868 ROUGE-L F1: 0.4092
2025-05-03 11:03:56,007 - INFO - Using default tokenizer.
2025-05-03 11:03:56,656 - INFO - Paper 45601881 ROUGE-1 F1: 0.7718
2025-05-03 11:03:56,656 - INFO - Paper 45601881 ROUGE-2 F1: 0.5649
2025-05-03 11:03:56,656 - INFO - Paper 45601881 ROUGE-L F1: 0.6006
2025-05-03 11:03:56,657 - INFO - Using default tokenizer.
2025-05-03 11:03:56,664 - INFO - Paper 414696 ROUGE-1 F1: 0.5954
2025-05-03 11:03:56,664 - INFO - Paper 414696 ROUGE-2 F1: 0.5308
2025-05-03 11:03:56,665 - INFO - Paper 414696 ROUGE-L F1: 0.5802
2025-05-03 11:03:56,665 - INFO - Using default tokenizer.
2025-05-03 11:03:56,866 - INFO - Paper 17675091 ROUGE-1 F1: 0.5254
2025-05-03 11:03:56,866 - INFO - Paper 17675091 ROUGE-2 F1: 0.1268
2025-05-03 11:03:56,866 - INFO - Paper 17675091 ROUGE-L F1: 0.2169
2025-05-03 11:03:56,866 - INFO - Using default tokenizer.
2025-05-03 11:03:57,147 - INFO - Paper 63621777 ROUGE-1 F1: 0.5047
2025-05-03 11:03:57,147 - INFO - Paper 63621777 ROUGE-2 F1: 0.1276
2025-05-03 11:03:57,147 - INFO - Paper 63621777 ROUGE-L F1: 0.2100
2025-05-03 11:03:57,147 - INFO - Using default tokenizer.
2025-05-03 11:03:57,205 - INFO - Paper 48411412 ROUGE-1 F1: 0.4426
2025-05-03 11:03:57,205 - INFO - Paper 48411412 ROUGE-2 F1: 0.1247
2025-05-03 11:03:57,205 - INFO - Paper 48411412 ROUGE-L F1: 0.2225
2025-05-03 11:03:57,205 - INFO - Using default tokenizer.
2025-05-03 11:03:57,607 - INFO - Paper 66112363 ROUGE-1 F1: 0.7795
2025-05-03 11:03:57,608 - INFO - Paper 66112363 ROUGE-2 F1: 0.5980
2025-05-03 11:03:57,608 - INFO - Paper 66112363 ROUGE-L F1: 0.6487
2025-05-03 11:03:57,608 - INFO - Using default tokenizer.
2025-05-03 11:03:57,727 - INFO - Paper 50538257 ROUGE-1 F1: 0.4473
2025-05-03 11:03:57,727 - INFO - Paper 50538257 ROUGE-2 F1: 0.0645
2025-05-03 11:03:57,728 - INFO - Paper 50538257 ROUGE-L F1: 0.1673
2025-05-03 11:03:57,728 - INFO - Using default tokenizer.
2025-05-03 11:03:57,749 - INFO - Paper 8136900 ROUGE-1 F1: 0.4000
2025-05-03 11:03:57,749 - INFO - Paper 8136900 ROUGE-2 F1: 0.0634
2025-05-03 11:03:57,749 - INFO - Paper 8136900 ROUGE-L F1: 0.2021
2025-05-03 11:03:57,749 - INFO - Using default tokenizer.
2025-05-03 11:03:57,773 - INFO - Paper 7904666 ROUGE-1 F1: 0.4726
2025-05-03 11:03:57,773 - INFO - Paper 7904666 ROUGE-2 F1: 0.1480
2025-05-03 11:03:57,774 - INFO - Paper 7904666 ROUGE-L F1: 0.2268
2025-05-03 11:03:57,774 - INFO - Using default tokenizer.
2025-05-03 11:03:57,815 - INFO - Paper 93142771 ROUGE-1 F1: 0.4276
2025-05-03 11:03:57,816 - INFO - Paper 93142771 ROUGE-2 F1: 0.1521
2025-05-03 11:03:57,816 - INFO - Paper 93142771 ROUGE-L F1: 0.2510
2025-05-03 11:03:57,816 - INFO - Using default tokenizer.
2025-05-03 11:03:57,902 - INFO - Paper 76817909 ROUGE-1 F1: 0.6161
2025-05-03 11:03:57,902 - INFO - Paper 76817909 ROUGE-2 F1: 0.2337
2025-05-03 11:03:57,902 - INFO - Paper 76817909 ROUGE-L F1: 0.3168
2025-05-03 11:03:57,902 - INFO - Using default tokenizer.
2025-05-03 11:03:57,930 - INFO - Paper 435175 ROUGE-1 F1: 0.4739
2025-05-03 11:03:57,930 - INFO - Paper 435175 ROUGE-2 F1: 0.1294
2025-05-03 11:03:57,930 - INFO - Paper 435175 ROUGE-L F1: 0.2544
2025-05-03 11:03:57,931 - INFO - Using default tokenizer.
2025-05-03 11:03:57,995 - INFO - Paper 24950879 ROUGE-1 F1: 0.5662
2025-05-03 11:03:57,995 - INFO - Paper 24950879 ROUGE-2 F1: 0.1556
2025-05-03 11:03:57,995 - INFO - Paper 24950879 ROUGE-L F1: 0.2785
2025-05-03 11:03:57,995 - INFO - Using default tokenizer.
2025-05-03 11:03:58,020 - INFO - Paper 42851012 ROUGE-1 F1: 0.4307
2025-05-03 11:03:58,020 - INFO - Paper 42851012 ROUGE-2 F1: 0.0977
2025-05-03 11:03:58,020 - INFO - Paper 42851012 ROUGE-L F1: 0.1948
2025-05-03 11:03:58,020 - INFO - Using default tokenizer.
2025-05-03 11:03:58,128 - INFO - Paper 88532041 ROUGE-1 F1: 0.5627
2025-05-03 11:03:58,128 - INFO - Paper 88532041 ROUGE-2 F1: 0.2408
2025-05-03 11:03:58,128 - INFO - Paper 88532041 ROUGE-L F1: 0.3495
2025-05-03 11:03:58,128 - INFO - Using default tokenizer.
2025-05-03 11:03:58,143 - INFO - Paper 12175403 ROUGE-1 F1: 0.4300
2025-05-03 11:03:58,143 - INFO - Paper 12175403 ROUGE-2 F1: 0.1553
2025-05-03 11:03:58,144 - INFO - Paper 12175403 ROUGE-L F1: 0.2560
2025-05-03 11:03:58,144 - INFO - Using default tokenizer.
2025-05-03 11:03:58,521 - INFO - Paper 37010180 ROUGE-1 F1: 0.5262
2025-05-03 11:03:58,521 - INFO - Paper 37010180 ROUGE-2 F1: 0.1059
2025-05-03 11:03:58,521 - INFO - Paper 37010180 ROUGE-L F1: 0.1935
2025-05-03 11:03:58,521 - INFO - Using default tokenizer.
2025-05-03 11:03:58,540 - INFO - Paper 99295545 ROUGE-1 F1: 0.5112
2025-05-03 11:03:58,540 - INFO - Paper 99295545 ROUGE-2 F1: 0.1982
2025-05-03 11:03:58,540 - INFO - Paper 99295545 ROUGE-L F1: 0.3408
2025-05-03 11:03:58,541 - INFO - Using default tokenizer.
2025-05-03 11:03:58,572 - INFO - Paper 78190587 ROUGE-1 F1: 0.4199
2025-05-03 11:03:58,572 - INFO - Paper 78190587 ROUGE-2 F1: 0.1158
2025-05-03 11:03:58,572 - INFO - Paper 78190587 ROUGE-L F1: 0.1955
2025-05-03 11:03:58,573 - INFO - Using default tokenizer.
2025-05-03 11:03:58,765 - INFO - Paper 15062404 ROUGE-1 F1: 0.5388
2025-05-03 11:03:58,766 - INFO - Paper 15062404 ROUGE-2 F1: 0.1272
2025-05-03 11:03:58,766 - INFO - Paper 15062404 ROUGE-L F1: 0.2262
2025-05-03 11:03:58,766 - INFO - Using default tokenizer.
2025-05-03 11:03:58,928 - INFO - Paper 71370947 ROUGE-1 F1: 0.4961
2025-05-03 11:03:58,928 - INFO - Paper 71370947 ROUGE-2 F1: 0.1284
2025-05-03 11:03:58,928 - INFO - Paper 71370947 ROUGE-L F1: 0.2368
2025-05-03 11:03:58,928 - INFO - Using default tokenizer.
2025-05-03 11:03:58,963 - INFO - Paper 57934330 ROUGE-1 F1: 0.4871
2025-05-03 11:03:58,963 - INFO - Paper 57934330 ROUGE-2 F1: 0.1882
2025-05-03 11:03:58,963 - INFO - Paper 57934330 ROUGE-L F1: 0.2784
2025-05-03 11:03:58,964 - INFO - Using default tokenizer.
2025-05-03 11:03:58,988 - INFO - Paper 78860785 ROUGE-1 F1: 0.5196
2025-05-03 11:03:58,988 - INFO - Paper 78860785 ROUGE-2 F1: 0.1839
2025-05-03 11:03:58,988 - INFO - Paper 78860785 ROUGE-L F1: 0.2766
2025-05-03 11:03:58,988 - INFO - Using default tokenizer.
2025-05-03 11:03:59,082 - INFO - Paper 63848470 ROUGE-1 F1: 0.5345
2025-05-03 11:03:59,083 - INFO - Paper 63848470 ROUGE-2 F1: 0.1258
2025-05-03 11:03:59,083 - INFO - Paper 63848470 ROUGE-L F1: 0.2314
2025-05-03 11:03:59,083 - INFO - Using default tokenizer.
2025-05-03 11:03:59,120 - INFO - Paper 77534612 ROUGE-1 F1: 0.5502
2025-05-03 11:03:59,120 - INFO - Paper 77534612 ROUGE-2 F1: 0.2744
2025-05-03 11:03:59,120 - INFO - Paper 77534612 ROUGE-L F1: 0.4073
2025-05-03 11:03:59,120 - INFO - Using default tokenizer.
2025-05-03 11:03:59,742 - INFO - Paper 23929837 ROUGE-1 F1: 0.5226
2025-05-03 11:03:59,742 - INFO - Paper 23929837 ROUGE-2 F1: 0.1801
2025-05-03 11:03:59,742 - INFO - Paper 23929837 ROUGE-L F1: 0.2641
2025-05-03 11:03:59,743 - INFO - Using default tokenizer.
2025-05-03 11:04:00,037 - INFO - Paper 13135318 ROUGE-1 F1: 0.7295
2025-05-03 11:04:00,037 - INFO - Paper 13135318 ROUGE-2 F1: 0.5187
2025-05-03 11:04:00,037 - INFO - Paper 13135318 ROUGE-L F1: 0.5907
2025-05-03 11:04:00,038 - INFO - Using default tokenizer.
2025-05-03 11:04:00,303 - INFO - Paper 97923725 ROUGE-1 F1: 0.5850
2025-05-03 11:04:00,303 - INFO - Paper 97923725 ROUGE-2 F1: 0.2207
2025-05-03 11:04:00,303 - INFO - Paper 97923725 ROUGE-L F1: 0.2903
2025-05-03 11:04:00,303 - INFO - Using default tokenizer.
2025-05-03 11:04:00,315 - INFO - Paper 25809281 ROUGE-1 F1: 0.4886
2025-05-03 11:04:00,315 - INFO - Paper 25809281 ROUGE-2 F1: 0.1429
2025-05-03 11:04:00,315 - INFO - Paper 25809281 ROUGE-L F1: 0.2614
2025-05-03 11:04:00,315 - INFO - Using default tokenizer.
2025-05-03 11:04:00,472 - INFO - Paper 8601517 ROUGE-1 F1: 0.5441
2025-05-03 11:04:00,472 - INFO - Paper 8601517 ROUGE-2 F1: 0.1682
2025-05-03 11:04:00,472 - INFO - Paper 8601517 ROUGE-L F1: 0.2383
2025-05-03 11:04:00,472 - INFO - Using default tokenizer.
2025-05-03 11:04:00,859 - INFO - Paper 73515355 ROUGE-1 F1: 0.7242
2025-05-03 11:04:00,859 - INFO - Paper 73515355 ROUGE-2 F1: 0.4412
2025-05-03 11:04:00,859 - INFO - Paper 73515355 ROUGE-L F1: 0.5137
2025-05-03 11:04:00,859 - INFO - Using default tokenizer.
2025-05-03 11:04:01,166 - INFO - Paper 7305163 ROUGE-1 F1: 0.6450
2025-05-03 11:04:01,166 - INFO - Paper 7305163 ROUGE-2 F1: 0.3544
2025-05-03 11:04:01,166 - INFO - Paper 7305163 ROUGE-L F1: 0.4028
2025-05-03 11:04:01,167 - INFO - Using default tokenizer.
2025-05-03 11:04:01,519 - INFO - Paper 31459000 ROUGE-1 F1: 0.6838
2025-05-03 11:04:01,520 - INFO - Paper 31459000 ROUGE-2 F1: 0.3865
2025-05-03 11:04:01,520 - INFO - Paper 31459000 ROUGE-L F1: 0.4470
2025-05-03 11:04:01,520 - INFO - Using default tokenizer.
2025-05-03 11:04:01,797 - INFO - Paper 38779502 ROUGE-1 F1: 0.5192
2025-05-03 11:04:01,798 - INFO - Paper 38779502 ROUGE-2 F1: 0.1263
2025-05-03 11:04:01,798 - INFO - Paper 38779502 ROUGE-L F1: 0.2042
2025-05-03 11:04:01,798 - INFO - Using default tokenizer.
2025-05-03 11:04:01,859 - INFO - Paper 67930407 ROUGE-1 F1: 0.5617
2025-05-03 11:04:01,859 - INFO - Paper 67930407 ROUGE-2 F1: 0.1907
2025-05-03 11:04:01,859 - INFO - Paper 67930407 ROUGE-L F1: 0.2990
2025-05-03 11:04:01,860 - INFO - Using default tokenizer.
2025-05-03 11:04:02,065 - INFO - Paper 35247822 ROUGE-1 F1: 0.6714
2025-05-03 11:04:02,065 - INFO - Paper 35247822 ROUGE-2 F1: 0.3453
2025-05-03 11:04:02,065 - INFO - Paper 35247822 ROUGE-L F1: 0.4723
2025-05-03 11:04:02,065 - INFO - Using default tokenizer.
2025-05-03 11:04:02,099 - INFO - Paper 687757 ROUGE-1 F1: 0.4459
2025-05-03 11:04:02,099 - INFO - Paper 687757 ROUGE-2 F1: 0.0958
2025-05-03 11:04:02,099 - INFO - Paper 687757 ROUGE-L F1: 0.2166
2025-05-03 11:04:02,099 - INFO - Using default tokenizer.
2025-05-03 11:04:02,580 - INFO - Paper 34958521 ROUGE-1 F1: 0.6969
2025-05-03 11:04:02,580 - INFO - Paper 34958521 ROUGE-2 F1: 0.4227
2025-05-03 11:04:02,580 - INFO - Paper 34958521 ROUGE-L F1: 0.4551
2025-05-03 11:04:02,580 - INFO - Using default tokenizer.
2025-05-03 11:04:02,687 - INFO - Paper 86524123 ROUGE-1 F1: 0.4848
2025-05-03 11:04:02,687 - INFO - Paper 86524123 ROUGE-2 F1: 0.1340
2025-05-03 11:04:02,687 - INFO - Paper 86524123 ROUGE-L F1: 0.2120
2025-05-03 11:04:02,688 - INFO - Using default tokenizer.
2025-05-03 11:04:02,784 - INFO - Paper 37171167 ROUGE-1 F1: 0.5568
2025-05-03 11:04:02,785 - INFO - Paper 37171167 ROUGE-2 F1: 0.1688
2025-05-03 11:04:02,785 - INFO - Paper 37171167 ROUGE-L F1: 0.2619
2025-05-03 11:04:02,785 - INFO - Using default tokenizer.
2025-05-03 11:04:02,806 - INFO - Paper 71425952 ROUGE-1 F1: 0.5039
2025-05-03 11:04:02,806 - INFO - Paper 71425952 ROUGE-2 F1: 0.2095
2025-05-03 11:04:02,807 - INFO - Paper 71425952 ROUGE-L F1: 0.3228
2025-05-03 11:04:02,807 - INFO - Using default tokenizer.
2025-05-03 11:04:02,860 - INFO - Paper 12279648 ROUGE-1 F1: 0.5681
2025-05-03 11:04:02,860 - INFO - Paper 12279648 ROUGE-2 F1: 0.2320
2025-05-03 11:04:02,860 - INFO - Paper 12279648 ROUGE-L F1: 0.2905
2025-05-03 11:04:02,860 - INFO - Using default tokenizer.
2025-05-03 11:04:02,962 - INFO - Paper 89767636 ROUGE-1 F1: 0.6522
2025-05-03 11:04:02,962 - INFO - Paper 89767636 ROUGE-2 F1: 0.3993
2025-05-03 11:04:02,962 - INFO - Paper 89767636 ROUGE-L F1: 0.4909
2025-05-03 11:04:02,962 - INFO - Using default tokenizer.
2025-05-03 11:04:03,602 - INFO - Paper 99384474 ROUGE-1 F1: 0.7199
2025-05-03 11:04:03,602 - INFO - Paper 99384474 ROUGE-2 F1: 0.4014
2025-05-03 11:04:03,602 - INFO - Paper 99384474 ROUGE-L F1: 0.4515
2025-05-03 11:04:03,603 - INFO - Using default tokenizer.
2025-05-03 11:04:03,683 - INFO - Paper 36779622 ROUGE-1 F1: 0.4990
2025-05-03 11:04:03,683 - INFO - Paper 36779622 ROUGE-2 F1: 0.1612
2025-05-03 11:04:03,683 - INFO - Paper 36779622 ROUGE-L F1: 0.2701
2025-05-03 11:04:03,683 - INFO - Using default tokenizer.
2025-05-03 11:04:04,291 - INFO - Paper 85505359 ROUGE-1 F1: 0.7279
2025-05-03 11:04:04,291 - INFO - Paper 85505359 ROUGE-2 F1: 0.4038
2025-05-03 11:04:04,291 - INFO - Paper 85505359 ROUGE-L F1: 0.4652
2025-05-03 11:04:04,292 - INFO - Using default tokenizer.
2025-05-03 11:04:04,462 - INFO - Paper 26262723 ROUGE-1 F1: 0.5695
2025-05-03 11:04:04,462 - INFO - Paper 26262723 ROUGE-2 F1: 0.2014
2025-05-03 11:04:04,462 - INFO - Paper 26262723 ROUGE-L F1: 0.2740
2025-05-03 11:04:04,462 - INFO - Using default tokenizer.
2025-05-03 11:04:04,528 - INFO - Paper 87558652 ROUGE-1 F1: 0.4260
2025-05-03 11:04:04,528 - INFO - Paper 87558652 ROUGE-2 F1: 0.1084
2025-05-03 11:04:04,528 - INFO - Paper 87558652 ROUGE-L F1: 0.2053
2025-05-03 11:04:04,528 - INFO - Using default tokenizer.
2025-05-03 11:04:04,631 - INFO - Paper 45435119 ROUGE-1 F1: 0.4085
2025-05-03 11:04:04,631 - INFO - Paper 45435119 ROUGE-2 F1: 0.1027
2025-05-03 11:04:04,631 - INFO - Paper 45435119 ROUGE-L F1: 0.1998
2025-05-03 11:04:04,631 - INFO - Using default tokenizer.
2025-05-03 11:04:04,650 - INFO - Paper 85820029 ROUGE-1 F1: 0.4417
2025-05-03 11:04:04,651 - INFO - Paper 85820029 ROUGE-2 F1: 0.1172
2025-05-03 11:04:04,651 - INFO - Paper 85820029 ROUGE-L F1: 0.2417
2025-05-03 11:04:04,651 - INFO - Using default tokenizer.
2025-05-03 11:04:05,275 - INFO - Paper 17601393 ROUGE-1 F1: 0.7050
2025-05-03 11:04:05,276 - INFO - Paper 17601393 ROUGE-2 F1: 0.4103
2025-05-03 11:04:05,276 - INFO - Paper 17601393 ROUGE-L F1: 0.4686
2025-05-03 11:04:05,276 - INFO - Using default tokenizer.
2025-05-03 11:04:05,433 - INFO - Paper 78499306 ROUGE-1 F1: 0.5533
2025-05-03 11:04:05,433 - INFO - Paper 78499306 ROUGE-2 F1: 0.1966
2025-05-03 11:04:05,433 - INFO - Paper 78499306 ROUGE-L F1: 0.2845
2025-05-03 11:04:05,434 - INFO - Using default tokenizer.
2025-05-03 11:04:06,111 - INFO - Paper 31021586 ROUGE-1 F1: 0.6667
2025-05-03 11:04:06,111 - INFO - Paper 31021586 ROUGE-2 F1: 0.3611
2025-05-03 11:04:06,112 - INFO - Paper 31021586 ROUGE-L F1: 0.4037
2025-05-03 11:04:06,112 - INFO - Using default tokenizer.
2025-05-03 11:04:06,683 - INFO - Paper 30485653 ROUGE-1 F1: 0.4566
2025-05-03 11:04:06,683 - INFO - Paper 30485653 ROUGE-2 F1: 0.1327
2025-05-03 11:04:06,683 - INFO - Paper 30485653 ROUGE-L F1: 0.2165
2025-05-03 11:04:06,684 - INFO - Using default tokenizer.
2025-05-03 11:04:07,298 - INFO - Paper 68340528 ROUGE-1 F1: 0.5738
2025-05-03 11:04:07,299 - INFO - Paper 68340528 ROUGE-2 F1: 0.2172
2025-05-03 11:04:07,299 - INFO - Paper 68340528 ROUGE-L F1: 0.2809
2025-05-03 11:04:07,299 - INFO - Using default tokenizer.
2025-05-03 11:04:07,341 - INFO - Paper 56843191 ROUGE-1 F1: 0.4639
2025-05-03 11:04:07,341 - INFO - Paper 56843191 ROUGE-2 F1: 0.1309
2025-05-03 11:04:07,341 - INFO - Paper 56843191 ROUGE-L F1: 0.2056
2025-05-03 11:04:07,342 - INFO - Using default tokenizer.
2025-05-03 11:04:07,518 - INFO - Paper 84030160 ROUGE-1 F1: 0.6339
2025-05-03 11:04:07,518 - INFO - Paper 84030160 ROUGE-2 F1: 0.3881
2025-05-03 11:04:07,518 - INFO - Paper 84030160 ROUGE-L F1: 0.4724
2025-05-03 11:04:07,518 - INFO - Using default tokenizer.
2025-05-03 11:04:07,613 - INFO - Paper 85853580 ROUGE-1 F1: 0.4834
2025-05-03 11:04:07,613 - INFO - Paper 85853580 ROUGE-2 F1: 0.1312
2025-05-03 11:04:07,613 - INFO - Paper 85853580 ROUGE-L F1: 0.1993
2025-05-03 11:04:07,613 - INFO - Using default tokenizer.
2025-05-03 11:04:07,648 - INFO - Paper 7570292 ROUGE-1 F1: 0.4755
2025-05-03 11:04:07,648 - INFO - Paper 7570292 ROUGE-2 F1: 0.1385
2025-05-03 11:04:07,648 - INFO - Paper 7570292 ROUGE-L F1: 0.2761
2025-05-03 11:04:07,649 - INFO - Using default tokenizer.
2025-05-03 11:04:07,832 - INFO - Paper 26668230 ROUGE-1 F1: 0.6710
2025-05-03 11:04:07,832 - INFO - Paper 26668230 ROUGE-2 F1: 0.2814
2025-05-03 11:04:07,832 - INFO - Paper 26668230 ROUGE-L F1: 0.3519
2025-05-03 11:04:07,832 - INFO - Using default tokenizer.
2025-05-03 11:04:07,920 - INFO - Paper 58884367 ROUGE-1 F1: 0.3586
2025-05-03 11:04:07,920 - INFO - Paper 58884367 ROUGE-2 F1: 0.0550
2025-05-03 11:04:07,920 - INFO - Paper 58884367 ROUGE-L F1: 0.1610
2025-05-03 11:04:07,920 - INFO - Using default tokenizer.
2025-05-03 11:04:08,045 - INFO - Paper 65123124 ROUGE-1 F1: 0.6041
2025-05-03 11:04:08,045 - INFO - Paper 65123124 ROUGE-2 F1: 0.2978
2025-05-03 11:04:08,045 - INFO - Paper 65123124 ROUGE-L F1: 0.3752
2025-05-03 11:04:08,045 - INFO - Using default tokenizer.
2025-05-03 11:04:08,152 - INFO - Paper 78841597 ROUGE-1 F1: 0.6216
2025-05-03 11:04:08,152 - INFO - Paper 78841597 ROUGE-2 F1: 0.3192
2025-05-03 11:04:08,152 - INFO - Paper 78841597 ROUGE-L F1: 0.4017
2025-05-03 11:04:08,153 - INFO - Using default tokenizer.
2025-05-03 11:04:08,466 - INFO - Paper 33126132 ROUGE-1 F1: 0.6300
2025-05-03 11:04:08,466 - INFO - Paper 33126132 ROUGE-2 F1: 0.3350
2025-05-03 11:04:08,466 - INFO - Paper 33126132 ROUGE-L F1: 0.3931
2025-05-03 11:04:08,466 - INFO - Using default tokenizer.
2025-05-03 11:04:08,690 - INFO - Paper 8784223 ROUGE-1 F1: 0.6122
2025-05-03 11:04:08,691 - INFO - Paper 8784223 ROUGE-2 F1: 0.2148
2025-05-03 11:04:08,691 - INFO - Paper 8784223 ROUGE-L F1: 0.3079
2025-05-03 11:04:08,691 - INFO - Using default tokenizer.
2025-05-03 11:04:08,912 - INFO - Paper 57983162 ROUGE-1 F1: 0.5309
2025-05-03 11:04:08,912 - INFO - Paper 57983162 ROUGE-2 F1: 0.1438
2025-05-03 11:04:08,912 - INFO - Paper 57983162 ROUGE-L F1: 0.2048
2025-05-03 11:04:08,913 - INFO - Using default tokenizer.
2025-05-03 11:04:09,428 - INFO - Paper 9563928 ROUGE-1 F1: 0.6765
2025-05-03 11:04:09,428 - INFO - Paper 9563928 ROUGE-2 F1: 0.4132
2025-05-03 11:04:09,428 - INFO - Paper 9563928 ROUGE-L F1: 0.4518
2025-05-03 11:04:09,428 - INFO - Using default tokenizer.
2025-05-03 11:04:09,521 - INFO - Paper 94646863 ROUGE-1 F1: 0.5754
2025-05-03 11:04:09,521 - INFO - Paper 94646863 ROUGE-2 F1: 0.2539
2025-05-03 11:04:09,521 - INFO - Paper 94646863 ROUGE-L F1: 0.3700
2025-05-03 11:04:09,521 - INFO - Using default tokenizer.
2025-05-03 11:04:09,845 - INFO - Paper 17350626 ROUGE-1 F1: 0.4580
2025-05-03 11:04:09,845 - INFO - Paper 17350626 ROUGE-2 F1: 0.1243
2025-05-03 11:04:09,845 - INFO - Paper 17350626 ROUGE-L F1: 0.2067
2025-05-03 11:04:09,846 - INFO - Using default tokenizer.
2025-05-03 11:04:09,865 - INFO - Paper 49439664 ROUGE-1 F1: 0.6469
2025-05-03 11:04:09,865 - INFO - Paper 49439664 ROUGE-2 F1: 0.2505
2025-05-03 11:04:09,865 - INFO - Paper 49439664 ROUGE-L F1: 0.4355
2025-05-03 11:04:09,865 - INFO - Using default tokenizer.
2025-05-03 11:04:10,251 - INFO - Paper 2852538 ROUGE-1 F1: 0.6487
2025-05-03 11:04:10,251 - INFO - Paper 2852538 ROUGE-2 F1: 0.2977
2025-05-03 11:04:10,251 - INFO - Paper 2852538 ROUGE-L F1: 0.3558
2025-05-03 11:04:10,251 - INFO - Using default tokenizer.
2025-05-03 11:04:10,905 - INFO - Paper 74156567 ROUGE-1 F1: 0.7551
2025-05-03 11:04:10,905 - INFO - Paper 74156567 ROUGE-2 F1: 0.4887
2025-05-03 11:04:10,905 - INFO - Paper 74156567 ROUGE-L F1: 0.5376
2025-05-03 11:04:10,906 - INFO - Using default tokenizer.
2025-05-03 11:04:11,516 - INFO - Paper 19173630 ROUGE-1 F1: 0.4414
2025-05-03 11:04:11,516 - INFO - Paper 19173630 ROUGE-2 F1: 0.0966
2025-05-03 11:04:11,516 - INFO - Paper 19173630 ROUGE-L F1: 0.1798
2025-05-03 11:04:11,516 - INFO - Using default tokenizer.
2025-05-03 11:04:11,713 - INFO - Paper 78861774 ROUGE-1 F1: 0.6265
2025-05-03 11:04:11,714 - INFO - Paper 78861774 ROUGE-2 F1: 0.2900
2025-05-03 11:04:11,714 - INFO - Paper 78861774 ROUGE-L F1: 0.3903
2025-05-03 11:04:11,714 - INFO - Using default tokenizer.
2025-05-03 11:04:12,120 - INFO - Paper 202387 ROUGE-1 F1: 0.6987
2025-05-03 11:04:12,120 - INFO - Paper 202387 ROUGE-2 F1: 0.3571
2025-05-03 11:04:12,120 - INFO - Paper 202387 ROUGE-L F1: 0.4132
2025-05-03 11:04:12,120 - INFO - Using default tokenizer.
2025-05-03 11:04:12,155 - INFO - Paper 85933068 ROUGE-1 F1: 0.5164
2025-05-03 11:04:12,155 - INFO - Paper 85933068 ROUGE-2 F1: 0.1570
2025-05-03 11:04:12,156 - INFO - Paper 85933068 ROUGE-L F1: 0.2598
2025-05-03 11:04:12,156 - INFO - Using default tokenizer.
2025-05-03 11:04:12,314 - INFO - Paper 81057283 ROUGE-1 F1: 0.7055
2025-05-03 11:04:12,314 - INFO - Paper 81057283 ROUGE-2 F1: 0.4307
2025-05-03 11:04:12,314 - INFO - Paper 81057283 ROUGE-L F1: 0.4897
2025-05-03 11:04:12,314 - INFO - Using default tokenizer.
2025-05-03 11:04:12,378 - INFO - Paper 31183232 ROUGE-1 F1: 0.6952
2025-05-03 11:04:12,378 - INFO - Paper 31183232 ROUGE-2 F1: 0.4194
2025-05-03 11:04:12,378 - INFO - Paper 31183232 ROUGE-L F1: 0.4927
2025-05-03 11:04:12,379 - INFO - Using default tokenizer.
2025-05-03 11:04:12,927 - INFO - Paper 17754953 ROUGE-1 F1: 0.7786
2025-05-03 11:04:12,927 - INFO - Paper 17754953 ROUGE-2 F1: 0.5270
2025-05-03 11:04:12,927 - INFO - Paper 17754953 ROUGE-L F1: 0.5960
2025-05-03 11:04:12,927 - INFO - Using default tokenizer.
2025-05-03 11:04:12,936 - INFO - Paper 33015723 ROUGE-1 F1: 0.4702
2025-05-03 11:04:12,936 - INFO - Paper 33015723 ROUGE-2 F1: 0.0667
2025-05-03 11:04:12,936 - INFO - Paper 33015723 ROUGE-L F1: 0.2384
2025-05-03 11:04:12,936 - INFO - Using default tokenizer.
2025-05-03 11:04:13,343 - INFO - Paper 76635514 ROUGE-1 F1: 0.7383
2025-05-03 11:04:13,343 - INFO - Paper 76635514 ROUGE-2 F1: 0.5319
2025-05-03 11:04:13,344 - INFO - Paper 76635514 ROUGE-L F1: 0.5880
2025-05-03 11:04:13,344 - INFO - Using default tokenizer.
2025-05-03 11:04:13,471 - INFO - Paper 11636296 ROUGE-1 F1: 0.5785
2025-05-03 11:04:13,471 - INFO - Paper 11636296 ROUGE-2 F1: 0.2743
2025-05-03 11:04:13,471 - INFO - Paper 11636296 ROUGE-L F1: 0.3831
2025-05-03 11:04:13,472 - INFO - Using default tokenizer.
2025-05-03 11:04:13,658 - INFO - Paper 85123331 ROUGE-1 F1: 0.7887
2025-05-03 11:04:13,658 - INFO - Paper 85123331 ROUGE-2 F1: 0.6545
2025-05-03 11:04:13,658 - INFO - Paper 85123331 ROUGE-L F1: 0.6874
2025-05-03 11:04:13,659 - INFO - Using default tokenizer.
2025-05-03 11:04:14,313 - INFO - Paper 49333267 ROUGE-1 F1: 0.7601
2025-05-03 11:04:14,314 - INFO - Paper 49333267 ROUGE-2 F1: 0.4753
2025-05-03 11:04:14,314 - INFO - Paper 49333267 ROUGE-L F1: 0.5314
2025-05-03 11:04:14,314 - INFO - Using default tokenizer.
2025-05-03 11:04:15,014 - INFO - Paper 10587146 ROUGE-1 F1: 0.7030
2025-05-03 11:04:15,014 - INFO - Paper 10587146 ROUGE-2 F1: 0.3654
2025-05-03 11:04:15,014 - INFO - Paper 10587146 ROUGE-L F1: 0.4090
2025-05-03 11:04:15,014 - INFO - Using default tokenizer.
2025-05-03 11:04:15,586 - INFO - Paper 28727146 ROUGE-1 F1: 0.6763
2025-05-03 11:04:15,586 - INFO - Paper 28727146 ROUGE-2 F1: 0.3930
2025-05-03 11:04:15,587 - INFO - Paper 28727146 ROUGE-L F1: 0.4254
2025-05-03 11:04:15,587 - INFO - Using default tokenizer.
2025-05-03 11:04:16,032 - INFO - Paper 57114772 ROUGE-1 F1: 0.7076
2025-05-03 11:04:16,032 - INFO - Paper 57114772 ROUGE-2 F1: 0.4084
2025-05-03 11:04:16,032 - INFO - Paper 57114772 ROUGE-L F1: 0.4232
2025-05-03 11:04:16,032 - INFO - Using default tokenizer.
2025-05-03 11:04:16,138 - INFO - Paper 94730041 ROUGE-1 F1: 0.5591
2025-05-03 11:04:16,138 - INFO - Paper 94730041 ROUGE-2 F1: 0.1469
2025-05-03 11:04:16,138 - INFO - Paper 94730041 ROUGE-L F1: 0.2433
2025-05-03 11:04:16,138 - INFO - Using default tokenizer.
2025-05-03 11:04:16,756 - INFO - Paper 61298922 ROUGE-1 F1: 0.7492
2025-05-03 11:04:16,756 - INFO - Paper 61298922 ROUGE-2 F1: 0.4379
2025-05-03 11:04:16,756 - INFO - Paper 61298922 ROUGE-L F1: 0.4909
2025-05-03 11:04:16,757 - INFO - Using default tokenizer.
2025-05-03 11:04:17,203 - INFO - Paper 36051826 ROUGE-1 F1: 0.7254
2025-05-03 11:04:17,203 - INFO - Paper 36051826 ROUGE-2 F1: 0.4118
2025-05-03 11:04:17,203 - INFO - Paper 36051826 ROUGE-L F1: 0.4559
2025-05-03 11:04:17,203 - INFO - Using default tokenizer.
2025-05-03 11:04:17,389 - INFO - Paper 7912651 ROUGE-1 F1: 0.7434
2025-05-03 11:04:17,389 - INFO - Paper 7912651 ROUGE-2 F1: 0.5455
2025-05-03 11:04:17,389 - INFO - Paper 7912651 ROUGE-L F1: 0.6118
2025-05-03 11:04:17,389 - INFO - Using default tokenizer.
2025-05-03 11:04:17,476 - INFO - Paper 74164301 ROUGE-1 F1: 0.5608
2025-05-03 11:04:17,476 - INFO - Paper 74164301 ROUGE-2 F1: 0.2071
2025-05-03 11:04:17,476 - INFO - Paper 74164301 ROUGE-L F1: 0.2852
2025-05-03 11:04:17,476 - INFO - Using default tokenizer.
2025-05-03 11:04:17,542 - INFO - Paper 72788236 ROUGE-1 F1: 0.4938
2025-05-03 11:04:17,542 - INFO - Paper 72788236 ROUGE-2 F1: 0.1440
2025-05-03 11:04:17,542 - INFO - Paper 72788236 ROUGE-L F1: 0.2447
2025-05-03 11:04:17,542 - INFO - Using default tokenizer.
2025-05-03 11:04:18,070 - INFO - Paper 93025332 ROUGE-1 F1: 0.8093
2025-05-03 11:04:18,071 - INFO - Paper 93025332 ROUGE-2 F1: 0.6747
2025-05-03 11:04:18,071 - INFO - Paper 93025332 ROUGE-L F1: 0.7081
2025-05-03 11:04:18,071 - INFO - Using default tokenizer.
2025-05-03 11:04:18,339 - INFO - Paper 43650136 ROUGE-1 F1: 0.4989
2025-05-03 11:04:18,340 - INFO - Paper 43650136 ROUGE-2 F1: 0.1499
2025-05-03 11:04:18,340 - INFO - Paper 43650136 ROUGE-L F1: 0.2123
2025-05-03 11:04:18,340 - INFO - Using default tokenizer.
2025-05-03 11:04:18,414 - INFO - Paper 62769214 ROUGE-1 F1: 0.4747
2025-05-03 11:04:18,414 - INFO - Paper 62769214 ROUGE-2 F1: 0.0869
2025-05-03 11:04:18,414 - INFO - Paper 62769214 ROUGE-L F1: 0.2291
2025-05-03 11:04:18,414 - INFO - Using default tokenizer.
2025-05-03 11:04:18,521 - INFO - Paper 52492536 ROUGE-1 F1: 0.4590
2025-05-03 11:04:18,522 - INFO - Paper 52492536 ROUGE-2 F1: 0.1054
2025-05-03 11:04:18,522 - INFO - Paper 52492536 ROUGE-L F1: 0.2036
2025-05-03 11:04:18,522 - INFO - Using default tokenizer.
2025-05-03 11:04:19,141 - INFO - Paper 53935450 ROUGE-1 F1: 0.6757
2025-05-03 11:04:19,142 - INFO - Paper 53935450 ROUGE-2 F1: 0.3363
2025-05-03 11:04:19,142 - INFO - Paper 53935450 ROUGE-L F1: 0.3739
2025-05-03 11:04:19,142 - INFO - Using default tokenizer.
2025-05-03 11:04:19,217 - INFO - Paper 7120002 ROUGE-1 F1: 0.6168
2025-05-03 11:04:19,218 - INFO - Paper 7120002 ROUGE-2 F1: 0.2321
2025-05-03 11:04:19,218 - INFO - Paper 7120002 ROUGE-L F1: 0.3474
2025-05-03 11:04:19,218 - INFO - Using default tokenizer.
2025-05-03 11:04:19,721 - INFO - Paper 30995172 ROUGE-1 F1: 0.7631
2025-05-03 11:04:19,721 - INFO - Paper 30995172 ROUGE-2 F1: 0.5485
2025-05-03 11:04:19,721 - INFO - Paper 30995172 ROUGE-L F1: 0.5994
2025-05-03 11:04:19,722 - INFO - Using default tokenizer.
2025-05-03 11:04:19,960 - INFO - Paper 97703387 ROUGE-1 F1: 0.7789
2025-05-03 11:04:19,960 - INFO - Paper 97703387 ROUGE-2 F1: 0.5940
2025-05-03 11:04:19,960 - INFO - Paper 97703387 ROUGE-L F1: 0.6506
2025-05-03 11:04:19,960 - INFO - Using default tokenizer.
2025-05-03 11:04:20,072 - INFO - Paper 53721399 ROUGE-1 F1: 0.5828
2025-05-03 11:04:20,072 - INFO - Paper 53721399 ROUGE-2 F1: 0.2272
2025-05-03 11:04:20,072 - INFO - Paper 53721399 ROUGE-L F1: 0.3311
2025-05-03 11:04:20,073 - INFO - Using default tokenizer.
2025-05-03 11:04:20,264 - INFO - Paper 16124640 ROUGE-1 F1: 0.5238
2025-05-03 11:04:20,264 - INFO - Paper 16124640 ROUGE-2 F1: 0.1435
2025-05-03 11:04:20,264 - INFO - Paper 16124640 ROUGE-L F1: 0.2241
2025-05-03 11:04:20,264 - INFO - Using default tokenizer.
2025-05-03 11:04:20,358 - INFO - Paper 69976012 ROUGE-1 F1: 0.6165
2025-05-03 11:04:20,358 - INFO - Paper 69976012 ROUGE-2 F1: 0.2482
2025-05-03 11:04:20,358 - INFO - Paper 69976012 ROUGE-L F1: 0.3229
2025-05-03 11:04:20,358 - INFO - Using default tokenizer.
2025-05-03 11:04:20,684 - INFO - Paper 74547298 ROUGE-1 F1: 0.6772
2025-05-03 11:04:20,684 - INFO - Paper 74547298 ROUGE-2 F1: 0.3976
2025-05-03 11:04:20,684 - INFO - Paper 74547298 ROUGE-L F1: 0.4791
2025-05-03 11:04:20,684 - INFO - Using default tokenizer.
2025-05-03 11:04:20,851 - INFO - Paper 7255717 ROUGE-1 F1: 0.4801
2025-05-03 11:04:20,851 - INFO - Paper 7255717 ROUGE-2 F1: 0.1030
2025-05-03 11:04:20,851 - INFO - Paper 7255717 ROUGE-L F1: 0.2058
2025-05-03 11:04:20,851 - INFO - Using default tokenizer.
2025-05-03 11:04:20,874 - INFO - Paper 29962756 ROUGE-1 F1: 0.4733
2025-05-03 11:04:20,874 - INFO - Paper 29962756 ROUGE-2 F1: 0.1839
2025-05-03 11:04:20,874 - INFO - Paper 29962756 ROUGE-L F1: 0.2901
2025-05-03 11:04:20,874 - INFO - Using default tokenizer.
2025-05-03 11:04:21,035 - INFO - Paper 31303819 ROUGE-1 F1: 0.6867
2025-05-03 11:04:21,035 - INFO - Paper 31303819 ROUGE-2 F1: 0.3586
2025-05-03 11:04:21,035 - INFO - Paper 31303819 ROUGE-L F1: 0.4241
2025-05-03 11:04:21,036 - INFO - Using default tokenizer.
2025-05-03 11:04:21,051 - INFO - Paper 29981772 ROUGE-1 F1: 0.4428
2025-05-03 11:04:21,051 - INFO - Paper 29981772 ROUGE-2 F1: 0.1200
2025-05-03 11:04:21,051 - INFO - Paper 29981772 ROUGE-L F1: 0.2438
2025-05-03 11:04:21,051 - INFO - Using default tokenizer.
2025-05-03 11:04:21,156 - INFO - Paper 15643187 ROUGE-1 F1: 0.4546
2025-05-03 11:04:21,156 - INFO - Paper 15643187 ROUGE-2 F1: 0.1004
2025-05-03 11:04:21,156 - INFO - Paper 15643187 ROUGE-L F1: 0.2092
2025-05-03 11:04:21,156 - INFO - Using default tokenizer.
2025-05-03 11:04:21,224 - INFO - Paper 18322264 ROUGE-1 F1: 0.5553
2025-05-03 11:04:21,224 - INFO - Paper 18322264 ROUGE-2 F1: 0.1885
2025-05-03 11:04:21,224 - INFO - Paper 18322264 ROUGE-L F1: 0.2942
2025-05-03 11:04:21,224 - INFO - Using default tokenizer.
2025-05-03 11:04:21,290 - INFO - Paper 30748495 ROUGE-1 F1: 0.5916
2025-05-03 11:04:21,290 - INFO - Paper 30748495 ROUGE-2 F1: 0.1969
2025-05-03 11:04:21,290 - INFO - Paper 30748495 ROUGE-L F1: 0.2759
2025-05-03 11:04:21,290 - INFO - Using default tokenizer.
2025-05-03 11:04:21,627 - INFO - Paper 48091191 ROUGE-1 F1: 0.7082
2025-05-03 11:04:21,627 - INFO - Paper 48091191 ROUGE-2 F1: 0.4158
2025-05-03 11:04:21,627 - INFO - Paper 48091191 ROUGE-L F1: 0.4590
2025-05-03 11:04:21,627 - INFO - Using default tokenizer.
2025-05-03 11:04:21,888 - INFO - Paper 39353178 ROUGE-1 F1: 0.5277
2025-05-03 11:04:21,888 - INFO - Paper 39353178 ROUGE-2 F1: 0.1307
2025-05-03 11:04:21,888 - INFO - Paper 39353178 ROUGE-L F1: 0.2117
2025-05-03 11:04:21,888 - INFO - Using default tokenizer.
2025-05-03 11:04:22,060 - INFO - Paper 60516406 ROUGE-1 F1: 0.4304
2025-05-03 11:04:22,060 - INFO - Paper 60516406 ROUGE-2 F1: 0.1051
2025-05-03 11:04:22,061 - INFO - Paper 60516406 ROUGE-L F1: 0.1759
2025-05-03 11:04:22,061 - INFO - Using default tokenizer.
2025-05-03 11:04:22,171 - INFO - Paper 30789903 ROUGE-1 F1: 0.5949
2025-05-03 11:04:22,171 - INFO - Paper 30789903 ROUGE-2 F1: 0.2637
2025-05-03 11:04:22,171 - INFO - Paper 30789903 ROUGE-L F1: 0.3812
2025-05-03 11:04:22,172 - INFO - Using default tokenizer.
2025-05-03 11:04:22,348 - INFO - Paper 18521109 ROUGE-1 F1: 0.5707
2025-05-03 11:04:22,348 - INFO - Paper 18521109 ROUGE-2 F1: 0.1355
2025-05-03 11:04:22,348 - INFO - Paper 18521109 ROUGE-L F1: 0.2210
2025-05-03 11:04:22,348 - INFO - Using default tokenizer.
2025-05-03 11:04:22,871 - INFO - Paper 36197895 ROUGE-1 F1: 0.7455
2025-05-03 11:04:22,871 - INFO - Paper 36197895 ROUGE-2 F1: 0.5116
2025-05-03 11:04:22,871 - INFO - Paper 36197895 ROUGE-L F1: 0.5656
2025-05-03 11:04:22,871 - INFO - Using default tokenizer.
2025-05-03 11:04:23,124 - INFO - Paper 24753674 ROUGE-1 F1: 0.5185
2025-05-03 11:04:23,125 - INFO - Paper 24753674 ROUGE-2 F1: 0.1415
2025-05-03 11:04:23,125 - INFO - Paper 24753674 ROUGE-L F1: 0.2017
2025-05-03 11:04:23,125 - INFO - Using default tokenizer.
2025-05-03 11:04:23,146 - INFO - Paper 5681713 ROUGE-1 F1: 0.6122
2025-05-03 11:04:23,146 - INFO - Paper 5681713 ROUGE-2 F1: 0.4295
2025-05-03 11:04:23,146 - INFO - Paper 5681713 ROUGE-L F1: 0.5241
2025-05-03 11:04:23,146 - INFO - Using default tokenizer.
2025-05-03 11:04:23,204 - INFO - Paper 21919380 ROUGE-1 F1: 0.2942
2025-05-03 11:04:23,204 - INFO - Paper 21919380 ROUGE-2 F1: 0.0309
2025-05-03 11:04:23,204 - INFO - Paper 21919380 ROUGE-L F1: 0.1352
2025-05-03 11:04:23,204 - INFO - Using default tokenizer.
2025-05-03 11:04:23,526 - INFO - Paper 11354749 ROUGE-1 F1: 0.6433
2025-05-03 11:04:23,526 - INFO - Paper 11354749 ROUGE-2 F1: 0.4016
2025-05-03 11:04:23,526 - INFO - Paper 11354749 ROUGE-L F1: 0.4692
2025-05-03 11:04:23,527 - INFO - Using default tokenizer.
2025-05-03 11:04:24,237 - INFO - Paper 60253398 ROUGE-1 F1: 0.7603
2025-05-03 11:04:24,237 - INFO - Paper 60253398 ROUGE-2 F1: 0.4871
2025-05-03 11:04:24,237 - INFO - Paper 60253398 ROUGE-L F1: 0.5377
2025-05-03 11:04:24,237 - INFO - Using default tokenizer.
2025-05-03 11:04:24,267 - INFO - Paper 2774914 ROUGE-1 F1: 0.4497
2025-05-03 11:04:24,267 - INFO - Paper 2774914 ROUGE-2 F1: 0.0875
2025-05-03 11:04:24,267 - INFO - Paper 2774914 ROUGE-L F1: 0.2349
2025-05-03 11:04:24,268 - INFO - Using default tokenizer.
2025-05-03 11:04:24,921 - INFO - Paper 8455503 ROUGE-1 F1: 0.8130
2025-05-03 11:04:24,921 - INFO - Paper 8455503 ROUGE-2 F1: 0.6088
2025-05-03 11:04:24,921 - INFO - Paper 8455503 ROUGE-L F1: 0.6160
2025-05-03 11:04:24,921 - INFO - Using default tokenizer.
2025-05-03 11:04:24,938 - INFO - Paper 99440206 ROUGE-1 F1: 0.4907
2025-05-03 11:04:24,938 - INFO - Paper 99440206 ROUGE-2 F1: 0.1442
2025-05-03 11:04:24,938 - INFO - Paper 99440206 ROUGE-L F1: 0.2917
2025-05-03 11:04:24,938 - INFO - Using default tokenizer.
2025-05-03 11:04:25,498 - INFO - Paper 8984509 ROUGE-1 F1: 0.7358
2025-05-03 11:04:25,498 - INFO - Paper 8984509 ROUGE-2 F1: 0.4347
2025-05-03 11:04:25,498 - INFO - Paper 8984509 ROUGE-L F1: 0.5007
2025-05-03 11:04:25,498 - INFO - Using default tokenizer.
2025-05-03 11:04:25,794 - INFO - Paper 86508243 ROUGE-1 F1: 0.5302
2025-05-03 11:04:25,794 - INFO - Paper 86508243 ROUGE-2 F1: 0.1376
2025-05-03 11:04:25,794 - INFO - Paper 86508243 ROUGE-L F1: 0.2150
2025-05-03 11:04:25,795 - INFO - Using default tokenizer.
2025-05-03 11:04:25,808 - INFO - Paper 97592875 ROUGE-1 F1: 0.4171
2025-05-03 11:04:25,808 - INFO - Paper 97592875 ROUGE-2 F1: 0.0690
2025-05-03 11:04:25,808 - INFO - Paper 97592875 ROUGE-L F1: 0.2171
2025-05-03 11:04:25,808 - INFO - Using default tokenizer.
2025-05-03 11:04:25,914 - INFO - Paper 45186835 ROUGE-1 F1: 0.6302
2025-05-03 11:04:25,914 - INFO - Paper 45186835 ROUGE-2 F1: 0.3795
2025-05-03 11:04:25,914 - INFO - Paper 45186835 ROUGE-L F1: 0.4273
2025-05-03 11:04:25,915 - INFO - Using default tokenizer.
2025-05-03 11:04:25,998 - INFO - Paper 24312671 ROUGE-1 F1: 0.6346
2025-05-03 11:04:25,998 - INFO - Paper 24312671 ROUGE-2 F1: 0.3230
2025-05-03 11:04:25,998 - INFO - Paper 24312671 ROUGE-L F1: 0.4284
2025-05-03 11:04:25,998 - INFO - Using default tokenizer.
2025-05-03 11:04:26,391 - INFO - Paper 49139111 ROUGE-1 F1: 0.5931
2025-05-03 11:04:26,391 - INFO - Paper 49139111 ROUGE-2 F1: 0.1881
2025-05-03 11:04:26,391 - INFO - Paper 49139111 ROUGE-L F1: 0.2645
2025-05-03 11:04:26,391 - INFO - Using default tokenizer.
2025-05-03 11:04:26,426 - INFO - Paper 32560739 ROUGE-1 F1: 0.6049
2025-05-03 11:04:26,426 - INFO - Paper 32560739 ROUGE-2 F1: 0.2663
2025-05-03 11:04:26,426 - INFO - Paper 32560739 ROUGE-L F1: 0.3549
2025-05-03 11:04:26,426 - INFO - Using default tokenizer.
2025-05-03 11:04:26,686 - INFO - Paper 73414525 ROUGE-1 F1: 0.5035
2025-05-03 11:04:26,686 - INFO - Paper 73414525 ROUGE-2 F1: 0.1215
2025-05-03 11:04:26,686 - INFO - Paper 73414525 ROUGE-L F1: 0.2097
2025-05-03 11:04:26,687 - INFO - Using default tokenizer.
2025-05-03 11:04:26,773 - INFO - Paper 97980035 ROUGE-1 F1: 0.6513
2025-05-03 11:04:26,773 - INFO - Paper 97980035 ROUGE-2 F1: 0.3842
2025-05-03 11:04:26,774 - INFO - Paper 97980035 ROUGE-L F1: 0.4817
2025-05-03 11:04:26,774 - INFO - Using default tokenizer.
2025-05-03 11:04:27,118 - INFO - Paper 12625177 ROUGE-1 F1: 0.6957
2025-05-03 11:04:27,118 - INFO - Paper 12625177 ROUGE-2 F1: 0.4409
2025-05-03 11:04:27,118 - INFO - Paper 12625177 ROUGE-L F1: 0.4998
2025-05-03 11:04:27,118 - INFO - Using default tokenizer.
2025-05-03 11:04:27,187 - INFO - Paper 36278339 ROUGE-1 F1: 0.5550
2025-05-03 11:04:27,187 - INFO - Paper 36278339 ROUGE-2 F1: 0.2182
2025-05-03 11:04:27,187 - INFO - Paper 36278339 ROUGE-L F1: 0.3308
2025-05-03 11:04:27,187 - INFO - Using default tokenizer.
2025-05-03 11:04:27,402 - INFO - Paper 91633253 ROUGE-1 F1: 0.7978
2025-05-03 11:04:27,402 - INFO - Paper 91633253 ROUGE-2 F1: 0.5793
2025-05-03 11:04:27,402 - INFO - Paper 91633253 ROUGE-L F1: 0.6431
2025-05-03 11:04:27,403 - INFO - Using default tokenizer.
2025-05-03 11:04:27,429 - INFO - Paper 6799048 ROUGE-1 F1: 0.4488
2025-05-03 11:04:27,429 - INFO - Paper 6799048 ROUGE-2 F1: 0.0638
2025-05-03 11:04:27,429 - INFO - Paper 6799048 ROUGE-L F1: 0.1908
2025-05-03 11:04:27,429 - INFO - Using default tokenizer.
2025-05-03 11:04:27,487 - INFO - Paper 5180208 ROUGE-1 F1: 0.5664
2025-05-03 11:04:27,487 - INFO - Paper 5180208 ROUGE-2 F1: 0.2120
2025-05-03 11:04:27,488 - INFO - Paper 5180208 ROUGE-L F1: 0.3102
2025-05-03 11:04:27,488 - INFO - Using default tokenizer.
2025-05-03 11:04:27,889 - INFO - Paper 597051 ROUGE-1 F1: 0.5384
2025-05-03 11:04:27,889 - INFO - Paper 597051 ROUGE-2 F1: 0.1434
2025-05-03 11:04:27,890 - INFO - Paper 597051 ROUGE-L F1: 0.2171
2025-05-03 11:04:27,890 - INFO - Using default tokenizer.
2025-05-03 11:04:28,450 - INFO - Paper 23313716 ROUGE-1 F1: 0.7645
2025-05-03 11:04:28,450 - INFO - Paper 23313716 ROUGE-2 F1: 0.5230
2025-05-03 11:04:28,450 - INFO - Paper 23313716 ROUGE-L F1: 0.5743
2025-05-03 11:04:28,450 - INFO - Using default tokenizer.
2025-05-03 11:04:28,506 - INFO - Paper 88969640 ROUGE-1 F1: 0.5142
2025-05-03 11:04:28,506 - INFO - Paper 88969640 ROUGE-2 F1: 0.1710
2025-05-03 11:04:28,506 - INFO - Paper 88969640 ROUGE-L F1: 0.2701
2025-05-03 11:04:28,506 - INFO - Using default tokenizer.
2025-05-03 11:04:29,110 - INFO - Paper 83267919 ROUGE-1 F1: 0.6624
2025-05-03 11:04:29,110 - INFO - Paper 83267919 ROUGE-2 F1: 0.3379
2025-05-03 11:04:29,110 - INFO - Paper 83267919 ROUGE-L F1: 0.4009
2025-05-03 11:04:29,110 - INFO - Using default tokenizer.
2025-05-03 11:04:29,117 - INFO - Paper 73424952 ROUGE-1 F1: 0.2879
2025-05-03 11:04:29,117 - INFO - Paper 73424952 ROUGE-2 F1: 0.0863
2025-05-03 11:04:29,117 - INFO - Paper 73424952 ROUGE-L F1: 0.1634
2025-05-03 11:04:29,117 - INFO - Using default tokenizer.
2025-05-03 11:04:29,724 - INFO - Paper 66912872 ROUGE-1 F1: 0.7339
2025-05-03 11:04:29,724 - INFO - Paper 66912872 ROUGE-2 F1: 0.4368
2025-05-03 11:04:29,724 - INFO - Paper 66912872 ROUGE-L F1: 0.4785
2025-05-03 11:04:29,724 - INFO - Using default tokenizer.
2025-05-03 11:04:30,158 - INFO - Paper 2899329 ROUGE-1 F1: 0.5861
2025-05-03 11:04:30,159 - INFO - Paper 2899329 ROUGE-2 F1: 0.1618
2025-05-03 11:04:30,159 - INFO - Paper 2899329 ROUGE-L F1: 0.2476
2025-05-03 11:04:30,159 - INFO - Using default tokenizer.
2025-05-03 11:04:30,403 - INFO - Paper 56196 ROUGE-1 F1: 0.5801
2025-05-03 11:04:30,403 - INFO - Paper 56196 ROUGE-2 F1: 0.2488
2025-05-03 11:04:30,403 - INFO - Paper 56196 ROUGE-L F1: 0.3350
2025-05-03 11:04:30,403 - INFO - Using default tokenizer.
2025-05-03 11:04:30,578 - INFO - Paper 30189879 ROUGE-1 F1: 0.6314
2025-05-03 11:04:30,578 - INFO - Paper 30189879 ROUGE-2 F1: 0.2966
2025-05-03 11:04:30,578 - INFO - Paper 30189879 ROUGE-L F1: 0.4008
2025-05-03 11:04:30,578 - INFO - Using default tokenizer.
2025-05-03 11:04:30,812 - INFO - Paper 91451160 ROUGE-1 F1: 0.7398
2025-05-03 11:04:30,812 - INFO - Paper 91451160 ROUGE-2 F1: 0.5082
2025-05-03 11:04:30,812 - INFO - Paper 91451160 ROUGE-L F1: 0.5718
2025-05-03 11:04:30,813 - INFO - Using default tokenizer.
2025-05-03 11:04:30,859 - INFO - Paper 66403710 ROUGE-1 F1: 0.4520
2025-05-03 11:04:30,859 - INFO - Paper 66403710 ROUGE-2 F1: 0.0975
2025-05-03 11:04:30,859 - INFO - Paper 66403710 ROUGE-L F1: 0.1919
2025-05-03 11:04:30,860 - INFO - Using default tokenizer.
2025-05-03 11:04:31,004 - INFO - Paper 55410278 ROUGE-1 F1: 0.5195
2025-05-03 11:04:31,004 - INFO - Paper 55410278 ROUGE-2 F1: 0.1734
2025-05-03 11:04:31,004 - INFO - Paper 55410278 ROUGE-L F1: 0.2697
2025-05-03 11:04:31,004 - INFO - Using default tokenizer.
2025-05-03 11:04:31,381 - INFO - Paper 21050319 ROUGE-1 F1: 0.7731
2025-05-03 11:04:31,381 - INFO - Paper 21050319 ROUGE-2 F1: 0.5764
2025-05-03 11:04:31,381 - INFO - Paper 21050319 ROUGE-L F1: 0.6238
2025-05-03 11:04:31,382 - INFO - Using default tokenizer.
2025-05-03 11:04:31,808 - INFO - Paper 24169489 ROUGE-1 F1: 0.7899
2025-05-03 11:04:31,808 - INFO - Paper 24169489 ROUGE-2 F1: 0.6099
2025-05-03 11:04:31,808 - INFO - Paper 24169489 ROUGE-L F1: 0.6530
2025-05-03 11:04:31,809 - INFO - Using default tokenizer.
2025-05-03 11:04:32,073 - INFO - Paper 15757806 ROUGE-1 F1: 0.5798
2025-05-03 11:04:32,073 - INFO - Paper 15757806 ROUGE-2 F1: 0.1554
2025-05-03 11:04:32,073 - INFO - Paper 15757806 ROUGE-L F1: 0.2572
2025-05-03 11:04:32,073 - INFO - Using default tokenizer.
2025-05-03 11:04:32,175 - INFO - Paper 21542239 ROUGE-1 F1: 0.5112
2025-05-03 11:04:32,175 - INFO - Paper 21542239 ROUGE-2 F1: 0.1379
2025-05-03 11:04:32,175 - INFO - Paper 21542239 ROUGE-L F1: 0.2324
2025-05-03 11:04:32,175 - INFO - Using default tokenizer.
2025-05-03 11:04:32,269 - INFO - Paper 48074885 ROUGE-1 F1: 0.3455
2025-05-03 11:04:32,269 - INFO - Paper 48074885 ROUGE-2 F1: 0.0489
2025-05-03 11:04:32,269 - INFO - Paper 48074885 ROUGE-L F1: 0.1408
2025-05-03 11:04:32,269 - INFO - Using default tokenizer.
2025-05-03 11:04:32,331 - INFO - Paper 63511892 ROUGE-1 F1: 0.5855
2025-05-03 11:04:32,332 - INFO - Paper 63511892 ROUGE-2 F1: 0.3843
2025-05-03 11:04:32,332 - INFO - Paper 63511892 ROUGE-L F1: 0.4409
2025-05-03 11:04:32,332 - INFO - Using default tokenizer.
2025-05-03 11:04:32,423 - INFO - Paper 57228237 ROUGE-1 F1: 0.5670
2025-05-03 11:04:32,423 - INFO - Paper 57228237 ROUGE-2 F1: 0.2630
2025-05-03 11:04:32,423 - INFO - Paper 57228237 ROUGE-L F1: 0.3487
2025-05-03 11:04:32,423 - INFO - Using default tokenizer.
2025-05-03 11:04:32,884 - INFO - Paper 75962230 ROUGE-1 F1: 0.7333
2025-05-03 11:04:32,884 - INFO - Paper 75962230 ROUGE-2 F1: 0.4994
2025-05-03 11:04:32,884 - INFO - Paper 75962230 ROUGE-L F1: 0.5563
2025-05-03 11:04:32,885 - INFO - Using default tokenizer.
2025-05-03 11:04:33,389 - INFO - Paper 39674358 ROUGE-1 F1: 0.8482
2025-05-03 11:04:33,389 - INFO - Paper 39674358 ROUGE-2 F1: 0.6994
2025-05-03 11:04:33,389 - INFO - Paper 39674358 ROUGE-L F1: 0.7336
2025-05-03 11:04:33,389 - INFO - Using default tokenizer.
2025-05-03 11:04:33,879 - INFO - Paper 5550259 ROUGE-1 F1: 0.6754
2025-05-03 11:04:33,879 - INFO - Paper 5550259 ROUGE-2 F1: 0.3412
2025-05-03 11:04:33,879 - INFO - Paper 5550259 ROUGE-L F1: 0.4088
2025-05-03 11:04:33,880 - INFO - Using default tokenizer.
2025-05-03 11:04:33,975 - INFO - Paper 59485457 ROUGE-1 F1: 0.4958
2025-05-03 11:04:33,975 - INFO - Paper 59485457 ROUGE-2 F1: 0.1322
2025-05-03 11:04:33,975 - INFO - Paper 59485457 ROUGE-L F1: 0.2149
2025-05-03 11:04:33,975 - INFO - Using default tokenizer.
2025-05-03 11:04:33,985 - INFO - Paper 31543932 ROUGE-1 F1: 0.4635
2025-05-03 11:04:33,985 - INFO - Paper 31543932 ROUGE-2 F1: 0.1022
2025-05-03 11:04:33,985 - INFO - Paper 31543932 ROUGE-L F1: 0.2413
2025-05-03 11:04:33,986 - INFO - Using default tokenizer.
2025-05-03 11:04:34,049 - INFO - Paper 43687503 ROUGE-1 F1: 0.4384
2025-05-03 11:04:34,049 - INFO - Paper 43687503 ROUGE-2 F1: 0.0938
2025-05-03 11:04:34,049 - INFO - Paper 43687503 ROUGE-L F1: 0.2055
2025-05-03 11:04:34,050 - INFO - Using default tokenizer.
2025-05-03 11:04:34,070 - INFO - Paper 18304114 ROUGE-1 F1: 0.4074
2025-05-03 11:04:34,070 - INFO - Paper 18304114 ROUGE-2 F1: 0.0496
2025-05-03 11:04:34,070 - INFO - Paper 18304114 ROUGE-L F1: 0.1646
2025-05-03 11:04:34,070 - INFO - Using default tokenizer.
2025-05-03 11:04:34,140 - INFO - Paper 63755811 ROUGE-1 F1: 0.5656
2025-05-03 11:04:34,140 - INFO - Paper 63755811 ROUGE-2 F1: 0.3384
2025-05-03 11:04:34,140 - INFO - Paper 63755811 ROUGE-L F1: 0.4194
2025-05-03 11:04:34,140 - INFO - Using default tokenizer.
2025-05-03 11:04:34,265 - INFO - Paper 93460473 ROUGE-1 F1: 0.6020
2025-05-03 11:04:34,265 - INFO - Paper 93460473 ROUGE-2 F1: 0.3121
2025-05-03 11:04:34,265 - INFO - Paper 93460473 ROUGE-L F1: 0.4323
2025-05-03 11:04:34,265 - INFO - Using default tokenizer.
2025-05-03 11:04:34,304 - INFO - Paper 70691684 ROUGE-1 F1: 0.4215
2025-05-03 11:04:34,304 - INFO - Paper 70691684 ROUGE-2 F1: 0.1169
2025-05-03 11:04:34,305 - INFO - Paper 70691684 ROUGE-L F1: 0.2182
2025-05-03 11:04:34,305 - INFO - Using default tokenizer.
2025-05-03 11:04:34,500 - INFO - Paper 87827594 ROUGE-1 F1: 0.5908
2025-05-03 11:04:34,500 - INFO - Paper 87827594 ROUGE-2 F1: 0.1485
2025-05-03 11:04:34,500 - INFO - Paper 87827594 ROUGE-L F1: 0.2290
2025-05-03 11:04:34,500 - INFO - Using default tokenizer.
2025-05-03 11:04:34,564 - INFO - Paper 56472821 ROUGE-1 F1: 0.5655
2025-05-03 11:04:34,564 - INFO - Paper 56472821 ROUGE-2 F1: 0.2973
2025-05-03 11:04:34,564 - INFO - Paper 56472821 ROUGE-L F1: 0.3940
2025-05-03 11:04:34,564 - INFO - Using default tokenizer.
2025-05-03 11:04:34,832 - INFO - Paper 30621133 ROUGE-1 F1: 0.6767
2025-05-03 11:04:34,832 - INFO - Paper 30621133 ROUGE-2 F1: 0.3175
2025-05-03 11:04:34,833 - INFO - Paper 30621133 ROUGE-L F1: 0.3383
2025-05-03 11:04:34,833 - INFO - Using default tokenizer.
2025-05-03 11:04:34,866 - INFO - Paper 79512250 ROUGE-1 F1: 0.5796
2025-05-03 11:04:34,866 - INFO - Paper 79512250 ROUGE-2 F1: 0.2173
2025-05-03 11:04:34,866 - INFO - Paper 79512250 ROUGE-L F1: 0.3439
2025-05-03 11:04:34,866 - INFO - Using default tokenizer.
2025-05-03 11:04:34,938 - INFO - Paper 7590139 ROUGE-1 F1: 0.4563
2025-05-03 11:04:34,939 - INFO - Paper 7590139 ROUGE-2 F1: 0.0814
2025-05-03 11:04:34,939 - INFO - Paper 7590139 ROUGE-L F1: 0.2021
2025-05-03 11:04:34,939 - INFO - Using default tokenizer.
2025-05-03 11:04:35,340 - INFO - Paper 13040160 ROUGE-1 F1: 0.7157
2025-05-03 11:04:35,340 - INFO - Paper 13040160 ROUGE-2 F1: 0.4820
2025-05-03 11:04:35,341 - INFO - Paper 13040160 ROUGE-L F1: 0.5259
2025-05-03 11:04:35,341 - INFO - Using default tokenizer.
2025-05-03 11:04:36,057 - INFO - Paper 45795840 ROUGE-1 F1: 0.8057
2025-05-03 11:04:36,057 - INFO - Paper 45795840 ROUGE-2 F1: 0.5823
2025-05-03 11:04:36,057 - INFO - Paper 45795840 ROUGE-L F1: 0.6448
2025-05-03 11:04:36,057 - INFO - Using default tokenizer.
2025-05-03 11:04:36,112 - INFO - Paper 50438213 ROUGE-1 F1: 0.5000
2025-05-03 11:04:36,112 - INFO - Paper 50438213 ROUGE-2 F1: 0.1259
2025-05-03 11:04:36,112 - INFO - Paper 50438213 ROUGE-L F1: 0.2174
2025-05-03 11:04:36,112 - INFO - Using default tokenizer.
2025-05-03 11:04:36,634 - INFO - Paper 13793499 ROUGE-1 F1: 0.7307
2025-05-03 11:04:36,634 - INFO - Paper 13793499 ROUGE-2 F1: 0.4860
2025-05-03 11:04:36,634 - INFO - Paper 13793499 ROUGE-L F1: 0.5424
2025-05-03 11:04:36,634 - INFO - Using default tokenizer.
2025-05-03 11:04:37,191 - INFO - Paper 41840073 ROUGE-1 F1: 0.7044
2025-05-03 11:04:37,191 - INFO - Paper 41840073 ROUGE-2 F1: 0.4114
2025-05-03 11:04:37,191 - INFO - Paper 41840073 ROUGE-L F1: 0.4674
2025-05-03 11:04:37,192 - INFO - Using default tokenizer.
2025-05-03 11:04:37,651 - INFO - Paper 31194274 ROUGE-1 F1: 0.7671
2025-05-03 11:04:37,651 - INFO - Paper 31194274 ROUGE-2 F1: 0.5826
2025-05-03 11:04:37,651 - INFO - Paper 31194274 ROUGE-L F1: 0.6045
2025-05-03 11:04:37,652 - INFO - Using default tokenizer.
2025-05-03 11:04:38,069 - INFO - Paper 28037079 ROUGE-1 F1: 0.6890
2025-05-03 11:04:38,070 - INFO - Paper 28037079 ROUGE-2 F1: 0.3504
2025-05-03 11:04:38,070 - INFO - Paper 28037079 ROUGE-L F1: 0.4283
2025-05-03 11:04:38,070 - INFO - Using default tokenizer.
2025-05-03 11:04:38,142 - INFO - Paper 96831204 ROUGE-1 F1: 0.5159
2025-05-03 11:04:38,143 - INFO - Paper 96831204 ROUGE-2 F1: 0.1401
2025-05-03 11:04:38,143 - INFO - Paper 96831204 ROUGE-L F1: 0.2487
2025-05-03 11:04:38,143 - INFO - Using default tokenizer.
2025-05-03 11:04:38,447 - INFO - Paper 13187019 ROUGE-1 F1: 0.6623
2025-05-03 11:04:38,447 - INFO - Paper 13187019 ROUGE-2 F1: 0.3886
2025-05-03 11:04:38,447 - INFO - Paper 13187019 ROUGE-L F1: 0.4238
2025-05-03 11:04:38,447 - INFO - Using default tokenizer.
2025-05-03 11:04:38,884 - INFO - Paper 40771210 ROUGE-1 F1: 0.6261
2025-05-03 11:04:38,884 - INFO - Paper 40771210 ROUGE-2 F1: 0.2713
2025-05-03 11:04:38,884 - INFO - Paper 40771210 ROUGE-L F1: 0.3298
2025-05-03 11:04:38,885 - INFO - Using default tokenizer.
2025-05-03 11:04:39,096 - INFO - Paper 35973587 ROUGE-1 F1: 0.4378
2025-05-03 11:04:39,096 - INFO - Paper 35973587 ROUGE-2 F1: 0.0865
2025-05-03 11:04:39,096 - INFO - Paper 35973587 ROUGE-L F1: 0.1926
2025-05-03 11:04:39,097 - INFO - Using default tokenizer.
2025-05-03 11:04:39,148 - INFO - Paper 96217072 ROUGE-1 F1: 0.5912
2025-05-03 11:04:39,148 - INFO - Paper 96217072 ROUGE-2 F1: 0.2446
2025-05-03 11:04:39,148 - INFO - Paper 96217072 ROUGE-L F1: 0.3296
2025-05-03 11:04:39,148 - INFO - Using default tokenizer.
2025-05-03 11:04:39,700 - INFO - Paper 5225266 ROUGE-1 F1: 0.7581
2025-05-03 11:04:39,700 - INFO - Paper 5225266 ROUGE-2 F1: 0.5234
2025-05-03 11:04:39,701 - INFO - Paper 5225266 ROUGE-L F1: 0.5616
2025-05-03 11:04:39,701 - INFO - Using default tokenizer.
2025-05-03 11:04:40,273 - INFO - Paper 43018598 ROUGE-1 F1: 0.7226
2025-05-03 11:04:40,273 - INFO - Paper 43018598 ROUGE-2 F1: 0.3935
2025-05-03 11:04:40,273 - INFO - Paper 43018598 ROUGE-L F1: 0.4392
2025-05-03 11:04:40,273 - INFO - Using default tokenizer.
2025-05-03 11:04:40,604 - INFO - Paper 38469042 ROUGE-1 F1: 0.7377
2025-05-03 11:04:40,604 - INFO - Paper 38469042 ROUGE-2 F1: 0.4479
2025-05-03 11:04:40,604 - INFO - Paper 38469042 ROUGE-L F1: 0.5217
2025-05-03 11:04:40,604 - INFO - Using default tokenizer.
2025-05-03 11:04:40,969 - INFO - Paper 80770343 ROUGE-1 F1: 0.4741
2025-05-03 11:04:40,969 - INFO - Paper 80770343 ROUGE-2 F1: 0.1209
2025-05-03 11:04:40,969 - INFO - Paper 80770343 ROUGE-L F1: 0.2160
2025-05-03 11:04:40,969 - INFO - Using default tokenizer.
2025-05-03 11:04:41,534 - INFO - Paper 90525296 ROUGE-1 F1: 0.7453
2025-05-03 11:04:41,534 - INFO - Paper 90525296 ROUGE-2 F1: 0.4404
2025-05-03 11:04:41,534 - INFO - Paper 90525296 ROUGE-L F1: 0.4855
2025-05-03 11:04:41,534 - INFO - Using default tokenizer.
2025-05-03 11:04:41,632 - INFO - Paper 47397989 ROUGE-1 F1: 0.3926
2025-05-03 11:04:41,632 - INFO - Paper 47397989 ROUGE-2 F1: 0.1030
2025-05-03 11:04:41,632 - INFO - Paper 47397989 ROUGE-L F1: 0.1938
2025-05-03 11:04:41,632 - INFO - Using default tokenizer.
2025-05-03 11:04:41,660 - INFO - Paper 70481957 ROUGE-1 F1: 0.3828
2025-05-03 11:04:41,660 - INFO - Paper 70481957 ROUGE-2 F1: 0.0519
2025-05-03 11:04:41,660 - INFO - Paper 70481957 ROUGE-L F1: 0.1690
2025-05-03 11:04:41,660 - INFO - Using default tokenizer.
2025-05-03 11:04:42,050 - INFO - Paper 40883301 ROUGE-1 F1: 0.5086
2025-05-03 11:04:42,050 - INFO - Paper 40883301 ROUGE-2 F1: 0.1437
2025-05-03 11:04:42,050 - INFO - Paper 40883301 ROUGE-L F1: 0.2322
2025-05-03 11:04:42,051 - INFO - Using default tokenizer.
2025-05-03 11:04:42,101 - INFO - Paper 34187605 ROUGE-1 F1: 0.4668
2025-05-03 11:04:42,101 - INFO - Paper 34187605 ROUGE-2 F1: 0.1023
2025-05-03 11:04:42,101 - INFO - Paper 34187605 ROUGE-L F1: 0.2194
2025-05-03 11:04:42,101 - INFO - Using default tokenizer.
2025-05-03 11:04:42,193 - INFO - Paper 93598871 ROUGE-1 F1: 0.4861
2025-05-03 11:04:42,194 - INFO - Paper 93598871 ROUGE-2 F1: 0.1222
2025-05-03 11:04:42,194 - INFO - Paper 93598871 ROUGE-L F1: 0.2126
2025-05-03 11:04:42,194 - INFO - Using default tokenizer.
2025-05-03 11:04:42,956 - INFO - Paper 73180675 ROUGE-1 F1: 0.4703
2025-05-03 11:04:42,956 - INFO - Paper 73180675 ROUGE-2 F1: 0.1632
2025-05-03 11:04:42,956 - INFO - Paper 73180675 ROUGE-L F1: 0.2342
2025-05-03 11:04:42,956 - INFO - Using default tokenizer.
2025-05-03 11:04:43,061 - INFO - Paper 46416317 ROUGE-1 F1: 0.4423
2025-05-03 11:04:43,061 - INFO - Paper 46416317 ROUGE-2 F1: 0.0948
2025-05-03 11:04:43,061 - INFO - Paper 46416317 ROUGE-L F1: 0.2065
2025-05-03 11:04:43,061 - INFO - Using default tokenizer.
2025-05-03 11:04:43,263 - INFO - Paper 82387857 ROUGE-1 F1: 0.7073
2025-05-03 11:04:43,263 - INFO - Paper 82387857 ROUGE-2 F1: 0.4176
2025-05-03 11:04:43,263 - INFO - Paper 82387857 ROUGE-L F1: 0.4749
2025-05-03 11:04:43,264 - INFO - Using default tokenizer.
2025-05-03 11:04:43,350 - INFO - Paper 55048906 ROUGE-1 F1: 0.4641
2025-05-03 11:04:43,350 - INFO - Paper 55048906 ROUGE-2 F1: 0.1214
2025-05-03 11:04:43,350 - INFO - Paper 55048906 ROUGE-L F1: 0.2199
2025-05-03 11:04:43,350 - INFO - Using default tokenizer.
2025-05-03 11:04:43,362 - INFO - Paper 80004741 ROUGE-1 F1: 0.4475
2025-05-03 11:04:43,362 - INFO - Paper 80004741 ROUGE-2 F1: 0.0889
2025-05-03 11:04:43,362 - INFO - Paper 80004741 ROUGE-L F1: 0.2210
2025-05-03 11:04:43,362 - INFO - Using default tokenizer.
2025-05-03 11:04:43,897 - INFO - Paper 87041789 ROUGE-1 F1: 0.6869
2025-05-03 11:04:43,898 - INFO - Paper 87041789 ROUGE-2 F1: 0.3818
2025-05-03 11:04:43,898 - INFO - Paper 87041789 ROUGE-L F1: 0.4297
2025-05-03 11:04:43,898 - INFO - Using default tokenizer.
2025-05-03 11:04:43,924 - INFO - Paper 21532550 ROUGE-1 F1: 0.4831
2025-05-03 11:04:43,924 - INFO - Paper 21532550 ROUGE-2 F1: 0.1165
2025-05-03 11:04:43,924 - INFO - Paper 21532550 ROUGE-L F1: 0.2247
2025-05-03 11:04:43,924 - INFO - Using default tokenizer.
2025-05-03 11:04:44,331 - INFO - Paper 26105266 ROUGE-1 F1: 0.4790
2025-05-03 11:04:44,331 - INFO - Paper 26105266 ROUGE-2 F1: 0.1244
2025-05-03 11:04:44,331 - INFO - Paper 26105266 ROUGE-L F1: 0.2031
2025-05-03 11:04:44,331 - INFO - Using default tokenizer.
2025-05-03 11:04:44,792 - INFO - Paper 32338938 ROUGE-1 F1: 0.7252
2025-05-03 11:04:44,792 - INFO - Paper 32338938 ROUGE-2 F1: 0.4784
2025-05-03 11:04:44,792 - INFO - Paper 32338938 ROUGE-L F1: 0.5266
2025-05-03 11:04:44,792 - INFO - Using default tokenizer.
2025-05-03 11:04:44,828 - INFO - Paper 63531440 ROUGE-1 F1: 0.4793
2025-05-03 11:04:44,828 - INFO - Paper 63531440 ROUGE-2 F1: 0.1157
2025-05-03 11:04:44,828 - INFO - Paper 63531440 ROUGE-L F1: 0.2130
2025-05-03 11:04:44,828 - INFO - Using default tokenizer.
2025-05-03 11:04:44,928 - INFO - Paper 26473847 ROUGE-1 F1: 0.4277
2025-05-03 11:04:44,928 - INFO - Paper 26473847 ROUGE-2 F1: 0.0885
2025-05-03 11:04:44,929 - INFO - Paper 26473847 ROUGE-L F1: 0.2130
2025-05-03 11:04:44,929 - INFO - Using default tokenizer.
2025-05-03 11:04:45,033 - INFO - Paper 54139177 ROUGE-1 F1: 0.6860
2025-05-03 11:04:45,034 - INFO - Paper 54139177 ROUGE-2 F1: 0.4411
2025-05-03 11:04:45,034 - INFO - Paper 54139177 ROUGE-L F1: 0.5000
2025-05-03 11:04:45,034 - INFO - Using default tokenizer.
2025-05-03 11:04:45,122 - INFO - Paper 98238949 ROUGE-1 F1: 0.5803
2025-05-03 11:04:45,122 - INFO - Paper 98238949 ROUGE-2 F1: 0.2367
2025-05-03 11:04:45,122 - INFO - Paper 98238949 ROUGE-L F1: 0.3233
2025-05-03 11:04:45,122 - INFO - Using default tokenizer.
2025-05-03 11:04:45,131 - INFO - Paper 47798365 ROUGE-1 F1: 0.4286
2025-05-03 11:04:45,131 - INFO - Paper 47798365 ROUGE-2 F1: 0.0616
2025-05-03 11:04:45,131 - INFO - Paper 47798365 ROUGE-L F1: 0.2041
2025-05-03 11:04:45,131 - INFO - Using default tokenizer.
2025-05-03 11:04:45,674 - INFO - Paper 68399070 ROUGE-1 F1: 0.5534
2025-05-03 11:04:45,674 - INFO - Paper 68399070 ROUGE-2 F1: 0.1502
2025-05-03 11:04:45,674 - INFO - Paper 68399070 ROUGE-L F1: 0.2338
2025-05-03 11:04:45,674 - INFO - Using default tokenizer.
2025-05-03 11:04:45,743 - INFO - Paper 76514111 ROUGE-1 F1: 0.3695
2025-05-03 11:04:45,743 - INFO - Paper 76514111 ROUGE-2 F1: 0.0931
2025-05-03 11:04:45,743 - INFO - Paper 76514111 ROUGE-L F1: 0.2208
2025-05-03 11:04:45,743 - INFO - Using default tokenizer.
2025-05-03 11:04:45,766 - INFO - Paper 69537377 ROUGE-1 F1: 0.5469
2025-05-03 11:04:45,766 - INFO - Paper 69537377 ROUGE-2 F1: 0.1804
2025-05-03 11:04:45,766 - INFO - Paper 69537377 ROUGE-L F1: 0.3516
2025-05-03 11:04:45,766 - INFO - Using default tokenizer.
2025-05-03 11:04:45,903 - INFO - Paper 91637218 ROUGE-1 F1: 0.6125
2025-05-03 11:04:45,903 - INFO - Paper 91637218 ROUGE-2 F1: 0.1963
2025-05-03 11:04:45,903 - INFO - Paper 91637218 ROUGE-L F1: 0.3116
2025-05-03 11:04:45,904 - INFO - Using default tokenizer.
2025-05-03 11:04:46,591 - INFO - Paper 25710556 ROUGE-1 F1: 0.5256
2025-05-03 11:04:46,592 - INFO - Paper 25710556 ROUGE-2 F1: 0.1488
2025-05-03 11:04:46,592 - INFO - Paper 25710556 ROUGE-L F1: 0.2295
2025-05-03 11:04:46,592 - INFO - Using default tokenizer.
2025-05-03 11:04:46,648 - INFO - Paper 23242120 ROUGE-1 F1: 0.4845
2025-05-03 11:04:46,648 - INFO - Paper 23242120 ROUGE-2 F1: 0.0981
2025-05-03 11:04:46,648 - INFO - Paper 23242120 ROUGE-L F1: 0.1885
2025-05-03 11:04:46,648 - INFO - Using default tokenizer.
2025-05-03 11:04:46,766 - INFO - Paper 88049354 ROUGE-1 F1: 0.4297
2025-05-03 11:04:46,766 - INFO - Paper 88049354 ROUGE-2 F1: 0.1100
2025-05-03 11:04:46,766 - INFO - Paper 88049354 ROUGE-L F1: 0.2068
2025-05-03 11:04:46,767 - INFO - Using default tokenizer.
2025-05-03 11:04:46,985 - INFO - Paper 8264189 ROUGE-1 F1: 0.6298
2025-05-03 11:04:46,985 - INFO - Paper 8264189 ROUGE-2 F1: 0.2154
2025-05-03 11:04:46,986 - INFO - Paper 8264189 ROUGE-L F1: 0.2909
2025-05-03 11:04:46,986 - INFO - Using default tokenizer.
2025-05-03 11:04:47,163 - INFO - Paper 59320034 ROUGE-1 F1: 0.5307
2025-05-03 11:04:47,163 - INFO - Paper 59320034 ROUGE-2 F1: 0.1931
2025-05-03 11:04:47,163 - INFO - Paper 59320034 ROUGE-L F1: 0.2744
2025-05-03 11:04:47,164 - INFO - Using default tokenizer.
2025-05-03 11:04:47,556 - INFO - Paper 69467563 ROUGE-1 F1: 0.6182
2025-05-03 11:04:47,556 - INFO - Paper 69467563 ROUGE-2 F1: 0.3314
2025-05-03 11:04:47,557 - INFO - Paper 69467563 ROUGE-L F1: 0.4038
2025-05-03 11:04:47,557 - INFO - Using default tokenizer.
2025-05-03 11:04:47,623 - INFO - Paper 22127536 ROUGE-1 F1: 0.6390
2025-05-03 11:04:47,623 - INFO - Paper 22127536 ROUGE-2 F1: 0.3497
2025-05-03 11:04:47,623 - INFO - Paper 22127536 ROUGE-L F1: 0.4362
2025-05-03 11:04:47,623 - INFO - Using default tokenizer.
2025-05-03 11:04:47,685 - INFO - Paper 1055799 ROUGE-1 F1: 0.5412
2025-05-03 11:04:47,685 - INFO - Paper 1055799 ROUGE-2 F1: 0.1350
2025-05-03 11:04:47,685 - INFO - Paper 1055799 ROUGE-L F1: 0.2439
2025-05-03 11:04:47,685 - INFO - Using default tokenizer.
2025-05-03 11:04:47,913 - INFO - Paper 44148071 ROUGE-1 F1: 0.5845
2025-05-03 11:04:47,914 - INFO - Paper 44148071 ROUGE-2 F1: 0.1962
2025-05-03 11:04:47,914 - INFO - Paper 44148071 ROUGE-L F1: 0.2441
2025-05-03 11:04:47,914 - INFO - Using default tokenizer.
2025-05-03 11:04:48,063 - INFO - Paper 10374612 ROUGE-1 F1: 0.7593
2025-05-03 11:04:48,063 - INFO - Paper 10374612 ROUGE-2 F1: 0.5626
2025-05-03 11:04:48,063 - INFO - Paper 10374612 ROUGE-L F1: 0.6262
2025-05-03 11:04:48,063 - INFO - Using default tokenizer.
2025-05-03 11:04:48,159 - INFO - Paper 16280529 ROUGE-1 F1: 0.4153
2025-05-03 11:04:48,159 - INFO - Paper 16280529 ROUGE-2 F1: 0.0620
2025-05-03 11:04:48,159 - INFO - Paper 16280529 ROUGE-L F1: 0.1840
2025-05-03 11:04:48,159 - INFO - Using default tokenizer.
2025-05-03 11:04:48,310 - INFO - Paper 97932426 ROUGE-1 F1: 0.5723
2025-05-03 11:04:48,311 - INFO - Paper 97932426 ROUGE-2 F1: 0.2462
2025-05-03 11:04:48,311 - INFO - Paper 97932426 ROUGE-L F1: 0.3796
2025-05-03 11:04:48,311 - INFO - Using default tokenizer.
2025-05-03 11:04:48,376 - INFO - Paper 66226432 ROUGE-1 F1: 0.5011
2025-05-03 11:04:48,376 - INFO - Paper 66226432 ROUGE-2 F1: 0.1211
2025-05-03 11:04:48,376 - INFO - Paper 66226432 ROUGE-L F1: 0.1912
2025-05-03 11:04:48,376 - INFO - Using default tokenizer.
2025-05-03 11:04:48,673 - INFO - Paper 58308538 ROUGE-1 F1: 0.5496
2025-05-03 11:04:48,673 - INFO - Paper 58308538 ROUGE-2 F1: 0.1954
2025-05-03 11:04:48,673 - INFO - Paper 58308538 ROUGE-L F1: 0.2948
2025-05-03 11:04:48,673 - INFO - Using default tokenizer.
2025-05-03 11:04:49,153 - INFO - Paper 45765062 ROUGE-1 F1: 0.7419
2025-05-03 11:04:49,153 - INFO - Paper 45765062 ROUGE-2 F1: 0.4549
2025-05-03 11:04:49,154 - INFO - Paper 45765062 ROUGE-L F1: 0.5065
2025-05-03 11:04:49,154 - INFO - Using default tokenizer.
2025-05-03 11:04:49,543 - INFO - Paper 6827132 ROUGE-1 F1: 0.6343
2025-05-03 11:04:49,543 - INFO - Paper 6827132 ROUGE-2 F1: 0.3457
2025-05-03 11:04:49,543 - INFO - Paper 6827132 ROUGE-L F1: 0.4099
2025-05-03 11:04:49,543 - INFO - Using default tokenizer.
2025-05-03 11:04:49,588 - INFO - Paper 24000799 ROUGE-1 F1: 0.5940
2025-05-03 11:04:49,588 - INFO - Paper 24000799 ROUGE-2 F1: 0.2186
2025-05-03 11:04:49,588 - INFO - Paper 24000799 ROUGE-L F1: 0.3460
2025-05-03 11:04:49,588 - INFO - Using default tokenizer.
2025-05-03 11:04:50,146 - INFO - Paper 12239056 ROUGE-1 F1: 0.5832
2025-05-03 11:04:50,146 - INFO - Paper 12239056 ROUGE-2 F1: 0.1328
2025-05-03 11:04:50,146 - INFO - Paper 12239056 ROUGE-L F1: 0.2166
2025-05-03 11:04:50,146 - INFO - Using default tokenizer.
2025-05-03 11:04:50,748 - INFO - Paper 11112277 ROUGE-1 F1: 0.6216
2025-05-03 11:04:50,748 - INFO - Paper 11112277 ROUGE-2 F1: 0.2186
2025-05-03 11:04:50,748 - INFO - Paper 11112277 ROUGE-L F1: 0.2814
2025-05-03 11:04:50,748 - INFO - Using default tokenizer.
2025-05-03 11:04:51,309 - INFO - Paper 66357293 ROUGE-1 F1: 0.6853
2025-05-03 11:04:51,309 - INFO - Paper 66357293 ROUGE-2 F1: 0.3263
2025-05-03 11:04:51,309 - INFO - Paper 66357293 ROUGE-L F1: 0.3994
2025-05-03 11:04:51,309 - INFO - Using default tokenizer.
2025-05-03 11:04:51,327 - INFO - Paper 57613420 ROUGE-1 F1: 0.5896
2025-05-03 11:04:51,327 - INFO - Paper 57613420 ROUGE-2 F1: 0.3690
2025-05-03 11:04:51,327 - INFO - Paper 57613420 ROUGE-L F1: 0.4444
2025-05-03 11:04:51,327 - INFO - Using default tokenizer.
2025-05-03 11:04:51,369 - INFO - Paper 92451519 ROUGE-1 F1: 0.5316
2025-05-03 11:04:51,369 - INFO - Paper 92451519 ROUGE-2 F1: 0.2305
2025-05-03 11:04:51,369 - INFO - Paper 92451519 ROUGE-L F1: 0.3075
2025-05-03 11:04:51,369 - INFO - Using default tokenizer.
2025-05-03 11:04:51,406 - INFO - Paper 11790475 ROUGE-1 F1: 0.6027
2025-05-03 11:04:51,406 - INFO - Paper 11790475 ROUGE-2 F1: 0.2556
2025-05-03 11:04:51,406 - INFO - Paper 11790475 ROUGE-L F1: 0.3358
2025-05-03 11:04:51,406 - INFO - Using default tokenizer.
2025-05-03 11:04:51,992 - INFO - Paper 79305631 ROUGE-1 F1: 0.7246
2025-05-03 11:04:51,992 - INFO - Paper 79305631 ROUGE-2 F1: 0.4205
2025-05-03 11:04:51,992 - INFO - Paper 79305631 ROUGE-L F1: 0.4863
2025-05-03 11:04:51,993 - INFO - Using default tokenizer.
2025-05-03 11:04:52,665 - INFO - Paper 37479343 ROUGE-1 F1: 0.7068
2025-05-03 11:04:52,666 - INFO - Paper 37479343 ROUGE-2 F1: 0.3933
2025-05-03 11:04:52,666 - INFO - Paper 37479343 ROUGE-L F1: 0.4470
2025-05-03 11:04:52,666 - INFO - Using default tokenizer.
2025-05-03 11:04:53,073 - INFO - Paper 32533290 ROUGE-1 F1: 0.5048
2025-05-03 11:04:53,073 - INFO - Paper 32533290 ROUGE-2 F1: 0.1309
2025-05-03 11:04:53,073 - INFO - Paper 32533290 ROUGE-L F1: 0.2153
2025-05-03 11:04:53,073 - INFO - Using default tokenizer.
2025-05-03 11:04:53,221 - INFO - Paper 62302416 ROUGE-1 F1: 0.4861
2025-05-03 11:04:53,222 - INFO - Paper 62302416 ROUGE-2 F1: 0.0980
2025-05-03 11:04:53,222 - INFO - Paper 62302416 ROUGE-L F1: 0.1869
2025-05-03 11:04:53,222 - INFO - Using default tokenizer.
2025-05-03 11:04:53,255 - INFO - Paper 65062778 ROUGE-1 F1: 0.4642
2025-05-03 11:04:53,255 - INFO - Paper 65062778 ROUGE-2 F1: 0.1844
2025-05-03 11:04:53,255 - INFO - Paper 65062778 ROUGE-L F1: 0.2555
2025-05-03 11:04:53,256 - INFO - Using default tokenizer.
2025-05-03 11:04:53,524 - INFO - Paper 82220044 ROUGE-1 F1: 0.7355
2025-05-03 11:04:53,525 - INFO - Paper 82220044 ROUGE-2 F1: 0.4846
2025-05-03 11:04:53,525 - INFO - Paper 82220044 ROUGE-L F1: 0.5346
2025-05-03 11:04:53,525 - INFO - Using default tokenizer.
2025-05-03 11:04:53,584 - INFO - Paper 39570633 ROUGE-1 F1: 0.5206
2025-05-03 11:04:53,584 - INFO - Paper 39570633 ROUGE-2 F1: 0.1251
2025-05-03 11:04:53,584 - INFO - Paper 39570633 ROUGE-L F1: 0.2379
2025-05-03 11:04:53,584 - INFO - Using default tokenizer.
2025-05-03 11:04:53,674 - INFO - Paper 71225651 ROUGE-1 F1: 0.3606
2025-05-03 11:04:53,674 - INFO - Paper 71225651 ROUGE-2 F1: 0.0700
2025-05-03 11:04:53,674 - INFO - Paper 71225651 ROUGE-L F1: 0.1748
2025-05-03 11:04:53,675 - INFO - Using default tokenizer.
2025-05-03 11:04:54,215 - INFO - Paper 72529720 ROUGE-1 F1: 0.5602
2025-05-03 11:04:54,215 - INFO - Paper 72529720 ROUGE-2 F1: 0.1344
2025-05-03 11:04:54,215 - INFO - Paper 72529720 ROUGE-L F1: 0.2203
2025-05-03 11:04:54,215 - INFO - Using default tokenizer.
2025-05-03 11:04:54,428 - INFO - Paper 27321339 ROUGE-1 F1: 0.5773
2025-05-03 11:04:54,428 - INFO - Paper 27321339 ROUGE-2 F1: 0.1724
2025-05-03 11:04:54,428 - INFO - Paper 27321339 ROUGE-L F1: 0.2583
2025-05-03 11:04:54,428 - INFO - Using default tokenizer.
2025-05-03 11:04:54,535 - INFO - Paper 99878837 ROUGE-1 F1: 0.6248
2025-05-03 11:04:54,535 - INFO - Paper 99878837 ROUGE-2 F1: 0.3617
2025-05-03 11:04:54,535 - INFO - Paper 99878837 ROUGE-L F1: 0.4389
2025-05-03 11:04:54,536 - INFO - Using default tokenizer.
2025-05-03 11:04:54,740 - INFO - Paper 6777051 ROUGE-1 F1: 0.6319
2025-05-03 11:04:54,740 - INFO - Paper 6777051 ROUGE-2 F1: 0.3133
2025-05-03 11:04:54,740 - INFO - Paper 6777051 ROUGE-L F1: 0.4136
2025-05-03 11:04:54,740 - INFO - Using default tokenizer.
2025-05-03 11:04:54,884 - INFO - Paper 66099843 ROUGE-1 F1: 0.5716
2025-05-03 11:04:54,884 - INFO - Paper 66099843 ROUGE-2 F1: 0.2926
2025-05-03 11:04:54,884 - INFO - Paper 66099843 ROUGE-L F1: 0.3787
2025-05-03 11:04:54,884 - INFO - Using default tokenizer.
2025-05-03 11:04:55,551 - INFO - Paper 82626355 ROUGE-1 F1: 0.7187
2025-05-03 11:04:55,551 - INFO - Paper 82626355 ROUGE-2 F1: 0.4221
2025-05-03 11:04:55,551 - INFO - Paper 82626355 ROUGE-L F1: 0.4583
2025-05-03 11:04:55,552 - INFO - Using default tokenizer.
2025-05-03 11:04:56,225 - INFO - Paper 1873334 ROUGE-1 F1: 0.7606
2025-05-03 11:04:56,225 - INFO - Paper 1873334 ROUGE-2 F1: 0.4481
2025-05-03 11:04:56,225 - INFO - Paper 1873334 ROUGE-L F1: 0.4988
2025-05-03 11:04:56,225 - INFO - Using default tokenizer.
2025-05-03 11:04:56,338 - INFO - Paper 51458146 ROUGE-1 F1: 0.6185
2025-05-03 11:04:56,338 - INFO - Paper 51458146 ROUGE-2 F1: 0.3132
2025-05-03 11:04:56,338 - INFO - Paper 51458146 ROUGE-L F1: 0.4095
2025-05-03 11:04:56,339 - INFO - Using default tokenizer.
2025-05-03 11:04:56,349 - INFO - Paper 40774761 ROUGE-1 F1: 0.4000
2025-05-03 11:04:56,349 - INFO - Paper 40774761 ROUGE-2 F1: 0.1176
2025-05-03 11:04:56,349 - INFO - Paper 40774761 ROUGE-L F1: 0.2215
2025-05-03 11:04:56,349 - INFO - Using default tokenizer.
2025-05-03 11:04:56,482 - INFO - Paper 1907968 ROUGE-1 F1: 0.4224
2025-05-03 11:04:56,482 - INFO - Paper 1907968 ROUGE-2 F1: 0.1042
2025-05-03 11:04:56,482 - INFO - Paper 1907968 ROUGE-L F1: 0.1872
2025-05-03 11:04:56,482 - INFO - Using default tokenizer.
2025-05-03 11:04:57,093 - INFO - Paper 71546396 ROUGE-1 F1: 0.6844
2025-05-03 11:04:57,093 - INFO - Paper 71546396 ROUGE-2 F1: 0.3540
2025-05-03 11:04:57,093 - INFO - Paper 71546396 ROUGE-L F1: 0.4019
2025-05-03 11:04:57,094 - INFO - Using default tokenizer.
2025-05-03 11:04:57,434 - INFO - Paper 80421460 ROUGE-1 F1: 0.7117
2025-05-03 11:04:57,434 - INFO - Paper 80421460 ROUGE-2 F1: 0.4612
2025-05-03 11:04:57,434 - INFO - Paper 80421460 ROUGE-L F1: 0.4933
2025-05-03 11:04:57,435 - INFO - Using default tokenizer.
2025-05-03 11:04:57,964 - INFO - Paper 24824894 ROUGE-1 F1: 0.6651
2025-05-03 11:04:57,964 - INFO - Paper 24824894 ROUGE-2 F1: 0.3309
2025-05-03 11:04:57,964 - INFO - Paper 24824894 ROUGE-L F1: 0.3875
2025-05-03 11:04:57,964 - INFO - Using default tokenizer.
2025-05-03 11:04:58,108 - INFO - Paper 47698609 ROUGE-1 F1: 0.5600
2025-05-03 11:04:58,108 - INFO - Paper 47698609 ROUGE-2 F1: 0.1395
2025-05-03 11:04:58,108 - INFO - Paper 47698609 ROUGE-L F1: 0.2163
2025-05-03 11:04:58,108 - INFO - Using default tokenizer.
2025-05-03 11:04:58,590 - INFO - Paper 25766140 ROUGE-1 F1: 0.7270
2025-05-03 11:04:58,590 - INFO - Paper 25766140 ROUGE-2 F1: 0.4169
2025-05-03 11:04:58,590 - INFO - Paper 25766140 ROUGE-L F1: 0.4640
2025-05-03 11:04:58,591 - INFO - Using default tokenizer.
2025-05-03 11:04:58,644 - INFO - Paper 8799962 ROUGE-1 F1: 0.5386
2025-05-03 11:04:58,644 - INFO - Paper 8799962 ROUGE-2 F1: 0.1521
2025-05-03 11:04:58,644 - INFO - Paper 8799962 ROUGE-L F1: 0.2521
2025-05-03 11:04:58,644 - INFO - Using default tokenizer.
2025-05-03 11:04:59,059 - INFO - Paper 65756728 ROUGE-1 F1: 0.6240
2025-05-03 11:04:59,060 - INFO - Paper 65756728 ROUGE-2 F1: 0.1995
2025-05-03 11:04:59,060 - INFO - Paper 65756728 ROUGE-L F1: 0.2724
2025-05-03 11:04:59,060 - INFO - Using default tokenizer.
2025-05-03 11:04:59,080 - INFO - Paper 49519055 ROUGE-1 F1: 0.4389
2025-05-03 11:04:59,080 - INFO - Paper 49519055 ROUGE-2 F1: 0.1164
2025-05-03 11:04:59,080 - INFO - Paper 49519055 ROUGE-L F1: 0.2112
2025-05-03 11:04:59,080 - INFO - Using default tokenizer.
2025-05-03 11:04:59,576 - INFO - Paper 4830217 ROUGE-1 F1: 0.8156
2025-05-03 11:04:59,576 - INFO - Paper 4830217 ROUGE-2 F1: 0.6268
2025-05-03 11:04:59,576 - INFO - Paper 4830217 ROUGE-L F1: 0.6568
2025-05-03 11:04:59,576 - INFO - Using default tokenizer.
2025-05-03 11:04:59,694 - INFO - Paper 66681632 ROUGE-1 F1: 0.4869
2025-05-03 11:04:59,694 - INFO - Paper 66681632 ROUGE-2 F1: 0.1169
2025-05-03 11:04:59,694 - INFO - Paper 66681632 ROUGE-L F1: 0.2164
2025-05-03 11:04:59,694 - INFO - Using default tokenizer.
2025-05-03 11:04:59,841 - INFO - Paper 60887948 ROUGE-1 F1: 0.6204
2025-05-03 11:04:59,842 - INFO - Paper 60887948 ROUGE-2 F1: 0.2500
2025-05-03 11:04:59,842 - INFO - Paper 60887948 ROUGE-L F1: 0.3338
2025-05-03 11:04:59,842 - INFO - Using default tokenizer.
2025-05-03 11:05:00,298 - INFO - Paper 21145042 ROUGE-1 F1: 0.6156
2025-05-03 11:05:00,298 - INFO - Paper 21145042 ROUGE-2 F1: 0.2883
2025-05-03 11:05:00,298 - INFO - Paper 21145042 ROUGE-L F1: 0.3440
2025-05-03 11:05:00,299 - INFO - Using default tokenizer.
2025-05-03 11:05:00,348 - INFO - Paper 10218080 ROUGE-1 F1: 0.5197
2025-05-03 11:05:00,348 - INFO - Paper 10218080 ROUGE-2 F1: 0.1635
2025-05-03 11:05:00,348 - INFO - Paper 10218080 ROUGE-L F1: 0.2217
2025-05-03 11:05:00,348 - INFO - Using default tokenizer.
2025-05-03 11:05:00,486 - INFO - Paper 6726365 ROUGE-1 F1: 0.3712
2025-05-03 11:05:00,487 - INFO - Paper 6726365 ROUGE-2 F1: 0.0728
2025-05-03 11:05:00,487 - INFO - Paper 6726365 ROUGE-L F1: 0.1606
2025-05-03 11:05:00,487 - INFO - Using default tokenizer.
2025-05-03 11:05:00,535 - INFO - Paper 98781755 ROUGE-1 F1: 0.5515
2025-05-03 11:05:00,535 - INFO - Paper 98781755 ROUGE-2 F1: 0.2248
2025-05-03 11:05:00,535 - INFO - Paper 98781755 ROUGE-L F1: 0.3351
2025-05-03 11:05:00,535 - INFO - Using default tokenizer.
2025-05-03 11:05:00,721 - INFO - Paper 72922440 ROUGE-1 F1: 0.5579
2025-05-03 11:05:00,721 - INFO - Paper 72922440 ROUGE-2 F1: 0.1406
2025-05-03 11:05:00,721 - INFO - Paper 72922440 ROUGE-L F1: 0.2471
2025-05-03 11:05:00,721 - INFO - Using default tokenizer.
2025-05-03 11:05:01,226 - INFO - Paper 97381495 ROUGE-1 F1: 0.8227
2025-05-03 11:05:01,226 - INFO - Paper 97381495 ROUGE-2 F1: 0.6443
2025-05-03 11:05:01,226 - INFO - Paper 97381495 ROUGE-L F1: 0.6677
2025-05-03 11:05:01,226 - INFO - Using default tokenizer.
2025-05-03 11:05:01,409 - INFO - Paper 70889889 ROUGE-1 F1: 0.4148
2025-05-03 11:05:01,409 - INFO - Paper 70889889 ROUGE-2 F1: 0.0856
2025-05-03 11:05:01,409 - INFO - Paper 70889889 ROUGE-L F1: 0.1835
2025-05-03 11:05:01,409 - INFO - Using default tokenizer.
2025-05-03 11:05:01,527 - INFO - Paper 39382584 ROUGE-1 F1: 0.4483
2025-05-03 11:05:01,527 - INFO - Paper 39382584 ROUGE-2 F1: 0.1135
2025-05-03 11:05:01,527 - INFO - Paper 39382584 ROUGE-L F1: 0.2299
2025-05-03 11:05:01,527 - INFO - Using default tokenizer.
2025-05-03 11:05:01,652 - INFO - Paper 26277001 ROUGE-1 F1: 0.7286
2025-05-03 11:05:01,652 - INFO - Paper 26277001 ROUGE-2 F1: 0.4165
2025-05-03 11:05:01,652 - INFO - Paper 26277001 ROUGE-L F1: 0.4635
2025-05-03 11:05:01,652 - INFO - Using default tokenizer.
2025-05-03 11:05:01,670 - INFO - Paper 36679338 ROUGE-1 F1: 0.4989
2025-05-03 11:05:01,670 - INFO - Paper 36679338 ROUGE-2 F1: 0.2371
2025-05-03 11:05:01,670 - INFO - Paper 36679338 ROUGE-L F1: 0.3430
2025-05-03 11:05:01,670 - INFO - Using default tokenizer.
2025-05-03 11:05:02,238 - INFO - Paper 87411149 ROUGE-1 F1: 0.7932
2025-05-03 11:05:02,238 - INFO - Paper 87411149 ROUGE-2 F1: 0.5702
2025-05-03 11:05:02,238 - INFO - Paper 87411149 ROUGE-L F1: 0.6174
2025-05-03 11:05:02,239 - INFO - Using default tokenizer.
2025-05-03 11:05:02,857 - INFO - Paper 16027177 ROUGE-1 F1: 0.5987
2025-05-03 11:05:02,857 - INFO - Paper 16027177 ROUGE-2 F1: 0.2090
2025-05-03 11:05:02,857 - INFO - Paper 16027177 ROUGE-L F1: 0.3015
2025-05-03 11:05:02,858 - INFO - Using default tokenizer.
2025-05-03 11:05:02,971 - INFO - Paper 75952682 ROUGE-1 F1: 0.4637
2025-05-03 11:05:02,971 - INFO - Paper 75952682 ROUGE-2 F1: 0.0969
2025-05-03 11:05:02,971 - INFO - Paper 75952682 ROUGE-L F1: 0.2202
2025-05-03 11:05:02,972 - INFO - Using default tokenizer.
2025-05-03 11:05:03,040 - INFO - Paper 42045072 ROUGE-1 F1: 0.3961
2025-05-03 11:05:03,040 - INFO - Paper 42045072 ROUGE-2 F1: 0.0698
2025-05-03 11:05:03,040 - INFO - Paper 42045072 ROUGE-L F1: 0.1850
2025-05-03 11:05:03,040 - INFO - Using default tokenizer.
2025-05-03 11:05:03,175 - INFO - Paper 86423785 ROUGE-1 F1: 0.6523
2025-05-03 11:05:03,175 - INFO - Paper 86423785 ROUGE-2 F1: 0.3086
2025-05-03 11:05:03,175 - INFO - Paper 86423785 ROUGE-L F1: 0.4165
2025-05-03 11:05:03,176 - INFO - Using default tokenizer.
2025-05-03 11:05:03,790 - INFO - Paper 50388820 ROUGE-1 F1: 0.7296
2025-05-03 11:05:03,790 - INFO - Paper 50388820 ROUGE-2 F1: 0.4156
2025-05-03 11:05:03,791 - INFO - Paper 50388820 ROUGE-L F1: 0.4708
2025-05-03 11:05:03,791 - INFO - Using default tokenizer.
2025-05-03 11:05:04,009 - INFO - Paper 82821959 ROUGE-1 F1: 0.6581
2025-05-03 11:05:04,009 - INFO - Paper 82821959 ROUGE-2 F1: 0.3944
2025-05-03 11:05:04,009 - INFO - Paper 82821959 ROUGE-L F1: 0.4599
2025-05-03 11:05:04,010 - INFO - Using default tokenizer.
2025-05-03 11:05:04,344 - INFO - Paper 92908954 ROUGE-1 F1: 0.7147
2025-05-03 11:05:04,344 - INFO - Paper 92908954 ROUGE-2 F1: 0.4966
2025-05-03 11:05:04,345 - INFO - Paper 92908954 ROUGE-L F1: 0.5484
2025-05-03 11:05:04,345 - INFO - Using default tokenizer.
2025-05-03 11:05:04,372 - INFO - Paper 11481096 ROUGE-1 F1: 0.5825
2025-05-03 11:05:04,372 - INFO - Paper 11481096 ROUGE-2 F1: 0.1937
2025-05-03 11:05:04,372 - INFO - Paper 11481096 ROUGE-L F1: 0.2982
2025-05-03 11:05:04,373 - INFO - Using default tokenizer.
2025-05-03 11:05:04,525 - INFO - Paper 65102009 ROUGE-1 F1: 0.5986
2025-05-03 11:05:04,525 - INFO - Paper 65102009 ROUGE-2 F1: 0.2651
2025-05-03 11:05:04,525 - INFO - Paper 65102009 ROUGE-L F1: 0.3583
2025-05-03 11:05:04,525 - INFO - Using default tokenizer.
2025-05-03 11:05:04,663 - INFO - Paper 19050347 ROUGE-1 F1: 0.4592
2025-05-03 11:05:04,663 - INFO - Paper 19050347 ROUGE-2 F1: 0.0847
2025-05-03 11:05:04,663 - INFO - Paper 19050347 ROUGE-L F1: 0.1888
2025-05-03 11:05:04,664 - INFO - Using default tokenizer.
2025-05-03 11:05:04,691 - INFO - Paper 90011197 ROUGE-1 F1: 0.3252
2025-05-03 11:05:04,691 - INFO - Paper 90011197 ROUGE-2 F1: 0.0246
2025-05-03 11:05:04,691 - INFO - Paper 90011197 ROUGE-L F1: 0.1503
2025-05-03 11:05:04,691 - INFO - Using default tokenizer.
2025-05-03 11:05:05,384 - INFO - Paper 33714440 ROUGE-1 F1: 0.6983
2025-05-03 11:05:05,384 - INFO - Paper 33714440 ROUGE-2 F1: 0.4221
2025-05-03 11:05:05,385 - INFO - Paper 33714440 ROUGE-L F1: 0.4783
2025-05-03 11:05:05,385 - INFO - Using default tokenizer.
2025-05-03 11:05:05,898 - INFO - Paper 23942242 ROUGE-1 F1: 0.7077
2025-05-03 11:05:05,898 - INFO - Paper 23942242 ROUGE-2 F1: 0.3989
2025-05-03 11:05:05,898 - INFO - Paper 23942242 ROUGE-L F1: 0.4472
2025-05-03 11:05:05,898 - INFO - Using default tokenizer.
2025-05-03 11:05:06,044 - INFO - Paper 7415123 ROUGE-1 F1: 0.5669
2025-05-03 11:05:06,044 - INFO - Paper 7415123 ROUGE-2 F1: 0.2351
2025-05-03 11:05:06,044 - INFO - Paper 7415123 ROUGE-L F1: 0.2792
2025-05-03 11:05:06,045 - INFO - Using default tokenizer.
2025-05-03 11:05:06,387 - INFO - Paper 61603670 ROUGE-1 F1: 0.7513
2025-05-03 11:05:06,387 - INFO - Paper 61603670 ROUGE-2 F1: 0.5471
2025-05-03 11:05:06,387 - INFO - Paper 61603670 ROUGE-L F1: 0.6036
2025-05-03 11:05:06,387 - INFO - Using default tokenizer.
2025-05-03 11:05:06,458 - INFO - Paper 51450104 ROUGE-1 F1: 0.5281
2025-05-03 11:05:06,458 - INFO - Paper 51450104 ROUGE-2 F1: 0.2083
2025-05-03 11:05:06,458 - INFO - Paper 51450104 ROUGE-L F1: 0.3056
2025-05-03 11:05:06,458 - INFO - Using default tokenizer.
2025-05-03 11:05:06,660 - INFO - Paper 46342402 ROUGE-1 F1: 0.4651
2025-05-03 11:05:06,660 - INFO - Paper 46342402 ROUGE-2 F1: 0.1015
2025-05-03 11:05:06,660 - INFO - Paper 46342402 ROUGE-L F1: 0.1901
2025-05-03 11:05:06,660 - INFO - Using default tokenizer.
2025-05-03 11:05:06,713 - INFO - Paper 12711637 ROUGE-1 F1: 0.6052
2025-05-03 11:05:06,713 - INFO - Paper 12711637 ROUGE-2 F1: 0.2318
2025-05-03 11:05:06,713 - INFO - Paper 12711637 ROUGE-L F1: 0.3247
2025-05-03 11:05:06,713 - INFO - Using default tokenizer.
2025-05-03 11:05:06,908 - INFO - Paper 61580548 ROUGE-1 F1: 0.5910
2025-05-03 11:05:06,908 - INFO - Paper 61580548 ROUGE-2 F1: 0.2388
2025-05-03 11:05:06,908 - INFO - Paper 61580548 ROUGE-L F1: 0.3346
2025-05-03 11:05:06,908 - INFO - Using default tokenizer.
2025-05-03 11:05:07,695 - INFO - Paper 15084340 ROUGE-1 F1: 0.7308
2025-05-03 11:05:07,695 - INFO - Paper 15084340 ROUGE-2 F1: 0.5406
2025-05-03 11:05:07,695 - INFO - Paper 15084340 ROUGE-L F1: 0.5563
2025-05-03 11:05:07,695 - INFO - Using default tokenizer.
2025-05-03 11:05:08,048 - INFO - Paper 69013017 ROUGE-1 F1: 0.5009
2025-05-03 11:05:08,048 - INFO - Paper 69013017 ROUGE-2 F1: 0.1149
2025-05-03 11:05:08,048 - INFO - Paper 69013017 ROUGE-L F1: 0.2167
2025-05-03 11:05:08,048 - INFO - Using default tokenizer.
2025-05-03 11:05:08,277 - INFO - Paper 87885377 ROUGE-1 F1: 0.6557
2025-05-03 11:05:08,277 - INFO - Paper 87885377 ROUGE-2 F1: 0.2953
2025-05-03 11:05:08,278 - INFO - Paper 87885377 ROUGE-L F1: 0.3619
2025-05-03 11:05:08,278 - INFO - Using default tokenizer.
2025-05-03 11:05:08,303 - INFO - Paper 69119323 ROUGE-1 F1: 0.4159
2025-05-03 11:05:08,303 - INFO - Paper 69119323 ROUGE-2 F1: 0.0399
2025-05-03 11:05:08,303 - INFO - Paper 69119323 ROUGE-L F1: 0.1700
2025-05-03 11:05:08,304 - INFO - Using default tokenizer.
2025-05-03 11:05:08,365 - INFO - Paper 15765418 ROUGE-1 F1: 0.4498
2025-05-03 11:05:08,365 - INFO - Paper 15765418 ROUGE-2 F1: 0.0902
2025-05-03 11:05:08,365 - INFO - Paper 15765418 ROUGE-L F1: 0.2030
2025-05-03 11:05:08,365 - INFO - Using default tokenizer.
2025-05-03 11:05:08,504 - INFO - Paper 47686356 ROUGE-1 F1: 0.3049
2025-05-03 11:05:08,504 - INFO - Paper 47686356 ROUGE-2 F1: 0.0363
2025-05-03 11:05:08,504 - INFO - Paper 47686356 ROUGE-L F1: 0.1358
2025-05-03 11:05:08,505 - INFO - Using default tokenizer.
2025-05-03 11:05:08,633 - INFO - Paper 42443464 ROUGE-1 F1: 0.5955
2025-05-03 11:05:08,633 - INFO - Paper 42443464 ROUGE-2 F1: 0.1967
2025-05-03 11:05:08,633 - INFO - Paper 42443464 ROUGE-L F1: 0.2697
2025-05-03 11:05:08,633 - INFO - Using default tokenizer.
2025-05-03 11:05:08,691 - INFO - Paper 77737945 ROUGE-1 F1: 0.4764
2025-05-03 11:05:08,691 - INFO - Paper 77737945 ROUGE-2 F1: 0.0969
2025-05-03 11:05:08,691 - INFO - Paper 77737945 ROUGE-L F1: 0.2232
2025-05-03 11:05:08,691 - INFO - Using default tokenizer.
2025-05-03 11:05:08,714 - INFO - Paper 83248182 ROUGE-1 F1: 0.3103
2025-05-03 11:05:08,714 - INFO - Paper 83248182 ROUGE-2 F1: 0.0231
2025-05-03 11:05:08,714 - INFO - Paper 83248182 ROUGE-L F1: 0.1418
2025-05-03 11:05:08,715 - INFO - Using default tokenizer.
2025-05-03 11:05:09,340 - INFO - Paper 66302705 ROUGE-1 F1: 0.6356
2025-05-03 11:05:09,340 - INFO - Paper 66302705 ROUGE-2 F1: 0.2504
2025-05-03 11:05:09,340 - INFO - Paper 66302705 ROUGE-L F1: 0.3203
2025-05-03 11:05:09,340 - INFO - Using default tokenizer.
2025-05-03 11:05:09,709 - INFO - Paper 18958324 ROUGE-1 F1: 0.5418
2025-05-03 11:05:09,709 - INFO - Paper 18958324 ROUGE-2 F1: 0.1419
2025-05-03 11:05:09,709 - INFO - Paper 18958324 ROUGE-L F1: 0.2075
2025-05-03 11:05:09,710 - INFO - Using default tokenizer.
2025-05-03 11:05:10,301 - INFO - Paper 48141212 ROUGE-1 F1: 0.7844
2025-05-03 11:05:10,301 - INFO - Paper 48141212 ROUGE-2 F1: 0.5537
2025-05-03 11:05:10,301 - INFO - Paper 48141212 ROUGE-L F1: 0.5983
2025-05-03 11:05:10,302 - INFO - Using default tokenizer.
2025-05-03 11:05:10,379 - INFO - Paper 16973657 ROUGE-1 F1: 0.5477
2025-05-03 11:05:10,379 - INFO - Paper 16973657 ROUGE-2 F1: 0.1973
2025-05-03 11:05:10,379 - INFO - Paper 16973657 ROUGE-L F1: 0.2626
2025-05-03 11:05:10,379 - INFO - Using default tokenizer.
2025-05-03 11:05:10,880 - INFO - Paper 84655302 ROUGE-1 F1: 0.7492
2025-05-03 11:05:10,880 - INFO - Paper 84655302 ROUGE-2 F1: 0.4371
2025-05-03 11:05:10,880 - INFO - Paper 84655302 ROUGE-L F1: 0.5016
2025-05-03 11:05:10,880 - INFO - Using default tokenizer.
2025-05-03 11:05:11,218 - INFO - Paper 64175585 ROUGE-1 F1: 0.6541
2025-05-03 11:05:11,218 - INFO - Paper 64175585 ROUGE-2 F1: 0.2927
2025-05-03 11:05:11,218 - INFO - Paper 64175585 ROUGE-L F1: 0.3719
2025-05-03 11:05:11,219 - INFO - Using default tokenizer.
2025-05-03 11:05:11,465 - INFO - Paper 59277766 ROUGE-1 F1: 0.7290
2025-05-03 11:05:11,465 - INFO - Paper 59277766 ROUGE-2 F1: 0.4608
2025-05-03 11:05:11,465 - INFO - Paper 59277766 ROUGE-L F1: 0.5295
2025-05-03 11:05:11,466 - INFO - Using default tokenizer.
2025-05-03 11:05:11,507 - INFO - Paper 93060618 ROUGE-1 F1: 0.4108
2025-05-03 11:05:11,507 - INFO - Paper 93060618 ROUGE-2 F1: 0.1087
2025-05-03 11:05:11,508 - INFO - Paper 93060618 ROUGE-L F1: 0.2425
2025-05-03 11:05:11,508 - INFO - Using default tokenizer.
2025-05-03 11:05:11,628 - INFO - Paper 47723293 ROUGE-1 F1: 0.4763
2025-05-03 11:05:11,628 - INFO - Paper 47723293 ROUGE-2 F1: 0.1294
2025-05-03 11:05:11,629 - INFO - Paper 47723293 ROUGE-L F1: 0.2257
2025-05-03 11:05:11,629 - INFO - Using default tokenizer.
2025-05-03 11:05:11,743 - INFO - Paper 75389943 ROUGE-1 F1: 0.5821
2025-05-03 11:05:11,743 - INFO - Paper 75389943 ROUGE-2 F1: 0.2458
2025-05-03 11:05:11,743 - INFO - Paper 75389943 ROUGE-L F1: 0.3532
2025-05-03 11:05:11,743 - INFO - Using default tokenizer.
2025-05-03 11:05:11,884 - INFO - Paper 11006232 ROUGE-1 F1: 0.6921
2025-05-03 11:05:11,884 - INFO - Paper 11006232 ROUGE-2 F1: 0.4876
2025-05-03 11:05:11,884 - INFO - Paper 11006232 ROUGE-L F1: 0.5603
2025-05-03 11:05:11,885 - INFO - Using default tokenizer.
2025-05-03 11:05:12,421 - INFO - Paper 65595064 ROUGE-1 F1: 0.7091
2025-05-03 11:05:12,421 - INFO - Paper 65595064 ROUGE-2 F1: 0.4037
2025-05-03 11:05:12,421 - INFO - Paper 65595064 ROUGE-L F1: 0.4705
2025-05-03 11:05:12,421 - INFO - Using default tokenizer.
2025-05-03 11:05:12,522 - INFO - Paper 91812941 ROUGE-1 F1: 0.5815
2025-05-03 11:05:12,522 - INFO - Paper 91812941 ROUGE-2 F1: 0.1748
2025-05-03 11:05:12,522 - INFO - Paper 91812941 ROUGE-L F1: 0.3066
2025-05-03 11:05:12,522 - INFO - Using default tokenizer.
2025-05-03 11:05:13,118 - INFO - Paper 78412080 ROUGE-1 F1: 0.6976
2025-05-03 11:05:13,118 - INFO - Paper 78412080 ROUGE-2 F1: 0.4115
2025-05-03 11:05:13,118 - INFO - Paper 78412080 ROUGE-L F1: 0.4525
2025-05-03 11:05:13,119 - INFO - Using default tokenizer.
2025-05-03 11:05:13,187 - INFO - Paper 33427271 ROUGE-1 F1: 0.6198
2025-05-03 11:05:13,187 - INFO - Paper 33427271 ROUGE-2 F1: 0.2946
2025-05-03 11:05:13,187 - INFO - Paper 33427271 ROUGE-L F1: 0.3408
2025-05-03 11:05:13,187 - INFO - Using default tokenizer.
2025-05-03 11:05:13,290 - INFO - Paper 11684235 ROUGE-1 F1: 0.6146
2025-05-03 11:05:13,290 - INFO - Paper 11684235 ROUGE-2 F1: 0.2887
2025-05-03 11:05:13,290 - INFO - Paper 11684235 ROUGE-L F1: 0.3906
2025-05-03 11:05:13,291 - INFO - Using default tokenizer.
2025-05-03 11:05:14,008 - INFO - Paper 11313245 ROUGE-1 F1: 0.7759
2025-05-03 11:05:14,008 - INFO - Paper 11313245 ROUGE-2 F1: 0.5397
2025-05-03 11:05:14,008 - INFO - Paper 11313245 ROUGE-L F1: 0.6084
2025-05-03 11:05:14,008 - INFO - Using default tokenizer.
2025-05-03 11:05:14,085 - INFO - Paper 30877354 ROUGE-1 F1: 0.4954
2025-05-03 11:05:14,085 - INFO - Paper 30877354 ROUGE-2 F1: 0.1430
2025-05-03 11:05:14,085 - INFO - Paper 30877354 ROUGE-L F1: 0.2508
2025-05-03 11:05:14,085 - INFO - Using default tokenizer.
2025-05-03 11:05:14,489 - INFO - Paper 22744554 ROUGE-1 F1: 0.6302
2025-05-03 11:05:14,489 - INFO - Paper 22744554 ROUGE-2 F1: 0.2708
2025-05-03 11:05:14,489 - INFO - Paper 22744554 ROUGE-L F1: 0.3508
2025-05-03 11:05:14,489 - INFO - Using default tokenizer.
2025-05-03 11:05:15,123 - INFO - Paper 22030520 ROUGE-1 F1: 0.7397
2025-05-03 11:05:15,123 - INFO - Paper 22030520 ROUGE-2 F1: 0.4304
2025-05-03 11:05:15,123 - INFO - Paper 22030520 ROUGE-L F1: 0.4843
2025-05-03 11:05:15,123 - INFO - Using default tokenizer.
2025-05-03 11:05:15,344 - INFO - Paper 75937139 ROUGE-1 F1: 0.6006
2025-05-03 11:05:15,344 - INFO - Paper 75937139 ROUGE-2 F1: 0.2141
2025-05-03 11:05:15,345 - INFO - Paper 75937139 ROUGE-L F1: 0.2474
2025-05-03 11:05:15,345 - INFO - Using default tokenizer.
2025-05-03 11:05:15,408 - INFO - Paper 1540690 ROUGE-1 F1: 0.5536
2025-05-03 11:05:15,408 - INFO - Paper 1540690 ROUGE-2 F1: 0.1857
2025-05-03 11:05:15,408 - INFO - Paper 1540690 ROUGE-L F1: 0.2857
2025-05-03 11:05:15,409 - INFO - Using default tokenizer.
2025-05-03 11:05:16,007 - INFO - Paper 4536127 ROUGE-1 F1: 0.7474
2025-05-03 11:05:16,007 - INFO - Paper 4536127 ROUGE-2 F1: 0.4412
2025-05-03 11:05:16,007 - INFO - Paper 4536127 ROUGE-L F1: 0.5002
2025-05-03 11:05:16,008 - INFO - Using default tokenizer.
2025-05-03 11:05:16,217 - INFO - Paper 16057781 ROUGE-1 F1: 0.5621
2025-05-03 11:05:16,217 - INFO - Paper 16057781 ROUGE-2 F1: 0.2183
2025-05-03 11:05:16,217 - INFO - Paper 16057781 ROUGE-L F1: 0.2992
2025-05-03 11:05:16,218 - INFO - Using default tokenizer.
2025-05-03 11:05:16,894 - INFO - Paper 263861 ROUGE-1 F1: 0.7696
2025-05-03 11:05:16,894 - INFO - Paper 263861 ROUGE-2 F1: 0.5576
2025-05-03 11:05:16,894 - INFO - Paper 263861 ROUGE-L F1: 0.6067
2025-05-03 11:05:16,895 - INFO - Using default tokenizer.
2025-05-03 11:05:17,040 - INFO - Paper 90600191 ROUGE-1 F1: 0.5091
2025-05-03 11:05:17,040 - INFO - Paper 90600191 ROUGE-2 F1: 0.1841
2025-05-03 11:05:17,040 - INFO - Paper 90600191 ROUGE-L F1: 0.2713
2025-05-03 11:05:17,041 - INFO - Using default tokenizer.
2025-05-03 11:05:17,116 - INFO - Paper 81262575 ROUGE-1 F1: 0.3685
2025-05-03 11:05:17,116 - INFO - Paper 81262575 ROUGE-2 F1: 0.1019
2025-05-03 11:05:17,116 - INFO - Paper 81262575 ROUGE-L F1: 0.1881
2025-05-03 11:05:17,116 - INFO - Using default tokenizer.
2025-05-03 11:05:17,151 - INFO - Paper 35704901 ROUGE-1 F1: 0.5584
2025-05-03 11:05:17,151 - INFO - Paper 35704901 ROUGE-2 F1: 0.2161
2025-05-03 11:05:17,152 - INFO - Paper 35704901 ROUGE-L F1: 0.3187
2025-05-03 11:05:17,152 - INFO - Using default tokenizer.
2025-05-03 11:05:17,665 - INFO - Paper 85839366 ROUGE-1 F1: 0.6799
2025-05-03 11:05:17,665 - INFO - Paper 85839366 ROUGE-2 F1: 0.4000
2025-05-03 11:05:17,665 - INFO - Paper 85839366 ROUGE-L F1: 0.4731
2025-05-03 11:05:17,666 - INFO - Using default tokenizer.
2025-05-03 11:05:17,758 - INFO - Paper 69694249 ROUGE-1 F1: 0.5751
2025-05-03 11:05:17,758 - INFO - Paper 69694249 ROUGE-2 F1: 0.2546
2025-05-03 11:05:17,758 - INFO - Paper 69694249 ROUGE-L F1: 0.3432
2025-05-03 11:05:17,758 - INFO - Using default tokenizer.
2025-05-03 11:05:17,895 - INFO - Paper 44210578 ROUGE-1 F1: 0.6120
2025-05-03 11:05:17,895 - INFO - Paper 44210578 ROUGE-2 F1: 0.2273
2025-05-03 11:05:17,895 - INFO - Paper 44210578 ROUGE-L F1: 0.3083
2025-05-03 11:05:17,896 - INFO - Using default tokenizer.
2025-05-03 11:05:18,491 - INFO - Paper 39038842 ROUGE-1 F1: 0.7414
2025-05-03 11:05:18,491 - INFO - Paper 39038842 ROUGE-2 F1: 0.4365
2025-05-03 11:05:18,491 - INFO - Paper 39038842 ROUGE-L F1: 0.4897
2025-05-03 11:05:18,492 - INFO - Using default tokenizer.
2025-05-03 11:05:19,085 - INFO - Paper 81780960 ROUGE-1 F1: 0.7328
2025-05-03 11:05:19,085 - INFO - Paper 81780960 ROUGE-2 F1: 0.4458
2025-05-03 11:05:19,085 - INFO - Paper 81780960 ROUGE-L F1: 0.5016
2025-05-03 11:05:19,086 - INFO - Using default tokenizer.
2025-05-03 11:05:19,160 - INFO - Paper 5674972 ROUGE-1 F1: 0.4854
2025-05-03 11:05:19,160 - INFO - Paper 5674972 ROUGE-2 F1: 0.1572
2025-05-03 11:05:19,161 - INFO - Paper 5674972 ROUGE-L F1: 0.2824
2025-05-03 11:05:19,161 - INFO - Using default tokenizer.
2025-05-03 11:05:19,223 - INFO - Paper 81535007 ROUGE-1 F1: 0.4919
2025-05-03 11:05:19,223 - INFO - Paper 81535007 ROUGE-2 F1: 0.1256
2025-05-03 11:05:19,224 - INFO - Paper 81535007 ROUGE-L F1: 0.2088
2025-05-03 11:05:19,224 - INFO - Using default tokenizer.
2025-05-03 11:05:19,473 - INFO - Paper 68642594 ROUGE-1 F1: 0.3328
2025-05-03 11:05:19,473 - INFO - Paper 68642594 ROUGE-2 F1: 0.0438
2025-05-03 11:05:19,473 - INFO - Paper 68642594 ROUGE-L F1: 0.1445
2025-05-03 11:05:19,473 - INFO - Using default tokenizer.
2025-05-03 11:05:19,689 - INFO - Paper 11418476 ROUGE-1 F1: 0.6469
2025-05-03 11:05:19,689 - INFO - Paper 11418476 ROUGE-2 F1: 0.2689
2025-05-03 11:05:19,689 - INFO - Paper 11418476 ROUGE-L F1: 0.3241
2025-05-03 11:05:19,690 - INFO - Using default tokenizer.
2025-05-03 11:05:19,729 - INFO - Paper 30905451 ROUGE-1 F1: 0.6599
2025-05-03 11:05:19,729 - INFO - Paper 30905451 ROUGE-2 F1: 0.3120
2025-05-03 11:05:19,729 - INFO - Paper 30905451 ROUGE-L F1: 0.4390
2025-05-03 11:05:19,730 - INFO - Using default tokenizer.
2025-05-03 11:05:19,908 - INFO - Paper 24928430 ROUGE-1 F1: 0.6600
2025-05-03 11:05:19,908 - INFO - Paper 24928430 ROUGE-2 F1: 0.3098
2025-05-03 11:05:19,908 - INFO - Paper 24928430 ROUGE-L F1: 0.4170
2025-05-03 11:05:19,908 - INFO - Using default tokenizer.
2025-05-03 11:05:19,932 - INFO - Paper 17980043 ROUGE-1 F1: 0.5131
2025-05-03 11:05:19,932 - INFO - Paper 17980043 ROUGE-2 F1: 0.1203
2025-05-03 11:05:19,933 - INFO - Paper 17980043 ROUGE-L F1: 0.2397
2025-05-03 11:05:19,933 - INFO - Using default tokenizer.
2025-05-03 11:05:20,669 - INFO - Paper 93195231 ROUGE-1 F1: 0.6771
2025-05-03 11:05:20,669 - INFO - Paper 93195231 ROUGE-2 F1: 0.2787
2025-05-03 11:05:20,669 - INFO - Paper 93195231 ROUGE-L F1: 0.3265
2025-05-03 11:05:20,669 - INFO - Using default tokenizer.
2025-05-03 11:05:20,777 - INFO - Paper 32248697 ROUGE-1 F1: 0.5473
2025-05-03 11:05:20,778 - INFO - Paper 32248697 ROUGE-2 F1: 0.1862
2025-05-03 11:05:20,778 - INFO - Paper 32248697 ROUGE-L F1: 0.2745
2025-05-03 11:05:20,778 - INFO - Using default tokenizer.
2025-05-03 11:05:21,315 - INFO - Paper 50524744 ROUGE-1 F1: 0.7844
2025-05-03 11:05:21,315 - INFO - Paper 50524744 ROUGE-2 F1: 0.5820
2025-05-03 11:05:21,315 - INFO - Paper 50524744 ROUGE-L F1: 0.6302
2025-05-03 11:05:21,316 - INFO - Using default tokenizer.
2025-05-03 11:05:21,339 - INFO - Paper 37796162 ROUGE-1 F1: 0.4962
2025-05-03 11:05:21,339 - INFO - Paper 37796162 ROUGE-2 F1: 0.1849
2025-05-03 11:05:21,340 - INFO - Paper 37796162 ROUGE-L F1: 0.3233
2025-05-03 11:05:21,340 - INFO - Using default tokenizer.
2025-05-03 11:05:21,772 - INFO - Paper 81001972 ROUGE-1 F1: 0.7272
2025-05-03 11:05:21,772 - INFO - Paper 81001972 ROUGE-2 F1: 0.4130
2025-05-03 11:05:21,772 - INFO - Paper 81001972 ROUGE-L F1: 0.4831
2025-05-03 11:05:21,772 - INFO - Using default tokenizer.
2025-05-03 11:05:21,882 - INFO - Paper 89581601 ROUGE-1 F1: 0.5640
2025-05-03 11:05:21,882 - INFO - Paper 89581601 ROUGE-2 F1: 0.1796
2025-05-03 11:05:21,882 - INFO - Paper 89581601 ROUGE-L F1: 0.2367
2025-05-03 11:05:21,882 - INFO - Using default tokenizer.
2025-05-03 11:05:22,234 - INFO - Paper 45612165 ROUGE-1 F1: 0.5330
2025-05-03 11:05:22,234 - INFO - Paper 45612165 ROUGE-2 F1: 0.0965
2025-05-03 11:05:22,234 - INFO - Paper 45612165 ROUGE-L F1: 0.1802
2025-05-03 11:05:22,234 - INFO - Using default tokenizer.
2025-05-03 11:05:22,427 - INFO - Paper 91325283 ROUGE-1 F1: 0.6111
2025-05-03 11:05:22,427 - INFO - Paper 91325283 ROUGE-2 F1: 0.2753
2025-05-03 11:05:22,427 - INFO - Paper 91325283 ROUGE-L F1: 0.3768
2025-05-03 11:05:22,427 - INFO - Using default tokenizer.
2025-05-03 11:05:22,438 - INFO - Paper 5262509 ROUGE-1 F1: 0.3951
2025-05-03 11:05:22,438 - INFO - Paper 5262509 ROUGE-2 F1: 0.1468
2025-05-03 11:05:22,438 - INFO - Paper 5262509 ROUGE-L F1: 0.2249
2025-05-03 11:05:22,438 - INFO - Using default tokenizer.
2025-05-03 11:05:22,487 - INFO - Paper 4647896 ROUGE-1 F1: 0.6020
2025-05-03 11:05:22,488 - INFO - Paper 4647896 ROUGE-2 F1: 0.2992
2025-05-03 11:05:22,488 - INFO - Paper 4647896 ROUGE-L F1: 0.4082
2025-05-03 11:05:22,488 - INFO - Using default tokenizer.
2025-05-03 11:05:23,000 - INFO - Paper 92615357 ROUGE-1 F1: 0.7441
2025-05-03 11:05:23,000 - INFO - Paper 92615357 ROUGE-2 F1: 0.4497
2025-05-03 11:05:23,000 - INFO - Paper 92615357 ROUGE-L F1: 0.5374
2025-05-03 11:05:23,000 - INFO - Using default tokenizer.
2025-05-03 11:05:23,171 - INFO - Paper 75865335 ROUGE-1 F1: 0.5378
2025-05-03 11:05:23,171 - INFO - Paper 75865335 ROUGE-2 F1: 0.1430
2025-05-03 11:05:23,171 - INFO - Paper 75865335 ROUGE-L F1: 0.2273
2025-05-03 11:05:23,171 - INFO - Using default tokenizer.
2025-05-03 11:05:23,527 - INFO - Paper 57956236 ROUGE-1 F1: 0.5315
2025-05-03 11:05:23,527 - INFO - Paper 57956236 ROUGE-2 F1: 0.1391
2025-05-03 11:05:23,527 - INFO - Paper 57956236 ROUGE-L F1: 0.2406
2025-05-03 11:05:23,528 - INFO - Using default tokenizer.
2025-05-03 11:05:23,664 - INFO - Paper 91929013 ROUGE-1 F1: 0.5482
2025-05-03 11:05:23,664 - INFO - Paper 91929013 ROUGE-2 F1: 0.1887
2025-05-03 11:05:23,664 - INFO - Paper 91929013 ROUGE-L F1: 0.2940
2025-05-03 11:05:23,665 - INFO - Using default tokenizer.
2025-05-03 11:05:24,202 - INFO - Paper 11791786 ROUGE-1 F1: 0.7168
2025-05-03 11:05:24,202 - INFO - Paper 11791786 ROUGE-2 F1: 0.4017
2025-05-03 11:05:24,203 - INFO - Paper 11791786 ROUGE-L F1: 0.4518
2025-05-03 11:05:24,203 - INFO - Using default tokenizer.
2025-05-03 11:05:24,432 - INFO - Paper 89853012 ROUGE-1 F1: 0.3748
2025-05-03 11:05:24,432 - INFO - Paper 89853012 ROUGE-2 F1: 0.0526
2025-05-03 11:05:24,432 - INFO - Paper 89853012 ROUGE-L F1: 0.1494
2025-05-03 11:05:24,432 - INFO - Using default tokenizer.
2025-05-03 11:05:24,473 - INFO - Paper 94015576 ROUGE-1 F1: 0.4741
2025-05-03 11:05:24,473 - INFO - Paper 94015576 ROUGE-2 F1: 0.1066
2025-05-03 11:05:24,473 - INFO - Paper 94015576 ROUGE-L F1: 0.2040
2025-05-03 11:05:24,473 - INFO - Using default tokenizer.
2025-05-03 11:05:25,105 - INFO - Paper 76874430 ROUGE-1 F1: 0.7256
2025-05-03 11:05:25,105 - INFO - Paper 76874430 ROUGE-2 F1: 0.4242
2025-05-03 11:05:25,105 - INFO - Paper 76874430 ROUGE-L F1: 0.4737
2025-05-03 11:05:25,105 - INFO - Using default tokenizer.
2025-05-03 11:05:25,179 - INFO - Paper 4784102 ROUGE-1 F1: 0.5815
2025-05-03 11:05:25,180 - INFO - Paper 4784102 ROUGE-2 F1: 0.3018
2025-05-03 11:05:25,180 - INFO - Paper 4784102 ROUGE-L F1: 0.3863
2025-05-03 11:05:25,180 - INFO - Using default tokenizer.
2025-05-03 11:05:25,758 - INFO - Paper 42200029 ROUGE-1 F1: 0.7532
2025-05-03 11:05:25,758 - INFO - Paper 42200029 ROUGE-2 F1: 0.4939
2025-05-03 11:05:25,758 - INFO - Paper 42200029 ROUGE-L F1: 0.5342
2025-05-03 11:05:25,758 - INFO - Using default tokenizer.
2025-05-03 11:05:25,813 - INFO - Paper 87068449 ROUGE-1 F1: 0.5824
2025-05-03 11:05:25,814 - INFO - Paper 87068449 ROUGE-2 F1: 0.2186
2025-05-03 11:05:25,814 - INFO - Paper 87068449 ROUGE-L F1: 0.2949
2025-05-03 11:05:25,814 - INFO - Using default tokenizer.
2025-05-03 11:05:25,922 - INFO - Paper 26515037 ROUGE-1 F1: 0.4855
2025-05-03 11:05:25,922 - INFO - Paper 26515037 ROUGE-2 F1: 0.1654
2025-05-03 11:05:25,922 - INFO - Paper 26515037 ROUGE-L F1: 0.2510
2025-05-03 11:05:25,923 - INFO - Using default tokenizer.
2025-05-03 11:05:25,998 - INFO - Paper 66006367 ROUGE-1 F1: 0.5385
2025-05-03 11:05:25,998 - INFO - Paper 66006367 ROUGE-2 F1: 0.1410
2025-05-03 11:05:25,998 - INFO - Paper 66006367 ROUGE-L F1: 0.2484
2025-05-03 11:05:25,998 - INFO - Using default tokenizer.
2025-05-03 11:05:26,279 - INFO - Paper 52208833 ROUGE-1 F1: 0.6422
2025-05-03 11:05:26,279 - INFO - Paper 52208833 ROUGE-2 F1: 0.2469
2025-05-03 11:05:26,279 - INFO - Paper 52208833 ROUGE-L F1: 0.3169
2025-05-03 11:05:26,279 - INFO - Using default tokenizer.
2025-05-03 11:05:26,407 - INFO - Paper 87460557 ROUGE-1 F1: 0.6677
2025-05-03 11:05:26,407 - INFO - Paper 87460557 ROUGE-2 F1: 0.4506
2025-05-03 11:05:26,407 - INFO - Paper 87460557 ROUGE-L F1: 0.5294
2025-05-03 11:05:26,407 - INFO - Using default tokenizer.
2025-05-03 11:05:26,830 - INFO - Paper 8151447 ROUGE-1 F1: 0.6687
2025-05-03 11:05:26,830 - INFO - Paper 8151447 ROUGE-2 F1: 0.3803
2025-05-03 11:05:26,830 - INFO - Paper 8151447 ROUGE-L F1: 0.4472
2025-05-03 11:05:26,831 - INFO - Using default tokenizer.
2025-05-03 11:05:27,306 - INFO - Paper 96747724 ROUGE-1 F1: 0.7461
2025-05-03 11:05:27,306 - INFO - Paper 96747724 ROUGE-2 F1: 0.4663
2025-05-03 11:05:27,306 - INFO - Paper 96747724 ROUGE-L F1: 0.5046
2025-05-03 11:05:27,306 - INFO - Using default tokenizer.
2025-05-03 11:05:27,706 - INFO - Paper 8363020 ROUGE-1 F1: 0.6247
2025-05-03 11:05:27,707 - INFO - Paper 8363020 ROUGE-2 F1: 0.2404
2025-05-03 11:05:27,707 - INFO - Paper 8363020 ROUGE-L F1: 0.2871
2025-05-03 11:05:27,707 - INFO - Using default tokenizer.
2025-05-03 11:05:27,818 - INFO - Paper 93544751 ROUGE-1 F1: 0.5531
2025-05-03 11:05:27,818 - INFO - Paper 93544751 ROUGE-2 F1: 0.1909
2025-05-03 11:05:27,819 - INFO - Paper 93544751 ROUGE-L F1: 0.3052
2025-05-03 11:05:27,819 - INFO - Using default tokenizer.
2025-05-03 11:05:28,045 - INFO - Paper 11542688 ROUGE-1 F1: 0.7386
2025-05-03 11:05:28,045 - INFO - Paper 11542688 ROUGE-2 F1: 0.5056
2025-05-03 11:05:28,045 - INFO - Paper 11542688 ROUGE-L F1: 0.5667
2025-05-03 11:05:28,045 - INFO - Using default tokenizer.
2025-05-03 11:05:28,146 - INFO - Paper 26955055 ROUGE-1 F1: 0.4259
2025-05-03 11:05:28,146 - INFO - Paper 26955055 ROUGE-2 F1: 0.0685
2025-05-03 11:05:28,146 - INFO - Paper 26955055 ROUGE-L F1: 0.1718
2025-05-03 11:05:28,146 - INFO - Using default tokenizer.
2025-05-03 11:05:28,212 - INFO - Paper 58874274 ROUGE-1 F1: 0.5084
2025-05-03 11:05:28,212 - INFO - Paper 58874274 ROUGE-2 F1: 0.2447
2025-05-03 11:05:28,212 - INFO - Paper 58874274 ROUGE-L F1: 0.3382
2025-05-03 11:05:28,212 - INFO - Using default tokenizer.
2025-05-03 11:05:28,309 - INFO - Paper 81916449 ROUGE-1 F1: 0.5660
2025-05-03 11:05:28,309 - INFO - Paper 81916449 ROUGE-2 F1: 0.2898
2025-05-03 11:05:28,309 - INFO - Paper 81916449 ROUGE-L F1: 0.3612
2025-05-03 11:05:28,309 - INFO - Using default tokenizer.
2025-05-03 11:05:28,940 - INFO - Paper 17539393 ROUGE-1 F1: 0.7497
2025-05-03 11:05:28,940 - INFO - Paper 17539393 ROUGE-2 F1: 0.4650
2025-05-03 11:05:28,940 - INFO - Paper 17539393 ROUGE-L F1: 0.5287
2025-05-03 11:05:28,940 - INFO - Using default tokenizer.
2025-05-03 11:05:29,540 - INFO - Paper 29703573 ROUGE-1 F1: 0.6295
2025-05-03 11:05:29,541 - INFO - Paper 29703573 ROUGE-2 F1: 0.2862
2025-05-03 11:05:29,541 - INFO - Paper 29703573 ROUGE-L F1: 0.3176
2025-05-03 11:05:29,541 - INFO - Using default tokenizer.
2025-05-03 11:05:30,102 - INFO - Paper 99341732 ROUGE-1 F1: 0.7333
2025-05-03 11:05:30,102 - INFO - Paper 99341732 ROUGE-2 F1: 0.4433
2025-05-03 11:05:30,102 - INFO - Paper 99341732 ROUGE-L F1: 0.5167
2025-05-03 11:05:30,102 - INFO - Using default tokenizer.
2025-05-03 11:05:30,118 - INFO - Paper 37775721 ROUGE-1 F1: 0.5635
2025-05-03 11:05:30,118 - INFO - Paper 37775721 ROUGE-2 F1: 0.2908
2025-05-03 11:05:30,118 - INFO - Paper 37775721 ROUGE-L F1: 0.4162
2025-05-03 11:05:30,118 - INFO - Using default tokenizer.
2025-05-03 11:05:30,296 - INFO - Paper 77684000 ROUGE-1 F1: 0.6124
2025-05-03 11:05:30,296 - INFO - Paper 77684000 ROUGE-2 F1: 0.3183
2025-05-03 11:05:30,296 - INFO - Paper 77684000 ROUGE-L F1: 0.4235
2025-05-03 11:05:30,297 - INFO - Using default tokenizer.
2025-05-03 11:05:30,825 - INFO - Paper 518237 ROUGE-1 F1: 0.6656
2025-05-03 11:05:30,825 - INFO - Paper 518237 ROUGE-2 F1: 0.2538
2025-05-03 11:05:30,825 - INFO - Paper 518237 ROUGE-L F1: 0.3044
2025-05-03 11:05:30,825 - INFO - Using default tokenizer.
2025-05-03 11:05:30,868 - INFO - Paper 27086937 ROUGE-1 F1: 0.3815
2025-05-03 11:05:30,868 - INFO - Paper 27086937 ROUGE-2 F1: 0.0425
2025-05-03 11:05:30,868 - INFO - Paper 27086937 ROUGE-L F1: 0.1483
2025-05-03 11:05:30,869 - INFO - Using default tokenizer.
2025-05-03 11:05:31,245 - INFO - Paper 37135417 ROUGE-1 F1: 0.7263
2025-05-03 11:05:31,245 - INFO - Paper 37135417 ROUGE-2 F1: 0.3439
2025-05-03 11:05:31,245 - INFO - Paper 37135417 ROUGE-L F1: 0.4302
2025-05-03 11:05:31,246 - INFO - Using default tokenizer.
2025-05-03 11:05:31,316 - INFO - Paper 2905851 ROUGE-1 F1: 0.6190
2025-05-03 11:05:31,316 - INFO - Paper 2905851 ROUGE-2 F1: 0.2695
2025-05-03 11:05:31,316 - INFO - Paper 2905851 ROUGE-L F1: 0.3501
2025-05-03 11:05:31,316 - INFO - Using default tokenizer.
2025-05-03 11:05:31,440 - INFO - Paper 69481324 ROUGE-1 F1: 0.5917
2025-05-03 11:05:31,440 - INFO - Paper 69481324 ROUGE-2 F1: 0.2188
2025-05-03 11:05:31,440 - INFO - Paper 69481324 ROUGE-L F1: 0.3206
2025-05-03 11:05:31,440 - INFO - Using default tokenizer.
2025-05-03 11:05:31,831 - INFO - Paper 75779006 ROUGE-1 F1: 0.7872
2025-05-03 11:05:31,831 - INFO - Paper 75779006 ROUGE-2 F1: 0.6236
2025-05-03 11:05:31,831 - INFO - Paper 75779006 ROUGE-L F1: 0.6718
2025-05-03 11:05:31,832 - INFO - Using default tokenizer.
2025-05-03 11:05:31,938 - INFO - Paper 11836666 ROUGE-1 F1: 0.4770
2025-05-03 11:05:31,938 - INFO - Paper 11836666 ROUGE-2 F1: 0.1140
2025-05-03 11:05:31,938 - INFO - Paper 11836666 ROUGE-L F1: 0.2023
2025-05-03 11:05:31,939 - INFO - Using default tokenizer.
2025-05-03 11:05:32,037 - INFO - Paper 27051635 ROUGE-1 F1: 0.5810
2025-05-03 11:05:32,037 - INFO - Paper 27051635 ROUGE-2 F1: 0.3358
2025-05-03 11:05:32,037 - INFO - Paper 27051635 ROUGE-L F1: 0.3724
2025-05-03 11:05:32,037 - INFO - Using default tokenizer.
2025-05-03 11:05:32,115 - INFO - Paper 24510148 ROUGE-1 F1: 0.6284
2025-05-03 11:05:32,115 - INFO - Paper 24510148 ROUGE-2 F1: 0.3431
2025-05-03 11:05:32,115 - INFO - Paper 24510148 ROUGE-L F1: 0.4134
2025-05-03 11:05:32,115 - INFO - Using default tokenizer.
2025-05-03 11:05:32,240 - INFO - Paper 27300559 ROUGE-1 F1: 0.7093
2025-05-03 11:05:32,240 - INFO - Paper 27300559 ROUGE-2 F1: 0.4709
2025-05-03 11:05:32,240 - INFO - Paper 27300559 ROUGE-L F1: 0.5455
2025-05-03 11:05:32,240 - INFO - Using default tokenizer.
2025-05-03 11:05:32,668 - INFO - Paper 51116334 ROUGE-1 F1: 0.5380
2025-05-03 11:05:32,668 - INFO - Paper 51116334 ROUGE-2 F1: 0.1325
2025-05-03 11:05:32,668 - INFO - Paper 51116334 ROUGE-L F1: 0.2272
2025-05-03 11:05:32,668 - INFO - Using default tokenizer.
2025-05-03 11:05:32,722 - INFO - Paper 93980002 ROUGE-1 F1: 0.7306
2025-05-03 11:05:32,722 - INFO - Paper 93980002 ROUGE-2 F1: 0.4858
2025-05-03 11:05:32,722 - INFO - Paper 93980002 ROUGE-L F1: 0.5806
2025-05-03 11:05:32,722 - INFO - Using default tokenizer.
2025-05-03 11:05:33,202 - INFO - Paper 3913778 ROUGE-1 F1: 0.7374
2025-05-03 11:05:33,202 - INFO - Paper 3913778 ROUGE-2 F1: 0.4922
2025-05-03 11:05:33,202 - INFO - Paper 3913778 ROUGE-L F1: 0.5318
2025-05-03 11:05:33,203 - INFO - Using default tokenizer.
2025-05-03 11:05:33,838 - INFO - Paper 63188694 ROUGE-1 F1: 0.7486
2025-05-03 11:05:33,838 - INFO - Paper 63188694 ROUGE-2 F1: 0.4643
2025-05-03 11:05:33,838 - INFO - Paper 63188694 ROUGE-L F1: 0.4802
2025-05-03 11:05:33,839 - INFO - Using default tokenizer.
2025-05-03 11:05:34,107 - INFO - Paper 72744034 ROUGE-1 F1: 0.7339
2025-05-03 11:05:34,107 - INFO - Paper 72744034 ROUGE-2 F1: 0.5393
2025-05-03 11:05:34,107 - INFO - Paper 72744034 ROUGE-L F1: 0.5900
2025-05-03 11:05:34,107 - INFO - Using default tokenizer.
2025-05-03 11:05:34,121 - INFO - Paper 4216862 ROUGE-1 F1: 0.4041
2025-05-03 11:05:34,121 - INFO - Paper 4216862 ROUGE-2 F1: 0.0874
2025-05-03 11:05:34,121 - INFO - Paper 4216862 ROUGE-L F1: 0.2455
2025-05-03 11:05:34,121 - INFO - Using default tokenizer.
2025-05-03 11:05:34,623 - INFO - Paper 46507565 ROUGE-1 F1: 0.7521
2025-05-03 11:05:34,623 - INFO - Paper 46507565 ROUGE-2 F1: 0.4860
2025-05-03 11:05:34,623 - INFO - Paper 46507565 ROUGE-L F1: 0.5354
2025-05-03 11:05:34,623 - INFO - Using default tokenizer.
2025-05-03 11:05:34,633 - INFO - Paper 22546727 ROUGE-1 F1: 0.5714
2025-05-03 11:05:34,633 - INFO - Paper 22546727 ROUGE-2 F1: 0.3399
2025-05-03 11:05:34,633 - INFO - Paper 22546727 ROUGE-L F1: 0.4481
2025-05-03 11:05:34,633 - INFO - Using default tokenizer.
2025-05-03 11:05:35,170 - INFO - Paper 14819310 ROUGE-1 F1: 0.7530
2025-05-03 11:05:35,170 - INFO - Paper 14819310 ROUGE-2 F1: 0.4645
2025-05-03 11:05:35,170 - INFO - Paper 14819310 ROUGE-L F1: 0.5201
2025-05-03 11:05:35,171 - INFO - Using default tokenizer.
2025-05-03 11:05:35,207 - INFO - Paper 63758896 ROUGE-1 F1: 0.5233
2025-05-03 11:05:35,207 - INFO - Paper 63758896 ROUGE-2 F1: 0.1931
2025-05-03 11:05:35,207 - INFO - Paper 63758896 ROUGE-L F1: 0.2707
2025-05-03 11:05:35,207 - INFO - Using default tokenizer.
2025-05-03 11:05:35,251 - INFO - Paper 47257042 ROUGE-1 F1: 0.5600
2025-05-03 11:05:35,251 - INFO - Paper 47257042 ROUGE-2 F1: 0.1881
2025-05-03 11:05:35,251 - INFO - Paper 47257042 ROUGE-L F1: 0.3062
2025-05-03 11:05:35,251 - INFO - Using default tokenizer.
2025-05-03 11:05:35,269 - INFO - Paper 4206973 ROUGE-1 F1: 0.4218
2025-05-03 11:05:35,269 - INFO - Paper 4206973 ROUGE-2 F1: 0.0957
2025-05-03 11:05:35,269 - INFO - Paper 4206973 ROUGE-L F1: 0.1814
2025-05-03 11:05:35,269 - INFO - Using default tokenizer.
2025-05-03 11:05:35,314 - INFO - Paper 43791696 ROUGE-1 F1: 0.4299
2025-05-03 11:05:35,314 - INFO - Paper 43791696 ROUGE-2 F1: 0.0873
2025-05-03 11:05:35,314 - INFO - Paper 43791696 ROUGE-L F1: 0.1769
2025-05-03 11:05:35,315 - INFO - Using default tokenizer.
2025-05-03 11:05:35,843 - INFO - Paper 11773091 ROUGE-1 F1: 0.5355
2025-05-03 11:05:35,843 - INFO - Paper 11773091 ROUGE-2 F1: 0.3023
2025-05-03 11:05:35,843 - INFO - Paper 11773091 ROUGE-L F1: 0.3692
2025-05-03 11:05:35,843 - INFO - Using default tokenizer.
2025-05-03 11:05:36,025 - INFO - Paper 3953515 ROUGE-1 F1: 0.5168
2025-05-03 11:05:36,025 - INFO - Paper 3953515 ROUGE-2 F1: 0.1597
2025-05-03 11:05:36,025 - INFO - Paper 3953515 ROUGE-L F1: 0.2334
2025-05-03 11:05:36,026 - INFO - Using default tokenizer.
2025-05-03 11:05:36,689 - INFO - Paper 88655260 ROUGE-1 F1: 0.7445
2025-05-03 11:05:36,690 - INFO - Paper 88655260 ROUGE-2 F1: 0.4264
2025-05-03 11:05:36,690 - INFO - Paper 88655260 ROUGE-L F1: 0.4814
2025-05-03 11:05:36,690 - INFO - Using default tokenizer.
2025-05-03 11:05:37,263 - INFO - Paper 87208689 ROUGE-1 F1: 0.6544
2025-05-03 11:05:37,264 - INFO - Paper 87208689 ROUGE-2 F1: 0.3252
2025-05-03 11:05:37,264 - INFO - Paper 87208689 ROUGE-L F1: 0.3848
2025-05-03 11:05:37,264 - INFO - Using default tokenizer.
2025-05-03 11:05:38,000 - INFO - Paper 29474820 ROUGE-1 F1: 0.7110
2025-05-03 11:05:38,000 - INFO - Paper 29474820 ROUGE-2 F1: 0.4343
2025-05-03 11:05:38,000 - INFO - Paper 29474820 ROUGE-L F1: 0.4985
2025-05-03 11:05:38,000 - INFO - Using default tokenizer.
2025-05-03 11:05:38,024 - INFO - Paper 99668388 ROUGE-1 F1: 0.5573
2025-05-03 11:05:38,024 - INFO - Paper 99668388 ROUGE-2 F1: 0.2490
2025-05-03 11:05:38,024 - INFO - Paper 99668388 ROUGE-L F1: 0.3817
2025-05-03 11:05:38,024 - INFO - Using default tokenizer.
2025-05-03 11:05:38,698 - INFO - Paper 89628084 ROUGE-1 F1: 0.6900
2025-05-03 11:05:38,698 - INFO - Paper 89628084 ROUGE-2 F1: 0.3435
2025-05-03 11:05:38,698 - INFO - Paper 89628084 ROUGE-L F1: 0.3967
2025-05-03 11:05:38,698 - INFO - Using default tokenizer.
2025-05-03 11:05:38,724 - INFO - Paper 62056200 ROUGE-1 F1: 0.5124
2025-05-03 11:05:38,724 - INFO - Paper 62056200 ROUGE-2 F1: 0.1915
2025-05-03 11:05:38,724 - INFO - Paper 62056200 ROUGE-L F1: 0.3428
2025-05-03 11:05:38,724 - INFO - Using default tokenizer.
2025-05-03 11:05:38,882 - INFO - Paper 187460 ROUGE-1 F1: 0.7578
2025-05-03 11:05:38,882 - INFO - Paper 187460 ROUGE-2 F1: 0.5421
2025-05-03 11:05:38,882 - INFO - Paper 187460 ROUGE-L F1: 0.5912
2025-05-03 11:05:38,882 - INFO - Using default tokenizer.
2025-05-03 11:05:39,054 - INFO - Paper 23426061 ROUGE-1 F1: 0.3844
2025-05-03 11:05:39,054 - INFO - Paper 23426061 ROUGE-2 F1: 0.0486
2025-05-03 11:05:39,054 - INFO - Paper 23426061 ROUGE-L F1: 0.1767
2025-05-03 11:05:39,054 - INFO - Using default tokenizer.
2025-05-03 11:05:39,227 - INFO - Paper 58793266 ROUGE-1 F1: 0.5003
2025-05-03 11:05:39,227 - INFO - Paper 58793266 ROUGE-2 F1: 0.0917
2025-05-03 11:05:39,227 - INFO - Paper 58793266 ROUGE-L F1: 0.1805
2025-05-03 11:05:39,227 - INFO - Using default tokenizer.
2025-05-03 11:05:39,294 - INFO - Paper 80262838 ROUGE-1 F1: 0.4846
2025-05-03 11:05:39,294 - INFO - Paper 80262838 ROUGE-2 F1: 0.0791
2025-05-03 11:05:39,294 - INFO - Paper 80262838 ROUGE-L F1: 0.1930
2025-05-03 11:05:39,294 - INFO - Using default tokenizer.
2025-05-03 11:05:39,390 - INFO - Paper 3855110 ROUGE-1 F1: 0.6580
2025-05-03 11:05:39,390 - INFO - Paper 3855110 ROUGE-2 F1: 0.3770
2025-05-03 11:05:39,390 - INFO - Paper 3855110 ROUGE-L F1: 0.4263
2025-05-03 11:05:39,390 - INFO - Using default tokenizer.
2025-05-03 11:05:39,985 - INFO - Paper 98757756 ROUGE-1 F1: 0.7204
2025-05-03 11:05:39,985 - INFO - Paper 98757756 ROUGE-2 F1: 0.4151
2025-05-03 11:05:39,986 - INFO - Paper 98757756 ROUGE-L F1: 0.4749
2025-05-03 11:05:39,986 - INFO - Using default tokenizer.
2025-05-03 11:05:40,101 - INFO - Paper 53269747 ROUGE-1 F1: 0.6803
2025-05-03 11:05:40,101 - INFO - Paper 53269747 ROUGE-2 F1: 0.4106
2025-05-03 11:05:40,101 - INFO - Paper 53269747 ROUGE-L F1: 0.4830
2025-05-03 11:05:40,101 - INFO - Using default tokenizer.
2025-05-03 11:05:40,211 - INFO - Paper 4728464 ROUGE-1 F1: 0.4346
2025-05-03 11:05:40,211 - INFO - Paper 4728464 ROUGE-2 F1: 0.1068
2025-05-03 11:05:40,211 - INFO - Paper 4728464 ROUGE-L F1: 0.1998
2025-05-03 11:05:40,212 - INFO - Using default tokenizer.
2025-05-03 11:05:40,409 - INFO - Paper 61558513 ROUGE-1 F1: 0.6150
2025-05-03 11:05:40,409 - INFO - Paper 61558513 ROUGE-2 F1: 0.2684
2025-05-03 11:05:40,409 - INFO - Paper 61558513 ROUGE-L F1: 0.3532
2025-05-03 11:05:40,410 - INFO - Using default tokenizer.
2025-05-03 11:05:40,442 - INFO - Paper 62996279 ROUGE-1 F1: 0.5623
2025-05-03 11:05:40,442 - INFO - Paper 62996279 ROUGE-2 F1: 0.3429
2025-05-03 11:05:40,442 - INFO - Paper 62996279 ROUGE-L F1: 0.4121
2025-05-03 11:05:40,442 - INFO - Using default tokenizer.
2025-05-03 11:05:40,746 - INFO - Paper 29796623 ROUGE-1 F1: 0.7205
2025-05-03 11:05:40,746 - INFO - Paper 29796623 ROUGE-2 F1: 0.4974
2025-05-03 11:05:40,746 - INFO - Paper 29796623 ROUGE-L F1: 0.5404
2025-05-03 11:05:40,747 - INFO - Using default tokenizer.
2025-05-03 11:05:40,853 - INFO - Paper 45043151 ROUGE-1 F1: 0.4400
2025-05-03 11:05:40,854 - INFO - Paper 45043151 ROUGE-2 F1: 0.1119
2025-05-03 11:05:40,854 - INFO - Paper 45043151 ROUGE-L F1: 0.2150
2025-05-03 11:05:40,854 - INFO - Using default tokenizer.
2025-05-03 11:05:41,078 - INFO - Paper 70335565 ROUGE-1 F1: 0.8264
2025-05-03 11:05:41,078 - INFO - Paper 70335565 ROUGE-2 F1: 0.6691
2025-05-03 11:05:41,078 - INFO - Paper 70335565 ROUGE-L F1: 0.7190
2025-05-03 11:05:41,079 - INFO - Using default tokenizer.
2025-05-03 11:05:41,100 - INFO - Paper 38867178 ROUGE-1 F1: 0.4706
2025-05-03 11:05:41,100 - INFO - Paper 38867178 ROUGE-2 F1: 0.1142
2025-05-03 11:05:41,100 - INFO - Paper 38867178 ROUGE-L F1: 0.2392
2025-05-03 11:05:41,100 - INFO - Using default tokenizer.
2025-05-03 11:05:41,319 - INFO - Paper 41161677 ROUGE-1 F1: 0.6567
2025-05-03 11:05:41,319 - INFO - Paper 41161677 ROUGE-2 F1: 0.3978
2025-05-03 11:05:41,319 - INFO - Paper 41161677 ROUGE-L F1: 0.4766
2025-05-03 11:05:41,319 - INFO - Using default tokenizer.
2025-05-03 11:05:41,473 - INFO - Paper 75442340 ROUGE-1 F1: 0.5222
2025-05-03 11:05:41,474 - INFO - Paper 75442340 ROUGE-2 F1: 0.1089
2025-05-03 11:05:41,474 - INFO - Paper 75442340 ROUGE-L F1: 0.1974
2025-05-03 11:05:41,474 - INFO - Using default tokenizer.
2025-05-03 11:05:42,155 - INFO - Paper 67744436 ROUGE-1 F1: 0.5064
2025-05-03 11:05:42,155 - INFO - Paper 67744436 ROUGE-2 F1: 0.1513
2025-05-03 11:05:42,155 - INFO - Paper 67744436 ROUGE-L F1: 0.2181
2025-05-03 11:05:42,156 - INFO - Using default tokenizer.
2025-05-03 11:05:42,168 - INFO - Paper 20550713 ROUGE-1 F1: 0.3901
2025-05-03 11:05:42,168 - INFO - Paper 20550713 ROUGE-2 F1: 0.0773
2025-05-03 11:05:42,168 - INFO - Paper 20550713 ROUGE-L F1: 0.2033
2025-05-03 11:05:42,168 - INFO - Using default tokenizer.
2025-05-03 11:05:42,241 - INFO - Paper 78339451 ROUGE-1 F1: 0.5140
2025-05-03 11:05:42,241 - INFO - Paper 78339451 ROUGE-2 F1: 0.2086
2025-05-03 11:05:42,241 - INFO - Paper 78339451 ROUGE-L F1: 0.3226
2025-05-03 11:05:42,241 - INFO - Using default tokenizer.
2025-05-03 11:05:42,404 - INFO - Paper 61360879 ROUGE-1 F1: 0.5836
2025-05-03 11:05:42,404 - INFO - Paper 61360879 ROUGE-2 F1: 0.2008
2025-05-03 11:05:42,404 - INFO - Paper 61360879 ROUGE-L F1: 0.2451
2025-05-03 11:05:42,405 - INFO - Using default tokenizer.
2025-05-03 11:05:42,413 - INFO - Paper 41467472 ROUGE-1 F1: 0.3754
2025-05-03 11:05:42,413 - INFO - Paper 41467472 ROUGE-2 F1: 0.0962
2025-05-03 11:05:42,413 - INFO - Paper 41467472 ROUGE-L F1: 0.1911
2025-05-03 11:05:42,413 - INFO - Using default tokenizer.
2025-05-03 11:05:42,937 - INFO - Paper 45518901 ROUGE-1 F1: 0.6279
2025-05-03 11:05:42,938 - INFO - Paper 45518901 ROUGE-2 F1: 0.2999
2025-05-03 11:05:42,938 - INFO - Paper 45518901 ROUGE-L F1: 0.3683
2025-05-03 11:05:42,938 - INFO - Using default tokenizer.
2025-05-03 11:05:43,007 - INFO - Paper 88548359 ROUGE-1 F1: 0.6157
2025-05-03 11:05:43,007 - INFO - Paper 88548359 ROUGE-2 F1: 0.3344
2025-05-03 11:05:43,007 - INFO - Paper 88548359 ROUGE-L F1: 0.4090
2025-05-03 11:05:43,007 - INFO - Using default tokenizer.
2025-05-03 11:05:43,189 - INFO - Paper 79471009 ROUGE-1 F1: 0.6357
2025-05-03 11:05:43,189 - INFO - Paper 79471009 ROUGE-2 F1: 0.2419
2025-05-03 11:05:43,189 - INFO - Paper 79471009 ROUGE-L F1: 0.3318
2025-05-03 11:05:43,190 - INFO - Using default tokenizer.
2025-05-03 11:05:43,859 - INFO - Paper 35377831 ROUGE-1 F1: 0.8228
2025-05-03 11:05:43,859 - INFO - Paper 35377831 ROUGE-2 F1: 0.6117
2025-05-03 11:05:43,859 - INFO - Paper 35377831 ROUGE-L F1: 0.6456
2025-05-03 11:05:43,860 - INFO - Using default tokenizer.
2025-05-03 11:05:44,070 - INFO - Paper 66883240 ROUGE-1 F1: 0.6111
2025-05-03 11:05:44,070 - INFO - Paper 66883240 ROUGE-2 F1: 0.2649
2025-05-03 11:05:44,070 - INFO - Paper 66883240 ROUGE-L F1: 0.3588
2025-05-03 11:05:44,070 - INFO - Using default tokenizer.
2025-05-03 11:05:44,173 - INFO - Paper 7157784 ROUGE-1 F1: 0.5177
2025-05-03 11:05:44,173 - INFO - Paper 7157784 ROUGE-2 F1: 0.1165
2025-05-03 11:05:44,173 - INFO - Paper 7157784 ROUGE-L F1: 0.1998
2025-05-03 11:05:44,174 - INFO - Using default tokenizer.
2025-05-03 11:05:44,225 - INFO - Paper 38830210 ROUGE-1 F1: 0.5155
2025-05-03 11:05:44,225 - INFO - Paper 38830210 ROUGE-2 F1: 0.1844
2025-05-03 11:05:44,225 - INFO - Paper 38830210 ROUGE-L F1: 0.2772
2025-05-03 11:05:44,225 - INFO - Using default tokenizer.
2025-05-03 11:05:44,321 - INFO - Paper 47469397 ROUGE-1 F1: 0.6230
2025-05-03 11:05:44,321 - INFO - Paper 47469397 ROUGE-2 F1: 0.2770
2025-05-03 11:05:44,321 - INFO - Paper 47469397 ROUGE-L F1: 0.3392
2025-05-03 11:05:44,322 - INFO - Using default tokenizer.
2025-05-03 11:05:44,550 - INFO - Paper 82043898 ROUGE-1 F1: 0.7138
2025-05-03 11:05:44,550 - INFO - Paper 82043898 ROUGE-2 F1: 0.5132
2025-05-03 11:05:44,551 - INFO - Paper 82043898 ROUGE-L F1: 0.5701
2025-05-03 11:05:44,551 - INFO - Using default tokenizer.
2025-05-03 11:05:44,730 - INFO - Paper 82314288 ROUGE-1 F1: 0.5139
2025-05-03 11:05:44,730 - INFO - Paper 82314288 ROUGE-2 F1: 0.1633
2025-05-03 11:05:44,731 - INFO - Paper 82314288 ROUGE-L F1: 0.2343
2025-05-03 11:05:44,731 - INFO - Using default tokenizer.
2025-05-03 11:05:44,936 - INFO - Paper 45538669 ROUGE-1 F1: 0.5221
2025-05-03 11:05:44,936 - INFO - Paper 45538669 ROUGE-2 F1: 0.1485
2025-05-03 11:05:44,936 - INFO - Paper 45538669 ROUGE-L F1: 0.2243
2025-05-03 11:05:44,937 - INFO - Using default tokenizer.
2025-05-03 11:05:45,348 - INFO - Paper 67696398 ROUGE-1 F1: 0.8309
2025-05-03 11:05:45,348 - INFO - Paper 67696398 ROUGE-2 F1: 0.6787
2025-05-03 11:05:45,348 - INFO - Paper 67696398 ROUGE-L F1: 0.7238
2025-05-03 11:05:45,349 - INFO - Using default tokenizer.
2025-05-03 11:05:45,662 - INFO - Paper 37263635 ROUGE-1 F1: 0.8010
2025-05-03 11:05:45,662 - INFO - Paper 37263635 ROUGE-2 F1: 0.6258
2025-05-03 11:05:45,662 - INFO - Paper 37263635 ROUGE-L F1: 0.6814
2025-05-03 11:05:45,662 - INFO - Using default tokenizer.
2025-05-03 11:05:45,824 - INFO - Paper 17409856 ROUGE-1 F1: 0.6029
2025-05-03 11:05:45,825 - INFO - Paper 17409856 ROUGE-2 F1: 0.2720
2025-05-03 11:05:45,825 - INFO - Paper 17409856 ROUGE-L F1: 0.3479
2025-05-03 11:05:45,825 - INFO - Using default tokenizer.
2025-05-03 11:05:45,950 - INFO - Paper 69502658 ROUGE-1 F1: 0.6731
2025-05-03 11:05:45,950 - INFO - Paper 69502658 ROUGE-2 F1: 0.3848
2025-05-03 11:05:45,950 - INFO - Paper 69502658 ROUGE-L F1: 0.4649
2025-05-03 11:05:45,950 - INFO - Using default tokenizer.
2025-05-03 11:05:46,640 - INFO - Paper 91200961 ROUGE-1 F1: 0.5937
2025-05-03 11:05:46,640 - INFO - Paper 91200961 ROUGE-2 F1: 0.1965
2025-05-03 11:05:46,640 - INFO - Paper 91200961 ROUGE-L F1: 0.2511
2025-05-03 11:05:46,640 - INFO - Using default tokenizer.
2025-05-03 11:05:46,675 - INFO - Paper 3517250 ROUGE-1 F1: 0.4890
2025-05-03 11:05:46,675 - INFO - Paper 3517250 ROUGE-2 F1: 0.1447
2025-05-03 11:05:46,675 - INFO - Paper 3517250 ROUGE-L F1: 0.2382
2025-05-03 11:05:46,675 - INFO - Using default tokenizer.
2025-05-03 11:05:47,105 - INFO - Paper 80719489 ROUGE-1 F1: 0.5118
2025-05-03 11:05:47,105 - INFO - Paper 80719489 ROUGE-2 F1: 0.1450
2025-05-03 11:05:47,105 - INFO - Paper 80719489 ROUGE-L F1: 0.2344
2025-05-03 11:05:47,105 - INFO - Using default tokenizer.
2025-05-03 11:05:47,405 - INFO - Paper 96002700 ROUGE-1 F1: 0.5828
2025-05-03 11:05:47,405 - INFO - Paper 96002700 ROUGE-2 F1: 0.2794
2025-05-03 11:05:47,405 - INFO - Paper 96002700 ROUGE-L F1: 0.3624
2025-05-03 11:05:47,405 - INFO - Using default tokenizer.
2025-05-03 11:05:47,877 - INFO - Paper 51254358 ROUGE-1 F1: 0.6930
2025-05-03 11:05:47,878 - INFO - Paper 51254358 ROUGE-2 F1: 0.3521
2025-05-03 11:05:47,878 - INFO - Paper 51254358 ROUGE-L F1: 0.3958
2025-05-03 11:05:47,878 - INFO - Using default tokenizer.
2025-05-03 11:05:47,893 - INFO - Paper 93218559 ROUGE-1 F1: 0.3505
2025-05-03 11:05:47,893 - INFO - Paper 93218559 ROUGE-2 F1: 0.0563
2025-05-03 11:05:47,893 - INFO - Paper 93218559 ROUGE-L F1: 0.1963
2025-05-03 11:05:47,894 - INFO - Using default tokenizer.
2025-05-03 11:05:47,935 - INFO - Paper 42731227 ROUGE-1 F1: 0.4554
2025-05-03 11:05:47,935 - INFO - Paper 42731227 ROUGE-2 F1: 0.1736
2025-05-03 11:05:47,936 - INFO - Paper 42731227 ROUGE-L F1: 0.2636
2025-05-03 11:05:47,936 - INFO - Using default tokenizer.
2025-05-03 11:05:47,965 - INFO - Paper 22528856 ROUGE-1 F1: 0.4486
2025-05-03 11:05:47,965 - INFO - Paper 22528856 ROUGE-2 F1: 0.0893
2025-05-03 11:05:47,965 - INFO - Paper 22528856 ROUGE-L F1: 0.2055
2025-05-03 11:05:47,965 - INFO - Using default tokenizer.
2025-05-03 11:05:48,008 - INFO - Paper 68635574 ROUGE-1 F1: 0.5682
2025-05-03 11:05:48,008 - INFO - Paper 68635574 ROUGE-2 F1: 0.1738
2025-05-03 11:05:48,008 - INFO - Paper 68635574 ROUGE-L F1: 0.2614
2025-05-03 11:05:48,009 - INFO - Overall statistics:
2025-05-03 11:05:48,009 - INFO - Papers processed: 488
2025-05-03 11:05:48,009 - INFO - Similarity threshold: -0.692
2025-05-03 11:05:48,009 - INFO - Original mappings: 17092
2025-05-03 11:05:48,009 - INFO - Filtered mappings: 17092
2025-05-03 11:05:48,009 - INFO - Percentage of mappings retained: 100.00%
2025-05-03 11:05:48,009 - INFO - Average ROUGE-1 F1: 0.5871
2025-05-03 11:05:48,009 - INFO - Average ROUGE-2 F1: 0.2670
2025-05-03 11:05:48,010 - INFO - Average ROUGE-L F1: 0.3495
2025-05-03 11:05:48,010 - INFO - Skipped papers due to no mappings meeting threshold: 0
2025-05-03 11:05:48,214 - INFO - Results saved to ./jaehyeok/datasets/conditional_rouge_results_20250503_110348.json
2025-05-03 11:05:48,215 - INFO - Processing complete. Results saved to ./jaehyeok/datasets/conditional_rouge_results_20250503_110348.json
