2025-05-04 04:34:49,934 - INFO - Modified output path: ./jaehyeok/datasets/mapping_gold_summary_t0.581_m3.json
2025-05-04 04:34:49,934 - INFO - Loading model: all-MiniLM-L6-v2
2025-05-04 04:34:49,947 - INFO - Use pytorch device_name: cuda:0
2025-05-04 04:34:49,947 - INFO - Load pretrained SentenceTransformer: all-MiniLM-L6-v2
2025-05-04 04:34:53,350 - INFO - Loading papers from ./papers/postprocessed/full_texts/
2025-05-04 04:34:53,352 - INFO - Found 522 paper files
2025-05-04 04:34:53,606 - INFO - Successfully loaded 522 papers
2025-05-04 04:34:53,606 - INFO - Loading gold summaries from ./abstractive_summaries/id_summary_map.json
2025-05-04 04:34:53,624 - INFO - Loaded 530 gold summaries
2025-05-04 04:34:53,624 - INFO - Loading existing results from ./jaehyeok/datasets/mapping_gold_summary_t0.581_m3.json
2025-05-04 04:34:53,625 - INFO - No existing results file found, creating new one
2025-05-04 04:34:53,625 - INFO - Loaded 488 valid paper IDs
2025-05-04 04:34:53,625 - INFO - Using similarity threshold: 0.581, max sentences per summary: 3
2025-05-04 04:34:53,625 - INFO - Processing paper 41840073
2025-05-04 04:34:53,647 - INFO - Paper 41840073: 254 sentences, Summary: 58 sentences
2025-05-04 04:34:53,647 - INFO - Encoding 254 paper sentences
2025-05-04 04:34:55,933 - INFO - Using default tokenizer.
2025-05-04 04:34:57,271 - INFO - Paper 41840073 ROUGE-1 F1: 0.4883
2025-05-04 04:34:57,271 - INFO - Paper 41840073 ROUGE-2 F1: 0.2923
2025-05-04 04:34:57,271 - INFO - Paper 41840073 ROUGE-L F1: 0.3284
2025-05-04 04:34:57,273 - INFO - Successfully processed paper 41840073, matched 127 sentences
2025-05-04 04:34:57,274 - INFO - Processing paper 37775721
2025-05-04 04:34:57,276 - INFO - Paper 37775721: 94 sentences, Summary: 10 sentences
2025-05-04 04:34:57,276 - INFO - Encoding 94 paper sentences
2025-05-04 04:34:57,404 - INFO - Using default tokenizer.
2025-05-04 04:34:57,438 - INFO - Paper 37775721 ROUGE-1 F1: 0.4278
2025-05-04 04:34:57,439 - INFO - Paper 37775721 ROUGE-2 F1: 0.2273
2025-05-04 04:34:57,439 - INFO - Paper 37775721 ROUGE-L F1: 0.2946
2025-05-04 04:34:57,442 - INFO - Successfully processed paper 37775721, matched 24 sentences
2025-05-04 04:34:57,442 - INFO - Processing paper 34524227
2025-05-04 04:34:57,451 - INFO - Paper 34524227: 408 sentences, Summary: 6 sentences
2025-05-04 04:34:57,451 - INFO - Encoding 408 paper sentences
2025-05-04 04:34:57,652 - INFO - Using default tokenizer.
2025-05-04 04:34:57,672 - INFO - Paper 34524227 ROUGE-1 F1: 0.5075
2025-05-04 04:34:57,672 - INFO - Paper 34524227 ROUGE-2 F1: 0.4111
2025-05-04 04:34:57,672 - INFO - Paper 34524227 ROUGE-L F1: 0.4733
2025-05-04 04:34:57,676 - INFO - Successfully processed paper 34524227, matched 16 sentences
2025-05-04 04:34:57,676 - INFO - Processing paper 82626355
2025-05-04 04:34:57,700 - INFO - Paper 82626355: 772 sentences, Summary: 57 sentences
2025-05-04 04:34:57,700 - INFO - Encoding 772 paper sentences
2025-05-04 04:34:58,771 - INFO - Using default tokenizer.
2025-05-04 04:35:00,480 - INFO - Paper 82626355 ROUGE-1 F1: 0.4403
2025-05-04 04:35:00,480 - INFO - Paper 82626355 ROUGE-2 F1: 0.2666
2025-05-04 04:35:00,480 - INFO - Paper 82626355 ROUGE-L F1: 0.2976
2025-05-04 04:35:00,486 - INFO - Successfully processed paper 82626355, matched 148 sentences
2025-05-04 04:35:00,486 - INFO - Processing paper 45518901
2025-05-04 04:35:00,496 - INFO - Paper 45518901: 473 sentences, Summary: 65 sentences
2025-05-04 04:35:00,496 - INFO - Encoding 473 paper sentences
2025-05-04 04:35:01,416 - INFO - Using default tokenizer.
2025-05-04 04:35:02,831 - INFO - Paper 45518901 ROUGE-1 F1: 0.4410
2025-05-04 04:35:02,831 - INFO - Paper 45518901 ROUGE-2 F1: 0.2034
2025-05-04 04:35:02,831 - INFO - Paper 45518901 ROUGE-L F1: 0.2656
2025-05-04 04:35:02,838 - INFO - Successfully processed paper 45518901, matched 146 sentences
2025-05-04 04:35:02,839 - INFO - Processing paper 26277001
2025-05-04 04:35:02,851 - INFO - Paper 26277001: 458 sentences, Summary: 31 sentences
2025-05-04 04:35:02,851 - INFO - Encoding 458 paper sentences
2025-05-04 04:35:03,345 - INFO - Using default tokenizer.
2025-05-04 04:35:03,691 - INFO - Paper 26277001 ROUGE-1 F1: 0.4486
2025-05-04 04:35:03,691 - INFO - Paper 26277001 ROUGE-2 F1: 0.2801
2025-05-04 04:35:03,691 - INFO - Paper 26277001 ROUGE-L F1: 0.3250
2025-05-04 04:35:03,703 - INFO - Successfully processed paper 26277001, matched 75 sentences
2025-05-04 04:35:03,703 - INFO - Processing paper 35973587
2025-05-04 04:35:03,706 - INFO - Paper 35973587: 120 sentences, Summary: 37 sentences
2025-05-04 04:35:03,706 - INFO - Encoding 120 paper sentences
2025-05-04 04:35:04,025 - INFO - Using default tokenizer.
2025-05-04 04:35:04,416 - INFO - Paper 35973587 ROUGE-1 F1: 0.3205
2025-05-04 04:35:04,416 - INFO - Paper 35973587 ROUGE-2 F1: 0.0688
2025-05-04 04:35:04,416 - INFO - Paper 35973587 ROUGE-L F1: 0.1519
2025-05-04 04:35:04,426 - INFO - Successfully processed paper 35973587, matched 72 sentences
2025-05-04 04:35:04,427 - INFO - Processing paper 50524744
2025-05-04 04:35:04,442 - INFO - Paper 50524744: 749 sentences, Summary: 53 sentences
2025-05-04 04:35:04,442 - INFO - Encoding 749 paper sentences
2025-05-04 04:35:05,383 - INFO - Using default tokenizer.
2025-05-04 04:35:06,949 - INFO - Paper 50524744 ROUGE-1 F1: 0.4881
2025-05-04 04:35:06,949 - INFO - Paper 50524744 ROUGE-2 F1: 0.3565
2025-05-04 04:35:06,949 - INFO - Paper 50524744 ROUGE-L F1: 0.3770
2025-05-04 04:35:06,961 - INFO - Successfully processed paper 50524744, matched 137 sentences
2025-05-04 04:35:06,962 - INFO - Processing paper 66006367
2025-05-04 04:35:06,975 - INFO - Paper 66006367: 652 sentences, Summary: 22 sentences
2025-05-04 04:35:06,975 - INFO - Encoding 652 paper sentences
2025-05-04 04:35:07,485 - INFO - Using default tokenizer.
2025-05-04 04:35:07,663 - INFO - Paper 66006367 ROUGE-1 F1: 0.3769
2025-05-04 04:35:07,663 - INFO - Paper 66006367 ROUGE-2 F1: 0.1460
2025-05-04 04:35:07,663 - INFO - Paper 66006367 ROUGE-L F1: 0.1925
2025-05-04 04:35:07,676 - INFO - Successfully processed paper 66006367, matched 56 sentences
2025-05-04 04:35:07,676 - INFO - Processing paper 29796623
2025-05-04 04:35:07,681 - INFO - Paper 29796623: 205 sentences, Summary: 37 sentences
2025-05-04 04:35:07,681 - INFO - Encoding 205 paper sentences
2025-05-04 04:35:08,093 - INFO - Using default tokenizer.
2025-05-04 04:35:08,691 - INFO - Paper 29796623 ROUGE-1 F1: 0.5030
2025-05-04 04:35:08,691 - INFO - Paper 29796623 ROUGE-2 F1: 0.3409
2025-05-04 04:35:08,692 - INFO - Paper 29796623 ROUGE-L F1: 0.3788
2025-05-04 04:35:08,706 - INFO - Successfully processed paper 29796623, matched 77 sentences
2025-05-04 04:35:08,706 - INFO - Processing paper 83267919
2025-05-04 04:35:08,713 - INFO - Paper 83267919: 304 sentences, Summary: 51 sentences
2025-05-04 04:35:08,713 - INFO - Encoding 304 paper sentences
2025-05-04 04:35:09,286 - INFO - Using default tokenizer.
2025-05-04 04:35:10,398 - INFO - Paper 83267919 ROUGE-1 F1: 0.5856
2025-05-04 04:35:10,398 - INFO - Paper 83267919 ROUGE-2 F1: 0.2945
2025-05-04 04:35:10,398 - INFO - Paper 83267919 ROUGE-L F1: 0.3503
2025-05-04 04:35:10,414 - INFO - Successfully processed paper 83267919, matched 94 sentences
2025-05-04 04:35:10,414 - INFO - Processing paper 97923725
2025-05-04 04:35:10,424 - INFO - Paper 97923725: 461 sentences, Summary: 36 sentences
2025-05-04 04:35:10,424 - INFO - Encoding 461 paper sentences
2025-05-04 04:35:11,031 - INFO - Using default tokenizer.
2025-05-04 04:35:11,611 - INFO - Paper 97923725 ROUGE-1 F1: 0.4615
2025-05-04 04:35:11,612 - INFO - Paper 97923725 ROUGE-2 F1: 0.1884
2025-05-04 04:35:11,612 - INFO - Paper 97923725 ROUGE-L F1: 0.2362
2025-05-04 04:35:11,628 - INFO - Successfully processed paper 97923725, matched 82 sentences
2025-05-04 04:35:11,628 - INFO - Processing paper 27300559
2025-05-04 04:35:11,638 - INFO - Paper 27300559: 471 sentences, Summary: 28 sentences
2025-05-04 04:35:11,638 - INFO - Encoding 471 paper sentences
2025-05-04 04:35:12,077 - INFO - Using default tokenizer.
2025-05-04 04:35:12,381 - INFO - Paper 27300559 ROUGE-1 F1: 0.4740
2025-05-04 04:35:12,382 - INFO - Paper 27300559 ROUGE-2 F1: 0.3090
2025-05-04 04:35:12,382 - INFO - Paper 27300559 ROUGE-L F1: 0.3562
2025-05-04 04:35:12,399 - INFO - Successfully processed paper 27300559, matched 74 sentences
2025-05-04 04:35:12,399 - INFO - Processing paper 46507565
2025-05-04 04:35:12,410 - INFO - Paper 46507565: 550 sentences, Summary: 63 sentences
2025-05-04 04:35:12,410 - INFO - Encoding 550 paper sentences
2025-05-04 04:35:13,267 - INFO - Using default tokenizer.
2025-05-04 04:35:14,672 - INFO - Paper 46507565 ROUGE-1 F1: 0.4857
2025-05-04 04:35:14,672 - INFO - Paper 46507565 ROUGE-2 F1: 0.3184
2025-05-04 04:35:14,672 - INFO - Paper 46507565 ROUGE-L F1: 0.3497
2025-05-04 04:35:14,694 - INFO - Successfully processed paper 46507565, matched 172 sentences
2025-05-04 04:35:14,694 - INFO - Processing paper 4216862
2025-05-04 04:35:14,700 - INFO - Paper 4216862: 289 sentences, Summary: 13 sentences
2025-05-04 04:35:14,700 - INFO - Encoding 289 paper sentences
2025-05-04 04:35:14,944 - INFO - Using default tokenizer.
2025-05-04 04:35:14,972 - INFO - Paper 4216862 ROUGE-1 F1: 0.3072
2025-05-04 04:35:14,972 - INFO - Paper 4216862 ROUGE-2 F1: 0.0674
2025-05-04 04:35:14,972 - INFO - Paper 4216862 ROUGE-L F1: 0.1888
2025-05-04 04:35:14,991 - INFO - Successfully processed paper 4216862, matched 26 sentences
2025-05-04 04:35:14,992 - INFO - Processing paper 27321339
2025-05-04 04:35:15,000 - INFO - Paper 27321339: 383 sentences, Summary: 34 sentences
2025-05-04 04:35:15,000 - INFO - Encoding 383 paper sentences
2025-05-04 04:35:15,488 - INFO - Using default tokenizer.
2025-05-04 04:35:15,960 - INFO - Paper 27321339 ROUGE-1 F1: 0.4343
2025-05-04 04:35:15,960 - INFO - Paper 27321339 ROUGE-2 F1: 0.1574
2025-05-04 04:35:15,960 - INFO - Paper 27321339 ROUGE-L F1: 0.2149
2025-05-04 04:35:15,983 - INFO - Successfully processed paper 27321339, matched 66 sentences
2025-05-04 04:35:15,983 - INFO - Skipping 76854692 - not in valid IDs
2025-05-04 04:35:15,983 - INFO - Processing paper 8455503
2025-05-04 04:35:15,993 - INFO - Paper 8455503: 429 sentences, Summary: 58 sentences
2025-05-04 04:35:15,994 - INFO - Encoding 429 paper sentences
2025-05-04 04:35:16,720 - INFO - Using default tokenizer.
2025-05-04 04:35:18,465 - INFO - Paper 8455503 ROUGE-1 F1: 0.5132
2025-05-04 04:35:18,465 - INFO - Paper 8455503 ROUGE-2 F1: 0.3905
2025-05-04 04:35:18,465 - INFO - Paper 8455503 ROUGE-L F1: 0.3995
2025-05-04 04:35:18,488 - INFO - Successfully processed paper 8455503, matched 156 sentences
2025-05-04 04:35:18,488 - INFO - Processing paper 8087311
2025-05-04 04:35:18,494 - INFO - Paper 8087311: 253 sentences, Summary: 28 sentences
2025-05-04 04:35:18,494 - INFO - Encoding 253 paper sentences
2025-05-04 04:35:18,802 - INFO - Using default tokenizer.
2025-05-04 04:35:19,012 - INFO - Paper 8087311 ROUGE-1 F1: 0.5127
2025-05-04 04:35:19,012 - INFO - Paper 8087311 ROUGE-2 F1: 0.2989
2025-05-04 04:35:19,013 - INFO - Paper 8087311 ROUGE-L F1: 0.3741
2025-05-04 04:35:19,036 - INFO - Successfully processed paper 8087311, matched 60 sentences
2025-05-04 04:35:19,036 - INFO - Processing paper 96747724
2025-05-04 04:35:19,049 - INFO - Paper 96747724: 458 sentences, Summary: 50 sentences
2025-05-04 04:35:19,049 - INFO - Encoding 458 paper sentences
2025-05-04 04:35:19,734 - INFO - Using default tokenizer.
2025-05-04 04:35:20,759 - INFO - Paper 96747724 ROUGE-1 F1: 0.5799
2025-05-04 04:35:20,759 - INFO - Paper 96747724 ROUGE-2 F1: 0.3620
2025-05-04 04:35:20,759 - INFO - Paper 96747724 ROUGE-L F1: 0.3993
2025-05-04 04:35:20,785 - INFO - Successfully processed paper 96747724, matched 101 sentences
2025-05-04 04:35:20,785 - INFO - Processing paper 79512250
2025-05-04 04:35:20,790 - INFO - Paper 79512250: 222 sentences, Summary: 15 sentences
2025-05-04 04:35:20,790 - INFO - Encoding 222 paper sentences
2025-05-04 04:35:20,987 - INFO - Using default tokenizer.
2025-05-04 04:35:21,063 - INFO - Paper 79512250 ROUGE-1 F1: 0.4449
2025-05-04 04:35:21,063 - INFO - Paper 79512250 ROUGE-2 F1: 0.1827
2025-05-04 04:35:21,063 - INFO - Paper 79512250 ROUGE-L F1: 0.2806
2025-05-04 04:35:21,090 - INFO - Successfully processed paper 79512250, matched 32 sentences
2025-05-04 04:35:21,090 - INFO - Processing paper 2774914
2025-05-04 04:35:21,096 - INFO - Paper 2774914: 259 sentences, Summary: 15 sentences
2025-05-04 04:35:21,096 - INFO - Encoding 259 paper sentences
2025-05-04 04:35:21,333 - INFO - Using default tokenizer.
2025-05-04 04:35:21,404 - INFO - Paper 2774914 ROUGE-1 F1: 0.3529
2025-05-04 04:35:21,404 - INFO - Paper 2774914 ROUGE-2 F1: 0.0982
2025-05-04 04:35:21,404 - INFO - Paper 2774914 ROUGE-L F1: 0.1922
2025-05-04 04:35:21,442 - INFO - Successfully processed paper 2774914, matched 37 sentences
2025-05-04 04:35:21,442 - INFO - Processing paper 30905451
2025-05-04 04:35:21,448 - INFO - Paper 30905451: 270 sentences, Summary: 15 sentences
2025-05-04 04:35:21,448 - INFO - Encoding 270 paper sentences
2025-05-04 04:35:21,701 - INFO - Using default tokenizer.
2025-05-04 04:35:21,812 - INFO - Paper 30905451 ROUGE-1 F1: 0.3914
2025-05-04 04:35:21,812 - INFO - Paper 30905451 ROUGE-2 F1: 0.1990
2025-05-04 04:35:21,812 - INFO - Paper 30905451 ROUGE-L F1: 0.2698
2025-05-04 04:35:21,852 - INFO - Successfully processed paper 30905451, matched 40 sentences
2025-05-04 04:35:21,852 - INFO - Processing paper 57114772
2025-05-04 04:35:21,870 - INFO - Paper 57114772: 611 sentences, Summary: 45 sentences
2025-05-04 04:35:21,870 - INFO - Encoding 611 paper sentences
2025-05-04 04:35:22,669 - INFO - Using default tokenizer.
2025-05-04 04:35:23,810 - INFO - Paper 57114772 ROUGE-1 F1: 0.5011
2025-05-04 04:35:23,810 - INFO - Paper 57114772 ROUGE-2 F1: 0.3075
2025-05-04 04:35:23,810 - INFO - Paper 57114772 ROUGE-L F1: 0.3156
2025-05-04 04:35:23,840 - INFO - Successfully processed paper 57114772, matched 117 sentences
2025-05-04 04:35:23,840 - INFO - Processing paper 82220044
2025-05-04 04:35:23,851 - INFO - Paper 82220044: 450 sentences, Summary: 39 sentences
2025-05-04 04:35:23,851 - INFO - Encoding 450 paper sentences
2025-05-04 04:35:24,429 - INFO - Using default tokenizer.
2025-05-04 04:35:24,998 - INFO - Paper 82220044 ROUGE-1 F1: 0.5008
2025-05-04 04:35:24,998 - INFO - Paper 82220044 ROUGE-2 F1: 0.3281
2025-05-04 04:35:24,998 - INFO - Paper 82220044 ROUGE-L F1: 0.3634
2025-05-04 04:35:25,041 - INFO - Successfully processed paper 82220044, matched 86 sentences
2025-05-04 04:35:25,041 - INFO - Processing paper 72788236
2025-05-04 04:35:25,046 - INFO - Paper 72788236: 246 sentences, Summary: 18 sentences
2025-05-04 04:35:25,046 - INFO - Encoding 246 paper sentences
2025-05-04 04:35:25,326 - INFO - Using default tokenizer.
2025-05-04 04:35:25,439 - INFO - Paper 72788236 ROUGE-1 F1: 0.4506
2025-05-04 04:35:25,439 - INFO - Paper 72788236 ROUGE-2 F1: 0.1326
2025-05-04 04:35:25,439 - INFO - Paper 72788236 ROUGE-L F1: 0.2194
2025-05-04 04:35:25,484 - INFO - Successfully processed paper 72788236, matched 31 sentences
2025-05-04 04:35:25,484 - INFO - Processing paper 4536127
2025-05-04 04:35:25,493 - INFO - Paper 4536127: 385 sentences, Summary: 64 sentences
2025-05-04 04:35:25,493 - INFO - Encoding 385 paper sentences
2025-05-04 04:35:26,274 - INFO - Using default tokenizer.
2025-05-04 04:35:27,769 - INFO - Paper 4536127 ROUGE-1 F1: 0.4794
2025-05-04 04:35:27,769 - INFO - Paper 4536127 ROUGE-2 F1: 0.2907
2025-05-04 04:35:27,769 - INFO - Paper 4536127 ROUGE-L F1: 0.3362
2025-05-04 04:35:27,802 - INFO - Successfully processed paper 4536127, matched 154 sentences
2025-05-04 04:35:27,802 - INFO - Processing paper 69537377
2025-05-04 04:35:27,804 - INFO - Paper 69537377: 94 sentences, Summary: 11 sentences
2025-05-04 04:35:27,804 - INFO - Encoding 94 paper sentences
2025-05-04 04:35:27,922 - INFO - Using default tokenizer.
2025-05-04 04:35:27,972 - INFO - Paper 69537377 ROUGE-1 F1: 0.3832
2025-05-04 04:35:27,972 - INFO - Paper 69537377 ROUGE-2 F1: 0.1795
2025-05-04 04:35:27,972 - INFO - Paper 69537377 ROUGE-L F1: 0.2834
2025-05-04 04:35:28,007 - INFO - Successfully processed paper 69537377, matched 25 sentences
2025-05-04 04:35:28,007 - INFO - Processing paper 49139111
2025-05-04 04:35:28,013 - INFO - Paper 49139111: 231 sentences, Summary: 49 sentences
2025-05-04 04:35:28,013 - INFO - Encoding 231 paper sentences
2025-05-04 04:35:28,536 - INFO - Using default tokenizer.
2025-05-04 04:35:29,360 - INFO - Paper 49139111 ROUGE-1 F1: 0.4156
2025-05-04 04:35:29,360 - INFO - Paper 49139111 ROUGE-2 F1: 0.1417
2025-05-04 04:35:29,360 - INFO - Paper 49139111 ROUGE-L F1: 0.1972
2025-05-04 04:35:29,393 - INFO - Successfully processed paper 49139111, matched 105 sentences
2025-05-04 04:35:29,394 - INFO - Processing paper 30877354
2025-05-04 04:35:29,397 - INFO - Paper 30877354: 157 sentences, Summary: 28 sentences
2025-05-04 04:35:29,397 - INFO - Encoding 157 paper sentences
2025-05-04 04:35:29,669 - INFO - Using default tokenizer.
2025-05-04 04:35:29,783 - INFO - Paper 30877354 ROUGE-1 F1: 0.4217
2025-05-04 04:35:29,783 - INFO - Paper 30877354 ROUGE-2 F1: 0.1232
2025-05-04 04:35:29,783 - INFO - Paper 30877354 ROUGE-L F1: 0.2188
2025-05-04 04:35:29,818 - INFO - Successfully processed paper 30877354, matched 41 sentences
2025-05-04 04:35:29,818 - INFO - Skipping 53851426 - not in valid IDs
2025-05-04 04:35:29,818 - INFO - Processing paper 10587146
2025-05-04 04:35:29,825 - INFO - Paper 10587146: 307 sentences, Summary: 62 sentences
2025-05-04 04:35:29,825 - INFO - Encoding 307 paper sentences
2025-05-04 04:35:30,503 - INFO - Using default tokenizer.
2025-05-04 04:35:32,156 - INFO - Paper 10587146 ROUGE-1 F1: 0.4657
2025-05-04 04:35:32,156 - INFO - Paper 10587146 ROUGE-2 F1: 0.2588
2025-05-04 04:35:32,156 - INFO - Paper 10587146 ROUGE-L F1: 0.2916
2025-05-04 04:35:32,195 - INFO - Successfully processed paper 10587146, matched 140 sentences
2025-05-04 04:35:32,196 - INFO - Processing paper 70691684
2025-05-04 04:35:32,200 - INFO - Paper 70691684: 204 sentences, Summary: 10 sentences
2025-05-04 04:35:32,200 - INFO - Encoding 204 paper sentences
2025-05-04 04:35:32,414 - INFO - Using default tokenizer.
2025-05-04 04:35:32,476 - INFO - Paper 70691684 ROUGE-1 F1: 0.4022
2025-05-04 04:35:32,476 - INFO - Paper 70691684 ROUGE-2 F1: 0.1089
2025-05-04 04:35:32,476 - INFO - Paper 70691684 ROUGE-L F1: 0.1826
2025-05-04 04:35:32,516 - INFO - Successfully processed paper 70691684, matched 18 sentences
2025-05-04 04:35:32,517 - INFO - Processing paper 63758896
2025-05-04 04:35:32,522 - INFO - Paper 63758896: 261 sentences, Summary: 14 sentences
2025-05-04 04:35:32,522 - INFO - Encoding 261 paper sentences
2025-05-04 04:35:32,728 - INFO - Using default tokenizer.
2025-05-04 04:35:32,820 - INFO - Paper 63758896 ROUGE-1 F1: 0.4753
2025-05-04 04:35:32,820 - INFO - Paper 63758896 ROUGE-2 F1: 0.1671
2025-05-04 04:35:32,820 - INFO - Paper 63758896 ROUGE-L F1: 0.2404
2025-05-04 04:35:32,858 - INFO - Successfully processed paper 63758896, matched 37 sentences
2025-05-04 04:35:32,859 - INFO - Processing paper 80770343
2025-05-04 04:35:32,864 - INFO - Paper 80770343: 207 sentences, Summary: 59 sentences
2025-05-04 04:35:32,864 - INFO - Encoding 207 paper sentences
2025-05-04 04:35:33,416 - INFO - Using default tokenizer.
2025-05-04 04:35:33,995 - INFO - Paper 80770343 ROUGE-1 F1: 0.4013
2025-05-04 04:35:33,996 - INFO - Paper 80770343 ROUGE-2 F1: 0.1105
2025-05-04 04:35:33,996 - INFO - Paper 80770343 ROUGE-L F1: 0.1933
2025-05-04 04:35:34,035 - INFO - Successfully processed paper 80770343, matched 96 sentences
2025-05-04 04:35:34,035 - INFO - Processing paper 56196
2025-05-04 04:35:34,041 - INFO - Paper 56196: 262 sentences, Summary: 41 sentences
2025-05-04 04:35:34,041 - INFO - Encoding 262 paper sentences
2025-05-04 04:35:34,507 - INFO - Using default tokenizer.
2025-05-04 04:35:34,978 - INFO - Paper 56196 ROUGE-1 F1: 0.3996
2025-05-04 04:35:34,978 - INFO - Paper 56196 ROUGE-2 F1: 0.1818
2025-05-04 04:35:34,978 - INFO - Paper 56196 ROUGE-L F1: 0.2416
2025-05-04 04:35:35,025 - INFO - Successfully processed paper 56196, matched 79 sentences
2025-05-04 04:35:35,026 - INFO - Processing paper 11779349
2025-05-04 04:35:35,035 - INFO - Paper 11779349: 408 sentences, Summary: 41 sentences
2025-05-04 04:35:35,035 - INFO - Encoding 408 paper sentences
2025-05-04 04:35:35,654 - INFO - Using default tokenizer.
2025-05-04 04:35:36,215 - INFO - Paper 11779349 ROUGE-1 F1: 0.5004
2025-05-04 04:35:36,215 - INFO - Paper 11779349 ROUGE-2 F1: 0.1488
2025-05-04 04:35:36,215 - INFO - Paper 11779349 ROUGE-L F1: 0.2230
2025-05-04 04:35:36,255 - INFO - Successfully processed paper 11779349, matched 77 sentences
2025-05-04 04:35:36,255 - INFO - Processing paper 86508243
2025-05-04 04:35:36,263 - INFO - Paper 86508243: 315 sentences, Summary: 61 sentences
2025-05-04 04:35:36,263 - INFO - Encoding 315 paper sentences
2025-05-04 04:35:36,901 - INFO - Using default tokenizer.
2025-05-04 04:35:37,378 - INFO - Paper 86508243 ROUGE-1 F1: 0.4586
2025-05-04 04:35:37,378 - INFO - Paper 86508243 ROUGE-2 F1: 0.1217
2025-05-04 04:35:37,378 - INFO - Paper 86508243 ROUGE-L F1: 0.1927
2025-05-04 04:35:37,420 - INFO - Successfully processed paper 86508243, matched 98 sentences
2025-05-04 04:35:37,420 - INFO - Processing paper 85505359
2025-05-04 04:35:37,430 - INFO - Paper 85505359: 432 sentences, Summary: 56 sentences
2025-05-04 04:35:37,430 - INFO - Encoding 432 paper sentences
2025-05-04 04:35:38,158 - INFO - Using default tokenizer.
2025-05-04 04:35:39,674 - INFO - Paper 85505359 ROUGE-1 F1: 0.4411
2025-05-04 04:35:39,674 - INFO - Paper 85505359 ROUGE-2 F1: 0.2616
2025-05-04 04:35:39,674 - INFO - Paper 85505359 ROUGE-L F1: 0.3038
2025-05-04 04:35:39,721 - INFO - Successfully processed paper 85505359, matched 145 sentences
2025-05-04 04:35:39,722 - INFO - Processing paper 7415123
2025-05-04 04:35:39,726 - INFO - Paper 7415123: 168 sentences, Summary: 26 sentences
2025-05-04 04:35:39,726 - INFO - Encoding 168 paper sentences
2025-05-04 04:35:40,016 - INFO - Using default tokenizer.
2025-05-04 04:35:40,335 - INFO - Paper 7415123 ROUGE-1 F1: 0.3512
2025-05-04 04:35:40,335 - INFO - Paper 7415123 ROUGE-2 F1: 0.1614
2025-05-04 04:35:40,335 - INFO - Paper 7415123 ROUGE-L F1: 0.2104
2025-05-04 04:35:40,383 - INFO - Successfully processed paper 7415123, matched 57 sentences
2025-05-04 04:35:40,384 - INFO - Processing paper 65123124
2025-05-04 04:35:40,392 - INFO - Paper 65123124: 405 sentences, Summary: 31 sentences
2025-05-04 04:35:40,392 - INFO - Encoding 405 paper sentences
2025-05-04 04:35:40,879 - INFO - Using default tokenizer.
2025-05-04 04:35:41,166 - INFO - Paper 65123124 ROUGE-1 F1: 0.4156
2025-05-04 04:35:41,166 - INFO - Paper 65123124 ROUGE-2 F1: 0.2245
2025-05-04 04:35:41,166 - INFO - Paper 65123124 ROUGE-L F1: 0.2728
2025-05-04 04:35:41,212 - INFO - Successfully processed paper 65123124, matched 75 sentences
2025-05-04 04:35:41,212 - INFO - Processing paper 31459000
2025-05-04 04:35:41,217 - INFO - Paper 31459000: 164 sentences, Summary: 51 sentences
2025-05-04 04:35:41,217 - INFO - Encoding 164 paper sentences
2025-05-04 04:35:41,649 - INFO - Using default tokenizer.
2025-05-04 04:35:42,397 - INFO - Paper 31459000 ROUGE-1 F1: 0.5217
2025-05-04 04:35:42,397 - INFO - Paper 31459000 ROUGE-2 F1: 0.2998
2025-05-04 04:35:42,397 - INFO - Paper 31459000 ROUGE-L F1: 0.3539
2025-05-04 04:35:42,457 - INFO - Successfully processed paper 31459000, matched 103 sentences
2025-05-04 04:35:42,457 - INFO - Processing paper 66226432
2025-05-04 04:35:42,463 - INFO - Paper 66226432: 242 sentences, Summary: 19 sentences
2025-05-04 04:35:42,463 - INFO - Encoding 242 paper sentences
2025-05-04 04:35:42,735 - INFO - Using default tokenizer.
2025-05-04 04:35:42,850 - INFO - Paper 66226432 ROUGE-1 F1: 0.4221
2025-05-04 04:35:42,850 - INFO - Paper 66226432 ROUGE-2 F1: 0.1258
2025-05-04 04:35:42,850 - INFO - Paper 66226432 ROUGE-L F1: 0.1831
2025-05-04 04:35:42,900 - INFO - Successfully processed paper 66226432, matched 36 sentences
2025-05-04 04:35:42,901 - INFO - Processing paper 99878837
2025-05-04 04:35:42,905 - INFO - Paper 99878837: 221 sentences, Summary: 26 sentences
2025-05-04 04:35:42,905 - INFO - Encoding 221 paper sentences
2025-05-04 04:35:43,217 - INFO - Using default tokenizer.
2025-05-04 04:35:43,448 - INFO - Paper 99878837 ROUGE-1 F1: 0.4210
2025-05-04 04:35:43,449 - INFO - Paper 99878837 ROUGE-2 F1: 0.2743
2025-05-04 04:35:43,449 - INFO - Paper 99878837 ROUGE-L F1: 0.3350
2025-05-04 04:35:43,509 - INFO - Successfully processed paper 99878837, matched 61 sentences
2025-05-04 04:35:43,510 - INFO - Processing paper 29981772
2025-05-04 04:35:43,512 - INFO - Paper 29981772: 87 sentences, Summary: 11 sentences
2025-05-04 04:35:43,512 - INFO - Encoding 87 paper sentences
2025-05-04 04:35:43,620 - INFO - Using default tokenizer.
2025-05-04 04:35:43,664 - INFO - Paper 29981772 ROUGE-1 F1: 0.2905
2025-05-04 04:35:43,664 - INFO - Paper 29981772 ROUGE-2 F1: 0.0890
2025-05-04 04:35:43,664 - INFO - Paper 29981772 ROUGE-L F1: 0.1897
2025-05-04 04:35:43,714 - INFO - Successfully processed paper 29981772, matched 25 sentences
2025-05-04 04:35:43,714 - INFO - Processing paper 16124640
2025-05-04 04:35:43,720 - INFO - Paper 16124640: 264 sentences, Summary: 35 sentences
2025-05-04 04:35:43,720 - INFO - Encoding 264 paper sentences
2025-05-04 04:35:44,130 - INFO - Using default tokenizer.
2025-05-04 04:35:44,514 - INFO - Paper 16124640 ROUGE-1 F1: 0.4467
2025-05-04 04:35:44,514 - INFO - Paper 16124640 ROUGE-2 F1: 0.1236
2025-05-04 04:35:44,514 - INFO - Paper 16124640 ROUGE-L F1: 0.1996
2025-05-04 04:35:44,565 - INFO - Successfully processed paper 16124640, matched 67 sentences
2025-05-04 04:35:44,565 - INFO - Processing paper 74193008
2025-05-04 04:35:44,571 - INFO - Paper 74193008: 245 sentences, Summary: 38 sentences
2025-05-04 04:35:44,571 - INFO - Encoding 245 paper sentences
2025-05-04 04:35:44,999 - INFO - Using default tokenizer.
2025-05-04 04:35:45,419 - INFO - Paper 74193008 ROUGE-1 F1: 0.5090
2025-05-04 04:35:45,419 - INFO - Paper 74193008 ROUGE-2 F1: 0.1723
2025-05-04 04:35:45,419 - INFO - Paper 74193008 ROUGE-L F1: 0.2390
2025-05-04 04:35:45,472 - INFO - Successfully processed paper 74193008, matched 72 sentences
2025-05-04 04:35:45,472 - INFO - Processing paper 28037079
2025-05-04 04:35:45,480 - INFO - Paper 28037079: 331 sentences, Summary: 51 sentences
2025-05-04 04:35:45,480 - INFO - Encoding 331 paper sentences
2025-05-04 04:35:46,105 - INFO - Using default tokenizer.
2025-05-04 04:35:47,061 - INFO - Paper 28037079 ROUGE-1 F1: 0.5145
2025-05-04 04:35:47,061 - INFO - Paper 28037079 ROUGE-2 F1: 0.2577
2025-05-04 04:35:47,061 - INFO - Paper 28037079 ROUGE-L F1: 0.3183
2025-05-04 04:35:47,114 - INFO - Successfully processed paper 28037079, matched 111 sentences
2025-05-04 04:35:47,114 - INFO - Processing paper 75952682
2025-05-04 04:35:47,154 - INFO - Paper 75952682: 2122 sentences, Summary: 36 sentences
2025-05-04 04:35:47,154 - INFO - Encoding 2122 paper sentences
2025-05-04 04:35:48,990 - INFO - Using default tokenizer.
2025-05-04 04:35:49,195 - INFO - Paper 75952682 ROUGE-1 F1: 0.4201
2025-05-04 04:35:49,195 - INFO - Paper 75952682 ROUGE-2 F1: 0.1055
2025-05-04 04:35:49,195 - INFO - Paper 75952682 ROUGE-L F1: 0.2071
2025-05-04 04:35:49,252 - INFO - Successfully processed paper 75952682, matched 59 sentences
2025-05-04 04:35:49,252 - INFO - Processing paper 92451519
2025-05-04 04:35:49,257 - INFO - Paper 92451519: 234 sentences, Summary: 17 sentences
2025-05-04 04:35:49,257 - INFO - Encoding 234 paper sentences
2025-05-04 04:35:49,517 - INFO - Using default tokenizer.
2025-05-04 04:35:49,606 - INFO - Paper 92451519 ROUGE-1 F1: 0.3885
2025-05-04 04:35:49,606 - INFO - Paper 92451519 ROUGE-2 F1: 0.1912
2025-05-04 04:35:49,606 - INFO - Paper 92451519 ROUGE-L F1: 0.2584
2025-05-04 04:35:49,676 - INFO - Successfully processed paper 92451519, matched 37 sentences
2025-05-04 04:35:49,677 - INFO - Processing paper 69013017
2025-05-04 04:35:49,682 - INFO - Paper 69013017: 198 sentences, Summary: 62 sentences
2025-05-04 04:35:49,683 - INFO - Encoding 198 paper sentences
2025-05-04 04:35:50,246 - INFO - Using default tokenizer.
2025-05-04 04:35:50,847 - INFO - Paper 69013017 ROUGE-1 F1: 0.4150
2025-05-04 04:35:50,848 - INFO - Paper 69013017 ROUGE-2 F1: 0.1020
2025-05-04 04:35:50,848 - INFO - Paper 69013017 ROUGE-L F1: 0.1844
2025-05-04 04:35:50,905 - INFO - Successfully processed paper 69013017, matched 106 sentences
2025-05-04 04:35:50,905 - INFO - Processing paper 24312671
2025-05-04 04:35:50,913 - INFO - Paper 24312671: 389 sentences, Summary: 23 sentences
2025-05-04 04:35:50,913 - INFO - Encoding 389 paper sentences
2025-05-04 04:35:51,308 - INFO - Using default tokenizer.
2025-05-04 04:35:51,547 - INFO - Paper 24312671 ROUGE-1 F1: 0.3507
2025-05-04 04:35:51,547 - INFO - Paper 24312671 ROUGE-2 F1: 0.2025
2025-05-04 04:35:51,547 - INFO - Paper 24312671 ROUGE-L F1: 0.2486
2025-05-04 04:35:51,604 - INFO - Successfully processed paper 24312671, matched 61 sentences
2025-05-04 04:35:51,604 - INFO - Processing paper 17350626
2025-05-04 04:35:51,609 - INFO - Paper 17350626: 173 sentences, Summary: 61 sentences
2025-05-04 04:35:51,609 - INFO - Encoding 173 paper sentences
2025-05-04 04:35:52,166 - INFO - Using default tokenizer.
2025-05-04 04:35:52,615 - INFO - Paper 17350626 ROUGE-1 F1: 0.4151
2025-05-04 04:35:52,615 - INFO - Paper 17350626 ROUGE-2 F1: 0.1111
2025-05-04 04:35:52,615 - INFO - Paper 17350626 ROUGE-L F1: 0.1881
2025-05-04 04:35:52,682 - INFO - Successfully processed paper 17350626, matched 81 sentences
2025-05-04 04:35:52,683 - INFO - Processing paper 32248697
2025-05-04 04:35:52,687 - INFO - Paper 32248697: 196 sentences, Summary: 24 sentences
2025-05-04 04:35:52,687 - INFO - Encoding 196 paper sentences
2025-05-04 04:35:52,979 - INFO - Using default tokenizer.
2025-05-04 04:35:53,235 - INFO - Paper 32248697 ROUGE-1 F1: 0.3726
2025-05-04 04:35:53,235 - INFO - Paper 32248697 ROUGE-2 F1: 0.1381
2025-05-04 04:35:53,235 - INFO - Paper 32248697 ROUGE-L F1: 0.2069
2025-05-04 04:35:53,295 - INFO - Successfully processed paper 32248697, matched 57 sentences
2025-05-04 04:35:53,296 - INFO - Processing paper 77737945
2025-05-04 04:35:53,300 - INFO - Paper 77737945: 184 sentences, Summary: 20 sentences
2025-05-04 04:35:53,300 - INFO - Encoding 184 paper sentences
2025-05-04 04:35:53,555 - INFO - Using default tokenizer.
2025-05-04 04:35:53,674 - INFO - Paper 77737945 ROUGE-1 F1: 0.3479
2025-05-04 04:35:53,674 - INFO - Paper 77737945 ROUGE-2 F1: 0.0736
2025-05-04 04:35:53,674 - INFO - Paper 77737945 ROUGE-L F1: 0.1719
2025-05-04 04:35:53,734 - INFO - Successfully processed paper 77737945, matched 42 sentences
2025-05-04 04:35:53,734 - INFO - Processing paper 57934330
2025-05-04 04:35:53,741 - INFO - Paper 57934330: 308 sentences, Summary: 9 sentences
2025-05-04 04:35:53,741 - INFO - Encoding 308 paper sentences
2025-05-04 04:35:53,969 - INFO - Using default tokenizer.
2025-05-04 04:35:54,020 - INFO - Paper 57934330 ROUGE-1 F1: 0.5277
2025-05-04 04:35:54,020 - INFO - Paper 57934330 ROUGE-2 F1: 0.2013
2025-05-04 04:35:54,020 - INFO - Paper 57934330 ROUGE-L F1: 0.2600
2025-05-04 04:35:54,088 - INFO - Successfully processed paper 57934330, matched 14 sentences
2025-05-04 04:35:54,089 - INFO - Processing paper 8984509
2025-05-04 04:35:54,098 - INFO - Paper 8984509: 421 sentences, Summary: 57 sentences
2025-05-04 04:35:54,098 - INFO - Encoding 421 paper sentences
2025-05-04 04:35:54,832 - INFO - Using default tokenizer.
2025-05-04 04:35:56,052 - INFO - Paper 8984509 ROUGE-1 F1: 0.5481
2025-05-04 04:35:56,052 - INFO - Paper 8984509 ROUGE-2 F1: 0.3383
2025-05-04 04:35:56,052 - INFO - Paper 8984509 ROUGE-L F1: 0.3692
2025-05-04 04:35:56,112 - INFO - Successfully processed paper 8984509, matched 128 sentences
2025-05-04 04:35:56,113 - INFO - Processing paper 80421460
2025-05-04 04:35:56,123 - INFO - Paper 80421460: 465 sentences, Summary: 43 sentences
2025-05-04 04:35:56,123 - INFO - Encoding 465 paper sentences
2025-05-04 04:35:56,775 - INFO - Using default tokenizer.
2025-05-04 04:35:57,625 - INFO - Paper 80421460 ROUGE-1 F1: 0.5423
2025-05-04 04:35:57,625 - INFO - Paper 80421460 ROUGE-2 F1: 0.3275
2025-05-04 04:35:57,626 - INFO - Paper 80421460 ROUGE-L F1: 0.3513
2025-05-04 04:35:57,689 - INFO - Successfully processed paper 80421460, matched 103 sentences
2025-05-04 04:35:57,689 - INFO - Processing paper 50897768
2025-05-04 04:35:57,694 - INFO - Paper 50897768: 203 sentences, Summary: 52 sentences
2025-05-04 04:35:57,694 - INFO - Encoding 203 paper sentences
2025-05-04 04:35:58,173 - INFO - Using default tokenizer.
2025-05-04 04:35:59,091 - INFO - Paper 50897768 ROUGE-1 F1: 0.4908
2025-05-04 04:35:59,091 - INFO - Paper 50897768 ROUGE-2 F1: 0.3382
2025-05-04 04:35:59,091 - INFO - Paper 50897768 ROUGE-L F1: 0.3740
2025-05-04 04:35:59,180 - INFO - Successfully processed paper 50897768, matched 103 sentences
2025-05-04 04:35:59,180 - INFO - Processing paper 24928430
2025-05-04 04:35:59,195 - INFO - Paper 24928430: 747 sentences, Summary: 33 sentences
2025-05-04 04:35:59,195 - INFO - Encoding 747 paper sentences
2025-05-04 04:35:59,994 - INFO - Using default tokenizer.
2025-05-04 04:36:00,368 - INFO - Paper 24928430 ROUGE-1 F1: 0.4884
2025-05-04 04:36:00,369 - INFO - Paper 24928430 ROUGE-2 F1: 0.2395
2025-05-04 04:36:00,369 - INFO - Paper 24928430 ROUGE-L F1: 0.3054
2025-05-04 04:36:00,437 - INFO - Successfully processed paper 24928430, matched 75 sentences
2025-05-04 04:36:00,437 - INFO - Processing paper 37263635
2025-05-04 04:36:00,445 - INFO - Paper 37263635: 341 sentences, Summary: 48 sentences
2025-05-04 04:36:00,445 - INFO - Encoding 341 paper sentences
2025-05-04 04:36:01,036 - INFO - Using default tokenizer.
2025-05-04 04:36:01,849 - INFO - Paper 37263635 ROUGE-1 F1: 0.4883
2025-05-04 04:36:01,849 - INFO - Paper 37263635 ROUGE-2 F1: 0.3670
2025-05-04 04:36:01,849 - INFO - Paper 37263635 ROUGE-L F1: 0.4054
2025-05-04 04:36:01,920 - INFO - Successfully processed paper 37263635, matched 104 sentences
2025-05-04 04:36:01,920 - INFO - Processing paper 15765418
2025-05-04 04:36:01,926 - INFO - Paper 15765418: 284 sentences, Summary: 18 sentences
2025-05-04 04:36:01,926 - INFO - Encoding 284 paper sentences
2025-05-04 04:36:02,240 - INFO - Using default tokenizer.
2025-05-04 04:36:02,373 - INFO - Paper 15765418 ROUGE-1 F1: 0.3982
2025-05-04 04:36:02,373 - INFO - Paper 15765418 ROUGE-2 F1: 0.0966
2025-05-04 04:36:02,373 - INFO - Paper 15765418 ROUGE-L F1: 0.1776
2025-05-04 04:36:02,470 - INFO - Successfully processed paper 15765418, matched 36 sentences
2025-05-04 04:36:02,471 - INFO - Processing paper 94015576
2025-05-04 04:36:02,476 - INFO - Paper 94015576: 257 sentences, Summary: 13 sentences
2025-05-04 04:36:02,476 - INFO - Encoding 257 paper sentences
2025-05-04 04:36:02,708 - INFO - Using default tokenizer.
2025-05-04 04:36:02,796 - INFO - Paper 94015576 ROUGE-1 F1: 0.3831
2025-05-04 04:36:02,796 - INFO - Paper 94015576 ROUGE-2 F1: 0.0973
2025-05-04 04:36:02,796 - INFO - Paper 94015576 ROUGE-L F1: 0.1778
2025-05-04 04:36:02,896 - INFO - Successfully processed paper 94015576, matched 26 sentences
2025-05-04 04:36:02,896 - INFO - Processing paper 12711637
2025-05-04 04:36:02,899 - INFO - Paper 12711637: 103 sentences, Summary: 15 sentences
2025-05-04 04:36:02,899 - INFO - Encoding 103 paper sentences
2025-05-04 04:36:03,047 - INFO - Using default tokenizer.
2025-05-04 04:36:03,153 - INFO - Paper 12711637 ROUGE-1 F1: 0.4086
2025-05-04 04:36:03,153 - INFO - Paper 12711637 ROUGE-2 F1: 0.1793
2025-05-04 04:36:03,153 - INFO - Paper 12711637 ROUGE-L F1: 0.2708
2025-05-04 04:36:03,222 - INFO - Successfully processed paper 12711637, matched 32 sentences
2025-05-04 04:36:03,222 - INFO - Processing paper 56472821
2025-05-04 04:36:03,235 - INFO - Paper 56472821: 716 sentences, Summary: 23 sentences
2025-05-04 04:36:03,235 - INFO - Encoding 716 paper sentences
2025-05-04 04:36:03,720 - INFO - Using default tokenizer.
2025-05-04 04:36:03,867 - INFO - Paper 56472821 ROUGE-1 F1: 0.4286
2025-05-04 04:36:03,867 - INFO - Paper 56472821 ROUGE-2 F1: 0.2063
2025-05-04 04:36:03,867 - INFO - Paper 56472821 ROUGE-L F1: 0.2816
2025-05-04 04:36:03,969 - INFO - Successfully processed paper 56472821, matched 52 sentences
2025-05-04 04:36:03,969 - INFO - Processing paper 78339451
2025-05-04 04:36:03,973 - INFO - Paper 78339451: 164 sentences, Summary: 28 sentences
2025-05-04 04:36:03,973 - INFO - Encoding 164 paper sentences
2025-05-04 04:36:04,235 - INFO - Using default tokenizer.
2025-05-04 04:36:04,368 - INFO - Paper 78339451 ROUGE-1 F1: 0.3810
2025-05-04 04:36:04,368 - INFO - Paper 78339451 ROUGE-2 F1: 0.1645
2025-05-04 04:36:04,368 - INFO - Paper 78339451 ROUGE-L F1: 0.2540
2025-05-04 04:36:04,442 - INFO - Successfully processed paper 78339451, matched 49 sentences
2025-05-04 04:36:04,442 - INFO - Processing paper 98781755
2025-05-04 04:36:04,447 - INFO - Paper 98781755: 243 sentences, Summary: 14 sentences
2025-05-04 04:36:04,447 - INFO - Encoding 243 paper sentences
2025-05-04 04:36:04,661 - INFO - Using default tokenizer.
2025-05-04 04:36:04,743 - INFO - Paper 98781755 ROUGE-1 F1: 0.4210
2025-05-04 04:36:04,743 - INFO - Paper 98781755 ROUGE-2 F1: 0.1673
2025-05-04 04:36:04,743 - INFO - Paper 98781755 ROUGE-L F1: 0.2593
2025-05-04 04:36:04,816 - INFO - Successfully processed paper 98781755, matched 26 sentences
2025-05-04 04:36:04,816 - INFO - Processing paper 37135417
2025-05-04 04:36:04,826 - INFO - Paper 37135417: 467 sentences, Summary: 48 sentences
2025-05-04 04:36:04,826 - INFO - Encoding 467 paper sentences
2025-05-04 04:36:05,514 - INFO - Using default tokenizer.
2025-05-04 04:36:06,459 - INFO - Paper 37135417 ROUGE-1 F1: 0.4892
2025-05-04 04:36:06,460 - INFO - Paper 37135417 ROUGE-2 F1: 0.2661
2025-05-04 04:36:06,460 - INFO - Paper 37135417 ROUGE-L F1: 0.3125
2025-05-04 04:36:06,552 - INFO - Successfully processed paper 37135417, matched 122 sentences
2025-05-04 04:36:06,552 - INFO - Processing paper 52492536
2025-05-04 04:36:06,557 - INFO - Paper 52492536: 222 sentences, Summary: 34 sentences
2025-05-04 04:36:06,557 - INFO - Encoding 222 paper sentences
2025-05-04 04:36:06,921 - INFO - Using default tokenizer.
2025-05-04 04:36:07,053 - INFO - Paper 52492536 ROUGE-1 F1: 0.4444
2025-05-04 04:36:07,053 - INFO - Paper 52492536 ROUGE-2 F1: 0.1066
2025-05-04 04:36:07,053 - INFO - Paper 52492536 ROUGE-L F1: 0.1960
2025-05-04 04:36:07,125 - INFO - Successfully processed paper 52492536, matched 42 sentences
2025-05-04 04:36:07,125 - INFO - Processing paper 11006232
2025-05-04 04:36:07,135 - INFO - Paper 11006232: 454 sentences, Summary: 34 sentences
2025-05-04 04:36:07,135 - INFO - Encoding 454 paper sentences
2025-05-04 04:36:07,626 - INFO - Using default tokenizer.
2025-05-04 04:36:07,907 - INFO - Paper 11006232 ROUGE-1 F1: 0.6421
2025-05-04 04:36:07,907 - INFO - Paper 11006232 ROUGE-2 F1: 0.4686
2025-05-04 04:36:07,907 - INFO - Paper 11006232 ROUGE-L F1: 0.5156
2025-05-04 04:36:07,984 - INFO - Successfully processed paper 11006232, matched 64 sentences
2025-05-04 04:36:07,984 - INFO - Skipping 74977893 - not in valid IDs
2025-05-04 04:36:07,984 - INFO - Processing paper 70481957
2025-05-04 04:36:07,987 - INFO - Paper 70481957: 139 sentences, Summary: 10 sentences
2025-05-04 04:36:07,987 - INFO - Encoding 139 paper sentences
2025-05-04 04:36:08,132 - INFO - Using default tokenizer.
2025-05-04 04:36:08,170 - INFO - Paper 70481957 ROUGE-1 F1: 0.3547
2025-05-04 04:36:08,170 - INFO - Paper 70481957 ROUGE-2 F1: 0.0532
2025-05-04 04:36:08,171 - INFO - Paper 70481957 ROUGE-L F1: 0.1676
2025-05-04 04:36:08,247 - INFO - Successfully processed paper 70481957, matched 15 sentences
2025-05-04 04:36:08,248 - INFO - Processing paper 88532041
2025-05-04 04:36:08,252 - INFO - Paper 88532041: 193 sentences, Summary: 24 sentences
2025-05-04 04:36:08,252 - INFO - Encoding 193 paper sentences
2025-05-04 04:36:08,517 - INFO - Using default tokenizer.
2025-05-04 04:36:08,759 - INFO - Paper 88532041 ROUGE-1 F1: 0.3780
2025-05-04 04:36:08,759 - INFO - Paper 88532041 ROUGE-2 F1: 0.1806
2025-05-04 04:36:08,760 - INFO - Paper 88532041 ROUGE-L F1: 0.2583
2025-05-04 04:36:08,845 - INFO - Successfully processed paper 88532041, matched 57 sentences
2025-05-04 04:36:08,846 - INFO - Processing paper 52208833
2025-05-04 04:36:08,852 - INFO - Paper 52208833: 280 sentences, Summary: 42 sentences
2025-05-04 04:36:08,852 - INFO - Encoding 280 paper sentences
2025-05-04 04:36:09,346 - INFO - Using default tokenizer.
2025-05-04 04:36:10,044 - INFO - Paper 52208833 ROUGE-1 F1: 0.4323
2025-05-04 04:36:10,044 - INFO - Paper 52208833 ROUGE-2 F1: 0.1899
2025-05-04 04:36:10,044 - INFO - Paper 52208833 ROUGE-L F1: 0.2383
2025-05-04 04:36:10,135 - INFO - Successfully processed paper 52208833, matched 100 sentences
2025-05-04 04:36:10,136 - INFO - Processing paper 39570633
2025-05-04 04:36:10,139 - INFO - Paper 39570633: 177 sentences, Summary: 20 sentences
2025-05-04 04:36:10,139 - INFO - Encoding 177 paper sentences
2025-05-04 04:36:10,348 - INFO - Using default tokenizer.
2025-05-04 04:36:10,451 - INFO - Paper 39570633 ROUGE-1 F1: 0.4654
2025-05-04 04:36:10,451 - INFO - Paper 39570633 ROUGE-2 F1: 0.1440
2025-05-04 04:36:10,451 - INFO - Paper 39570633 ROUGE-L F1: 0.2447
2025-05-04 04:36:10,528 - INFO - Successfully processed paper 39570633, matched 35 sentences
2025-05-04 04:36:10,528 - INFO - Processing paper 92908954
2025-05-04 04:36:10,536 - INFO - Paper 92908954: 377 sentences, Summary: 33 sentences
2025-05-04 04:36:10,536 - INFO - Encoding 377 paper sentences
2025-05-04 04:36:11,014 - INFO - Using default tokenizer.
2025-05-04 04:36:11,762 - INFO - Paper 92908954 ROUGE-1 F1: 0.5057
2025-05-04 04:36:11,762 - INFO - Paper 92908954 ROUGE-2 F1: 0.3657
2025-05-04 04:36:11,763 - INFO - Paper 92908954 ROUGE-L F1: 0.3778
2025-05-04 04:36:11,843 - INFO - Successfully processed paper 92908954, matched 82 sentences
2025-05-04 04:36:11,843 - INFO - Processing paper 53269747
2025-05-04 04:36:11,857 - INFO - Paper 53269747: 561 sentences, Summary: 24 sentences
2025-05-04 04:36:11,857 - INFO - Encoding 561 paper sentences
2025-05-04 04:36:12,328 - INFO - Using default tokenizer.
2025-05-04 04:36:12,624 - INFO - Paper 53269747 ROUGE-1 F1: 0.4868
2025-05-04 04:36:12,624 - INFO - Paper 53269747 ROUGE-2 F1: 0.3157
2025-05-04 04:36:12,624 - INFO - Paper 53269747 ROUGE-L F1: 0.3625
2025-05-04 04:36:12,707 - INFO - Successfully processed paper 53269747, matched 61 sentences
2025-05-04 04:36:12,707 - INFO - Processing paper 11773091
2025-05-04 04:36:12,719 - INFO - Paper 11773091: 494 sentences, Summary: 58 sentences
2025-05-04 04:36:12,719 - INFO - Encoding 494 paper sentences
2025-05-04 04:36:13,512 - INFO - Using default tokenizer.
2025-05-04 04:36:14,527 - INFO - Paper 11773091 ROUGE-1 F1: 0.3969
2025-05-04 04:36:14,527 - INFO - Paper 11773091 ROUGE-2 F1: 0.2126
2025-05-04 04:36:14,527 - INFO - Paper 11773091 ROUGE-L F1: 0.2631
2025-05-04 04:36:14,607 - INFO - Successfully processed paper 11773091, matched 115 sentences
2025-05-04 04:36:14,607 - INFO - Processing paper 46342402
2025-05-04 04:36:14,613 - INFO - Paper 46342402: 236 sentences, Summary: 41 sentences
2025-05-04 04:36:14,613 - INFO - Encoding 236 paper sentences
2025-05-04 04:36:15,083 - INFO - Using default tokenizer.
2025-05-04 04:36:15,330 - INFO - Paper 46342402 ROUGE-1 F1: 0.4055
2025-05-04 04:36:15,330 - INFO - Paper 46342402 ROUGE-2 F1: 0.0994
2025-05-04 04:36:15,330 - INFO - Paper 46342402 ROUGE-L F1: 0.1785
2025-05-04 04:36:15,450 - INFO - Successfully processed paper 46342402, matched 56 sentences
2025-05-04 04:36:15,451 - INFO - Processing paper 28727146
2025-05-04 04:36:15,458 - INFO - Paper 28727146: 292 sentences, Summary: 51 sentences
2025-05-04 04:36:15,458 - INFO - Encoding 292 paper sentences
2025-05-04 04:36:16,102 - INFO - Using default tokenizer.
2025-05-04 04:36:17,260 - INFO - Paper 28727146 ROUGE-1 F1: 0.5181
2025-05-04 04:36:17,260 - INFO - Paper 28727146 ROUGE-2 F1: 0.3161
2025-05-04 04:36:17,261 - INFO - Paper 28727146 ROUGE-L F1: 0.3420
2025-05-04 04:36:17,342 - INFO - Successfully processed paper 28727146, matched 102 sentences
2025-05-04 04:36:17,343 - INFO - Processing paper 597051
2025-05-04 04:36:17,349 - INFO - Paper 597051: 270 sentences, Summary: 55 sentences
2025-05-04 04:36:17,349 - INFO - Encoding 270 paper sentences
2025-05-04 04:36:17,887 - INFO - Using default tokenizer.
2025-05-04 04:36:18,510 - INFO - Paper 597051 ROUGE-1 F1: 0.4563
2025-05-04 04:36:18,510 - INFO - Paper 597051 ROUGE-2 F1: 0.1311
2025-05-04 04:36:18,510 - INFO - Paper 597051 ROUGE-L F1: 0.2027
2025-05-04 04:36:18,594 - INFO - Successfully processed paper 597051, matched 87 sentences
2025-05-04 04:36:18,594 - INFO - Processing paper 11481096
2025-05-04 04:36:18,599 - INFO - Paper 11481096: 222 sentences, Summary: 14 sentences
2025-05-04 04:36:18,599 - INFO - Encoding 222 paper sentences
2025-05-04 04:36:18,775 - INFO - Using default tokenizer.
2025-05-04 04:36:18,819 - INFO - Paper 11481096 ROUGE-1 F1: 0.4872
2025-05-04 04:36:18,819 - INFO - Paper 11481096 ROUGE-2 F1: 0.1671
2025-05-04 04:36:26,379 - INFO - Paper 11481096 ROUGE-L F1: 0.2436
2025-05-04 04:36:26,466 - INFO - Successfully processed paper 11481096, matched 20 sentences
2025-05-04 04:36:26,467 - INFO - Processing paper 80719489
2025-05-04 04:36:26,472 - INFO - Paper 80719489: 212 sentences, Summary: 69 sentences
2025-05-04 04:36:26,472 - INFO - Encoding 212 paper sentences
2025-05-04 04:36:27,099 - INFO - Using default tokenizer.
2025-05-04 04:36:27,907 - INFO - Paper 80719489 ROUGE-1 F1: 0.3581
2025-05-04 04:36:27,907 - INFO - Paper 80719489 ROUGE-2 F1: 0.1166
2025-05-04 04:36:27,907 - INFO - Paper 80719489 ROUGE-L F1: 0.1843
2025-05-04 04:36:27,997 - INFO - Successfully processed paper 80719489, matched 139 sentences
2025-05-04 04:36:27,997 - INFO - Processing paper 38469042
2025-05-04 04:36:28,002 - INFO - Paper 38469042: 176 sentences, Summary: 47 sentences
2025-05-04 04:36:28,002 - INFO - Encoding 176 paper sentences
2025-05-04 04:36:28,423 - INFO - Using default tokenizer.
2025-05-04 04:36:29,144 - INFO - Paper 38469042 ROUGE-1 F1: 0.5314
2025-05-04 04:36:29,144 - INFO - Paper 38469042 ROUGE-2 F1: 0.3376
2025-05-04 04:36:29,145 - INFO - Paper 38469042 ROUGE-L F1: 0.3880
2025-05-04 04:36:29,235 - INFO - Successfully processed paper 38469042, matched 98 sentences
2025-05-04 04:36:29,236 - INFO - Processing paper 47698609
2025-05-04 04:36:29,238 - INFO - Paper 47698609: 98 sentences, Summary: 25 sentences
2025-05-04 04:36:29,238 - INFO - Encoding 98 paper sentences
2025-05-04 04:36:29,498 - INFO - Using default tokenizer.
2025-05-04 04:36:29,649 - INFO - Paper 47698609 ROUGE-1 F1: 0.5604
2025-05-04 04:36:29,649 - INFO - Paper 47698609 ROUGE-2 F1: 0.1392
2025-05-04 04:36:29,650 - INFO - Paper 47698609 ROUGE-L F1: 0.2151
2025-05-04 04:36:29,749 - INFO - Successfully processed paper 47698609, matched 26 sentences
2025-05-04 04:36:29,749 - INFO - Processing paper 13655370
2025-05-04 04:36:29,755 - INFO - Paper 13655370: 243 sentences, Summary: 54 sentences
2025-05-04 04:36:29,755 - INFO - Encoding 243 paper sentences
2025-05-04 04:36:30,334 - INFO - Using default tokenizer.
2025-05-04 04:36:31,335 - INFO - Paper 13655370 ROUGE-1 F1: 0.4226
2025-05-04 04:36:31,336 - INFO - Paper 13655370 ROUGE-2 F1: 0.1577
2025-05-04 04:36:31,336 - INFO - Paper 13655370 ROUGE-L F1: 0.2155
2025-05-04 04:36:31,433 - INFO - Successfully processed paper 13655370, matched 119 sentences
2025-05-04 04:36:31,433 - INFO - Processing paper 24753674
2025-05-04 04:36:31,441 - INFO - Paper 24753674: 334 sentences, Summary: 36 sentences
2025-05-04 04:36:31,441 - INFO - Encoding 334 paper sentences
2025-05-04 04:36:31,941 - INFO - Using default tokenizer.
2025-05-04 04:36:32,274 - INFO - Paper 24753674 ROUGE-1 F1: 0.4910
2025-05-04 04:36:32,275 - INFO - Paper 24753674 ROUGE-2 F1: 0.1322
2025-05-04 04:36:32,275 - INFO - Paper 24753674 ROUGE-L F1: 0.1985
2025-05-04 04:36:32,377 - INFO - Successfully processed paper 24753674, matched 50 sentences
2025-05-04 04:36:32,377 - INFO - Processing paper 31543932
2025-05-04 04:36:32,388 - INFO - Paper 31543932: 256 sentences, Summary: 8 sentences
2025-05-04 04:36:32,389 - INFO - Encoding 256 paper sentences
2025-05-04 04:36:32,559 - INFO - Using default tokenizer.
2025-05-04 04:36:32,575 - INFO - Paper 31543932 ROUGE-1 F1: 0.4155
2025-05-04 04:36:32,575 - INFO - Paper 31543932 ROUGE-2 F1: 0.1165
2025-05-04 04:36:32,575 - INFO - Paper 31543932 ROUGE-L F1: 0.2319
2025-05-04 04:36:32,665 - INFO - Successfully processed paper 31543932, matched 13 sentences
2025-05-04 04:36:32,665 - INFO - Processing paper 23242120
2025-05-04 04:36:32,670 - INFO - Paper 23242120: 231 sentences, Summary: 18 sentences
2025-05-04 04:36:32,670 - INFO - Encoding 231 paper sentences
2025-05-04 04:36:32,946 - INFO - Using default tokenizer.
2025-05-04 04:36:33,036 - INFO - Paper 23242120 ROUGE-1 F1: 0.4350
2025-05-04 04:36:33,036 - INFO - Paper 23242120 ROUGE-2 F1: 0.1053
2025-05-04 04:36:33,036 - INFO - Paper 23242120 ROUGE-L F1: 0.1862
2025-05-04 04:36:33,144 - INFO - Successfully processed paper 23242120, matched 26 sentences
2025-05-04 04:36:33,144 - INFO - Processing paper 1540690
2025-05-04 04:36:33,154 - INFO - Paper 1540690: 212 sentences, Summary: 20 sentences
2025-05-04 04:36:33,154 - INFO - Encoding 212 paper sentences
2025-05-04 04:36:33,417 - INFO - Using default tokenizer.
2025-05-04 04:36:33,575 - INFO - Paper 1540690 ROUGE-1 F1: 0.4408
2025-05-04 04:36:33,575 - INFO - Paper 1540690 ROUGE-2 F1: 0.1471
2025-05-04 04:36:33,575 - INFO - Paper 1540690 ROUGE-L F1: 0.2449
2025-05-04 04:36:33,686 - INFO - Successfully processed paper 1540690, matched 43 sentences
2025-05-04 04:36:33,686 - INFO - Processing paper 15643187
2025-05-04 04:36:33,692 - INFO - Paper 15643187: 288 sentences, Summary: 35 sentences
2025-05-04 04:36:33,692 - INFO - Encoding 288 paper sentences
2025-05-04 04:36:34,095 - INFO - Using default tokenizer.
2025-05-04 04:36:34,288 - INFO - Paper 15643187 ROUGE-1 F1: 0.3484
2025-05-04 04:36:34,288 - INFO - Paper 15643187 ROUGE-2 F1: 0.0847
2025-05-04 04:36:34,288 - INFO - Paper 15643187 ROUGE-L F1: 0.1669
2025-05-04 04:36:34,405 - INFO - Successfully processed paper 15643187, matched 65 sentences
2025-05-04 04:36:34,406 - INFO - Processing paper 81057283
2025-05-04 04:36:34,408 - INFO - Paper 81057283: 82 sentences, Summary: 30 sentences
2025-05-04 04:36:34,408 - INFO - Encoding 82 paper sentences
2025-05-04 04:36:34,630 - INFO - Using default tokenizer.
2025-05-04 04:36:34,945 - INFO - Paper 81057283 ROUGE-1 F1: 0.5182
2025-05-04 04:36:34,945 - INFO - Paper 81057283 ROUGE-2 F1: 0.3296
2025-05-04 04:36:34,945 - INFO - Paper 81057283 ROUGE-L F1: 0.3611
2025-05-04 04:36:35,047 - INFO - Successfully processed paper 81057283, matched 57 sentences
2025-05-04 04:36:35,047 - INFO - Processing paper 93460473
2025-05-04 04:36:35,051 - INFO - Paper 93460473: 188 sentences, Summary: 27 sentences
2025-05-04 04:36:35,051 - INFO - Encoding 188 paper sentences
2025-05-04 04:36:39,427 - INFO - Using default tokenizer.
2025-05-04 04:36:39,686 - INFO - Paper 93460473 ROUGE-1 F1: 0.4156
2025-05-04 04:36:39,686 - INFO - Paper 93460473 ROUGE-2 F1: 0.2407
2025-05-04 04:36:39,686 - INFO - Paper 93460473 ROUGE-L F1: 0.3107
2025-05-04 04:36:39,792 - INFO - Successfully processed paper 93460473, matched 61 sentences
2025-05-04 04:36:39,792 - INFO - Processing paper 75779006
2025-05-04 04:36:39,802 - INFO - Paper 75779006: 172 sentences, Summary: 43 sentences
2025-05-04 04:36:39,802 - INFO - Encoding 172 paper sentences
2025-05-04 04:36:40,202 - INFO - Using default tokenizer.
2025-05-04 04:36:41,178 - INFO - Paper 75779006 ROUGE-1 F1: 0.4816
2025-05-04 04:36:41,178 - INFO - Paper 75779006 ROUGE-2 F1: 0.3784
2025-05-04 04:36:41,178 - INFO - Paper 75779006 ROUGE-L F1: 0.4104
2025-05-04 04:36:41,287 - INFO - Successfully processed paper 75779006, matched 104 sentences
2025-05-04 04:36:41,288 - INFO - Processing paper 8363020
2025-05-04 04:36:41,301 - INFO - Paper 8363020: 294 sentences, Summary: 45 sentences
2025-05-04 04:36:41,301 - INFO - Encoding 294 paper sentences
2025-05-04 04:36:41,837 - INFO - Using default tokenizer.
2025-05-04 04:36:42,785 - INFO - Paper 8363020 ROUGE-1 F1: 0.4094
2025-05-04 04:36:42,785 - INFO - Paper 8363020 ROUGE-2 F1: 0.1803
2025-05-04 04:36:42,785 - INFO - Paper 8363020 ROUGE-L F1: 0.2122
2025-05-04 04:36:42,937 - INFO - Successfully processed paper 8363020, matched 106 sentences
2025-05-04 04:36:42,938 - INFO - Processing paper 77534612
2025-05-04 04:36:42,948 - INFO - Paper 77534612: 225 sentences, Summary: 13 sentences
2025-05-04 04:36:42,948 - INFO - Encoding 225 paper sentences
2025-05-04 04:36:43,153 - INFO - Using default tokenizer.
2025-05-04 04:36:43,252 - INFO - Paper 77534612 ROUGE-1 F1: 0.3380
2025-05-04 04:36:43,253 - INFO - Paper 77534612 ROUGE-2 F1: 0.1886
2025-05-04 04:36:43,253 - INFO - Paper 77534612 ROUGE-L F1: 0.2580
2025-05-04 04:36:43,399 - INFO - Successfully processed paper 77534612, matched 33 sentences
2025-05-04 04:36:43,399 - INFO - Processing paper 86675541
2025-05-04 04:36:43,406 - INFO - Paper 86675541: 285 sentences, Summary: 38 sentences
2025-05-04 04:36:43,406 - INFO - Encoding 285 paper sentences
2025-05-04 04:36:43,829 - INFO - Using default tokenizer.
2025-05-04 04:36:44,058 - INFO - Paper 86675541 ROUGE-1 F1: 0.4250
2025-05-04 04:36:44,059 - INFO - Paper 86675541 ROUGE-2 F1: 0.1104
2025-05-04 04:36:44,059 - INFO - Paper 86675541 ROUGE-L F1: 0.2102
2025-05-04 04:36:44,173 - INFO - Successfully processed paper 86675541, matched 55 sentences
2025-05-04 04:36:44,173 - INFO - Processing paper 47723293
2025-05-04 04:36:44,184 - INFO - Paper 47723293: 252 sentences, Summary: 37 sentences
2025-05-04 04:36:44,184 - INFO - Encoding 252 paper sentences
2025-05-04 04:36:44,573 - INFO - Using default tokenizer.
2025-05-04 04:36:44,805 - INFO - Paper 47723293 ROUGE-1 F1: 0.3423
2025-05-04 04:36:44,806 - INFO - Paper 47723293 ROUGE-2 F1: 0.1126
2025-05-04 04:36:44,806 - INFO - Paper 47723293 ROUGE-L F1: 0.1770
2025-05-04 04:36:44,909 - INFO - Successfully processed paper 47723293, matched 71 sentences
2025-05-04 04:36:44,910 - INFO - Processing paper 93142771
2025-05-04 04:36:44,913 - INFO - Paper 93142771: 122 sentences, Summary: 21 sentences
2025-05-04 04:36:44,913 - INFO - Encoding 122 paper sentences
2025-05-04 04:36:45,118 - INFO - Using default tokenizer.
2025-05-04 04:36:45,188 - INFO - Paper 93142771 ROUGE-1 F1: 0.3416
2025-05-04 04:36:45,189 - INFO - Paper 93142771 ROUGE-2 F1: 0.1221
2025-05-04 04:36:45,189 - INFO - Paper 93142771 ROUGE-L F1: 0.1902
2025-05-04 04:36:45,304 - INFO - Successfully processed paper 93142771, matched 35 sentences
2025-05-04 04:36:45,304 - INFO - Processing paper 66112363
2025-05-04 04:36:45,308 - INFO - Paper 66112363: 152 sentences, Summary: 49 sentences
2025-05-04 04:36:45,308 - INFO - Encoding 152 paper sentences
2025-05-04 04:36:45,773 - INFO - Using default tokenizer.
2025-05-04 04:36:46,988 - INFO - Paper 66112363 ROUGE-1 F1: 0.4860
2025-05-04 04:36:46,988 - INFO - Paper 66112363 ROUGE-2 F1: 0.3486
2025-05-04 04:36:46,988 - INFO - Paper 66112363 ROUGE-L F1: 0.3797
2025-05-04 04:36:47,100 - INFO - Successfully processed paper 66112363, matched 130 sentences
2025-05-04 04:36:47,101 - INFO - Processing paper 27051635
2025-05-04 04:36:47,105 - INFO - Paper 27051635: 180 sentences, Summary: 24 sentences
2025-05-04 04:36:47,105 - INFO - Encoding 180 paper sentences
2025-05-04 04:36:47,356 - INFO - Using default tokenizer.
2025-05-04 04:36:47,558 - INFO - Paper 27051635 ROUGE-1 F1: 0.5118
2025-05-04 04:36:47,558 - INFO - Paper 27051635 ROUGE-2 F1: 0.2587
2025-05-04 04:36:47,558 - INFO - Paper 27051635 ROUGE-L F1: 0.3081
2025-05-04 04:36:47,670 - INFO - Successfully processed paper 27051635, matched 47 sentences
2025-05-04 04:36:47,670 - INFO - Processing paper 12175403
2025-05-04 04:36:47,679 - INFO - Paper 12175403: 281 sentences, Summary: 9 sentences
2025-05-04 04:36:47,679 - INFO - Encoding 281 paper sentences
2025-05-04 04:36:47,847 - INFO - Using default tokenizer.
2025-05-04 04:36:47,877 - INFO - Paper 12175403 ROUGE-1 F1: 0.3364
2025-05-04 04:36:47,877 - INFO - Paper 12175403 ROUGE-2 F1: 0.1227
2025-05-04 04:36:47,878 - INFO - Paper 12175403 ROUGE-L F1: 0.1957
2025-05-04 04:36:47,990 - INFO - Successfully processed paper 12175403, matched 19 sentences
2025-05-04 04:36:47,990 - INFO - Skipping 1077676 - not in valid IDs
2025-05-04 04:36:47,990 - INFO - Processing paper 26668230
2025-05-04 04:36:48,000 - INFO - Paper 26668230: 415 sentences, Summary: 34 sentences
2025-05-04 04:36:48,000 - INFO - Encoding 415 paper sentences
2025-05-04 04:36:48,499 - INFO - Using default tokenizer.
2025-05-04 04:36:48,925 - INFO - Paper 26668230 ROUGE-1 F1: 0.4857
2025-05-04 04:36:48,925 - INFO - Paper 26668230 ROUGE-2 F1: 0.2290
2025-05-04 04:36:48,925 - INFO - Paper 26668230 ROUGE-L F1: 0.2679
2025-05-04 04:36:49,064 - INFO - Successfully processed paper 26668230, matched 80 sentences
2025-05-04 04:36:49,065 - INFO - Processing paper 70335565
2025-05-04 04:36:49,074 - INFO - Paper 70335565: 165 sentences, Summary: 35 sentences
2025-05-04 04:36:49,074 - INFO - Encoding 165 paper sentences
2025-05-04 04:36:49,440 - INFO - Using default tokenizer.
2025-05-04 04:36:50,052 - INFO - Paper 70335565 ROUGE-1 F1: 0.4629
2025-05-04 04:36:50,052 - INFO - Paper 70335565 ROUGE-2 F1: 0.3778
2025-05-04 04:36:50,052 - INFO - Paper 70335565 ROUGE-L F1: 0.4018
2025-05-04 04:36:50,185 - INFO - Successfully processed paper 70335565, matched 92 sentences
2025-05-04 04:36:50,186 - INFO - Processing paper 93218559
2025-05-04 04:36:50,191 - INFO - Paper 93218559: 250 sentences, Summary: 8 sentences
2025-05-04 04:36:50,191 - INFO - Encoding 250 paper sentences
2025-05-04 04:36:50,375 - INFO - Using default tokenizer.
2025-05-04 04:36:50,392 - INFO - Paper 93218559 ROUGE-1 F1: 0.3545
2025-05-04 04:36:50,393 - INFO - Paper 93218559 ROUGE-2 F1: 0.0527
2025-05-04 04:36:50,393 - INFO - Paper 93218559 ROUGE-L F1: 0.1926
2025-05-04 04:36:50,503 - INFO - Successfully processed paper 93218559, matched 10 sentences
2025-05-04 04:36:50,504 - INFO - Processing paper 81262575
2025-05-04 04:36:50,505 - INFO - Paper 81262575: 56 sentences, Summary: 18 sentences
2025-05-04 04:36:50,505 - INFO - Encoding 56 paper sentences
2025-05-04 04:36:50,667 - INFO - Using default tokenizer.
2025-05-04 04:36:50,818 - INFO - Paper 81262575 ROUGE-1 F1: 0.2400
2025-05-04 04:36:50,818 - INFO - Paper 81262575 ROUGE-2 F1: 0.0701
2025-05-04 04:36:50,818 - INFO - Paper 81262575 ROUGE-L F1: 0.1401
2025-05-04 04:36:50,934 - INFO - Successfully processed paper 81262575, matched 36 sentences
2025-05-04 04:36:50,935 - INFO - Processing paper 1873334
2025-05-04 04:36:50,953 - INFO - Paper 1873334: 384 sentences, Summary: 67 sentences
2025-05-04 04:36:50,954 - INFO - Encoding 384 paper sentences
2025-05-04 04:36:51,764 - INFO - Using default tokenizer.
2025-05-04 04:36:53,595 - INFO - Paper 1873334 ROUGE-1 F1: 0.4931
2025-05-04 04:36:53,595 - INFO - Paper 1873334 ROUGE-2 F1: 0.3253
2025-05-04 04:36:53,595 - INFO - Paper 1873334 ROUGE-L F1: 0.3373
2025-05-04 04:36:53,713 - INFO - Successfully processed paper 1873334, matched 179 sentences
2025-05-04 04:36:53,714 - INFO - Processing paper 47686356
2025-05-04 04:36:53,719 - INFO - Paper 47686356: 270 sentences, Summary: 28 sentences
2025-05-04 04:36:53,719 - INFO - Encoding 270 paper sentences
2025-05-04 04:36:54,066 - INFO - Using default tokenizer.
2025-05-04 04:36:54,210 - INFO - Paper 47686356 ROUGE-1 F1: 0.3049
2025-05-04 04:36:54,210 - INFO - Paper 47686356 ROUGE-2 F1: 0.0363
2025-05-04 04:36:54,210 - INFO - Paper 47686356 ROUGE-L F1: 0.1358
2025-05-04 04:36:54,320 - INFO - Successfully processed paper 47686356, matched 28 sentences
2025-05-04 04:36:54,320 - INFO - Processing paper 78860785
2025-05-04 04:36:54,345 - INFO - Paper 78860785: 1017 sentences, Summary: 10 sentences
2025-05-04 04:36:54,345 - INFO - Encoding 1017 paper sentences
2025-05-04 04:36:54,909 - INFO - Using default tokenizer.
2025-05-04 04:36:54,964 - INFO - Paper 78860785 ROUGE-1 F1: 0.5194
2025-05-04 04:36:54,964 - INFO - Paper 78860785 ROUGE-2 F1: 0.2144
2025-05-04 04:36:54,965 - INFO - Paper 78860785 ROUGE-L F1: 0.2938
2025-05-04 04:36:55,083 - INFO - Successfully processed paper 78860785, matched 26 sentences
2025-05-04 04:36:55,083 - INFO - Processing paper 73414525
2025-05-04 04:36:55,090 - INFO - Paper 73414525: 125 sentences, Summary: 33 sentences
2025-05-04 04:36:55,090 - INFO - Encoding 125 paper sentences
2025-05-04 04:36:55,427 - INFO - Using default tokenizer.
2025-05-04 04:36:55,997 - INFO - Paper 73414525 ROUGE-1 F1: 0.3416
2025-05-04 04:36:55,997 - INFO - Paper 73414525 ROUGE-2 F1: 0.1023
2025-05-04 04:36:55,997 - INFO - Paper 73414525 ROUGE-L F1: 0.1624
2025-05-04 04:36:56,118 - INFO - Successfully processed paper 73414525, matched 61 sentences
2025-05-04 04:36:56,119 - INFO - Processing paper 74547298
2025-05-04 04:36:56,128 - INFO - Paper 74547298: 154 sentences, Summary: 27 sentences
2025-05-04 04:36:56,128 - INFO - Encoding 154 paper sentences
2025-05-04 04:36:56,412 - INFO - Using default tokenizer.
2025-05-04 04:36:56,995 - INFO - Paper 74547298 ROUGE-1 F1: 0.5550
2025-05-04 04:36:56,995 - INFO - Paper 74547298 ROUGE-2 F1: 0.3048
2025-05-04 04:36:56,996 - INFO - Paper 74547298 ROUGE-L F1: 0.3774
2025-05-04 04:36:57,171 - INFO - Successfully processed paper 74547298, matched 54 sentences
2025-05-04 04:36:57,171 - INFO - Processing paper 8601517
2025-05-04 04:36:57,176 - INFO - Paper 8601517: 233 sentences, Summary: 36 sentences
2025-05-04 04:36:57,176 - INFO - Encoding 233 paper sentences
2025-05-04 04:36:57,589 - INFO - Using default tokenizer.
2025-05-04 04:36:57,944 - INFO - Paper 8601517 ROUGE-1 F1: 0.4247
2025-05-04 04:36:57,944 - INFO - Paper 8601517 ROUGE-2 F1: 0.1403
2025-05-04 04:36:57,944 - INFO - Paper 8601517 ROUGE-L F1: 0.2093
2025-05-04 04:36:58,071 - INFO - Successfully processed paper 8601517, matched 77 sentences
2025-05-04 04:36:58,071 - INFO - Processing paper 26105266
2025-05-04 04:36:58,076 - INFO - Paper 26105266: 164 sentences, Summary: 62 sentences
2025-05-04 04:36:58,076 - INFO - Encoding 164 paper sentences
2025-05-04 04:36:58,600 - INFO - Using default tokenizer.
2025-05-04 04:36:59,148 - INFO - Paper 26105266 ROUGE-1 F1: 0.4059
2025-05-04 04:36:59,148 - INFO - Paper 26105266 ROUGE-2 F1: 0.1164
2025-05-04 04:36:59,148 - INFO - Paper 26105266 ROUGE-L F1: 0.1786
2025-05-04 04:36:59,270 - INFO - Successfully processed paper 26105266, matched 80 sentences
2025-05-04 04:36:59,271 - INFO - Processing paper 85933068
2025-05-04 04:36:59,274 - INFO - Paper 85933068: 163 sentences, Summary: 14 sentences
2025-05-04 04:36:59,274 - INFO - Encoding 163 paper sentences
2025-05-04 04:36:59,466 - INFO - Using default tokenizer.
2025-05-04 04:36:59,539 - INFO - Paper 85933068 ROUGE-1 F1: 0.4332
2025-05-04 04:36:59,539 - INFO - Paper 85933068 ROUGE-2 F1: 0.1379
2025-05-04 04:36:59,539 - INFO - Paper 85933068 ROUGE-L F1: 0.2126
2025-05-04 04:36:59,661 - INFO - Successfully processed paper 85933068, matched 28 sentences
2025-05-04 04:36:59,661 - INFO - Processing paper 97381495
2025-05-04 04:36:59,678 - INFO - Paper 97381495: 546 sentences, Summary: 58 sentences
2025-05-04 04:36:59,678 - INFO - Encoding 546 paper sentences
2025-05-04 04:37:00,514 - INFO - Using default tokenizer.
2025-05-04 04:37:01,614 - INFO - Paper 97381495 ROUGE-1 F1: 0.5796
2025-05-04 04:37:01,615 - INFO - Paper 97381495 ROUGE-2 F1: 0.4655
2025-05-04 04:37:01,615 - INFO - Paper 97381495 ROUGE-L F1: 0.4859
2025-05-04 04:37:01,772 - INFO - Successfully processed paper 97381495, matched 134 sentences
2025-05-04 04:37:01,773 - INFO - Processing paper 32533290
2025-05-04 04:37:01,777 - INFO - Paper 32533290: 158 sentences, Summary: 65 sentences
2025-05-04 04:37:01,778 - INFO - Encoding 158 paper sentences
2025-05-04 04:37:02,331 - INFO - Using default tokenizer.
2025-05-04 04:37:03,000 - INFO - Paper 32533290 ROUGE-1 F1: 0.3841
2025-05-04 04:37:03,000 - INFO - Paper 32533290 ROUGE-2 F1: 0.1143
2025-05-04 04:37:03,000 - INFO - Paper 32533290 ROUGE-L F1: 0.1846
2025-05-04 04:37:03,127 - INFO - Successfully processed paper 32533290, matched 110 sentences
2025-05-04 04:37:03,128 - INFO - Processing paper 3517250
2025-05-04 04:37:03,131 - INFO - Paper 3517250: 161 sentences, Summary: 15 sentences
2025-05-04 04:37:03,131 - INFO - Encoding 161 paper sentences
2025-05-04 04:37:03,352 - INFO - Using default tokenizer.
2025-05-04 04:37:03,419 - INFO - Paper 3517250 ROUGE-1 F1: 0.4017
2025-05-04 04:37:03,419 - INFO - Paper 3517250 ROUGE-2 F1: 0.1264
2025-05-04 04:37:03,419 - INFO - Paper 3517250 ROUGE-L F1: 0.2061
2025-05-04 04:37:03,538 - INFO - Successfully processed paper 3517250, matched 25 sentences
2025-05-04 04:37:03,538 - INFO - Processing paper 78861774
2025-05-04 04:37:03,544 - INFO - Paper 78861774: 237 sentences, Summary: 39 sentences
2025-05-04 04:37:03,544 - INFO - Encoding 237 paper sentences
2025-05-04 04:37:03,946 - INFO - Using default tokenizer.
2025-05-04 04:37:04,391 - INFO - Paper 78861774 ROUGE-1 F1: 0.4028
2025-05-04 04:37:04,391 - INFO - Paper 78861774 ROUGE-2 F1: 0.2166
2025-05-04 04:37:04,392 - INFO - Paper 78861774 ROUGE-L F1: 0.2795
2025-05-04 04:37:04,517 - INFO - Successfully processed paper 78861774, matched 89 sentences
2025-05-04 04:37:04,518 - INFO - Processing paper 25766140
2025-05-04 04:37:04,528 - INFO - Paper 25766140: 440 sentences, Summary: 52 sentences
2025-05-04 04:37:04,528 - INFO - Encoding 440 paper sentences
2025-05-04 04:37:05,266 - INFO - Using default tokenizer.
2025-05-04 04:37:06,566 - INFO - Paper 25766140 ROUGE-1 F1: 0.4789
2025-05-04 04:37:06,567 - INFO - Paper 25766140 ROUGE-2 F1: 0.2904
2025-05-04 04:37:06,567 - INFO - Paper 25766140 ROUGE-L F1: 0.3197
2025-05-04 04:37:06,698 - INFO - Successfully processed paper 25766140, matched 126 sentences
2025-05-04 04:37:06,698 - INFO - Processing paper 81535007
2025-05-04 04:37:06,704 - INFO - Paper 81535007: 266 sentences, Summary: 16 sentences
2025-05-04 04:37:06,704 - INFO - Encoding 266 paper sentences
2025-05-04 04:37:06,969 - INFO - Using default tokenizer.
2025-05-04 04:37:07,085 - INFO - Paper 81535007 ROUGE-1 F1: 0.4537
2025-05-04 04:37:07,085 - INFO - Paper 81535007 ROUGE-2 F1: 0.1434
2025-05-04 04:37:07,085 - INFO - Paper 81535007 ROUGE-L F1: 0.1866
2025-05-04 04:37:07,240 - INFO - Successfully processed paper 81535007, matched 30 sentences
2025-05-04 04:37:07,241 - INFO - Skipping 65847395 - not in valid IDs
2025-05-04 04:37:07,241 - INFO - Processing paper 99341732
2025-05-04 04:37:07,252 - INFO - Paper 99341732: 563 sentences, Summary: 60 sentences
2025-05-04 04:37:07,253 - INFO - Encoding 563 paper sentences
2025-05-04 04:37:08,140 - INFO - Using default tokenizer.
2025-05-04 04:37:09,593 - INFO - Paper 99341732 ROUGE-1 F1: 0.4936
2025-05-04 04:37:09,593 - INFO - Paper 99341732 ROUGE-2 F1: 0.3000
2025-05-04 04:37:09,593 - INFO - Paper 99341732 ROUGE-L F1: 0.3426
2025-05-04 04:37:09,735 - INFO - Successfully processed paper 99341732, matched 153 sentences
2025-05-04 04:37:09,735 - INFO - Processing paper 16280529
2025-05-04 04:37:09,736 - INFO - Paper 16280529: 36 sentences, Summary: 21 sentences
2025-05-04 04:37:09,736 - INFO - Encoding 36 paper sentences
2025-05-04 04:37:09,931 - INFO - Using default tokenizer.
2025-05-04 04:37:10,043 - INFO - Paper 16280529 ROUGE-1 F1: 0.4211
2025-05-04 04:37:10,043 - INFO - Paper 16280529 ROUGE-2 F1: 0.0653
2025-05-04 04:37:10,043 - INFO - Paper 16280529 ROUGE-L F1: 0.1868
2025-05-04 04:37:10,173 - INFO - Successfully processed paper 16280529, matched 22 sentences
2025-05-04 04:37:10,174 - INFO - Processing paper 40883301
2025-05-04 04:37:10,178 - INFO - Paper 40883301: 172 sentences, Summary: 59 sentences
2025-05-04 04:37:10,178 - INFO - Encoding 172 paper sentences
2025-05-04 04:37:10,735 - INFO - Using default tokenizer.
2025-05-04 04:37:11,397 - INFO - Paper 40883301 ROUGE-1 F1: 0.4087
2025-05-04 04:37:11,397 - INFO - Paper 40883301 ROUGE-2 F1: 0.1262
2025-05-04 04:37:11,397 - INFO - Paper 40883301 ROUGE-L F1: 0.1980
2025-05-04 04:37:11,532 - INFO - Successfully processed paper 40883301, matched 89 sentences
2025-05-04 04:37:11,533 - INFO - Processing paper 18304114
2025-05-04 04:37:11,537 - INFO - Paper 18304114: 198 sentences, Summary: 14 sentences
2025-05-04 04:37:11,537 - INFO - Encoding 198 paper sentences
2025-05-04 04:37:11,732 - INFO - Using default tokenizer.
2025-05-04 04:37:11,780 - INFO - Paper 18304114 ROUGE-1 F1: 0.3780
2025-05-04 04:37:11,780 - INFO - Paper 18304114 ROUGE-2 F1: 0.0577
2025-05-04 04:37:11,780 - INFO - Paper 18304114 ROUGE-L F1: 0.1552
2025-05-04 04:37:11,909 - INFO - Successfully processed paper 18304114, matched 28 sentences
2025-05-04 04:37:11,910 - INFO - Processing paper 41467472
2025-05-04 04:37:11,915 - INFO - Paper 41467472: 272 sentences, Summary: 6 sentences
2025-05-04 04:37:11,915 - INFO - Encoding 272 paper sentences
2025-05-04 04:37:12,108 - INFO - Using default tokenizer.
2025-05-04 04:37:12,130 - INFO - Paper 41467472 ROUGE-1 F1: 0.3493
2025-05-04 04:37:12,130 - INFO - Paper 41467472 ROUGE-2 F1: 0.0738
2025-05-04 04:37:12,130 - INFO - Paper 41467472 ROUGE-L F1: 0.1912
2025-05-04 04:37:12,265 - INFO - Successfully processed paper 41467472, matched 14 sentences
2025-05-04 04:37:12,265 - INFO - Processing paper 98238949
2025-05-04 04:37:12,270 - INFO - Paper 98238949: 230 sentences, Summary: 24 sentences
2025-05-04 04:37:12,270 - INFO - Encoding 230 paper sentences
2025-05-04 04:37:12,540 - INFO - Using default tokenizer.
2025-05-04 04:37:12,699 - INFO - Paper 98238949 ROUGE-1 F1: 0.4342
2025-05-04 04:37:12,699 - INFO - Paper 98238949 ROUGE-2 F1: 0.2037
2025-05-04 04:37:12,699 - INFO - Paper 98238949 ROUGE-L F1: 0.2767
2025-05-04 04:37:12,821 - INFO - Successfully processed paper 98238949, matched 46 sentences
2025-05-04 04:37:12,822 - INFO - Processing paper 47257042
2025-05-04 04:37:12,829 - INFO - Paper 47257042: 336 sentences, Summary: 16 sentences
2025-05-04 04:37:12,829 - INFO - Encoding 336 paper sentences
2025-05-04 04:37:13,105 - INFO - Using default tokenizer.
2025-05-04 04:37:13,226 - INFO - Paper 47257042 ROUGE-1 F1: 0.3552
2025-05-04 04:37:13,226 - INFO - Paper 47257042 ROUGE-2 F1: 0.1536
2025-05-04 04:37:13,226 - INFO - Paper 47257042 ROUGE-L F1: 0.2170
2025-05-04 04:37:13,370 - INFO - Successfully processed paper 47257042, matched 43 sentences
2025-05-04 04:37:13,371 - INFO - Processing paper 91200961
2025-05-04 04:37:13,377 - INFO - Paper 91200961: 230 sentences, Summary: 83 sentences
2025-05-04 04:37:13,377 - INFO - Encoding 230 paper sentences
2025-05-04 04:37:14,131 - INFO - Using default tokenizer.
2025-05-04 04:37:15,345 - INFO - Paper 91200961 ROUGE-1 F1: 0.4645
2025-05-04 04:37:15,345 - INFO - Paper 91200961 ROUGE-2 F1: 0.1774
2025-05-04 04:37:15,345 - INFO - Paper 91200961 ROUGE-L F1: 0.2160
2025-05-04 04:37:15,506 - INFO - Successfully processed paper 91200961, matched 139 sentences
2025-05-04 04:37:15,506 - INFO - Processing paper 37479343
2025-05-04 04:37:15,521 - INFO - Paper 37479343: 576 sentences, Summary: 60 sentences
2025-05-04 04:37:15,521 - INFO - Encoding 576 paper sentences
2025-05-04 04:37:16,500 - INFO - Using default tokenizer.
2025-05-04 04:37:18,043 - INFO - Paper 37479343 ROUGE-1 F1: 0.4779
2025-05-04 04:37:18,043 - INFO - Paper 37479343 ROUGE-2 F1: 0.2736
2025-05-04 04:37:18,044 - INFO - Paper 37479343 ROUGE-L F1: 0.3070
2025-05-04 04:37:18,196 - INFO - Successfully processed paper 37479343, matched 126 sentences
2025-05-04 04:37:18,197 - INFO - Processing paper 48091191
2025-05-04 04:37:18,201 - INFO - Paper 48091191: 176 sentences, Summary: 40 sentences
2025-05-04 04:37:18,201 - INFO - Encoding 176 paper sentences
2025-05-04 04:37:18,578 - INFO - Using default tokenizer.
2025-05-04 04:37:19,406 - INFO - Paper 48091191 ROUGE-1 F1: 0.4462
2025-05-04 04:37:19,406 - INFO - Paper 48091191 ROUGE-2 F1: 0.2708
2025-05-04 04:37:19,406 - INFO - Paper 48091191 ROUGE-L F1: 0.3112
2025-05-04 04:37:19,552 - INFO - Successfully processed paper 48091191, matched 97 sentences
2025-05-04 04:37:19,552 - INFO - Processing paper 17754953
2025-05-04 04:37:19,560 - INFO - Paper 17754953: 342 sentences, Summary: 59 sentences
2025-05-04 04:37:19,560 - INFO - Encoding 342 paper sentences
2025-05-04 04:37:20,245 - INFO - Using default tokenizer.
2025-05-04 04:37:21,800 - INFO - Paper 17754953 ROUGE-1 F1: 0.4627
2025-05-04 04:37:21,800 - INFO - Paper 17754953 ROUGE-2 F1: 0.3138
2025-05-04 04:37:21,800 - INFO - Paper 17754953 ROUGE-L F1: 0.3588
2025-05-04 04:37:21,970 - INFO - Successfully processed paper 17754953, matched 158 sentences
2025-05-04 04:37:21,970 - INFO - Processing paper 17409856
2025-05-04 04:37:21,975 - INFO - Paper 17409856: 226 sentences, Summary: 31 sentences
2025-05-04 04:37:21,975 - INFO - Encoding 226 paper sentences
2025-05-04 04:37:22,325 - INFO - Using default tokenizer.
2025-05-04 04:37:22,734 - INFO - Paper 17409856 ROUGE-1 F1: 0.3646
2025-05-04 04:37:22,734 - INFO - Paper 17409856 ROUGE-2 F1: 0.1860
2025-05-04 04:37:22,734 - INFO - Paper 17409856 ROUGE-L F1: 0.2322
2025-05-04 04:37:22,904 - INFO - Successfully processed paper 17409856, matched 74 sentences
2025-05-04 04:37:22,905 - INFO - Processing paper 32560739
2025-05-04 04:37:22,915 - INFO - Paper 32560739: 417 sentences, Summary: 11 sentences
2025-05-04 04:37:22,915 - INFO - Encoding 417 paper sentences
2025-05-04 04:37:23,206 - INFO - Using default tokenizer.
2025-05-04 04:37:23,293 - INFO - Paper 32560739 ROUGE-1 F1: 0.4972
2025-05-04 04:37:23,293 - INFO - Paper 32560739 ROUGE-2 F1: 0.2621
2025-05-04 04:37:23,293 - INFO - Paper 32560739 ROUGE-L F1: 0.3191
2025-05-04 04:37:23,443 - INFO - Successfully processed paper 32560739, matched 27 sentences
2025-05-04 04:37:23,443 - INFO - Processing paper 94730041
2025-05-04 04:37:23,455 - INFO - Paper 94730041: 218 sentences, Summary: 25 sentences
2025-05-04 04:37:23,455 - INFO - Encoding 218 paper sentences
2025-05-04 04:37:23,770 - INFO - Using default tokenizer.
2025-05-04 04:37:24,002 - INFO - Paper 94730041 ROUGE-1 F1: 0.4348
2025-05-04 04:37:24,002 - INFO - Paper 94730041 ROUGE-2 F1: 0.1348
2025-05-04 04:37:24,002 - INFO - Paper 94730041 ROUGE-L F1: 0.2030
2025-05-04 04:37:24,155 - INFO - Successfully processed paper 94730041, matched 51 sentences
2025-05-04 04:37:24,156 - INFO - Processing paper 23313716
2025-05-04 04:37:24,166 - INFO - Paper 23313716: 467 sentences, Summary: 60 sentences
2025-05-04 04:37:24,166 - INFO - Encoding 467 paper sentences
2025-05-04 04:37:24,973 - INFO - Using default tokenizer.
2025-05-04 04:37:26,233 - INFO - Paper 23313716 ROUGE-1 F1: 0.5206
2025-05-04 04:37:26,233 - INFO - Paper 23313716 ROUGE-2 F1: 0.3534
2025-05-04 04:37:26,233 - INFO - Paper 23313716 ROUGE-L F1: 0.3883
2025-05-04 04:37:26,382 - INFO - Successfully processed paper 23313716, matched 131 sentences
2025-05-04 04:37:26,382 - INFO - Processing paper 78841597
2025-05-04 04:37:26,391 - INFO - Paper 78841597: 438 sentences, Summary: 25 sentences
2025-05-04 04:37:26,391 - INFO - Encoding 438 paper sentences
2025-05-04 04:37:26,773 - INFO - Using default tokenizer.
2025-05-04 04:37:27,024 - INFO - Paper 78841597 ROUGE-1 F1: 0.4760
2025-05-04 04:37:27,025 - INFO - Paper 78841597 ROUGE-2 F1: 0.2299
2025-05-04 04:37:27,025 - INFO - Paper 78841597 ROUGE-L F1: 0.2933
2025-05-04 04:37:27,177 - INFO - Successfully processed paper 78841597, matched 59 sentences
2025-05-04 04:37:27,177 - INFO - Processing paper 76514111
2025-05-04 04:37:27,180 - INFO - Paper 76514111: 91 sentences, Summary: 25 sentences
2025-05-04 04:37:27,180 - INFO - Encoding 91 paper sentences
2025-05-04 04:37:27,388 - INFO - Using default tokenizer.
2025-05-04 04:37:27,485 - INFO - Paper 76514111 ROUGE-1 F1: 0.3232
2025-05-04 04:37:27,485 - INFO - Paper 76514111 ROUGE-2 F1: 0.0859
2025-05-04 04:37:27,485 - INFO - Paper 76514111 ROUGE-L F1: 0.1946
2025-05-04 04:37:27,659 - INFO - Successfully processed paper 76514111, matched 36 sentences
2025-05-04 04:37:27,660 - INFO - Processing paper 16027177
2025-05-04 04:37:27,669 - INFO - Paper 16027177: 386 sentences, Summary: 62 sentences
2025-05-04 04:37:27,669 - INFO - Encoding 386 paper sentences
2025-05-04 04:37:28,426 - INFO - Using default tokenizer.
2025-05-04 04:37:29,533 - INFO - Paper 16027177 ROUGE-1 F1: 0.4959
2025-05-04 04:37:29,533 - INFO - Paper 16027177 ROUGE-2 F1: 0.1868
2025-05-04 04:37:29,534 - INFO - Paper 16027177 ROUGE-L F1: 0.2543
2025-05-04 04:37:29,727 - INFO - Successfully processed paper 16027177, matched 115 sentences
2025-05-04 04:37:29,727 - INFO - Skipping 93106503 - not in valid IDs
2025-05-04 04:37:29,727 - INFO - Processing paper 88246188
2025-05-04 04:37:29,737 - INFO - Paper 88246188: 443 sentences, Summary: 87 sentences
2025-05-04 04:37:29,737 - INFO - Encoding 443 paper sentences
2025-05-04 04:37:30,735 - INFO - Using default tokenizer.
2025-05-04 04:37:31,760 - INFO - Paper 88246188 ROUGE-1 F1: 0.4487
2025-05-04 04:37:31,760 - INFO - Paper 88246188 ROUGE-2 F1: 0.1166
2025-05-04 04:37:31,760 - INFO - Paper 88246188 ROUGE-L F1: 0.1798
2025-05-04 04:37:31,924 - INFO - Successfully processed paper 88246188, matched 154 sentences
2025-05-04 04:37:31,925 - INFO - Processing paper 58793266
2025-05-04 04:37:31,929 - INFO - Paper 58793266: 165 sentences, Summary: 32 sentences
2025-05-04 04:37:31,929 - INFO - Encoding 165 paper sentences
2025-05-04 04:37:32,273 - INFO - Using default tokenizer.
2025-05-04 04:37:32,512 - INFO - Paper 58793266 ROUGE-1 F1: 0.4901
2025-05-04 04:37:32,513 - INFO - Paper 58793266 ROUGE-2 F1: 0.0853
2025-05-04 04:37:32,513 - INFO - Paper 58793266 ROUGE-L F1: 0.1774
2025-05-04 04:37:32,670 - INFO - Successfully processed paper 58793266, matched 46 sentences
2025-05-04 04:37:32,670 - INFO - Skipping 59963771 - not in valid IDs
2025-05-04 04:37:32,670 - INFO - Processing paper 96831204
2025-05-04 04:37:32,675 - INFO - Paper 96831204: 210 sentences, Summary: 19 sentences
2025-05-04 04:37:32,675 - INFO - Encoding 210 paper sentences
2025-05-04 04:37:32,938 - INFO - Using default tokenizer.
2025-05-04 04:37:33,052 - INFO - Paper 96831204 ROUGE-1 F1: 0.4771
2025-05-04 04:37:33,053 - INFO - Paper 96831204 ROUGE-2 F1: 0.1614
2025-05-04 04:37:33,053 - INFO - Paper 96831204 ROUGE-L F1: 0.2417
2025-05-04 04:37:33,212 - INFO - Successfully processed paper 96831204, matched 31 sentences
2025-05-04 04:37:33,213 - INFO - Processing paper 71225651
2025-05-04 04:37:33,217 - INFO - Paper 71225651: 177 sentences, Summary: 24 sentences
2025-05-04 04:37:33,217 - INFO - Encoding 177 paper sentences
2025-05-04 04:37:33,486 - INFO - Using default tokenizer.
2025-05-04 04:37:33,590 - INFO - Paper 71225651 ROUGE-1 F1: 0.3344
2025-05-04 04:37:33,590 - INFO - Paper 71225651 ROUGE-2 F1: 0.0710
2025-05-04 04:37:33,590 - INFO - Paper 71225651 ROUGE-L F1: 0.1680
2025-05-04 04:37:33,750 - INFO - Successfully processed paper 71225651, matched 29 sentences
2025-05-04 04:37:33,750 - INFO - Skipping 8240954 - not in valid IDs
2025-05-04 04:37:33,750 - INFO - Processing paper 17675091
2025-05-04 04:37:33,757 - INFO - Paper 17675091: 270 sentences, Summary: 50 sentences
2025-05-04 04:37:33,757 - INFO - Encoding 270 paper sentences
2025-05-04 04:37:34,267 - INFO - Using default tokenizer.
2025-05-04 04:37:34,581 - INFO - Paper 17675091 ROUGE-1 F1: 0.4752
2025-05-04 04:37:34,581 - INFO - Paper 17675091 ROUGE-2 F1: 0.1245
2025-05-04 04:37:34,581 - INFO - Paper 17675091 ROUGE-L F1: 0.1957
2025-05-04 04:37:34,746 - INFO - Successfully processed paper 17675091, matched 80 sentences
2025-05-04 04:37:34,746 - INFO - Processing paper 25809281
2025-05-04 04:37:34,749 - INFO - Paper 25809281: 113 sentences, Summary: 7 sentences
2025-05-04 04:37:34,749 - INFO - Encoding 113 paper sentences
2025-05-04 04:37:34,851 - INFO - Using default tokenizer.
2025-05-04 04:37:34,882 - INFO - Paper 25809281 ROUGE-1 F1: 0.3799
2025-05-04 04:37:34,882 - INFO - Paper 25809281 ROUGE-2 F1: 0.1386
2025-05-04 04:37:34,882 - INFO - Paper 25809281 ROUGE-L F1: 0.2104
2025-05-04 04:37:35,049 - INFO - Successfully processed paper 25809281, matched 19 sentences
2025-05-04 04:37:35,049 - INFO - Processing paper 7120002
2025-05-04 04:37:35,054 - INFO - Paper 7120002: 199 sentences, Summary: 23 sentences
2025-05-04 04:37:35,054 - INFO - Encoding 199 paper sentences
2025-05-04 04:37:35,316 - INFO - Using default tokenizer.
2025-05-04 04:37:35,527 - INFO - Paper 7120002 ROUGE-1 F1: 0.3981
2025-05-04 04:37:35,527 - INFO - Paper 7120002 ROUGE-2 F1: 0.1779
2025-05-04 04:37:35,527 - INFO - Paper 7120002 ROUGE-L F1: 0.2523
2025-05-04 04:37:35,692 - INFO - Successfully processed paper 7120002, matched 59 sentences
2025-05-04 04:37:35,692 - INFO - Processing paper 8136900
2025-05-04 04:37:35,698 - INFO - Paper 8136900: 286 sentences, Summary: 10 sentences
2025-05-04 04:37:35,698 - INFO - Encoding 286 paper sentences
2025-05-04 04:37:35,912 - INFO - Using default tokenizer.
2025-05-04 04:37:35,955 - INFO - Paper 8136900 ROUGE-1 F1: 0.3316
2025-05-04 04:37:35,955 - INFO - Paper 8136900 ROUGE-2 F1: 0.0519
2025-05-04 04:37:35,955 - INFO - Paper 8136900 ROUGE-L F1: 0.1658
2025-05-04 04:37:36,157 - INFO - Successfully processed paper 8136900, matched 22 sentences
2025-05-04 04:37:36,158 - INFO - Processing paper 30189879
2025-05-04 04:37:36,163 - INFO - Paper 30189879: 232 sentences, Summary: 34 sentences
2025-05-04 04:37:36,163 - INFO - Encoding 232 paper sentences
2025-05-04 04:37:36,539 - INFO - Using default tokenizer.
2025-05-04 04:37:36,997 - INFO - Paper 30189879 ROUGE-1 F1: 0.3695
2025-05-04 04:37:36,998 - INFO - Paper 30189879 ROUGE-2 F1: 0.1986
2025-05-04 04:37:36,998 - INFO - Paper 30189879 ROUGE-L F1: 0.2555
2025-05-04 04:37:37,207 - INFO - Successfully processed paper 30189879, matched 88 sentences
2025-05-04 04:37:37,207 - INFO - Processing paper 8151447
2025-05-04 04:37:37,213 - INFO - Paper 8151447: 265 sentences, Summary: 49 sentences
2025-05-04 04:37:37,213 - INFO - Encoding 265 paper sentences
2025-05-04 04:37:37,754 - INFO - Using default tokenizer.
2025-05-04 04:37:38,587 - INFO - Paper 8151447 ROUGE-1 F1: 0.5004
2025-05-04 04:37:38,587 - INFO - Paper 8151447 ROUGE-2 F1: 0.2830
2025-05-04 04:37:38,587 - INFO - Paper 8151447 ROUGE-L F1: 0.3295
2025-05-04 04:37:38,780 - INFO - Successfully processed paper 8151447, matched 89 sentences
2025-05-04 04:37:38,781 - INFO - Processing paper 36278339
2025-05-04 04:37:38,792 - INFO - Paper 36278339: 204 sentences, Summary: 21 sentences
2025-05-04 04:37:38,792 - INFO - Encoding 204 paper sentences
2025-05-04 04:37:39,062 - INFO - Using default tokenizer.
2025-05-04 04:37:39,243 - INFO - Paper 36278339 ROUGE-1 F1: 0.3364
2025-05-04 04:37:39,243 - INFO - Paper 36278339 ROUGE-2 F1: 0.1521
2025-05-04 04:37:39,243 - INFO - Paper 36278339 ROUGE-L F1: 0.2116
2025-05-04 04:37:39,418 - INFO - Successfully processed paper 36278339, matched 52 sentences
2025-05-04 04:37:39,419 - INFO - Processing paper 17601393
2025-05-04 04:37:39,424 - INFO - Paper 17601393: 197 sentences, Summary: 63 sentences
2025-05-04 04:37:39,424 - INFO - Encoding 197 paper sentences
2025-05-04 04:37:39,987 - INFO - Using default tokenizer.
2025-05-04 04:37:41,255 - INFO - Paper 17601393 ROUGE-1 F1: 0.5386
2025-05-04 04:37:41,255 - INFO - Paper 17601393 ROUGE-2 F1: 0.3191
2025-05-04 04:37:41,255 - INFO - Paper 17601393 ROUGE-L F1: 0.3547
2025-05-04 04:37:41,443 - INFO - Successfully processed paper 17601393, matched 125 sentences
2025-05-04 04:37:41,443 - INFO - Processing paper 8799962
2025-05-04 04:37:41,451 - INFO - Paper 8799962: 303 sentences, Summary: 16 sentences
2025-05-04 04:37:41,451 - INFO - Encoding 303 paper sentences
2025-05-04 04:37:41,738 - INFO - Using default tokenizer.
2025-05-04 04:37:41,864 - INFO - Paper 8799962 ROUGE-1 F1: 0.3635
2025-05-04 04:37:41,864 - INFO - Paper 8799962 ROUGE-2 F1: 0.1319
2025-05-04 04:37:41,865 - INFO - Paper 8799962 ROUGE-L F1: 0.2003
2025-05-04 04:37:42,037 - INFO - Successfully processed paper 8799962, matched 38 sentences
2025-05-04 04:37:42,038 - INFO - Processing paper 40774761
2025-05-04 04:37:42,046 - INFO - Paper 40774761: 429 sentences, Summary: 5 sentences
2025-05-04 04:37:42,046 - INFO - Encoding 429 paper sentences
2025-05-04 04:37:42,266 - INFO - Using default tokenizer.
2025-05-04 04:37:42,284 - INFO - Paper 40774761 ROUGE-1 F1: 0.3982
2025-05-04 04:37:42,284 - INFO - Paper 40774761 ROUGE-2 F1: 0.0989
2025-05-04 04:37:42,284 - INFO - Paper 40774761 ROUGE-L F1: 0.1969
2025-05-04 04:37:42,466 - INFO - Successfully processed paper 40774761, matched 11 sentences
2025-05-04 04:37:42,466 - INFO - Processing paper 89767636
2025-05-04 04:37:42,485 - INFO - Paper 89767636: 587 sentences, Summary: 27 sentences
2025-05-04 04:37:42,485 - INFO - Encoding 587 paper sentences
2025-05-04 04:37:42,996 - INFO - Using default tokenizer.
2025-05-04 04:37:43,194 - INFO - Paper 89767636 ROUGE-1 F1: 0.4867
2025-05-04 04:37:43,194 - INFO - Paper 89767636 ROUGE-2 F1: 0.2874
2025-05-04 04:37:43,194 - INFO - Paper 89767636 ROUGE-L F1: 0.3615
2025-05-04 04:37:43,359 - INFO - Successfully processed paper 89767636, matched 58 sentences
2025-05-04 04:37:43,359 - INFO - Processing paper 86524123
2025-05-04 04:37:43,365 - INFO - Paper 86524123: 250 sentences, Summary: 32 sentences
2025-05-04 04:37:43,365 - INFO - Encoding 250 paper sentences
2025-05-04 04:37:43,709 - INFO - Using default tokenizer.
2025-05-04 04:37:43,909 - INFO - Paper 86524123 ROUGE-1 F1: 0.4109
2025-05-04 04:37:43,909 - INFO - Paper 86524123 ROUGE-2 F1: 0.1197
2025-05-04 04:37:43,909 - INFO - Paper 86524123 ROUGE-L F1: 0.1966
2025-05-04 04:37:44,102 - INFO - Successfully processed paper 86524123, matched 57 sentences
2025-05-04 04:37:44,102 - INFO - Processing paper 68399070
2025-05-04 04:37:44,111 - INFO - Paper 68399070: 330 sentences, Summary: 68 sentences
2025-05-04 04:37:44,111 - INFO - Encoding 330 paper sentences
2025-05-04 04:37:44,811 - INFO - Using default tokenizer.
2025-05-04 04:37:45,693 - INFO - Paper 68399070 ROUGE-1 F1: 0.4639
2025-05-04 04:37:45,693 - INFO - Paper 68399070 ROUGE-2 F1: 0.1418
2025-05-04 04:37:45,693 - INFO - Paper 68399070 ROUGE-L F1: 0.2174
2025-05-04 04:37:45,868 - INFO - Successfully processed paper 68399070, matched 108 sentences
2025-05-04 04:37:45,869 - INFO - Processing paper 11836666
2025-05-04 04:37:45,880 - INFO - Paper 11836666: 248 sentences, Summary: 24 sentences
2025-05-04 04:37:45,880 - INFO - Encoding 248 paper sentences
2025-05-04 04:37:46,176 - INFO - Using default tokenizer.
2025-05-04 04:37:46,326 - INFO - Paper 11836666 ROUGE-1 F1: 0.4401
2025-05-04 04:37:46,326 - INFO - Paper 11836666 ROUGE-2 F1: 0.1116
2025-05-04 04:37:46,326 - INFO - Paper 11836666 ROUGE-L F1: 0.1975
2025-05-04 04:37:46,497 - INFO - Successfully processed paper 11836666, matched 35 sentences
2025-05-04 04:37:46,497 - INFO - Processing paper 54139177
2025-05-04 04:37:46,506 - INFO - Paper 54139177: 408 sentences, Summary: 24 sentences
2025-05-04 04:37:46,506 - INFO - Encoding 408 paper sentences
2025-05-04 04:37:53,877 - INFO - Using default tokenizer.
2025-05-04 04:37:54,171 - INFO - Paper 54139177 ROUGE-1 F1: 0.4992
2025-05-04 04:37:54,171 - INFO - Paper 54139177 ROUGE-2 F1: 0.2964
2025-05-04 04:37:54,171 - INFO - Paper 54139177 ROUGE-L F1: 0.3382
2025-05-04 04:37:54,358 - INFO - Successfully processed paper 54139177, matched 56 sentences
2025-05-04 04:37:54,358 - INFO - Processing paper 61298922
2025-05-04 04:37:54,372 - INFO - Paper 61298922: 596 sentences, Summary: 64 sentences
2025-05-04 04:37:54,372 - INFO - Encoding 596 paper sentences
2025-05-04 04:37:55,348 - INFO - Using default tokenizer.
2025-05-04 04:37:57,224 - INFO - Paper 61298922 ROUGE-1 F1: 0.4997
2025-05-04 04:37:57,224 - INFO - Paper 61298922 ROUGE-2 F1: 0.2956
2025-05-04 04:37:57,224 - INFO - Paper 61298922 ROUGE-L F1: 0.3246
2025-05-04 04:37:57,429 - INFO - Successfully processed paper 61298922, matched 171 sentences
2025-05-04 04:37:57,429 - INFO - Processing paper 30995172
2025-05-04 04:37:57,440 - INFO - Paper 30995172: 472 sentences, Summary: 52 sentences
2025-05-04 04:37:57,440 - INFO - Encoding 472 paper sentences
2025-05-04 04:37:58,136 - INFO - Using default tokenizer.
2025-05-04 04:37:59,321 - INFO - Paper 30995172 ROUGE-1 F1: 0.4889
2025-05-04 04:37:59,321 - INFO - Paper 30995172 ROUGE-2 F1: 0.3490
2025-05-04 04:37:59,321 - INFO - Paper 30995172 ROUGE-L F1: 0.3723
2025-05-04 04:37:59,498 - INFO - Successfully processed paper 30995172, matched 119 sentences
2025-05-04 04:37:59,499 - INFO - Processing paper 42851012
2025-05-04 04:37:59,504 - INFO - Paper 42851012: 245 sentences, Summary: 13 sentences
2025-05-04 04:37:59,504 - INFO - Encoding 245 paper sentences
2025-05-04 04:37:59,715 - INFO - Using default tokenizer.
2025-05-04 04:37:59,752 - INFO - Paper 42851012 ROUGE-1 F1: 0.3606
2025-05-04 04:37:59,753 - INFO - Paper 42851012 ROUGE-2 F1: 0.0779
2025-05-04 04:37:59,753 - INFO - Paper 42851012 ROUGE-L F1: 0.1720
2025-05-04 04:37:59,932 - INFO - Successfully processed paper 42851012, matched 20 sentences
2025-05-04 04:37:59,932 - INFO - Processing paper 43687503
2025-05-04 04:37:59,940 - INFO - Paper 43687503: 364 sentences, Summary: 26 sentences
2025-05-04 04:37:59,940 - INFO - Encoding 364 paper sentences
2025-05-04 04:38:00,353 - INFO - Using default tokenizer.
2025-05-04 04:38:00,432 - INFO - Paper 43687503 ROUGE-1 F1: 0.4211
2025-05-04 04:38:00,432 - INFO - Paper 43687503 ROUGE-2 F1: 0.0889
2025-05-04 04:38:00,432 - INFO - Paper 43687503 ROUGE-L F1: 0.2002
2025-05-04 04:38:00,607 - INFO - Successfully processed paper 43687503, matched 32 sentences
2025-05-04 04:38:00,607 - INFO - Processing paper 32338938
2025-05-04 04:38:00,619 - INFO - Paper 32338938: 383 sentences, Summary: 50 sentences
2025-05-04 04:38:00,619 - INFO - Encoding 383 paper sentences
2025-05-04 04:38:01,259 - INFO - Using default tokenizer.
2025-05-04 04:38:02,473 - INFO - Paper 32338938 ROUGE-1 F1: 0.5732
2025-05-04 04:38:02,473 - INFO - Paper 32338938 ROUGE-2 F1: 0.3401
2025-05-04 04:38:02,473 - INFO - Paper 32338938 ROUGE-L F1: 0.3708
2025-05-04 04:38:02,642 - INFO - Successfully processed paper 32338938, matched 123 sentences
2025-05-04 04:38:02,642 - INFO - Processing paper 62769214
2025-05-04 04:38:02,646 - INFO - Paper 62769214: 152 sentences, Summary: 25 sentences
2025-05-04 04:38:02,646 - INFO - Encoding 152 paper sentences
2025-05-04 04:38:02,880 - INFO - Using default tokenizer.
2025-05-04 04:38:02,991 - INFO - Paper 62769214 ROUGE-1 F1: 0.3981
2025-05-04 04:38:02,991 - INFO - Paper 62769214 ROUGE-2 F1: 0.0860
2025-05-04 04:38:02,991 - INFO - Paper 62769214 ROUGE-L F1: 0.2045
2025-05-04 04:38:03,169 - INFO - Successfully processed paper 62769214, matched 38 sentences
2025-05-04 04:38:03,169 - INFO - Processing paper 7255717
2025-05-04 04:38:03,175 - INFO - Paper 7255717: 257 sentences, Summary: 41 sentences
2025-05-04 04:38:03,175 - INFO - Encoding 257 paper sentences
2025-05-04 04:38:03,624 - INFO - Using default tokenizer.
2025-05-04 04:38:03,899 - INFO - Paper 7255717 ROUGE-1 F1: 0.3961
2025-05-04 04:38:03,900 - INFO - Paper 7255717 ROUGE-2 F1: 0.0840
2025-05-04 04:38:03,900 - INFO - Paper 7255717 ROUGE-L F1: 0.1812
2025-05-04 04:38:04,088 - INFO - Successfully processed paper 7255717, matched 63 sentences
2025-05-04 04:38:04,088 - INFO - Processing paper 24950879
2025-05-04 04:38:04,096 - INFO - Paper 24950879: 350 sentences, Summary: 20 sentences
2025-05-04 04:38:04,096 - INFO - Encoding 350 paper sentences
2025-05-04 04:38:04,394 - INFO - Using default tokenizer.
2025-05-04 04:38:04,516 - INFO - Paper 24950879 ROUGE-1 F1: 0.5463
2025-05-04 04:38:04,516 - INFO - Paper 24950879 ROUGE-2 F1: 0.1621
2025-05-04 04:38:04,517 - INFO - Paper 24950879 ROUGE-L F1: 0.2521
2025-05-04 04:38:04,747 - INFO - Successfully processed paper 24950879, matched 39 sentences
2025-05-04 04:38:04,747 - INFO - Processing paper 97592875
2025-05-04 04:38:04,759 - INFO - Paper 97592875: 589 sentences, Summary: 11 sentences
2025-05-04 04:38:04,759 - INFO - Encoding 589 paper sentences
2025-05-04 04:38:05,106 - INFO - Using default tokenizer.
2025-05-04 04:38:05,121 - INFO - Paper 97592875 ROUGE-1 F1: 0.3800
2025-05-04 04:38:05,121 - INFO - Paper 97592875 ROUGE-2 F1: 0.0811
2025-05-04 04:38:05,122 - INFO - Paper 97592875 ROUGE-L F1: 0.2090
2025-05-04 04:38:05,307 - INFO - Successfully processed paper 97592875, matched 15 sentences
2025-05-04 04:38:05,308 - INFO - Processing paper 66403710
2025-05-04 04:38:05,312 - INFO - Paper 66403710: 211 sentences, Summary: 16 sentences
2025-05-04 04:38:05,312 - INFO - Encoding 211 paper sentences
2025-05-04 04:38:05,541 - INFO - Using default tokenizer.
2025-05-04 04:38:05,610 - INFO - Paper 66403710 ROUGE-1 F1: 0.4859
2025-05-04 04:38:05,611 - INFO - Paper 66403710 ROUGE-2 F1: 0.1022
2025-05-04 04:38:05,611 - INFO - Paper 66403710 ROUGE-L F1: 0.1996
2025-05-04 04:38:05,803 - INFO - Successfully processed paper 66403710, matched 23 sentences
2025-05-04 04:38:05,804 - INFO - Processing paper 52464539
2025-05-04 04:38:05,818 - INFO - Paper 52464539: 584 sentences, Summary: 56 sentences
2025-05-04 04:38:05,818 - INFO - Encoding 584 paper sentences
2025-05-04 04:38:06,662 - INFO - Using default tokenizer.
2025-05-04 04:38:07,992 - INFO - Paper 52464539 ROUGE-1 F1: 0.5137
2025-05-04 04:38:07,992 - INFO - Paper 52464539 ROUGE-2 F1: 0.3557
2025-05-04 04:38:07,992 - INFO - Paper 52464539 ROUGE-L F1: 0.3800
2025-05-04 04:38:08,172 - INFO - Successfully processed paper 52464539, matched 142 sentences
2025-05-04 04:38:08,172 - INFO - Processing paper 66357293
2025-05-04 04:38:08,192 - INFO - Paper 66357293: 751 sentences, Summary: 57 sentences
2025-05-04 04:38:08,192 - INFO - Encoding 751 paper sentences
2025-05-04 04:38:09,196 - INFO - Using default tokenizer.
2025-05-04 04:38:10,487 - INFO - Paper 66357293 ROUGE-1 F1: 0.4714
2025-05-04 04:38:10,487 - INFO - Paper 66357293 ROUGE-2 F1: 0.2509
2025-05-04 04:38:10,487 - INFO - Paper 66357293 ROUGE-L F1: 0.2827
2025-05-04 04:38:10,675 - INFO - Successfully processed paper 66357293, matched 142 sentences
2025-05-04 04:38:10,675 - INFO - Processing paper 87068449
2025-05-04 04:38:10,682 - INFO - Paper 87068449: 294 sentences, Summary: 16 sentences
2025-05-04 04:38:10,682 - INFO - Encoding 294 paper sentences
2025-05-04 04:38:10,928 - INFO - Using default tokenizer.
2025-05-04 04:38:11,064 - INFO - Paper 87068449 ROUGE-1 F1: 0.4461
2025-05-04 04:38:11,064 - INFO - Paper 87068449 ROUGE-2 F1: 0.1862
2025-05-04 04:38:11,064 - INFO - Paper 87068449 ROUGE-L F1: 0.2260
2025-05-04 04:38:11,285 - INFO - Successfully processed paper 87068449, matched 36 sentences
2025-05-04 04:38:11,286 - INFO - Processing paper 12279648
2025-05-04 04:38:11,290 - INFO - Paper 12279648: 187 sentences, Summary: 12 sentences
2025-05-04 04:38:11,290 - INFO - Encoding 187 paper sentences
2025-05-04 04:38:11,470 - INFO - Using default tokenizer.
2025-05-04 04:38:11,580 - INFO - Paper 12279648 ROUGE-1 F1: 0.4174
2025-05-04 04:38:11,580 - INFO - Paper 12279648 ROUGE-2 F1: 0.2083
2025-05-04 04:38:11,580 - INFO - Paper 12279648 ROUGE-L F1: 0.2569
2025-05-04 04:38:11,812 - INFO - Successfully processed paper 12279648, matched 30 sentences
2025-05-04 04:38:11,812 - INFO - Processing paper 87460557
2025-05-04 04:38:11,825 - INFO - Paper 87460557: 806 sentences, Summary: 27 sentences
2025-05-04 04:38:11,825 - INFO - Encoding 806 paper sentences
2025-05-04 04:38:12,415 - INFO - Using default tokenizer.
2025-05-04 04:38:12,730 - INFO - Paper 87460557 ROUGE-1 F1: 0.4543
2025-05-04 04:38:12,730 - INFO - Paper 87460557 ROUGE-2 F1: 0.2738
2025-05-04 04:38:12,730 - INFO - Paper 87460557 ROUGE-L F1: 0.3417
2025-05-04 04:38:12,942 - INFO - Successfully processed paper 87460557, matched 61 sentences
2025-05-04 04:38:12,942 - INFO - Processing paper 93598871
2025-05-04 04:38:12,949 - INFO - Paper 93598871: 298 sentences, Summary: 21 sentences
2025-05-04 04:38:12,949 - INFO - Encoding 298 paper sentences
2025-05-04 04:38:13,271 - INFO - Using default tokenizer.
2025-05-04 04:38:13,453 - INFO - Paper 93598871 ROUGE-1 F1: 0.4899
2025-05-04 04:38:13,454 - INFO - Paper 93598871 ROUGE-2 F1: 0.1265
2025-05-04 04:38:13,454 - INFO - Paper 93598871 ROUGE-L F1: 0.1980
2025-05-04 04:38:13,648 - INFO - Successfully processed paper 93598871, matched 42 sentences
2025-05-04 04:38:13,649 - INFO - Processing paper 10374612
2025-05-04 04:38:13,658 - INFO - Paper 10374612: 375 sentences, Summary: 29 sentences
2025-05-04 04:38:13,658 - INFO - Encoding 375 paper sentences
2025-05-04 04:38:14,076 - INFO - Using default tokenizer.
2025-05-04 04:38:14,517 - INFO - Paper 10374612 ROUGE-1 F1: 0.4389
2025-05-04 04:38:14,517 - INFO - Paper 10374612 ROUGE-2 F1: 0.3183
2025-05-04 04:38:14,517 - INFO - Paper 10374612 ROUGE-L F1: 0.3503
2025-05-04 04:38:14,713 - INFO - Successfully processed paper 10374612, matched 79 sentences
2025-05-04 04:38:14,714 - INFO - Processing paper 63511892
2025-05-04 04:38:14,720 - INFO - Paper 63511892: 295 sentences, Summary: 17 sentences
2025-05-04 04:38:14,720 - INFO - Encoding 295 paper sentences
2025-05-04 04:38:15,023 - INFO - Using default tokenizer.
2025-05-04 04:38:15,155 - INFO - Paper 63511892 ROUGE-1 F1: 0.3630
2025-05-04 04:38:15,155 - INFO - Paper 63511892 ROUGE-2 F1: 0.2264
2025-05-04 04:38:15,155 - INFO - Paper 63511892 ROUGE-L F1: 0.2791
2025-05-04 04:38:15,330 - INFO - Successfully processed paper 63511892, matched 39 sentences
2025-05-04 04:38:15,331 - INFO - Processing paper 1055799
2025-05-04 04:38:15,347 - INFO - Paper 1055799: 458 sentences, Summary: 18 sentences
2025-05-04 04:38:15,347 - INFO - Encoding 458 paper sentences
2025-05-04 04:38:15,788 - INFO - Using default tokenizer.
2025-05-04 04:38:15,932 - INFO - Paper 1055799 ROUGE-1 F1: 0.4064
2025-05-04 04:38:15,932 - INFO - Paper 1055799 ROUGE-2 F1: 0.1236
2025-05-04 04:38:15,932 - INFO - Paper 1055799 ROUGE-L F1: 0.2108
2025-05-04 04:38:16,142 - INFO - Successfully processed paper 1055799, matched 38 sentences
2025-05-04 04:38:16,142 - INFO - Processing paper 99384474
2025-05-04 04:38:16,156 - INFO - Paper 99384474: 676 sentences, Summary: 63 sentences
2025-05-04 04:38:16,156 - INFO - Encoding 676 paper sentences
2025-05-04 04:38:17,194 - INFO - Using default tokenizer.
2025-05-04 04:38:18,838 - INFO - Paper 99384474 ROUGE-1 F1: 0.4647
2025-05-04 04:38:18,838 - INFO - Paper 99384474 ROUGE-2 F1: 0.2721
2025-05-04 04:38:18,838 - INFO - Paper 99384474 ROUGE-L F1: 0.3107
2025-05-04 04:38:19,101 - INFO - Successfully processed paper 99384474, matched 156 sentences
2025-05-04 04:38:19,101 - INFO - Processing paper 82387857
2025-05-04 04:38:19,117 - INFO - Paper 82387857: 739 sentences, Summary: 36 sentences
2025-05-04 04:38:19,117 - INFO - Encoding 739 paper sentences
2025-05-04 04:38:19,852 - INFO - Using default tokenizer.
2025-05-04 04:38:20,293 - INFO - Paper 82387857 ROUGE-1 F1: 0.5499
2025-05-04 04:38:20,293 - INFO - Paper 82387857 ROUGE-2 F1: 0.3019
2025-05-04 04:38:20,293 - INFO - Paper 82387857 ROUGE-L F1: 0.3518
2025-05-04 04:38:20,490 - INFO - Successfully processed paper 82387857, matched 79 sentences
2025-05-04 04:38:20,490 - INFO - Processing paper 37171167
2025-05-04 04:38:20,496 - INFO - Paper 37171167: 263 sentences, Summary: 23 sentences
2025-05-04 04:38:20,496 - INFO - Encoding 263 paper sentences
2025-05-04 04:38:20,801 - INFO - Using default tokenizer.
2025-05-04 04:38:21,026 - INFO - Paper 37171167 ROUGE-1 F1: 0.4237
2025-05-04 04:38:21,026 - INFO - Paper 37171167 ROUGE-2 F1: 0.1455
2025-05-04 04:38:21,027 - INFO - Paper 37171167 ROUGE-L F1: 0.2175
2025-05-04 04:38:21,262 - INFO - Successfully processed paper 37171167, matched 47 sentences
2025-05-04 04:38:21,262 - INFO - Processing paper 11790475
2025-05-04 04:38:21,271 - INFO - Paper 11790475: 393 sentences, Summary: 11 sentences
2025-05-04 04:38:21,271 - INFO - Encoding 393 paper sentences
2025-05-04 04:38:21,629 - INFO - Using default tokenizer.
2025-05-04 04:38:21,699 - INFO - Paper 11790475 ROUGE-1 F1: 0.4704
2025-05-04 04:38:21,699 - INFO - Paper 11790475 ROUGE-2 F1: 0.2115
2025-05-04 04:38:21,699 - INFO - Paper 11790475 ROUGE-L F1: 0.2714
2025-05-04 04:38:21,941 - INFO - Successfully processed paper 11790475, matched 20 sentences
2025-05-04 04:38:21,941 - INFO - Processing paper 45765062
2025-05-04 04:38:21,956 - INFO - Paper 45765062: 494 sentences, Summary: 53 sentences
2025-05-04 04:38:21,956 - INFO - Encoding 494 paper sentences
2025-05-04 04:38:22,713 - INFO - Using default tokenizer.
2025-05-04 04:38:24,063 - INFO - Paper 45765062 ROUGE-1 F1: 0.4591
2025-05-04 04:38:24,063 - INFO - Paper 45765062 ROUGE-2 F1: 0.2976
2025-05-04 04:38:24,063 - INFO - Paper 45765062 ROUGE-L F1: 0.3278
2025-05-04 04:38:24,255 - INFO - Successfully processed paper 45765062, matched 147 sentences
2025-05-04 04:38:24,256 - INFO - Processing paper 91929013
2025-05-04 04:38:24,266 - INFO - Paper 91929013: 207 sentences, Summary: 26 sentences
2025-05-04 04:38:24,266 - INFO - Encoding 207 paper sentences
2025-05-04 04:38:24,578 - INFO - Using default tokenizer.
2025-05-04 04:38:24,786 - INFO - Paper 91929013 ROUGE-1 F1: 0.4839
2025-05-04 04:38:24,787 - INFO - Paper 91929013 ROUGE-2 F1: 0.1693
2025-05-04 04:38:24,787 - INFO - Paper 91929013 ROUGE-L F1: 0.2572
2025-05-04 04:38:24,986 - INFO - Successfully processed paper 91929013, matched 42 sentences
2025-05-04 04:38:24,986 - INFO - Processing paper 22546727
2025-05-04 04:38:24,992 - INFO - Paper 22546727: 283 sentences, Summary: 8 sentences
2025-05-04 04:38:24,992 - INFO - Encoding 283 paper sentences
2025-05-04 04:38:25,169 - INFO - Using default tokenizer.
2025-05-04 04:38:25,196 - INFO - Paper 22546727 ROUGE-1 F1: 0.3063
2025-05-04 04:38:25,196 - INFO - Paper 22546727 ROUGE-2 F1: 0.1818
2025-05-04 04:38:25,196 - INFO - Paper 22546727 ROUGE-L F1: 0.2437
2025-05-04 04:38:25,391 - INFO - Successfully processed paper 22546727, matched 22 sentences
2025-05-04 04:38:25,392 - INFO - Processing paper 26473847
2025-05-04 04:38:25,396 - INFO - Paper 26473847: 216 sentences, Summary: 32 sentences
2025-05-04 04:38:25,396 - INFO - Encoding 216 paper sentences
2025-05-04 04:38:25,730 - INFO - Using default tokenizer.
2025-05-04 04:38:25,894 - INFO - Paper 26473847 ROUGE-1 F1: 0.3693
2025-05-04 04:38:25,894 - INFO - Paper 26473847 ROUGE-2 F1: 0.0769
2025-05-04 04:38:25,894 - INFO - Paper 26473847 ROUGE-L F1: 0.1873
2025-05-04 04:38:26,107 - INFO - Successfully processed paper 26473847, matched 43 sentences
2025-05-04 04:38:26,108 - INFO - Processing paper 74261188
2025-05-04 04:38:26,117 - INFO - Paper 74261188: 464 sentences, Summary: 19 sentences
2025-05-04 04:38:26,118 - INFO - Encoding 464 paper sentences
2025-05-04 04:38:26,515 - INFO - Using default tokenizer.
2025-05-04 04:38:26,755 - INFO - Paper 74261188 ROUGE-1 F1: 0.4071
2025-05-04 04:38:26,755 - INFO - Paper 74261188 ROUGE-2 F1: 0.1761
2025-05-04 04:38:26,755 - INFO - Paper 74261188 ROUGE-L F1: 0.2124
2025-05-04 04:38:26,957 - INFO - Successfully processed paper 74261188, matched 42 sentences
2025-05-04 04:38:26,958 - INFO - Processing paper 4353776
2025-05-04 04:38:26,965 - INFO - Paper 4353776: 338 sentences, Summary: 25 sentences
2025-05-04 04:38:26,965 - INFO - Encoding 338 paper sentences
2025-05-04 04:38:27,365 - INFO - Using default tokenizer.
2025-05-04 04:38:27,486 - INFO - Paper 4353776 ROUGE-1 F1: 0.4279
2025-05-04 04:38:27,486 - INFO - Paper 4353776 ROUGE-2 F1: 0.1222
2025-05-04 04:38:27,486 - INFO - Paper 4353776 ROUGE-L F1: 0.1809
2025-05-04 04:38:27,733 - INFO - Successfully processed paper 4353776, matched 44 sentences
2025-05-04 04:38:27,734 - INFO - Processing paper 67696398
2025-05-04 04:38:27,759 - INFO - Paper 67696398: 477 sentences, Summary: 49 sentences
2025-05-04 04:38:27,759 - INFO - Encoding 477 paper sentences
2025-05-04 04:38:28,427 - INFO - Using default tokenizer.
2025-05-04 04:38:29,656 - INFO - Paper 67696398 ROUGE-1 F1: 0.4967
2025-05-04 04:38:29,656 - INFO - Paper 67696398 ROUGE-2 F1: 0.3941
2025-05-04 04:38:29,656 - INFO - Paper 67696398 ROUGE-L F1: 0.4279
2025-05-04 04:38:29,890 - INFO - Successfully processed paper 67696398, matched 135 sentences
2025-05-04 04:38:29,890 - INFO - Skipping 70719243 - not in valid IDs
2025-05-04 04:38:29,891 - INFO - Processing paper 81916449
2025-05-04 04:38:29,902 - INFO - Paper 81916449: 290 sentences, Summary: 24 sentences
2025-05-04 04:38:29,902 - INFO - Encoding 290 paper sentences
2025-05-04 04:38:30,242 - INFO - Using default tokenizer.
2025-05-04 04:38:30,468 - INFO - Paper 81916449 ROUGE-1 F1: 0.3535
2025-05-04 04:38:30,469 - INFO - Paper 81916449 ROUGE-2 F1: 0.2154
2025-05-04 04:38:30,469 - INFO - Paper 81916449 ROUGE-L F1: 0.2626
2025-05-04 04:38:30,676 - INFO - Successfully processed paper 81916449, matched 55 sentences
2025-05-04 04:38:30,676 - INFO - Processing paper 90011197
2025-05-04 04:38:30,685 - INFO - Paper 90011197: 450 sentences, Summary: 18 sentences
2025-05-04 04:38:30,685 - INFO - Encoding 450 paper sentences
2025-05-04 04:38:31,086 - INFO - Using default tokenizer.
2025-05-04 04:38:31,115 - INFO - Paper 90011197 ROUGE-1 F1: 0.3252
2025-05-04 04:38:31,115 - INFO - Paper 90011197 ROUGE-2 F1: 0.0246
2025-05-04 04:38:31,115 - INFO - Paper 90011197 ROUGE-L F1: 0.1503
2025-05-04 04:38:31,311 - INFO - Successfully processed paper 90011197, matched 18 sentences
2025-05-04 04:38:31,312 - INFO - Processing paper 88049354
2025-05-04 04:38:31,317 - INFO - Paper 88049354: 255 sentences, Summary: 35 sentences
2025-05-04 04:38:31,317 - INFO - Encoding 255 paper sentences
2025-05-04 04:38:31,680 - INFO - Using default tokenizer.
2025-05-04 04:38:31,855 - INFO - Paper 88049354 ROUGE-1 F1: 0.3564
2025-05-04 04:38:31,856 - INFO - Paper 88049354 ROUGE-2 F1: 0.0999
2025-05-04 04:38:31,856 - INFO - Paper 88049354 ROUGE-L F1: 0.1788
2025-05-04 04:38:32,067 - INFO - Successfully processed paper 88049354, matched 52 sentences
2025-05-04 04:38:32,067 - INFO - Skipping 73705154 - not in valid IDs
2025-05-04 04:38:32,068 - INFO - Processing paper 65756728
2025-05-04 04:38:32,075 - INFO - Paper 65756728: 317 sentences, Summary: 43 sentences
2025-05-04 04:38:32,075 - INFO - Encoding 317 paper sentences
2025-05-04 04:38:32,597 - INFO - Using default tokenizer.
2025-05-04 04:38:33,509 - INFO - Paper 65756728 ROUGE-1 F1: 0.5245
2025-05-04 04:38:33,510 - INFO - Paper 65756728 ROUGE-2 F1: 0.2025
2025-05-04 04:38:33,510 - INFO - Paper 65756728 ROUGE-L F1: 0.2335
2025-05-04 04:38:33,740 - INFO - Successfully processed paper 65756728, matched 93 sentences
2025-05-04 04:38:33,740 - INFO - Processing paper 40771210
2025-05-04 04:38:33,768 - INFO - Paper 40771210: 387 sentences, Summary: 56 sentences
2025-05-04 04:38:33,768 - INFO - Encoding 387 paper sentences
2025-05-04 04:38:34,492 - INFO - Using default tokenizer.
2025-05-04 04:38:35,454 - INFO - Paper 40771210 ROUGE-1 F1: 0.4741
2025-05-04 04:38:35,454 - INFO - Paper 40771210 ROUGE-2 F1: 0.2108
2025-05-04 04:38:35,454 - INFO - Paper 40771210 ROUGE-L F1: 0.2586
2025-05-04 04:38:35,709 - INFO - Successfully processed paper 40771210, matched 112 sentences
2025-05-04 04:38:35,710 - INFO - Processing paper 75442340
2025-05-04 04:38:35,726 - INFO - Paper 75442340: 169 sentences, Summary: 24 sentences
2025-05-04 04:38:35,726 - INFO - Encoding 169 paper sentences
2025-05-04 04:38:36,006 - INFO - Using default tokenizer.
2025-05-04 04:38:36,307 - INFO - Paper 75442340 ROUGE-1 F1: 0.4320
2025-05-04 04:38:36,307 - INFO - Paper 75442340 ROUGE-2 F1: 0.0974
2025-05-04 04:38:36,307 - INFO - Paper 75442340 ROUGE-L F1: 0.1837
2025-05-04 04:38:36,514 - INFO - Successfully processed paper 75442340, matched 45 sentences
2025-05-04 04:38:36,515 - INFO - Processing paper 93980002
2025-05-04 04:38:36,520 - INFO - Paper 93980002: 266 sentences, Summary: 16 sentences
2025-05-04 04:38:36,520 - INFO - Encoding 266 paper sentences
2025-05-04 04:38:36,784 - INFO - Using default tokenizer.
2025-05-04 04:38:36,926 - INFO - Paper 93980002 ROUGE-1 F1: 0.5191
2025-05-04 04:38:36,926 - INFO - Paper 93980002 ROUGE-2 F1: 0.3406
2025-05-04 04:38:36,926 - INFO - Paper 93980002 ROUGE-L F1: 0.3825
2025-05-04 04:38:37,142 - INFO - Successfully processed paper 93980002, matched 38 sentences
2025-05-04 04:38:37,143 - INFO - Skipping 95858167 - not in valid IDs
2025-05-04 04:38:37,143 - INFO - Processing paper 71425952
2025-05-04 04:38:37,166 - INFO - Paper 71425952: 692 sentences, Summary: 11 sentences
2025-05-04 04:38:37,166 - INFO - Encoding 692 paper sentences
2025-05-04 04:38:37,562 - INFO - Using default tokenizer.
2025-05-04 04:38:37,602 - INFO - Paper 71425952 ROUGE-1 F1: 0.4920
2025-05-04 04:38:37,602 - INFO - Paper 71425952 ROUGE-2 F1: 0.1800
2025-05-04 04:38:37,602 - INFO - Paper 71425952 ROUGE-L F1: 0.2836
2025-05-04 04:38:37,815 - INFO - Successfully processed paper 71425952, matched 22 sentences
2025-05-04 04:38:37,815 - INFO - Skipping 28171009 - not in valid IDs
2025-05-04 04:38:37,815 - INFO - Processing paper 14819310
2025-05-04 04:38:37,836 - INFO - Paper 14819310: 586 sentences, Summary: 62 sentences
2025-05-04 04:38:37,836 - INFO - Encoding 586 paper sentences
2025-05-04 04:38:38,734 - INFO - Using default tokenizer.
2025-05-04 04:38:40,145 - INFO - Paper 14819310 ROUGE-1 F1: 0.5264
2025-05-04 04:38:40,145 - INFO - Paper 14819310 ROUGE-2 F1: 0.3251
2025-05-04 04:38:40,145 - INFO - Paper 14819310 ROUGE-L F1: 0.3631
2025-05-04 04:38:40,359 - INFO - Successfully processed paper 14819310, matched 157 sentences
2025-05-04 04:38:40,359 - INFO - Processing paper 21919380
2025-05-04 04:38:40,364 - INFO - Paper 21919380: 216 sentences, Summary: 18 sentences
2025-05-04 04:38:40,364 - INFO - Encoding 216 paper sentences
2025-05-04 04:38:40,586 - INFO - Using default tokenizer.
2025-05-04 04:38:40,644 - INFO - Paper 21919380 ROUGE-1 F1: 0.2942
2025-05-04 04:38:40,644 - INFO - Paper 21919380 ROUGE-2 F1: 0.0309
2025-05-04 04:38:40,644 - INFO - Paper 21919380 ROUGE-L F1: 0.1352
2025-05-04 04:38:40,855 - INFO - Successfully processed paper 21919380, matched 20 sentences
2025-05-04 04:38:40,855 - INFO - Processing paper 35704901
2025-05-04 04:38:40,860 - INFO - Paper 35704901: 229 sentences, Summary: 13 sentences
2025-05-04 04:38:40,860 - INFO - Encoding 229 paper sentences
2025-05-04 04:38:41,051 - INFO - Using default tokenizer.
2025-05-04 04:38:41,120 - INFO - Paper 35704901 ROUGE-1 F1: 0.4759
2025-05-04 04:38:41,120 - INFO - Paper 35704901 ROUGE-2 F1: 0.1911
2025-05-04 04:38:41,120 - INFO - Paper 35704901 ROUGE-L F1: 0.2691
2025-05-04 04:38:41,354 - INFO - Successfully processed paper 35704901, matched 25 sentences
2025-05-04 04:38:41,354 - INFO - Processing paper 81465314
2025-05-04 04:38:41,358 - INFO - Paper 81465314: 187 sentences, Summary: 7 sentences
2025-05-04 04:38:41,358 - INFO - Encoding 187 paper sentences
2025-05-04 04:38:41,495 - INFO - Using default tokenizer.
2025-05-04 04:38:41,519 - INFO - Paper 81465314 ROUGE-1 F1: 0.3776
2025-05-04 04:38:41,519 - INFO - Paper 81465314 ROUGE-2 F1: 0.0488
2025-05-04 04:38:41,519 - INFO - Paper 81465314 ROUGE-L F1: 0.1757
2025-05-04 04:38:41,736 - INFO - Successfully processed paper 81465314, matched 13 sentences
2025-05-04 04:38:41,737 - INFO - Processing paper 5681713
2025-05-04 04:38:41,748 - INFO - Paper 5681713: 580 sentences, Summary: 9 sentences
2025-05-04 04:38:41,748 - INFO - Encoding 580 paper sentences
2025-05-04 04:38:42,075 - INFO - Using default tokenizer.
2025-05-04 04:38:42,129 - INFO - Paper 5681713 ROUGE-1 F1: 0.4409
2025-05-04 04:38:42,129 - INFO - Paper 5681713 ROUGE-2 F1: 0.2711
2025-05-04 04:38:42,129 - INFO - Paper 5681713 ROUGE-L F1: 0.3273
2025-05-04 04:38:42,350 - INFO - Successfully processed paper 5681713, matched 23 sentences
2025-05-04 04:38:42,350 - INFO - Processing paper 33015723
2025-05-04 04:38:42,359 - INFO - Paper 33015723: 345 sentences, Summary: 8 sentences
2025-05-04 04:38:42,359 - INFO - Encoding 345 paper sentences
2025-05-04 04:38:42,574 - INFO - Using default tokenizer.
2025-05-04 04:38:42,589 - INFO - Paper 33015723 ROUGE-1 F1: 0.3981
2025-05-04 04:38:42,589 - INFO - Paper 33015723 ROUGE-2 F1: 0.0706
2025-05-04 04:38:42,589 - INFO - Paper 33015723 ROUGE-L F1: 0.2061
2025-05-04 04:38:42,802 - INFO - Successfully processed paper 33015723, matched 13 sentences
2025-05-04 04:38:42,802 - INFO - Processing paper 5262509
2025-05-04 04:38:42,812 - INFO - Paper 5262509: 494 sentences, Summary: 7 sentences
2025-05-04 04:38:42,812 - INFO - Encoding 494 paper sentences
2025-05-04 04:38:43,056 - INFO - Using default tokenizer.
2025-05-04 04:38:43,081 - INFO - Paper 5262509 ROUGE-1 F1: 0.2815
2025-05-04 04:38:43,081 - INFO - Paper 5262509 ROUGE-2 F1: 0.0963
2025-05-04 04:38:43,082 - INFO - Paper 5262509 ROUGE-L F1: 0.1788
2025-05-04 04:38:43,303 - INFO - Successfully processed paper 5262509, matched 19 sentences
2025-05-04 04:38:43,304 - INFO - Processing paper 4206973
2025-05-04 04:38:43,309 - INFO - Paper 4206973: 253 sentences, Summary: 6 sentences
2025-05-04 04:38:43,309 - INFO - Encoding 253 paper sentences
2025-05-04 04:38:43,466 - INFO - Using default tokenizer.
2025-05-04 04:38:43,494 - INFO - Paper 4206973 ROUGE-1 F1: 0.4171
2025-05-04 04:38:43,494 - INFO - Paper 4206973 ROUGE-2 F1: 0.0961
2025-05-04 04:38:43,494 - INFO - Paper 4206973 ROUGE-L F1: 0.1744
2025-05-04 04:38:43,702 - INFO - Successfully processed paper 4206973, matched 11 sentences
2025-05-04 04:38:43,702 - INFO - Processing paper 7157784
2025-05-04 04:38:43,707 - INFO - Paper 7157784: 199 sentences, Summary: 24 sentences
2025-05-04 04:38:43,707 - INFO - Encoding 199 paper sentences
2025-05-04 04:38:44,002 - INFO - Using default tokenizer.
2025-05-04 04:38:44,174 - INFO - Paper 7157784 ROUGE-1 F1: 0.4902
2025-05-04 04:38:44,174 - INFO - Paper 7157784 ROUGE-2 F1: 0.1122
2025-05-04 04:38:44,174 - INFO - Paper 7157784 ROUGE-L F1: 0.1810
2025-05-04 04:38:44,392 - INFO - Successfully processed paper 7157784, matched 38 sentences
2025-05-04 04:38:44,392 - INFO - Processing paper 21050319
2025-05-04 04:38:44,400 - INFO - Paper 21050319: 369 sentences, Summary: 50 sentences
2025-05-04 04:38:44,400 - INFO - Encoding 369 paper sentences
2025-05-04 04:38:45,000 - INFO - Using default tokenizer.
2025-05-04 04:38:45,889 - INFO - Paper 21050319 ROUGE-1 F1: 0.5650
2025-05-04 04:38:45,890 - INFO - Paper 21050319 ROUGE-2 F1: 0.4153
2025-05-04 04:38:45,890 - INFO - Paper 21050319 ROUGE-L F1: 0.4308
2025-05-04 04:38:46,123 - INFO - Successfully processed paper 21050319, matched 114 sentences
2025-05-04 04:38:46,123 - INFO - Processing paper 21542239
2025-05-04 04:38:46,129 - INFO - Paper 21542239: 270 sentences, Summary: 28 sentences
2025-05-04 04:38:46,129 - INFO - Encoding 270 paper sentences
2025-05-04 04:38:46,488 - INFO - Using default tokenizer.
2025-05-04 04:38:46,622 - INFO - Paper 21542239 ROUGE-1 F1: 0.4708
2025-05-04 04:38:46,622 - INFO - Paper 21542239 ROUGE-2 F1: 0.1275
2025-05-04 04:38:46,622 - INFO - Paper 21542239 ROUGE-L F1: 0.2117
2025-05-04 04:38:46,839 - INFO - Successfully processed paper 21542239, matched 34 sentences
2025-05-04 04:38:46,840 - INFO - Processing paper 91637218
2025-05-04 04:38:46,845 - INFO - Paper 91637218: 266 sentences, Summary: 29 sentences
2025-05-04 04:38:46,845 - INFO - Encoding 266 paper sentences
2025-05-04 04:38:47,184 - INFO - Using default tokenizer.
2025-05-04 04:38:47,449 - INFO - Paper 91637218 ROUGE-1 F1: 0.4812
2025-05-04 04:38:47,449 - INFO - Paper 91637218 ROUGE-2 F1: 0.1714
2025-05-04 04:38:47,450 - INFO - Paper 91637218 ROUGE-L F1: 0.2714
2025-05-04 04:38:47,659 - INFO - Successfully processed paper 91637218, matched 54 sentences
2025-05-04 04:38:47,660 - INFO - Processing paper 67930407
2025-05-04 04:38:47,669 - INFO - Paper 67930407: 280 sentences, Summary: 20 sentences
2025-05-04 04:38:47,669 - INFO - Encoding 280 paper sentences
2025-05-04 04:38:47,985 - INFO - Using default tokenizer.
2025-05-04 04:38:48,137 - INFO - Paper 67930407 ROUGE-1 F1: 0.3887
2025-05-04 04:38:48,137 - INFO - Paper 67930407 ROUGE-2 F1: 0.1695
2025-05-04 04:38:48,138 - INFO - Paper 67930407 ROUGE-L F1: 0.2445
2025-05-04 04:38:48,361 - INFO - Successfully processed paper 67930407, matched 48 sentences
2025-05-04 04:38:48,362 - INFO - Processing paper 69119323
2025-05-04 04:38:48,366 - INFO - Paper 69119323: 198 sentences, Summary: 14 sentences
2025-05-04 04:38:48,366 - INFO - Encoding 198 paper sentences
2025-05-04 04:38:48,560 - INFO - Using default tokenizer.
2025-05-04 04:38:48,594 - INFO - Paper 69119323 ROUGE-1 F1: 0.4076
2025-05-04 04:38:48,594 - INFO - Paper 69119323 ROUGE-2 F1: 0.0602
2025-05-04 04:38:48,594 - INFO - Paper 69119323 ROUGE-L F1: 0.1833
2025-05-04 04:38:48,873 - INFO - Successfully processed paper 69119323, matched 18 sentences
2025-05-04 04:38:48,874 - INFO - Processing paper 19050347
2025-05-04 04:38:48,876 - INFO - Paper 19050347: 114 sentences, Summary: 31 sentences
2025-05-04 04:38:48,876 - INFO - Encoding 114 paper sentences
2025-05-04 04:38:49,154 - INFO - Using default tokenizer.
2025-05-04 04:38:49,341 - INFO - Paper 19050347 ROUGE-1 F1: 0.4129
2025-05-04 04:38:49,341 - INFO - Paper 19050347 ROUGE-2 F1: 0.0795
2025-05-04 04:38:49,341 - INFO - Paper 19050347 ROUGE-L F1: 0.1810
2025-05-04 04:38:49,571 - INFO - Successfully processed paper 19050347, matched 43 sentences
2025-05-04 04:38:49,571 - INFO - Processing paper 99668388
2025-05-04 04:38:49,574 - INFO - Paper 99668388: 110 sentences, Summary: 16 sentences
2025-05-04 04:38:49,574 - INFO - Encoding 110 paper sentences
2025-05-04 04:38:49,742 - INFO - Using default tokenizer.
2025-05-04 04:38:49,800 - INFO - Paper 99668388 ROUGE-1 F1: 0.4178
2025-05-04 04:38:49,800 - INFO - Paper 99668388 ROUGE-2 F1: 0.1922
2025-05-04 04:38:49,801 - INFO - Paper 99668388 ROUGE-L F1: 0.2717
2025-05-04 04:38:50,014 - INFO - Successfully processed paper 99668388, matched 30 sentences
2025-05-04 04:38:50,015 - INFO - Processing paper 30789903
2025-05-04 04:38:50,027 - INFO - Paper 30789903: 209 sentences, Summary: 21 sentences
2025-05-04 04:38:50,027 - INFO - Encoding 209 paper sentences
2025-05-04 04:38:50,265 - INFO - Using default tokenizer.
2025-05-04 04:38:50,523 - INFO - Paper 30789903 ROUGE-1 F1: 0.4183
2025-05-04 04:38:50,524 - INFO - Paper 30789903 ROUGE-2 F1: 0.2084
2025-05-04 04:38:50,524 - INFO - Paper 30789903 ROUGE-L F1: 0.2826
2025-05-04 04:38:50,746 - INFO - Successfully processed paper 30789903, matched 55 sentences
2025-05-04 04:38:50,747 - INFO - Processing paper 23675750
2025-05-04 04:38:50,758 - INFO - Paper 23675750: 495 sentences, Summary: 61 sentences
2025-05-04 04:38:50,758 - INFO - Encoding 495 paper sentences
2025-05-04 04:38:51,587 - INFO - Using default tokenizer.
2025-05-04 04:38:53,006 - INFO - Paper 23675750 ROUGE-1 F1: 0.4590
2025-05-04 04:38:53,006 - INFO - Paper 23675750 ROUGE-2 F1: 0.2506
2025-05-04 04:38:53,006 - INFO - Paper 23675750 ROUGE-L F1: 0.3049
2025-05-04 04:38:53,272 - INFO - Successfully processed paper 23675750, matched 141 sentences
2025-05-04 04:38:53,273 - INFO - Processing paper 26262723
2025-05-04 04:38:53,280 - INFO - Paper 26262723: 157 sentences, Summary: 31 sentences
2025-05-04 04:38:53,281 - INFO - Encoding 157 paper sentences
2025-05-04 04:38:53,574 - INFO - Using default tokenizer.
2025-05-04 04:38:53,947 - INFO - Paper 26262723 ROUGE-1 F1: 0.4354
2025-05-04 04:38:53,947 - INFO - Paper 26262723 ROUGE-2 F1: 0.1787
2025-05-04 04:38:53,947 - INFO - Paper 26262723 ROUGE-L F1: 0.2412
2025-05-04 04:38:54,222 - INFO - Successfully processed paper 26262723, matched 65 sentences
2025-05-04 04:38:54,223 - INFO - Processing paper 87411149
2025-05-04 04:38:54,239 - INFO - Paper 87411149: 694 sentences, Summary: 60 sentences
2025-05-04 04:38:54,239 - INFO - Encoding 694 paper sentences
2025-05-04 04:38:55,265 - INFO - Using default tokenizer.
2025-05-04 04:38:56,891 - INFO - Paper 87411149 ROUGE-1 F1: 0.4633
2025-05-04 04:38:56,891 - INFO - Paper 87411149 ROUGE-2 F1: 0.3477
2025-05-04 04:38:56,891 - INFO - Paper 87411149 ROUGE-L F1: 0.3688
2025-05-04 04:38:57,131 - INFO - Successfully processed paper 87411149, matched 157 sentences
2025-05-04 04:38:57,131 - INFO - Processing paper 63848470
2025-05-04 04:38:57,142 - INFO - Paper 63848470: 211 sentences, Summary: 20 sentences
2025-05-04 04:38:57,143 - INFO - Encoding 211 paper sentences
2025-05-04 04:38:57,429 - INFO - Using default tokenizer.
2025-05-04 04:38:57,605 - INFO - Paper 63848470 ROUGE-1 F1: 0.3861
2025-05-04 04:38:57,605 - INFO - Paper 63848470 ROUGE-2 F1: 0.0995
2025-05-04 04:38:57,606 - INFO - Paper 63848470 ROUGE-L F1: 0.1896
2025-05-04 04:38:57,829 - INFO - Successfully processed paper 63848470, matched 37 sentences
2025-05-04 04:38:57,830 - INFO - Processing paper 75389943
2025-05-04 04:38:57,837 - INFO - Paper 75389943: 270 sentences, Summary: 25 sentences
2025-05-04 04:38:57,837 - INFO - Encoding 270 paper sentences
2025-05-04 04:38:58,182 - INFO - Using default tokenizer.
2025-05-04 04:38:58,394 - INFO - Paper 75389943 ROUGE-1 F1: 0.4549
2025-05-04 04:38:58,394 - INFO - Paper 75389943 ROUGE-2 F1: 0.1873
2025-05-04 04:38:58,394 - INFO - Paper 75389943 ROUGE-L F1: 0.2667
2025-05-04 04:38:58,627 - INFO - Successfully processed paper 75389943, matched 46 sentences
2025-05-04 04:38:58,628 - INFO - Processing paper 58308538
2025-05-04 04:38:58,639 - INFO - Paper 58308538: 146 sentences, Summary: 47 sentences
2025-05-04 04:38:58,639 - INFO - Encoding 146 paper sentences
2025-05-04 04:38:59,040 - INFO - Using default tokenizer.
2025-05-04 04:38:59,559 - INFO - Paper 58308538 ROUGE-1 F1: 0.4521
2025-05-04 04:38:59,559 - INFO - Paper 58308538 ROUGE-2 F1: 0.1672
2025-05-04 04:38:59,559 - INFO - Paper 58308538 ROUGE-L F1: 0.2492
2025-05-04 04:38:59,802 - INFO - Successfully processed paper 58308538, matched 80 sentences
2025-05-04 04:38:59,802 - INFO - Processing paper 2899329
2025-05-04 04:38:59,809 - INFO - Paper 2899329: 280 sentences, Summary: 48 sentences
2025-05-04 04:38:59,809 - INFO - Encoding 280 paper sentences
2025-05-04 04:39:00,309 - INFO - Using default tokenizer.
2025-05-04 04:39:01,260 - INFO - Paper 2899329 ROUGE-1 F1: 0.4846
2025-05-04 04:39:01,260 - INFO - Paper 2899329 ROUGE-2 F1: 0.1369
2025-05-04 04:39:01,260 - INFO - Paper 2899329 ROUGE-L F1: 0.2082
2025-05-04 04:39:01,488 - INFO - Successfully processed paper 2899329, matched 99 sentences
2025-05-04 04:39:01,488 - INFO - Processing paper 82043898
2025-05-04 04:39:01,501 - INFO - Paper 82043898: 489 sentences, Summary: 34 sentences
2025-05-04 04:39:01,501 - INFO - Encoding 489 paper sentences
2025-05-04 04:39:02,058 - INFO - Using default tokenizer.
2025-05-04 04:39:02,539 - INFO - Paper 82043898 ROUGE-1 F1: 0.5594
2025-05-04 04:39:02,539 - INFO - Paper 82043898 ROUGE-2 F1: 0.3871
2025-05-04 04:39:02,539 - INFO - Paper 82043898 ROUGE-L F1: 0.4279
2025-05-04 04:39:02,772 - INFO - Successfully processed paper 82043898, matched 77 sentences
2025-05-04 04:39:02,772 - INFO - Processing paper 90600191
2025-05-04 04:39:02,782 - INFO - Paper 90600191: 234 sentences, Summary: 29 sentences
2025-05-04 04:39:02,782 - INFO - Encoding 234 paper sentences
2025-05-04 04:39:03,131 - INFO - Using default tokenizer.
2025-05-04 04:39:03,452 - INFO - Paper 90600191 ROUGE-1 F1: 0.3548
2025-05-04 04:39:03,452 - INFO - Paper 90600191 ROUGE-2 F1: 0.1427
2025-05-04 04:39:03,452 - INFO - Paper 90600191 ROUGE-L F1: 0.2131
2025-05-04 04:39:03,688 - INFO - Successfully processed paper 90600191, matched 66 sentences
2025-05-04 04:39:03,688 - INFO - Processing paper 43018598
2025-05-04 04:39:03,697 - INFO - Paper 43018598: 433 sentences, Summary: 57 sentences
2025-05-04 04:39:03,698 - INFO - Encoding 433 paper sentences
2025-05-04 04:39:04,423 - INFO - Using default tokenizer.
2025-05-04 04:39:06,159 - INFO - Paper 43018598 ROUGE-1 F1: 0.4623
2025-05-04 04:39:06,159 - INFO - Paper 43018598 ROUGE-2 F1: 0.2534
2025-05-04 04:39:06,159 - INFO - Paper 43018598 ROUGE-L F1: 0.2789
2025-05-04 04:39:06,400 - INFO - Successfully processed paper 43018598, matched 164 sentences
2025-05-04 04:39:06,401 - INFO - Processing paper 66681632
2025-05-04 04:39:06,408 - INFO - Paper 66681632: 345 sentences, Summary: 37 sentences
2025-05-04 04:39:06,409 - INFO - Encoding 345 paper sentences
2025-05-04 04:39:06,872 - INFO - Using default tokenizer.
2025-05-04 04:39:07,059 - INFO - Paper 66681632 ROUGE-1 F1: 0.3541
2025-05-04 04:39:07,059 - INFO - Paper 66681632 ROUGE-2 F1: 0.0948
2025-05-04 04:39:07,059 - INFO - Paper 66681632 ROUGE-L F1: 0.1793
2025-05-04 04:39:07,302 - INFO - Successfully processed paper 66681632, matched 66 sentences
2025-05-04 04:39:07,303 - INFO - Processing paper 48141212
2025-05-04 04:39:07,311 - INFO - Paper 48141212: 390 sentences, Summary: 57 sentences
2025-05-04 04:39:07,312 - INFO - Encoding 390 paper sentences
2025-05-04 04:39:07,996 - INFO - Using default tokenizer.
2025-05-04 04:39:09,777 - INFO - Paper 48141212 ROUGE-1 F1: 0.4811
2025-05-04 04:39:09,777 - INFO - Paper 48141212 ROUGE-2 F1: 0.3277
2025-05-04 04:39:09,777 - INFO - Paper 48141212 ROUGE-L F1: 0.3547
2025-05-04 04:39:10,011 - INFO - Successfully processed paper 48141212, matched 156 sentences
2025-05-04 04:39:10,012 - INFO - Processing paper 45601881
2025-05-04 04:39:10,025 - INFO - Paper 45601881: 689 sentences, Summary: 50 sentences
2025-05-04 04:39:10,025 - INFO - Encoding 689 paper sentences
2025-05-04 04:39:10,984 - INFO - Using default tokenizer.
2025-05-04 04:39:12,792 - INFO - Paper 45601881 ROUGE-1 F1: 0.4199
2025-05-04 04:39:12,792 - INFO - Paper 45601881 ROUGE-2 F1: 0.3131
2025-05-04 04:39:12,792 - INFO - Paper 45601881 ROUGE-L F1: 0.3361
2025-05-04 04:39:13,036 - INFO - Successfully processed paper 45601881, matched 131 sentences
2025-05-04 04:39:13,036 - INFO - Processing paper 414696
2025-05-04 04:39:13,055 - INFO - Paper 414696: 803 sentences, Summary: 5 sentences
2025-05-04 04:39:13,055 - INFO - Encoding 803 paper sentences
2025-05-04 04:39:13,431 - INFO - Using default tokenizer.
2025-05-04 04:39:13,449 - INFO - Paper 414696 ROUGE-1 F1: 0.3860
2025-05-04 04:39:13,449 - INFO - Paper 414696 ROUGE-2 F1: 0.2969
2025-05-04 04:39:13,449 - INFO - Paper 414696 ROUGE-L F1: 0.3450
2025-05-04 04:39:13,698 - INFO - Successfully processed paper 414696, matched 13 sentences
2025-05-04 04:39:13,698 - INFO - Skipping 70140653 - not in valid IDs
2025-05-04 04:39:13,698 - INFO - Processing paper 22030520
2025-05-04 04:39:13,710 - INFO - Paper 22030520: 451 sentences, Summary: 71 sentences
2025-05-04 04:39:13,710 - INFO - Encoding 451 paper sentences
2025-05-04 04:39:14,614 - INFO - Using default tokenizer.
2025-05-04 04:39:16,192 - INFO - Paper 22030520 ROUGE-1 F1: 0.5023
2025-05-04 04:39:16,192 - INFO - Paper 22030520 ROUGE-2 F1: 0.3054
2025-05-04 04:39:16,192 - INFO - Paper 22030520 ROUGE-L F1: 0.3459
2025-05-04 04:39:16,445 - INFO - Successfully processed paper 22030520, matched 150 sentences
2025-05-04 04:39:16,446 - INFO - Processing paper 84480736
2025-05-04 04:39:16,454 - INFO - Paper 84480736: 348 sentences, Summary: 52 sentences
2025-05-04 04:39:16,454 - INFO - Encoding 348 paper sentences
2025-05-04 04:39:17,094 - INFO - Using default tokenizer.
2025-05-04 04:39:18,513 - INFO - Paper 84480736 ROUGE-1 F1: 0.4295
2025-05-04 04:39:18,513 - INFO - Paper 84480736 ROUGE-2 F1: 0.2108
2025-05-04 04:39:18,513 - INFO - Paper 84480736 ROUGE-L F1: 0.2536
2025-05-04 04:39:18,758 - INFO - Successfully processed paper 84480736, matched 119 sentences
2025-05-04 04:39:18,758 - INFO - Processing paper 31183232
2025-05-04 04:39:18,764 - INFO - Paper 31183232: 282 sentences, Summary: 17 sentences
2025-05-04 04:39:18,764 - INFO - Encoding 282 paper sentences
2025-05-04 04:39:19,014 - INFO - Using default tokenizer.
2025-05-04 04:39:19,176 - INFO - Paper 31183232 ROUGE-1 F1: 0.5474
2025-05-04 04:39:19,176 - INFO - Paper 31183232 ROUGE-2 F1: 0.3175
2025-05-04 04:39:19,176 - INFO - Paper 31183232 ROUGE-L F1: 0.3434
2025-05-04 04:39:19,415 - INFO - Successfully processed paper 31183232, matched 42 sentences
2025-05-04 04:39:19,416 - INFO - Processing paper 98757756
2025-05-04 04:39:19,422 - INFO - Paper 98757756: 288 sentences, Summary: 53 sentences
2025-05-04 04:39:19,422 - INFO - Encoding 288 paper sentences
2025-05-04 04:39:20,004 - INFO - Using default tokenizer.
2025-05-04 04:39:21,055 - INFO - Paper 98757756 ROUGE-1 F1: 0.5851
2025-05-04 04:39:21,055 - INFO - Paper 98757756 ROUGE-2 F1: 0.3358
2025-05-04 04:39:21,055 - INFO - Paper 98757756 ROUGE-L F1: 0.3687
2025-05-04 04:39:21,325 - INFO - Successfully processed paper 98757756, matched 104 sentences
2025-05-04 04:39:21,326 - INFO - Processing paper 84655302
2025-05-04 04:39:21,336 - INFO - Paper 84655302: 457 sentences, Summary: 51 sentences
2025-05-04 04:39:21,336 - INFO - Encoding 457 paper sentences
2025-05-04 04:39:22,068 - INFO - Using default tokenizer.
2025-05-04 04:39:23,444 - INFO - Paper 84655302 ROUGE-1 F1: 0.4853
2025-05-04 04:39:23,445 - INFO - Paper 84655302 ROUGE-2 F1: 0.3002
2025-05-04 04:39:23,445 - INFO - Paper 84655302 ROUGE-L F1: 0.3325
2025-05-04 04:39:23,692 - INFO - Successfully processed paper 84655302, matched 127 sentences
2025-05-04 04:39:23,692 - INFO - Processing paper 39382584
2025-05-04 04:39:23,698 - INFO - Paper 39382584: 218 sentences, Summary: 44 sentences
2025-05-04 04:39:23,698 - INFO - Encoding 218 paper sentences
2025-05-04 04:39:24,159 - INFO - Using default tokenizer.
2025-05-04 04:39:24,350 - INFO - Paper 39382584 ROUGE-1 F1: 0.3770
2025-05-04 04:39:24,350 - INFO - Paper 39382584 ROUGE-2 F1: 0.0917
2025-05-04 04:39:24,350 - INFO - Paper 39382584 ROUGE-L F1: 0.1903
2025-05-04 04:39:24,597 - INFO - Successfully processed paper 39382584, matched 69 sentences
2025-05-04 04:39:24,598 - INFO - Processing paper 36200725
2025-05-04 04:39:24,604 - INFO - Paper 36200725: 245 sentences, Summary: 62 sentences
2025-05-04 04:39:24,604 - INFO - Encoding 245 paper sentences
2025-05-04 04:39:25,183 - INFO - Using default tokenizer.
2025-05-04 04:39:25,759 - INFO - Paper 36200725 ROUGE-1 F1: 0.4248
2025-05-04 04:39:25,759 - INFO - Paper 36200725 ROUGE-2 F1: 0.1103
2025-05-04 04:39:25,759 - INFO - Paper 36200725 ROUGE-L F1: 0.1892
2025-05-04 04:39:26,026 - INFO - Successfully processed paper 36200725, matched 95 sentences
2025-05-04 04:39:26,027 - INFO - Skipping 24431610 - not in valid IDs
2025-05-04 04:39:26,027 - INFO - Processing paper 18521109
2025-05-04 04:39:26,031 - INFO - Paper 18521109: 220 sentences, Summary: 35 sentences
2025-05-04 04:39:26,031 - INFO - Encoding 220 paper sentences
2025-05-04 04:39:26,374 - INFO - Using default tokenizer.
2025-05-04 04:39:26,619 - INFO - Paper 18521109 ROUGE-1 F1: 0.5462
2025-05-04 04:39:26,619 - INFO - Paper 18521109 ROUGE-2 F1: 0.1389
2025-05-04 04:39:26,619 - INFO - Paper 18521109 ROUGE-L F1: 0.2171
2025-05-04 04:39:26,981 - INFO - Successfully processed paper 18521109, matched 51 sentences
2025-05-04 04:39:26,981 - INFO - Skipping 58600020 - not in valid IDs
2025-05-04 04:39:26,981 - INFO - Processing paper 15757806
2025-05-04 04:39:26,987 - INFO - Paper 15757806: 251 sentences, Summary: 39 sentences
2025-05-04 04:39:26,987 - INFO - Encoding 251 paper sentences
2025-05-04 04:39:27,396 - INFO - Using default tokenizer.
2025-05-04 04:39:27,907 - INFO - Paper 15757806 ROUGE-1 F1: 0.4666
2025-05-04 04:39:27,907 - INFO - Paper 15757806 ROUGE-2 F1: 0.1457
2025-05-04 04:39:27,907 - INFO - Paper 15757806 ROUGE-L F1: 0.2202
2025-05-04 04:39:28,232 - INFO - Successfully processed paper 15757806, matched 77 sentences
2025-05-04 04:39:28,233 - INFO - Processing paper 92615357
2025-05-04 04:39:28,258 - INFO - Paper 92615357: 501 sentences, Summary: 56 sentences
2025-05-04 04:39:28,258 - INFO - Encoding 501 paper sentences
2025-05-04 04:39:29,087 - INFO - Using default tokenizer.
2025-05-04 04:39:30,256 - INFO - Paper 92615357 ROUGE-1 F1: 0.5333
2025-05-04 04:39:30,257 - INFO - Paper 92615357 ROUGE-2 F1: 0.3216
2025-05-04 04:39:30,257 - INFO - Paper 92615357 ROUGE-L F1: 0.3707
2025-05-04 04:39:30,528 - INFO - Successfully processed paper 92615357, matched 129 sentences
2025-05-04 04:39:30,529 - INFO - Processing paper 94646863
2025-05-04 04:39:30,534 - INFO - Paper 94646863: 254 sentences, Summary: 26 sentences
2025-05-04 04:39:30,535 - INFO - Encoding 254 paper sentences
2025-05-04 04:39:30,865 - INFO - Using default tokenizer.
2025-05-04 04:39:31,067 - INFO - Paper 94646863 ROUGE-1 F1: 0.4327
2025-05-04 04:39:31,067 - INFO - Paper 94646863 ROUGE-2 F1: 0.2056
2025-05-04 04:39:31,067 - INFO - Paper 94646863 ROUGE-L F1: 0.2877
2025-05-04 04:39:31,326 - INFO - Successfully processed paper 94646863, matched 53 sentences
2025-05-04 04:39:31,326 - INFO - Processing paper 49333267
2025-05-04 04:39:31,334 - INFO - Paper 49333267: 312 sentences, Summary: 60 sentences
2025-05-04 04:39:31,335 - INFO - Encoding 312 paper sentences
2025-05-04 04:39:32,013 - INFO - Using default tokenizer.
2025-05-04 04:39:33,679 - INFO - Paper 49333267 ROUGE-1 F1: 0.4705
2025-05-04 04:39:33,680 - INFO - Paper 49333267 ROUGE-2 F1: 0.3081
2025-05-04 04:39:33,680 - INFO - Paper 49333267 ROUGE-L F1: 0.3474
2025-05-04 04:39:33,966 - INFO - Successfully processed paper 49333267, matched 166 sentences
2025-05-04 04:39:33,967 - INFO - Processing paper 66302705
2025-05-04 04:39:33,975 - INFO - Paper 66302705: 377 sentences, Summary: 54 sentences
2025-05-04 04:39:33,975 - INFO - Encoding 377 paper sentences
2025-05-04 04:39:34,656 - INFO - Using default tokenizer.
2025-05-04 04:39:36,300 - INFO - Paper 66302705 ROUGE-1 F1: 0.4262
2025-05-04 04:39:36,301 - INFO - Paper 66302705 ROUGE-2 F1: 0.1779
2025-05-04 04:39:36,301 - INFO - Paper 66302705 ROUGE-L F1: 0.2325
2025-05-04 04:39:36,575 - INFO - Successfully processed paper 66302705, matched 126 sentences
2025-05-04 04:39:36,575 - INFO - Processing paper 49519055
2025-05-04 04:39:36,584 - INFO - Paper 49519055: 443 sentences, Summary: 12 sentences
2025-05-04 04:39:36,584 - INFO - Encoding 443 paper sentences
2025-05-04 04:39:36,835 - INFO - Using default tokenizer.
2025-05-04 04:39:36,875 - INFO - Paper 49519055 ROUGE-1 F1: 0.3627
2025-05-04 04:39:36,875 - INFO - Paper 49519055 ROUGE-2 F1: 0.1070
2025-05-04 04:39:36,875 - INFO - Paper 49519055 ROUGE-L F1: 0.1947
2025-05-04 04:39:37,129 - INFO - Successfully processed paper 49519055, matched 27 sentences
2025-05-04 04:39:37,130 - INFO - Processing paper 30621133
2025-05-04 04:39:37,134 - INFO - Paper 30621133: 203 sentences, Summary: 39 sentences
2025-05-04 04:39:37,134 - INFO - Encoding 203 paper sentences
2025-05-04 04:39:37,523 - INFO - Using default tokenizer.
2025-05-04 04:39:38,249 - INFO - Paper 30621133 ROUGE-1 F1: 0.4430
2025-05-04 04:39:38,249 - INFO - Paper 30621133 ROUGE-2 F1: 0.2078
2025-05-04 04:39:38,249 - INFO - Paper 30621133 ROUGE-L F1: 0.2527
2025-05-04 04:39:38,505 - INFO - Successfully processed paper 30621133, matched 100 sentences
2025-05-04 04:39:38,506 - INFO - Processing paper 61580548
2025-05-04 04:39:38,519 - INFO - Paper 61580548: 302 sentences, Summary: 36 sentences
2025-05-04 04:39:38,519 - INFO - Encoding 302 paper sentences
2025-05-04 04:39:38,924 - INFO - Using default tokenizer.
2025-05-04 04:39:39,466 - INFO - Paper 61580548 ROUGE-1 F1: 0.5379
2025-05-04 04:39:39,466 - INFO - Paper 61580548 ROUGE-2 F1: 0.2398
2025-05-04 04:39:39,466 - INFO - Paper 61580548 ROUGE-L F1: 0.2768
2025-05-04 04:39:39,771 - INFO - Successfully processed paper 61580548, matched 101 sentences
2025-05-04 04:39:39,771 - INFO - Processing paper 51450104
2025-05-04 04:39:39,775 - INFO - Paper 51450104: 155 sentences, Summary: 20 sentences
2025-05-04 04:39:39,775 - INFO - Encoding 155 paper sentences
2025-05-04 04:39:39,990 - INFO - Using default tokenizer.
2025-05-04 04:39:40,122 - INFO - Paper 51450104 ROUGE-1 F1: 0.4130
2025-05-04 04:39:40,122 - INFO - Paper 51450104 ROUGE-2 F1: 0.1632
2025-05-04 04:39:40,122 - INFO - Paper 51450104 ROUGE-L F1: 0.2403
2025-05-04 04:39:40,380 - INFO - Successfully processed paper 51450104, matched 37 sentences
2025-05-04 04:39:40,380 - INFO - Processing paper 23426061
2025-05-04 04:39:40,385 - INFO - Paper 23426061: 209 sentences, Summary: 41 sentences
2025-05-04 04:39:40,386 - INFO - Encoding 209 paper sentences
2025-05-04 04:39:40,779 - INFO - Using default tokenizer.
2025-05-04 04:39:40,956 - INFO - Paper 23426061 ROUGE-1 F1: 0.3844
2025-05-04 04:39:40,957 - INFO - Paper 23426061 ROUGE-2 F1: 0.0486
2025-05-04 04:39:40,957 - INFO - Paper 23426061 ROUGE-L F1: 0.1767
2025-05-04 04:39:41,232 - INFO - Successfully processed paper 23426061, matched 43 sentences
2025-05-04 04:39:41,233 - INFO - Processing paper 11542688
2025-05-04 04:39:41,243 - INFO - Paper 11542688: 525 sentences, Summary: 37 sentences
2025-05-04 04:39:41,243 - INFO - Encoding 525 paper sentences
2025-05-04 04:39:41,843 - INFO - Using default tokenizer.
2025-05-04 04:39:42,431 - INFO - Paper 11542688 ROUGE-1 F1: 0.5349
2025-05-04 04:39:42,431 - INFO - Paper 11542688 ROUGE-2 F1: 0.3399
2025-05-04 04:39:42,431 - INFO - Paper 11542688 ROUGE-L F1: 0.3783
2025-05-04 04:39:42,697 - INFO - Successfully processed paper 11542688, matched 90 sentences
2025-05-04 04:39:42,697 - INFO - Processing paper 13187019
2025-05-04 04:39:42,700 - INFO - Paper 13187019: 90 sentences, Summary: 34 sentences
2025-05-04 04:39:42,700 - INFO - Encoding 90 paper sentences
2025-05-04 04:39:42,975 - INFO - Using default tokenizer.
2025-05-04 04:39:43,500 - INFO - Paper 13187019 ROUGE-1 F1: 0.5663
2025-05-04 04:39:43,500 - INFO - Paper 13187019 ROUGE-2 F1: 0.3111
2025-05-04 04:39:43,500 - INFO - Paper 13187019 ROUGE-L F1: 0.3535
2025-05-04 04:39:43,771 - INFO - Successfully processed paper 13187019, matched 58 sentences
2025-05-04 04:39:43,771 - INFO - Processing paper 89581601
2025-05-04 04:39:43,775 - INFO - Paper 89581601: 185 sentences, Summary: 27 sentences
2025-05-04 04:39:43,775 - INFO - Encoding 185 paper sentences
2025-05-04 04:39:44,065 - INFO - Using default tokenizer.
2025-05-04 04:39:44,319 - INFO - Paper 89581601 ROUGE-1 F1: 0.3934
2025-05-04 04:39:44,320 - INFO - Paper 89581601 ROUGE-2 F1: 0.1354
2025-05-04 04:39:44,320 - INFO - Paper 89581601 ROUGE-L F1: 0.2024
2025-05-04 04:39:44,591 - INFO - Successfully processed paper 89581601, matched 64 sentences
2025-05-04 04:39:44,591 - INFO - Processing paper 80897282
2025-05-04 04:39:44,594 - INFO - Paper 80897282: 132 sentences, Summary: 7 sentences
2025-05-04 04:39:44,594 - INFO - Encoding 132 paper sentences
2025-05-04 04:39:44,694 - INFO - Using default tokenizer.
2025-05-04 04:39:44,715 - INFO - Paper 80897282 ROUGE-1 F1: 0.4219
2025-05-04 04:39:44,715 - INFO - Paper 80897282 ROUGE-2 F1: 0.1922
2025-05-04 04:39:44,715 - INFO - Paper 80897282 ROUGE-L F1: 0.3086
2025-05-04 04:39:44,987 - INFO - Successfully processed paper 80897282, matched 18 sentences
2025-05-04 04:39:44,987 - INFO - Skipping 13237217 - not in valid IDs
2025-05-04 04:39:44,987 - INFO - Processing paper 69467563
2025-05-04 04:39:44,995 - INFO - Paper 69467563: 322 sentences, Summary: 44 sentences
2025-05-04 04:39:44,995 - INFO - Encoding 322 paper sentences
2025-05-04 04:39:45,524 - INFO - Using default tokenizer.
2025-05-04 04:39:46,311 - INFO - Paper 69467563 ROUGE-1 F1: 0.5144
2025-05-04 04:39:46,311 - INFO - Paper 69467563 ROUGE-2 F1: 0.2604
2025-05-04 04:39:46,311 - INFO - Paper 69467563 ROUGE-L F1: 0.3135
2025-05-04 04:39:46,588 - INFO - Successfully processed paper 69467563, matched 85 sentences
2025-05-04 04:39:46,588 - INFO - Processing paper 24510148
2025-05-04 04:39:46,594 - INFO - Paper 24510148: 305 sentences, Summary: 19 sentences
2025-05-04 04:39:46,595 - INFO - Encoding 305 paper sentences
2025-05-04 04:39:46,856 - INFO - Using default tokenizer.
2025-05-04 04:39:47,019 - INFO - Paper 24510148 ROUGE-1 F1: 0.4614
2025-05-04 04:39:47,019 - INFO - Paper 24510148 ROUGE-2 F1: 0.2367
2025-05-04 04:39:47,019 - INFO - Paper 24510148 ROUGE-L F1: 0.3097
2025-05-04 04:39:47,793 - INFO - Successfully processed paper 24510148, matched 47 sentences
2025-05-04 04:39:47,794 - INFO - Skipping 27264933 - not in valid IDs
2025-05-04 04:39:47,794 - INFO - Processing paper 7305163
2025-05-04 04:39:47,813 - INFO - Paper 7305163: 691 sentences, Summary: 52 sentences
2025-05-04 04:39:47,813 - INFO - Encoding 691 paper sentences
2025-05-04 04:39:48,699 - INFO - Using default tokenizer.
2025-05-04 04:39:49,353 - INFO - Paper 7305163 ROUGE-1 F1: 0.5974
2025-05-04 04:39:49,353 - INFO - Paper 7305163 ROUGE-2 F1: 0.2858
2025-05-04 04:39:49,353 - INFO - Paper 7305163 ROUGE-L F1: 0.3245
2025-05-04 04:39:49,628 - INFO - Successfully processed paper 7305163, matched 117 sentences
2025-05-04 04:39:49,629 - INFO - Processing paper 35247822
2025-05-04 04:39:49,640 - INFO - Paper 35247822: 252 sentences, Summary: 38 sentences
2025-05-04 04:39:49,640 - INFO - Encoding 252 paper sentences
2025-05-04 04:39:50,033 - INFO - Using default tokenizer.
2025-05-04 04:39:50,507 - INFO - Paper 35247822 ROUGE-1 F1: 0.4241
2025-05-04 04:39:50,508 - INFO - Paper 35247822 ROUGE-2 F1: 0.2310
2025-05-04 04:39:50,508 - INFO - Paper 35247822 ROUGE-L F1: 0.3143
2025-05-04 04:39:50,870 - INFO - Successfully processed paper 35247822, matched 90 sentences
2025-05-04 04:39:50,871 - INFO - Processing paper 42731227
2025-05-04 04:39:50,876 - INFO - Paper 42731227: 260 sentences, Summary: 9 sentences
2025-05-04 04:39:50,876 - INFO - Encoding 260 paper sentences
2025-05-04 04:39:51,104 - INFO - Using default tokenizer.
2025-05-04 04:39:51,216 - INFO - Paper 42731227 ROUGE-1 F1: 0.5173
2025-05-04 04:39:51,216 - INFO - Paper 42731227 ROUGE-2 F1: 0.1594
2025-05-04 04:39:51,216 - INFO - Paper 42731227 ROUGE-L F1: 0.2388
2025-05-04 04:39:51,527 - INFO - Successfully processed paper 42731227, matched 25 sentences
2025-05-04 04:39:51,528 - INFO - Processing paper 36051826
2025-05-04 04:39:51,540 - INFO - Paper 36051826: 551 sentences, Summary: 59 sentences
2025-05-04 04:39:51,540 - INFO - Encoding 551 paper sentences
2025-05-04 04:39:52,405 - INFO - Using default tokenizer.
2025-05-04 04:39:53,660 - INFO - Paper 36051826 ROUGE-1 F1: 0.4893
2025-05-04 04:39:53,660 - INFO - Paper 36051826 ROUGE-2 F1: 0.2830
2025-05-04 04:39:53,660 - INFO - Paper 36051826 ROUGE-L F1: 0.3144
2025-05-04 04:39:53,932 - INFO - Successfully processed paper 36051826, matched 164 sentences
2025-05-04 04:39:53,932 - INFO - Skipping 963444 - not in valid IDs
2025-05-04 04:39:53,932 - INFO - Processing paper 62056200
2025-05-04 04:39:53,942 - INFO - Paper 62056200: 243 sentences, Summary: 12 sentences
2025-05-04 04:39:53,942 - INFO - Encoding 243 paper sentences
2025-05-04 04:39:54,160 - INFO - Using default tokenizer.
2025-05-04 04:39:54,209 - INFO - Paper 62056200 ROUGE-1 F1: 0.3535
2025-05-04 04:39:54,210 - INFO - Paper 62056200 ROUGE-2 F1: 0.1547
2025-05-04 04:39:54,210 - INFO - Paper 62056200 ROUGE-L F1: 0.2461
2025-05-04 04:39:54,488 - INFO - Successfully processed paper 62056200, matched 23 sentences
2025-05-04 04:39:54,488 - INFO - Processing paper 5180208
2025-05-04 04:39:54,496 - INFO - Paper 5180208: 195 sentences, Summary: 15 sentences
2025-05-04 04:39:54,497 - INFO - Encoding 195 paper sentences
2025-05-04 04:39:54,724 - INFO - Using default tokenizer.
2025-05-04 04:39:54,865 - INFO - Paper 5180208 ROUGE-1 F1: 0.3871
2025-05-04 04:39:54,865 - INFO - Paper 5180208 ROUGE-2 F1: 0.1537
2025-05-04 04:39:54,865 - INFO - Paper 5180208 ROUGE-L F1: 0.2271
2025-05-04 04:39:55,154 - INFO - Successfully processed paper 5180208, matched 35 sentences
2025-05-04 04:39:55,155 - INFO - Processing paper 13135318
2025-05-04 04:39:55,178 - INFO - Paper 13135318: 513 sentences, Summary: 49 sentences
2025-05-04 04:39:55,178 - INFO - Encoding 513 paper sentences
2025-05-04 04:39:55,923 - INFO - Using default tokenizer.
2025-05-04 04:39:56,696 - INFO - Paper 13135318 ROUGE-1 F1: 0.5187
2025-05-04 04:39:56,696 - INFO - Paper 13135318 ROUGE-2 F1: 0.3393
2025-05-04 04:39:56,696 - INFO - Paper 13135318 ROUGE-L F1: 0.3744
2025-05-04 04:39:56,975 - INFO - Successfully processed paper 13135318, matched 119 sentences
2025-05-04 04:39:56,976 - INFO - Processing paper 87041789
2025-05-04 04:39:56,998 - INFO - Paper 87041789: 812 sentences, Summary: 50 sentences
2025-05-04 04:39:56,998 - INFO - Encoding 812 paper sentences
2025-05-04 04:39:57,993 - INFO - Using default tokenizer.
2025-05-04 04:39:59,260 - INFO - Paper 87041789 ROUGE-1 F1: 0.5142
2025-05-04 04:39:59,260 - INFO - Paper 87041789 ROUGE-2 F1: 0.2807
2025-05-04 04:39:59,260 - INFO - Paper 87041789 ROUGE-L F1: 0.3270
2025-05-04 04:39:59,547 - INFO - Successfully processed paper 87041789, matched 116 sentences
2025-05-04 04:39:59,547 - INFO - Processing paper 35928796
2025-05-04 04:39:59,551 - INFO - Paper 35928796: 177 sentences, Summary: 46 sentences
2025-05-04 04:39:59,551 - INFO - Encoding 177 paper sentences
2025-05-04 04:39:59,963 - INFO - Using default tokenizer.
2025-05-04 04:40:00,848 - INFO - Paper 35928796 ROUGE-1 F1: 0.6744
2025-05-04 04:40:00,848 - INFO - Paper 35928796 ROUGE-2 F1: 0.5408
2025-05-04 04:40:00,848 - INFO - Paper 35928796 ROUGE-L F1: 0.5509
2025-05-04 04:40:01,150 - INFO - Successfully processed paper 35928796, matched 95 sentences
2025-05-04 04:40:01,150 - INFO - Processing paper 76635514
2025-05-04 04:40:01,155 - INFO - Paper 76635514: 173 sentences, Summary: 44 sentences
2025-05-04 04:40:01,155 - INFO - Encoding 173 paper sentences
2025-05-04 04:40:01,544 - INFO - Using default tokenizer.
2025-05-04 04:40:02,346 - INFO - Paper 76635514 ROUGE-1 F1: 0.5513
2025-05-04 04:40:02,346 - INFO - Paper 76635514 ROUGE-2 F1: 0.3875
2025-05-04 04:40:02,346 - INFO - Paper 76635514 ROUGE-L F1: 0.4271
2025-05-04 04:40:02,677 - INFO - Successfully processed paper 76635514, matched 91 sentences
2025-05-04 04:40:02,677 - INFO - Processing paper 13793499
2025-05-04 04:40:02,684 - INFO - Paper 13793499: 314 sentences, Summary: 50 sentences
2025-05-04 04:40:02,684 - INFO - Encoding 314 paper sentences
2025-05-04 04:40:03,230 - INFO - Using default tokenizer.
2025-05-04 04:40:04,570 - INFO - Paper 13793499 ROUGE-1 F1: 0.4892
2025-05-04 04:40:04,570 - INFO - Paper 13793499 ROUGE-2 F1: 0.3301
2025-05-04 04:40:04,570 - INFO - Paper 13793499 ROUGE-L F1: 0.3737
2025-05-04 04:40:04,881 - INFO - Successfully processed paper 13793499, matched 124 sentences
2025-05-04 04:40:04,882 - INFO - Processing paper 42045072
2025-05-04 04:40:04,886 - INFO - Paper 42045072: 207 sentences, Summary: 28 sentences
2025-05-04 04:40:04,886 - INFO - Encoding 207 paper sentences
2025-05-04 04:40:05,173 - INFO - Using default tokenizer.
2025-05-04 04:40:05,274 - INFO - Paper 42045072 ROUGE-1 F1: 0.3817
2025-05-04 04:40:05,274 - INFO - Paper 42045072 ROUGE-2 F1: 0.0692
2025-05-04 04:40:05,274 - INFO - Paper 42045072 ROUGE-L F1: 0.1675
2025-05-04 04:40:05,568 - INFO - Successfully processed paper 42045072, matched 39 sentences
2025-05-04 04:40:05,569 - INFO - Processing paper 45186835
2025-05-04 04:40:05,582 - INFO - Paper 45186835: 337 sentences, Summary: 22 sentences
2025-05-04 04:40:05,582 - INFO - Encoding 337 paper sentences
2025-05-04 04:40:05,944 - INFO - Using default tokenizer.
2025-05-04 04:40:06,185 - INFO - Paper 45186835 ROUGE-1 F1: 0.4081
2025-05-04 04:40:06,185 - INFO - Paper 45186835 ROUGE-2 F1: 0.2404
2025-05-04 04:40:06,185 - INFO - Paper 45186835 ROUGE-L F1: 0.3115
2025-05-04 04:40:06,540 - INFO - Successfully processed paper 45186835, matched 55 sentences
2025-05-04 04:40:06,541 - INFO - Skipping 79091650 - not in valid IDs
2025-05-04 04:40:06,541 - INFO - Processing paper 90525296
2025-05-04 04:40:06,570 - INFO - Paper 90525296: 403 sentences, Summary: 49 sentences
2025-05-04 04:40:06,570 - INFO - Encoding 403 paper sentences
2025-05-04 04:40:07,227 - INFO - Using default tokenizer.
2025-05-04 04:40:08,476 - INFO - Paper 90525296 ROUGE-1 F1: 0.5294
2025-05-04 04:40:08,476 - INFO - Paper 90525296 ROUGE-2 F1: 0.3114
2025-05-04 04:40:08,476 - INFO - Paper 90525296 ROUGE-L F1: 0.3472
2025-05-04 04:40:08,779 - INFO - Successfully processed paper 90525296, matched 107 sentences
2025-05-04 04:40:08,779 - INFO - Processing paper 77684000
2025-05-04 04:40:08,783 - INFO - Paper 77684000: 185 sentences, Summary: 32 sentences
2025-05-04 04:40:08,783 - INFO - Encoding 185 paper sentences
2025-05-04 04:40:09,139 - INFO - Using default tokenizer.
2025-05-04 04:40:09,526 - INFO - Paper 77684000 ROUGE-1 F1: 0.4002
2025-05-04 04:40:09,526 - INFO - Paper 77684000 ROUGE-2 F1: 0.2283
2025-05-04 04:40:09,526 - INFO - Paper 77684000 ROUGE-L F1: 0.2812
2025-05-04 04:40:09,860 - INFO - Successfully processed paper 77684000, matched 71 sentences
2025-05-04 04:40:09,860 - INFO - Processing paper 16973657
2025-05-04 04:40:09,865 - INFO - Paper 16973657: 239 sentences, Summary: 18 sentences
2025-05-04 04:40:09,865 - INFO - Encoding 239 paper sentences
2025-05-04 04:40:10,136 - INFO - Using default tokenizer.
2025-05-04 04:40:10,307 - INFO - Paper 16973657 ROUGE-1 F1: 0.4319
2025-05-04 04:40:10,308 - INFO - Paper 16973657 ROUGE-2 F1: 0.1769
2025-05-04 04:40:10,308 - INFO - Paper 16973657 ROUGE-L F1: 0.2402
2025-05-04 04:40:10,602 - INFO - Successfully processed paper 16973657, matched 41 sentences
2025-05-04 04:40:10,602 - INFO - Processing paper 82821959
2025-05-04 04:40:10,611 - INFO - Paper 82821959: 406 sentences, Summary: 36 sentences
2025-05-04 04:40:10,611 - INFO - Encoding 406 paper sentences
2025-05-04 04:40:11,144 - INFO - Using default tokenizer.
2025-05-04 04:40:11,639 - INFO - Paper 82821959 ROUGE-1 F1: 0.4985
2025-05-04 04:40:11,640 - INFO - Paper 82821959 ROUGE-2 F1: 0.2846
2025-05-04 04:40:11,640 - INFO - Paper 82821959 ROUGE-L F1: 0.3194
2025-05-04 04:40:11,943 - INFO - Successfully processed paper 82821959, matched 86 sentences
2025-05-04 04:40:11,944 - INFO - Processing paper 59485457
2025-05-04 04:40:11,949 - INFO - Paper 59485457: 272 sentences, Summary: 30 sentences
2025-05-04 04:40:11,949 - INFO - Encoding 272 paper sentences
2025-05-04 04:40:12,296 - INFO - Using default tokenizer.
2025-05-04 04:40:12,526 - INFO - Paper 59485457 ROUGE-1 F1: 0.3866
2025-05-04 04:40:12,527 - INFO - Paper 59485457 ROUGE-2 F1: 0.1259
2025-05-04 04:40:12,527 - INFO - Paper 59485457 ROUGE-L F1: 0.1886
2025-05-04 04:40:12,819 - INFO - Successfully processed paper 59485457, matched 71 sentences
2025-05-04 04:40:12,819 - INFO - Processing paper 17980043
2025-05-04 04:40:12,828 - INFO - Paper 17980043: 212 sentences, Summary: 12 sentences
2025-05-04 04:40:12,829 - INFO - Encoding 212 paper sentences
2025-05-04 04:40:13,039 - INFO - Using default tokenizer.
2025-05-04 04:40:13,086 - INFO - Paper 17980043 ROUGE-1 F1: 0.4887
2025-05-04 04:40:13,086 - INFO - Paper 17980043 ROUGE-2 F1: 0.1312
2025-05-04 04:40:13,086 - INFO - Paper 17980043 ROUGE-L F1: 0.2190
2025-05-04 04:40:13,388 - INFO - Successfully processed paper 17980043, matched 22 sentences
2025-05-04 04:40:13,389 - INFO - Processing paper 33714440
2025-05-04 04:40:13,393 - INFO - Paper 33714440: 164 sentences, Summary: 57 sentences
2025-05-04 04:40:13,393 - INFO - Encoding 164 paper sentences
2025-05-04 04:40:13,871 - INFO - Using default tokenizer.
2025-05-04 04:40:15,504 - INFO - Paper 33714440 ROUGE-1 F1: 0.4662
2025-05-04 04:40:15,504 - INFO - Paper 33714440 ROUGE-2 F1: 0.2960
2025-05-04 04:40:15,504 - INFO - Paper 33714440 ROUGE-L F1: 0.3411
2025-05-04 04:40:15,825 - INFO - Successfully processed paper 33714440, matched 128 sentences
2025-05-04 04:40:15,825 - INFO - Processing paper 24000799
2025-05-04 04:40:15,830 - INFO - Paper 24000799: 204 sentences, Summary: 20 sentences
2025-05-04 04:40:15,830 - INFO - Encoding 204 paper sentences
2025-05-04 04:40:16,066 - INFO - Using default tokenizer.
2025-05-04 04:40:16,165 - INFO - Paper 24000799 ROUGE-1 F1: 0.4717
2025-05-04 04:40:16,165 - INFO - Paper 24000799 ROUGE-2 F1: 0.1770
2025-05-04 04:40:16,165 - INFO - Paper 24000799 ROUGE-L F1: 0.2727
2025-05-04 04:40:16,512 - INFO - Successfully processed paper 24000799, matched 41 sentences
2025-05-04 04:40:16,512 - INFO - Processing paper 20550713
2025-05-04 04:40:16,525 - INFO - Paper 20550713: 635 sentences, Summary: 10 sentences
2025-05-04 04:40:16,525 - INFO - Encoding 635 paper sentences
2025-05-04 04:40:16,915 - INFO - Using default tokenizer.
2025-05-04 04:40:16,940 - INFO - Paper 20550713 ROUGE-1 F1: 0.3281
2025-05-04 04:40:16,940 - INFO - Paper 20550713 ROUGE-2 F1: 0.0701
2025-05-04 04:40:16,940 - INFO - Paper 20550713 ROUGE-L F1: 0.1675
2025-05-04 04:40:17,244 - INFO - Successfully processed paper 20550713, matched 20 sentences
2025-05-04 04:40:17,244 - INFO - Processing paper 91633253
2025-05-04 04:40:17,248 - INFO - Paper 91633253: 149 sentences, Summary: 37 sentences
2025-05-04 04:40:17,248 - INFO - Encoding 149 paper sentences
2025-05-04 04:40:17,591 - INFO - Using default tokenizer.
2025-05-04 04:40:18,090 - INFO - Paper 91633253 ROUGE-1 F1: 0.5492
2025-05-04 04:40:18,090 - INFO - Paper 91633253 ROUGE-2 F1: 0.3946
2025-05-04 04:40:18,090 - INFO - Paper 91633253 ROUGE-L F1: 0.4347
2025-05-04 04:40:18,399 - INFO - Successfully processed paper 91633253, matched 89 sentences
2025-05-04 04:40:18,399 - INFO - Processing paper 6777051
2025-05-04 04:40:18,416 - INFO - Paper 6777051: 386 sentences, Summary: 34 sentences
2025-05-04 04:40:18,416 - INFO - Encoding 386 paper sentences
2025-05-04 04:40:18,889 - INFO - Using default tokenizer.
2025-05-04 04:40:19,331 - INFO - Paper 6777051 ROUGE-1 F1: 0.4074
2025-05-04 04:40:19,332 - INFO - Paper 6777051 ROUGE-2 F1: 0.2193
2025-05-04 04:40:19,332 - INFO - Paper 6777051 ROUGE-L F1: 0.2747
2025-05-04 04:40:19,658 - INFO - Successfully processed paper 6777051, matched 77 sentences
2025-05-04 04:40:19,658 - INFO - Processing paper 7912651
2025-05-04 04:40:19,671 - INFO - Paper 7912651: 434 sentences, Summary: 27 sentences
2025-05-04 04:40:19,671 - INFO - Encoding 434 paper sentences
2025-05-04 04:40:20,110 - INFO - Using default tokenizer.
2025-05-04 04:40:20,560 - INFO - Paper 7912651 ROUGE-1 F1: 0.4813
2025-05-04 04:40:20,560 - INFO - Paper 7912651 ROUGE-2 F1: 0.3481
2025-05-04 04:40:20,560 - INFO - Paper 7912651 ROUGE-L F1: 0.3893
2025-05-04 04:40:20,868 - INFO - Successfully processed paper 7912651, matched 69 sentences
2025-05-04 04:40:20,868 - INFO - Processing paper 75865335
2025-05-04 04:40:20,878 - INFO - Paper 75865335: 484 sentences, Summary: 39 sentences
2025-05-04 04:40:20,879 - INFO - Encoding 484 paper sentences
2025-05-04 04:40:21,481 - INFO - Using default tokenizer.
2025-05-04 04:40:21,796 - INFO - Paper 75865335 ROUGE-1 F1: 0.4416
2025-05-04 04:40:21,796 - INFO - Paper 75865335 ROUGE-2 F1: 0.1293
2025-05-04 04:40:21,796 - INFO - Paper 75865335 ROUGE-L F1: 0.1909
2025-05-04 04:40:22,144 - INFO - Successfully processed paper 75865335, matched 68 sentences
2025-05-04 04:40:22,144 - INFO - Processing paper 87558652
2025-05-04 04:40:22,151 - INFO - Paper 87558652: 239 sentences, Summary: 23 sentences
2025-05-04 04:40:22,151 - INFO - Encoding 239 paper sentences
2025-05-04 04:40:22,414 - INFO - Using default tokenizer.
2025-05-04 04:40:22,515 - INFO - Paper 87558652 ROUGE-1 F1: 0.3841
2025-05-04 04:40:22,515 - INFO - Paper 87558652 ROUGE-2 F1: 0.1119
2025-05-04 04:40:22,515 - INFO - Paper 87558652 ROUGE-L F1: 0.1929
2025-05-04 04:40:22,839 - INFO - Successfully processed paper 87558652, matched 37 sentences
2025-05-04 04:40:22,839 - INFO - Processing paper 72529720
2025-05-04 04:40:22,848 - INFO - Paper 72529720: 391 sentences, Summary: 77 sentences
2025-05-04 04:40:22,848 - INFO - Encoding 391 paper sentences
2025-05-04 04:40:23,745 - INFO - Using default tokenizer.
2025-05-04 04:40:24,657 - INFO - Paper 72529720 ROUGE-1 F1: 0.4883
2025-05-04 04:40:24,657 - INFO - Paper 72529720 ROUGE-2 F1: 0.1392
2025-05-04 04:40:24,657 - INFO - Paper 72529720 ROUGE-L F1: 0.2000
2025-05-04 04:40:25,041 - INFO - Successfully processed paper 72529720, matched 120 sentences
2025-05-04 04:40:25,042 - INFO - Processing paper 61603670
2025-05-04 04:40:25,050 - INFO - Paper 61603670: 399 sentences, Summary: 49 sentences
2025-05-04 04:40:25,051 - INFO - Encoding 399 paper sentences
2025-05-04 04:40:25,687 - INFO - Using default tokenizer.
2025-05-04 04:40:26,532 - INFO - Paper 61603670 ROUGE-1 F1: 0.4952
2025-05-04 04:40:26,532 - INFO - Paper 61603670 ROUGE-2 F1: 0.3415
2025-05-04 04:40:26,532 - INFO - Paper 61603670 ROUGE-L F1: 0.3844
2025-05-04 04:40:26,868 - INFO - Successfully processed paper 61603670, matched 117 sentences
2025-05-04 04:40:26,868 - INFO - Skipping 96599676 - not in valid IDs
2025-05-04 04:40:26,868 - INFO - Processing paper 97291551
2025-05-04 04:40:26,878 - INFO - Paper 97291551: 348 sentences, Summary: 50 sentences
2025-05-04 04:40:26,878 - INFO - Encoding 348 paper sentences
2025-05-04 04:40:27,462 - INFO - Using default tokenizer.
2025-05-04 04:40:28,602 - INFO - Paper 97291551 ROUGE-1 F1: 0.5793
2025-05-04 04:40:28,602 - INFO - Paper 97291551 ROUGE-2 F1: 0.3891
2025-05-04 04:40:28,602 - INFO - Paper 97291551 ROUGE-L F1: 0.4227
2025-05-04 04:40:28,958 - INFO - Successfully processed paper 97291551, matched 100 sentences
2025-05-04 04:40:28,958 - INFO - Processing paper 36197895
2025-05-04 04:40:28,977 - INFO - Paper 36197895: 755 sentences, Summary: 55 sentences
2025-05-04 04:40:28,977 - INFO - Encoding 755 paper sentences
2025-05-04 04:40:29,981 - INFO - Using default tokenizer.
2025-05-04 04:40:31,168 - INFO - Paper 36197895 ROUGE-1 F1: 0.5737
2025-05-04 04:40:31,168 - INFO - Paper 36197895 ROUGE-2 F1: 0.3736
2025-05-04 04:40:31,168 - INFO - Paper 36197895 ROUGE-L F1: 0.4079
2025-05-04 04:40:31,502 - INFO - Successfully processed paper 36197895, matched 126 sentences
2025-05-04 04:40:31,503 - INFO - Processing paper 4647896
2025-05-04 04:40:31,506 - INFO - Paper 4647896: 147 sentences, Summary: 16 sentences
2025-05-04 04:40:31,506 - INFO - Encoding 147 paper sentences
2025-05-04 04:40:31,689 - INFO - Using default tokenizer.
2025-05-04 04:40:31,774 - INFO - Paper 4647896 ROUGE-1 F1: 0.4679
2025-05-04 04:40:31,774 - INFO - Paper 4647896 ROUGE-2 F1: 0.2290
2025-05-04 04:40:31,774 - INFO - Paper 4647896 ROUGE-L F1: 0.3018
2025-05-04 04:40:32,162 - INFO - Successfully processed paper 4647896, matched 29 sentences
2025-05-04 04:40:32,162 - INFO - Processing paper 88548359
2025-05-04 04:40:32,189 - INFO - Paper 88548359: 306 sentences, Summary: 20 sentences
2025-05-04 04:40:32,189 - INFO - Encoding 306 paper sentences
2025-05-04 04:40:32,480 - INFO - Using default tokenizer.
2025-05-04 04:40:32,671 - INFO - Paper 88548359 ROUGE-1 F1: 0.4608
2025-05-04 04:40:32,671 - INFO - Paper 88548359 ROUGE-2 F1: 0.2780
2025-05-04 04:40:32,671 - INFO - Paper 88548359 ROUGE-L F1: 0.3295
2025-05-04 04:40:32,981 - INFO - Successfully processed paper 88548359, matched 48 sentences
2025-05-04 04:40:32,981 - INFO - Processing paper 74156567
2025-05-04 04:40:32,992 - INFO - Paper 74156567: 487 sentences, Summary: 64 sentences
2025-05-04 04:40:32,992 - INFO - Encoding 487 paper sentences
2025-05-04 04:40:33,840 - INFO - Using default tokenizer.
2025-05-04 04:40:35,645 - INFO - Paper 74156567 ROUGE-1 F1: 0.4278
2025-05-04 04:40:35,645 - INFO - Paper 74156567 ROUGE-2 F1: 0.2910
2025-05-04 04:40:35,645 - INFO - Paper 74156567 ROUGE-L F1: 0.3288
2025-05-04 04:40:36,005 - INFO - Successfully processed paper 74156567, matched 170 sentences
2025-05-04 04:40:36,006 - INFO - Processing paper 66099843
2025-05-04 04:40:36,011 - INFO - Paper 66099843: 197 sentences, Summary: 33 sentences
2025-05-04 04:40:36,011 - INFO - Encoding 197 paper sentences
2025-05-04 04:40:36,382 - INFO - Using default tokenizer.
2025-05-04 04:40:36,654 - INFO - Paper 66099843 ROUGE-1 F1: 0.3823
2025-05-04 04:40:36,654 - INFO - Paper 66099843 ROUGE-2 F1: 0.2153
2025-05-04 04:40:36,654 - INFO - Paper 66099843 ROUGE-L F1: 0.2856
2025-05-04 04:40:36,995 - INFO - Successfully processed paper 66099843, matched 63 sentences
2025-05-04 04:40:36,996 - INFO - Processing paper 35377831
2025-05-04 04:40:37,007 - INFO - Paper 35377831: 504 sentences, Summary: 62 sentences
2025-05-04 04:40:37,007 - INFO - Encoding 504 paper sentences
2025-05-04 04:40:37,854 - INFO - Using default tokenizer.
2025-05-04 04:40:39,508 - INFO - Paper 35377831 ROUGE-1 F1: 0.5197
2025-05-04 04:40:39,508 - INFO - Paper 35377831 ROUGE-2 F1: 0.4067
2025-05-04 04:40:39,508 - INFO - Paper 35377831 ROUGE-L F1: 0.4277
2025-05-04 04:40:39,865 - INFO - Successfully processed paper 35377831, matched 168 sentences
2025-05-04 04:40:39,866 - INFO - Processing paper 76817909
2025-05-04 04:40:39,876 - INFO - Paper 76817909: 324 sentences, Summary: 23 sentences
2025-05-04 04:40:39,877 - INFO - Encoding 324 paper sentences
2025-05-04 04:40:40,218 - INFO - Using default tokenizer.
2025-05-04 04:40:40,438 - INFO - Paper 76817909 ROUGE-1 F1: 0.4391
2025-05-04 04:40:40,438 - INFO - Paper 76817909 ROUGE-2 F1: 0.1916
2025-05-04 04:40:40,438 - INFO - Paper 76817909 ROUGE-L F1: 0.2392
2025-05-04 04:40:40,768 - INFO - Successfully processed paper 76817909, matched 58 sentences
2025-05-04 04:40:40,769 - INFO - Processing paper 24169489
2025-05-04 04:40:40,809 - INFO - Paper 24169489: 559 sentences, Summary: 51 sentences
2025-05-04 04:40:40,809 - INFO - Encoding 559 paper sentences
2025-05-04 04:40:41,569 - INFO - Using default tokenizer.
2025-05-04 04:40:42,662 - INFO - Paper 24169489 ROUGE-1 F1: 0.5619
2025-05-04 04:40:42,662 - INFO - Paper 24169489 ROUGE-2 F1: 0.4147
2025-05-04 04:40:42,662 - INFO - Paper 24169489 ROUGE-L F1: 0.4423
2025-05-04 04:40:42,988 - INFO - Successfully processed paper 24169489, matched 126 sentences
2025-05-04 04:40:42,988 - INFO - Processing paper 73515355
2025-05-04 04:40:43,003 - INFO - Paper 73515355: 595 sentences, Summary: 49 sentences
2025-05-04 04:40:43,003 - INFO - Encoding 595 paper sentences
2025-05-04 04:40:43,772 - INFO - Using default tokenizer.
2025-05-04 04:40:44,896 - INFO - Paper 73515355 ROUGE-1 F1: 0.5032
2025-05-04 04:40:44,896 - INFO - Paper 73515355 ROUGE-2 F1: 0.2978
2025-05-04 04:40:44,896 - INFO - Paper 73515355 ROUGE-L F1: 0.3508
2025-05-04 04:40:45,232 - INFO - Successfully processed paper 73515355, matched 126 sentences
2025-05-04 04:40:45,232 - INFO - Processing paper 8784223
2025-05-04 04:40:45,238 - INFO - Paper 8784223: 305 sentences, Summary: 41 sentences
2025-05-04 04:40:45,238 - INFO - Encoding 305 paper sentences
2025-05-04 04:40:45,714 - INFO - Using default tokenizer.
2025-05-04 04:40:46,210 - INFO - Paper 8784223 ROUGE-1 F1: 0.4190
2025-05-04 04:40:46,210 - INFO - Paper 8784223 ROUGE-2 F1: 0.1572
2025-05-04 04:40:46,210 - INFO - Paper 8784223 ROUGE-L F1: 0.2251
2025-05-04 04:40:46,585 - INFO - Successfully processed paper 8784223, matched 86 sentences
2025-05-04 04:40:46,586 - INFO - Processing paper 48411412
2025-05-04 04:40:46,611 - INFO - Paper 48411412: 267 sentences, Summary: 30 sentences
2025-05-04 04:40:46,611 - INFO - Encoding 267 paper sentences
2025-05-04 04:40:46,967 - INFO - Using default tokenizer.
2025-05-04 04:40:47,073 - INFO - Paper 48411412 ROUGE-1 F1: 0.3411
2025-05-04 04:40:47,073 - INFO - Paper 48411412 ROUGE-2 F1: 0.1000
2025-05-04 04:40:47,073 - INFO - Paper 48411412 ROUGE-L F1: 0.1864
2025-05-04 04:40:47,466 - INFO - Successfully processed paper 48411412, matched 50 sentences
2025-05-04 04:40:47,466 - INFO - Processing paper 19173630
2025-05-04 04:40:47,471 - INFO - Paper 19173630: 155 sentences, Summary: 79 sentences
2025-05-04 04:40:47,471 - INFO - Encoding 155 paper sentences
2025-05-04 04:40:48,115 - INFO - Using default tokenizer.
2025-05-04 04:40:48,850 - INFO - Paper 19173630 ROUGE-1 F1: 0.4026
2025-05-04 04:40:48,850 - INFO - Paper 19173630 ROUGE-2 F1: 0.0905
2025-05-04 04:40:48,850 - INFO - Paper 19173630 ROUGE-L F1: 0.1700
2025-05-04 04:40:49,186 - INFO - Successfully processed paper 19173630, matched 90 sentences
2025-05-04 04:40:49,187 - INFO - Processing paper 60516406
2025-05-04 04:40:49,191 - INFO - Paper 60516406: 181 sentences, Summary: 35 sentences
2025-05-04 04:40:49,191 - INFO - Encoding 181 paper sentences
2025-05-04 04:40:49,575 - INFO - Using default tokenizer.
2025-05-04 04:40:49,802 - INFO - Paper 60516406 ROUGE-1 F1: 0.3867
2025-05-04 04:40:49,802 - INFO - Paper 60516406 ROUGE-2 F1: 0.0968
2025-05-04 04:40:49,802 - INFO - Paper 60516406 ROUGE-L F1: 0.1608
2025-05-04 04:40:50,266 - INFO - Successfully processed paper 60516406, matched 44 sentences
2025-05-04 04:40:50,267 - INFO - Processing paper 93025332
2025-05-04 04:40:50,293 - INFO - Paper 93025332: 302 sentences, Summary: 56 sentences
2025-05-04 04:40:50,293 - INFO - Encoding 302 paper sentences
2025-05-04 04:40:50,877 - INFO - Using default tokenizer.
2025-05-04 04:40:51,929 - INFO - Paper 93025332 ROUGE-1 F1: 0.5986
2025-05-04 04:40:51,929 - INFO - Paper 93025332 ROUGE-2 F1: 0.4782
2025-05-04 04:40:51,929 - INFO - Paper 93025332 ROUGE-L F1: 0.5136
2025-05-04 04:40:52,391 - INFO - Successfully processed paper 93025332, matched 119 sentences
2025-05-04 04:40:52,391 - INFO - Processing paper 39353178
2025-05-04 04:40:52,395 - INFO - Paper 39353178: 155 sentences, Summary: 34 sentences
2025-05-04 04:40:52,395 - INFO - Encoding 155 paper sentences
2025-05-04 04:40:52,710 - INFO - Using default tokenizer.
2025-05-04 04:40:53,270 - INFO - Paper 39353178 ROUGE-1 F1: 0.3750
2025-05-04 04:40:53,270 - INFO - Paper 39353178 ROUGE-2 F1: 0.1224
2025-05-04 04:40:53,270 - INFO - Paper 39353178 ROUGE-L F1: 0.1831
2025-05-04 04:40:53,608 - INFO - Successfully processed paper 39353178, matched 70 sentences
2025-05-04 04:40:53,609 - INFO - Processing paper 23929837
2025-05-04 04:40:53,614 - INFO - Paper 23929837: 218 sentences, Summary: 81 sentences
2025-05-04 04:40:53,614 - INFO - Encoding 218 paper sentences
2025-05-04 04:40:54,362 - INFO - Using default tokenizer.
2025-05-04 04:40:55,677 - INFO - Paper 23929837 ROUGE-1 F1: 0.3246
2025-05-04 04:40:55,678 - INFO - Paper 23929837 ROUGE-2 F1: 0.1218
2025-05-04 04:40:55,678 - INFO - Paper 23929837 ROUGE-L F1: 0.1861
2025-05-04 04:40:56,065 - INFO - Successfully processed paper 23929837, matched 159 sentences
2025-05-04 04:40:56,065 - INFO - Processing paper 34958521
2025-05-04 04:40:56,073 - INFO - Paper 34958521: 363 sentences, Summary: 45 sentences
2025-05-04 04:40:56,073 - INFO - Encoding 363 paper sentences
2025-05-04 04:40:56,677 - INFO - Using default tokenizer.
2025-05-04 04:40:57,948 - INFO - Paper 34958521 ROUGE-1 F1: 0.4883
2025-05-04 04:40:57,948 - INFO - Paper 34958521 ROUGE-2 F1: 0.3038
2025-05-04 04:40:57,949 - INFO - Paper 34958521 ROUGE-L F1: 0.3367
2025-05-04 04:40:58,308 - INFO - Successfully processed paper 34958521, matched 113 sentences
2025-05-04 04:40:58,309 - INFO - Processing paper 18958324
2025-05-04 04:40:58,318 - INFO - Paper 18958324: 387 sentences, Summary: 50 sentences
2025-05-04 04:40:58,319 - INFO - Encoding 387 paper sentences
2025-05-04 04:40:58,941 - INFO - Using default tokenizer.
2025-05-04 04:40:59,669 - INFO - Paper 18958324 ROUGE-1 F1: 0.3885
2025-05-04 04:40:59,669 - INFO - Paper 18958324 ROUGE-2 F1: 0.1144
2025-05-04 04:40:59,669 - INFO - Paper 18958324 ROUGE-L F1: 0.1718
2025-05-04 04:41:00,016 - INFO - Successfully processed paper 18958324, matched 88 sentences
2025-05-04 04:41:00,016 - INFO - Processing paper 66912872
2025-05-04 04:41:00,035 - INFO - Paper 66912872: 349 sentences, Summary: 54 sentences
2025-05-04 04:41:00,035 - INFO - Encoding 349 paper sentences
2025-05-04 04:41:00,690 - INFO - Using default tokenizer.
2025-05-04 04:41:02,094 - INFO - Paper 66912872 ROUGE-1 F1: 0.5028
2025-05-04 04:41:02,095 - INFO - Paper 66912872 ROUGE-2 F1: 0.2979
2025-05-04 04:41:02,095 - INFO - Paper 66912872 ROUGE-L F1: 0.3325
2025-05-04 04:41:02,497 - INFO - Successfully processed paper 66912872, matched 117 sentences
2025-05-04 04:41:02,497 - INFO - Skipping 81623492 - not in valid IDs
2025-05-04 04:41:02,497 - INFO - Processing paper 42200029
2025-05-04 04:41:02,502 - INFO - Paper 42200029: 182 sentences, Summary: 56 sentences
2025-05-04 04:41:02,502 - INFO - Encoding 182 paper sentences
2025-05-04 04:41:02,979 - INFO - Using default tokenizer.
2025-05-04 04:41:04,352 - INFO - Paper 42200029 ROUGE-1 F1: 0.5491
2025-05-04 04:41:04,352 - INFO - Paper 42200029 ROUGE-2 F1: 0.3492
2025-05-04 04:41:04,352 - INFO - Paper 42200029 ROUGE-L F1: 0.3695
2025-05-04 04:41:04,761 - INFO - Successfully processed paper 42200029, matched 127 sentences
2025-05-04 04:41:04,761 - INFO - Skipping 6469050 - not in valid IDs
2025-05-04 04:41:04,762 - INFO - Processing paper 70889889
2025-05-04 04:41:04,765 - INFO - Paper 70889889: 158 sentences, Summary: 41 sentences
2025-05-04 04:41:04,766 - INFO - Encoding 158 paper sentences
2025-05-04 04:41:05,135 - INFO - Using default tokenizer.
2025-05-04 04:41:05,415 - INFO - Paper 70889889 ROUGE-1 F1: 0.3376
2025-05-04 04:41:05,415 - INFO - Paper 70889889 ROUGE-2 F1: 0.0757
2025-05-04 04:41:05,415 - INFO - Paper 70889889 ROUGE-L F1: 0.1614
2025-05-04 04:41:05,849 - INFO - Successfully processed paper 70889889, matched 57 sentences
2025-05-04 04:41:05,849 - INFO - Processing paper 12625177
2025-05-04 04:41:05,872 - INFO - Paper 12625177: 538 sentences, Summary: 47 sentences
2025-05-04 04:41:05,872 - INFO - Encoding 538 paper sentences
2025-05-04 04:41:06,578 - INFO - Using default tokenizer.
2025-05-04 04:41:07,349 - INFO - Paper 12625177 ROUGE-1 F1: 0.5219
2025-05-04 04:41:07,350 - INFO - Paper 12625177 ROUGE-2 F1: 0.3167
2025-05-04 04:41:07,350 - INFO - Paper 12625177 ROUGE-L F1: 0.3652
2025-05-04 04:41:07,840 - INFO - Successfully processed paper 12625177, matched 94 sentences
2025-05-04 04:41:07,841 - INFO - Processing paper 43791696
2025-05-04 04:41:07,851 - INFO - Paper 43791696: 391 sentences, Summary: 17 sentences
2025-05-04 04:41:07,851 - INFO - Encoding 391 paper sentences
2025-05-04 04:41:08,210 - INFO - Using default tokenizer.
2025-05-04 04:41:08,307 - INFO - Paper 43791696 ROUGE-1 F1: 0.4067
2025-05-04 04:41:08,307 - INFO - Paper 43791696 ROUGE-2 F1: 0.1076
2025-05-04 04:41:08,307 - INFO - Paper 43791696 ROUGE-L F1: 0.1725
2025-05-04 04:41:08,672 - INFO - Successfully processed paper 43791696, matched 31 sentences
2025-05-04 04:41:08,672 - INFO - Processing paper 11354749
2025-05-04 04:41:08,682 - INFO - Paper 11354749: 145 sentences, Summary: 45 sentences
2025-05-04 04:41:08,682 - INFO - Encoding 145 paper sentences
2025-05-04 04:41:09,086 - INFO - Using default tokenizer.
2025-05-04 04:41:09,751 - INFO - Paper 11354749 ROUGE-1 F1: 0.5164
2025-05-04 04:41:09,751 - INFO - Paper 11354749 ROUGE-2 F1: 0.2957
2025-05-04 04:41:09,751 - INFO - Paper 11354749 ROUGE-L F1: 0.3475
2025-05-04 04:41:10,114 - INFO - Successfully processed paper 11354749, matched 93 sentences
2025-05-04 04:41:10,114 - INFO - Processing paper 10218080
2025-05-04 04:41:10,120 - INFO - Paper 10218080: 274 sentences, Summary: 15 sentences
2025-05-04 04:41:10,120 - INFO - Encoding 274 paper sentences
2025-05-04 04:41:10,424 - INFO - Using default tokenizer.
2025-05-04 04:41:10,504 - INFO - Paper 10218080 ROUGE-1 F1: 0.4916
2025-05-04 04:41:10,504 - INFO - Paper 10218080 ROUGE-2 F1: 0.1688
2025-05-04 04:41:10,504 - INFO - Paper 10218080 ROUGE-L F1: 0.2101
2025-05-04 04:41:10,928 - INFO - Successfully processed paper 10218080, matched 23 sentences
2025-05-04 04:41:10,929 - INFO - Processing paper 60253398
2025-05-04 04:41:10,966 - INFO - Paper 60253398: 517 sentences, Summary: 62 sentences
2025-05-04 04:41:10,966 - INFO - Encoding 517 paper sentences
2025-05-04 04:41:11,882 - INFO - Using default tokenizer.
2025-05-04 04:41:13,803 - INFO - Paper 60253398 ROUGE-1 F1: 0.4319
2025-05-04 04:41:13,803 - INFO - Paper 60253398 ROUGE-2 F1: 0.2891
2025-05-04 04:41:13,803 - INFO - Paper 60253398 ROUGE-L F1: 0.3189
2025-05-04 04:41:14,140 - INFO - Successfully processed paper 60253398, matched 169 sentences
2025-05-04 04:41:14,141 - INFO - Skipping 74374635 - not in valid IDs
2025-05-04 04:41:14,141 - INFO - Skipping 74971632 - not in valid IDs
2025-05-04 04:41:14,141 - INFO - Processing paper 72744034
2025-05-04 04:41:14,148 - INFO - Paper 72744034: 347 sentences, Summary: 37 sentences
2025-05-04 04:41:14,148 - INFO - Encoding 347 paper sentences
2025-05-04 04:41:14,624 - INFO - Using default tokenizer.
2025-05-04 04:41:15,357 - INFO - Paper 72744034 ROUGE-1 F1: 0.5256
2025-05-04 04:41:15,357 - INFO - Paper 72744034 ROUGE-2 F1: 0.3658
2025-05-04 04:41:15,357 - INFO - Paper 72744034 ROUGE-L F1: 0.3953
2025-05-04 04:41:15,722 - INFO - Successfully processed paper 72744034, matched 94 sentences
2025-05-04 04:41:15,722 - INFO - Processing paper 63531440
2025-05-04 04:41:15,727 - INFO - Paper 63531440: 223 sentences, Summary: 12 sentences
2025-05-04 04:41:15,727 - INFO - Encoding 223 paper sentences
2025-05-04 04:41:15,935 - INFO - Using default tokenizer.
2025-05-04 04:41:16,044 - INFO - Paper 63531440 ROUGE-1 F1: 0.4754
2025-05-04 04:41:16,044 - INFO - Paper 63531440 ROUGE-2 F1: 0.1088
2025-05-04 04:41:16,044 - INFO - Paper 63531440 ROUGE-L F1: 0.2003
2025-05-04 04:41:16,465 - INFO - Successfully processed paper 63531440, matched 28 sentences
2025-05-04 04:41:16,465 - INFO - Processing paper 25710556
2025-05-04 04:41:16,474 - INFO - Paper 25710556: 280 sentences, Summary: 77 sentences
2025-05-04 04:41:16,474 - INFO - Encoding 280 paper sentences
2025-05-04 04:41:17,280 - INFO - Using default tokenizer.
2025-05-04 04:41:18,639 - INFO - Paper 25710556 ROUGE-1 F1: 0.3743
2025-05-04 04:41:18,639 - INFO - Paper 25710556 ROUGE-2 F1: 0.1215
2025-05-04 04:41:18,639 - INFO - Paper 25710556 ROUGE-L F1: 0.1813
2025-05-04 04:41:19,019 - INFO - Successfully processed paper 25710556, matched 145 sentences
2025-05-04 04:41:19,019 - INFO - Processing paper 39038842
2025-05-04 04:41:19,028 - INFO - Paper 39038842: 420 sentences, Summary: 59 sentences
2025-05-04 04:41:19,028 - INFO - Encoding 420 paper sentences
2025-05-04 04:41:19,759 - INFO - Using default tokenizer.
2025-05-04 04:41:21,452 - INFO - Paper 39038842 ROUGE-1 F1: 0.4796
2025-05-04 04:41:21,452 - INFO - Paper 39038842 ROUGE-2 F1: 0.2906
2025-05-04 04:41:21,452 - INFO - Paper 39038842 ROUGE-L F1: 0.3258
2025-05-04 04:41:21,855 - INFO - Successfully processed paper 39038842, matched 156 sentences
2025-05-04 04:41:21,855 - INFO - Processing paper 39674358
2025-05-04 04:41:21,866 - INFO - Paper 39674358: 359 sentences, Summary: 58 sentences
2025-05-04 04:41:21,866 - INFO - Encoding 359 paper sentences
2025-05-04 04:41:22,574 - INFO - Using default tokenizer.
2025-05-04 04:41:23,871 - INFO - Paper 39674358 ROUGE-1 F1: 0.5459
2025-05-04 04:41:23,871 - INFO - Paper 39674358 ROUGE-2 F1: 0.4437
2025-05-04 04:41:23,871 - INFO - Paper 39674358 ROUGE-L F1: 0.4696
2025-05-04 04:41:24,282 - INFO - Successfully processed paper 39674358, matched 145 sentences
2025-05-04 04:41:24,282 - INFO - Processing paper 518237
2025-05-04 04:41:24,290 - INFO - Paper 518237: 318 sentences, Summary: 62 sentences
2025-05-04 04:41:24,290 - INFO - Encoding 318 paper sentences
2025-05-04 04:41:24,977 - INFO - Using default tokenizer.
2025-05-04 04:41:26,354 - INFO - Paper 518237 ROUGE-1 F1: 0.4841
2025-05-04 04:41:26,354 - INFO - Paper 518237 ROUGE-2 F1: 0.1995
2025-05-04 04:41:26,354 - INFO - Paper 518237 ROUGE-L F1: 0.2287
2025-05-04 04:41:26,730 - INFO - Successfully processed paper 518237, matched 147 sentences
2025-05-04 04:41:26,730 - INFO - Processing paper 83248182
2025-05-04 04:41:26,736 - INFO - Paper 83248182: 260 sentences, Summary: 11 sentences
2025-05-04 04:41:26,736 - INFO - Encoding 260 paper sentences
2025-05-04 04:41:26,992 - INFO - Using default tokenizer.
2025-05-04 04:41:27,015 - INFO - Paper 83248182 ROUGE-1 F1: 0.3103
2025-05-04 04:41:27,015 - INFO - Paper 83248182 ROUGE-2 F1: 0.0231
2025-05-04 04:41:27,015 - INFO - Paper 83248182 ROUGE-L F1: 0.1418
2025-05-04 04:41:27,442 - INFO - Successfully processed paper 83248182, matched 11 sentences
2025-05-04 04:41:27,443 - INFO - Processing paper 5225266
2025-05-04 04:41:27,449 - INFO - Paper 5225266: 283 sentences, Summary: 65 sentences
2025-05-04 04:41:27,449 - INFO - Encoding 283 paper sentences
2025-05-04 04:41:28,118 - INFO - Using default tokenizer.
2025-05-04 04:41:29,497 - INFO - Paper 5225266 ROUGE-1 F1: 0.5410
2025-05-04 04:41:29,497 - INFO - Paper 5225266 ROUGE-2 F1: 0.3592
2025-05-04 04:41:29,498 - INFO - Paper 5225266 ROUGE-L F1: 0.3968
2025-05-04 04:41:30,017 - INFO - Successfully processed paper 5225266, matched 165 sentences
2025-05-04 04:41:30,018 - INFO - Processing paper 71370947
2025-05-04 04:41:30,026 - INFO - Paper 71370947: 229 sentences, Summary: 42 sentences
2025-05-04 04:41:30,026 - INFO - Encoding 229 paper sentences
2025-05-04 04:41:30,500 - INFO - Using default tokenizer.
2025-05-04 04:41:30,834 - INFO - Paper 71370947 ROUGE-1 F1: 0.3784
2025-05-04 04:41:30,834 - INFO - Paper 71370947 ROUGE-2 F1: 0.1022
2025-05-04 04:41:30,834 - INFO - Paper 71370947 ROUGE-L F1: 0.1918
2025-05-04 04:41:31,233 - INFO - Successfully processed paper 71370947, matched 82 sentences
2025-05-04 04:41:31,233 - INFO - Processing paper 47397989
2025-05-04 04:41:31,237 - INFO - Paper 47397989: 208 sentences, Summary: 29 sentences
2025-05-04 04:41:31,237 - INFO - Encoding 208 paper sentences
2025-05-04 04:41:31,536 - INFO - Using default tokenizer.
2025-05-04 04:41:31,646 - INFO - Paper 47397989 ROUGE-1 F1: 0.3738
2025-05-04 04:41:31,646 - INFO - Paper 47397989 ROUGE-2 F1: 0.0995
2025-05-04 04:41:31,646 - INFO - Paper 47397989 ROUGE-L F1: 0.1877
2025-05-04 04:41:32,025 - INFO - Successfully processed paper 47397989, matched 31 sentences
2025-05-04 04:41:32,026 - INFO - Processing paper 17539393
2025-05-04 04:41:32,036 - INFO - Paper 17539393: 466 sentences, Summary: 73 sentences
2025-05-04 04:41:32,036 - INFO - Encoding 466 paper sentences
2025-05-04 04:41:32,951 - INFO - Using default tokenizer.
2025-05-04 04:41:34,646 - INFO - Paper 17539393 ROUGE-1 F1: 0.4612
2025-05-04 04:41:34,646 - INFO - Paper 17539393 ROUGE-2 F1: 0.2978
2025-05-04 04:41:34,646 - INFO - Paper 17539393 ROUGE-L F1: 0.3324
2025-05-04 04:41:35,134 - INFO - Successfully processed paper 17539393, matched 175 sentences
2025-05-04 04:41:35,134 - INFO - Processing paper 84030160
2025-05-04 04:41:35,140 - INFO - Paper 84030160: 248 sentences, Summary: 29 sentences
2025-05-04 04:41:35,140 - INFO - Encoding 248 paper sentences
2025-05-04 04:41:35,471 - INFO - Using default tokenizer.
2025-05-04 04:41:35,854 - INFO - Paper 84030160 ROUGE-1 F1: 0.4800
2025-05-04 04:41:35,854 - INFO - Paper 84030160 ROUGE-2 F1: 0.2819
2025-05-04 04:41:35,855 - INFO - Paper 84030160 ROUGE-L F1: 0.3328
2025-05-04 04:41:36,283 - INFO - Successfully processed paper 84030160, matched 62 sentences
2025-05-04 04:41:36,283 - INFO - Skipping 72992946 - not in valid IDs
2025-05-04 04:41:36,283 - INFO - Processing paper 53935450
2025-05-04 04:41:36,292 - INFO - Paper 53935450: 425 sentences, Summary: 57 sentences
2025-05-04 04:41:36,292 - INFO - Encoding 425 paper sentences
2025-05-04 04:41:36,997 - INFO - Using default tokenizer.
2025-05-04 04:41:38,481 - INFO - Paper 53935450 ROUGE-1 F1: 0.4854
2025-05-04 04:41:38,482 - INFO - Paper 53935450 ROUGE-2 F1: 0.2405
2025-05-04 04:41:38,482 - INFO - Paper 53935450 ROUGE-L F1: 0.2759
2025-05-04 04:41:38,903 - INFO - Successfully processed paper 53935450, matched 136 sentences
2025-05-04 04:41:38,903 - INFO - Processing paper 11418476
2025-05-04 04:41:38,911 - INFO - Paper 11418476: 290 sentences, Summary: 40 sentences
2025-05-04 04:41:38,911 - INFO - Encoding 290 paper sentences
2025-05-04 04:41:39,377 - INFO - Using default tokenizer.
2025-05-04 04:41:39,899 - INFO - Paper 11418476 ROUGE-1 F1: 0.4445
2025-05-04 04:41:39,899 - INFO - Paper 11418476 ROUGE-2 F1: 0.2081
2025-05-04 04:41:39,899 - INFO - Paper 11418476 ROUGE-L F1: 0.2513
2025-05-04 04:41:40,282 - INFO - Successfully processed paper 11418476, matched 96 sentences
2025-05-04 04:41:40,283 - INFO - Processing paper 6799048
2025-05-04 04:41:40,289 - INFO - Paper 6799048: 281 sentences, Summary: 13 sentences
2025-05-04 04:41:40,289 - INFO - Encoding 281 paper sentences
2025-05-04 04:41:40,533 - INFO - Using default tokenizer.
2025-05-04 04:41:40,585 - INFO - Paper 6799048 ROUGE-1 F1: 0.3228
2025-05-04 04:41:40,585 - INFO - Paper 6799048 ROUGE-2 F1: 0.0546
2025-05-04 04:41:40,585 - INFO - Paper 6799048 ROUGE-L F1: 0.1592
2025-05-04 04:41:41,039 - INFO - Successfully processed paper 6799048, matched 27 sentences
2025-05-04 04:41:41,040 - INFO - Processing paper 57956236
2025-05-04 04:41:41,062 - INFO - Paper 57956236: 314 sentences, Summary: 61 sentences
2025-05-04 04:41:41,062 - INFO - Encoding 314 paper sentences
2025-05-04 04:41:41,714 - INFO - Using default tokenizer.
2025-05-04 04:41:42,367 - INFO - Paper 57956236 ROUGE-1 F1: 0.3983
2025-05-04 04:41:42,367 - INFO - Paper 57956236 ROUGE-2 F1: 0.1138
2025-05-04 04:41:42,368 - INFO - Paper 57956236 ROUGE-L F1: 0.1961
2025-05-04 04:41:42,782 - INFO - Successfully processed paper 57956236, matched 110 sentences
2025-05-04 04:41:42,782 - INFO - Processing paper 37796162
2025-05-04 04:41:42,790 - INFO - Paper 37796162: 238 sentences, Summary: 11 sentences
2025-05-04 04:41:42,791 - INFO - Encoding 238 paper sentences
2025-05-04 04:41:43,019 - INFO - Using default tokenizer.
2025-05-04 04:41:43,070 - INFO - Paper 37796162 ROUGE-1 F1: 0.4403
2025-05-04 04:41:43,070 - INFO - Paper 37796162 ROUGE-2 F1: 0.1751
2025-05-04 04:41:43,070 - INFO - Paper 37796162 ROUGE-L F1: 0.2731
2025-05-04 04:41:43,495 - INFO - Successfully processed paper 37796162, matched 22 sentences
2025-05-04 04:41:43,496 - INFO - Processing paper 435175
2025-05-04 04:41:43,511 - INFO - Paper 435175: 252 sentences, Summary: 17 sentences
2025-05-04 04:41:43,511 - INFO - Encoding 252 paper sentences
2025-05-04 04:41:43,741 - INFO - Using default tokenizer.
2025-05-04 04:41:43,794 - INFO - Paper 435175 ROUGE-1 F1: 0.4637
2025-05-04 04:41:43,794 - INFO - Paper 435175 ROUGE-2 F1: 0.1131
2025-05-04 04:41:43,794 - INFO - Paper 435175 ROUGE-L F1: 0.2256
2025-05-04 04:41:44,173 - INFO - Successfully processed paper 435175, matched 32 sentences
2025-05-04 04:41:44,174 - INFO - Processing paper 39357436
2025-05-04 04:41:44,189 - INFO - Paper 39357436: 229 sentences, Summary: 16 sentences
2025-05-04 04:41:44,189 - INFO - Encoding 229 paper sentences
2025-05-04 04:41:44,399 - INFO - Using default tokenizer.
2025-05-04 04:41:44,433 - INFO - Paper 39357436 ROUGE-1 F1: 0.2776
2025-05-04 04:41:44,434 - INFO - Paper 39357436 ROUGE-2 F1: 0.0285
2025-05-04 04:41:44,434 - INFO - Paper 39357436 ROUGE-L F1: 0.1388
2025-05-04 04:41:44,887 - INFO - Successfully processed paper 39357436, matched 16 sentences
2025-05-04 04:41:44,888 - INFO - Processing paper 29962756
2025-05-04 04:41:44,914 - INFO - Paper 29962756: 335 sentences, Summary: 15 sentences
2025-05-04 04:41:44,914 - INFO - Encoding 335 paper sentences
2025-05-04 04:41:45,153 - INFO - Using default tokenizer.
2025-05-04 04:41:45,207 - INFO - Paper 29962756 ROUGE-1 F1: 0.2932
2025-05-04 04:41:45,207 - INFO - Paper 29962756 ROUGE-2 F1: 0.1509
2025-05-04 04:41:45,207 - INFO - Paper 29962756 ROUGE-L F1: 0.2209
2025-05-04 04:41:45,630 - INFO - Successfully processed paper 29962756, matched 31 sentences
2025-05-04 04:41:45,631 - INFO - Processing paper 38779502
2025-05-04 04:41:45,640 - INFO - Paper 38779502: 264 sentences, Summary: 47 sentences
2025-05-04 04:41:45,640 - INFO - Encoding 264 paper sentences
2025-05-04 04:41:46,176 - INFO - Using default tokenizer.
2025-05-04 04:41:46,619 - INFO - Paper 38779502 ROUGE-1 F1: 0.4197
2025-05-04 04:41:46,619 - INFO - Paper 38779502 ROUGE-2 F1: 0.1176
2025-05-04 04:41:46,619 - INFO - Paper 38779502 ROUGE-L F1: 0.1793
2025-05-04 04:41:47,030 - INFO - Successfully processed paper 38779502, matched 72 sentences
2025-05-04 04:41:47,031 - INFO - Processing paper 87827594
2025-05-04 04:41:47,040 - INFO - Paper 87827594: 225 sentences, Summary: 30 sentences
2025-05-04 04:41:47,040 - INFO - Encoding 225 paper sentences
2025-05-04 04:41:47,405 - INFO - Using default tokenizer.
2025-05-04 04:41:47,666 - INFO - Paper 87827594 ROUGE-1 F1: 0.5353
2025-05-04 04:41:47,666 - INFO - Paper 87827594 ROUGE-2 F1: 0.1445
2025-05-04 04:41:47,666 - INFO - Paper 87827594 ROUGE-L F1: 0.2219
2025-05-04 04:41:48,053 - INFO - Successfully processed paper 87827594, matched 43 sentences
2025-05-04 04:41:48,053 - INFO - Processing paper 49439664
2025-05-04 04:41:48,066 - INFO - Paper 49439664: 542 sentences, Summary: 14 sentences
2025-05-04 04:41:48,066 - INFO - Encoding 542 paper sentences
2025-05-04 04:41:48,354 - INFO - Using default tokenizer.
2025-05-04 04:41:48,394 - INFO - Paper 49439664 ROUGE-1 F1: 0.5007
2025-05-04 04:41:48,394 - INFO - Paper 49439664 ROUGE-2 F1: 0.2483
2025-05-04 04:41:48,394 - INFO - Paper 49439664 ROUGE-L F1: 0.3526
2025-05-04 04:41:48,776 - INFO - Successfully processed paper 49439664, matched 30 sentences
2025-05-04 04:41:48,776 - INFO - Processing paper 11636296
2025-05-04 04:41:48,785 - INFO - Paper 11636296: 206 sentences, Summary: 29 sentences
2025-05-04 04:41:48,785 - INFO - Encoding 206 paper sentences
2025-05-04 04:41:49,093 - INFO - Using default tokenizer.
2025-05-04 04:41:49,327 - INFO - Paper 11636296 ROUGE-1 F1: 0.4056
2025-05-04 04:41:49,328 - INFO - Paper 11636296 ROUGE-2 F1: 0.2006
2025-05-04 04:41:49,328 - INFO - Paper 11636296 ROUGE-L F1: 0.2798
2025-05-04 04:41:49,737 - INFO - Successfully processed paper 11636296, matched 54 sentences
2025-05-04 04:41:49,737 - INFO - Processing paper 29474820
2025-05-04 04:41:49,743 - INFO - Paper 29474820: 180 sentences, Summary: 63 sentences
2025-05-04 04:41:49,743 - INFO - Encoding 180 paper sentences
2025-05-04 04:41:50,275 - INFO - Using default tokenizer.
2025-05-04 04:41:51,748 - INFO - Paper 29474820 ROUGE-1 F1: 0.5079
2025-05-04 04:41:51,748 - INFO - Paper 29474820 ROUGE-2 F1: 0.3056
2025-05-04 04:41:51,748 - INFO - Paper 29474820 ROUGE-L F1: 0.3545
2025-05-04 04:41:52,175 - INFO - Successfully processed paper 29474820, matched 125 sentences
2025-05-04 04:41:52,175 - INFO - Processing paper 69502658
2025-05-04 04:41:52,189 - INFO - Paper 69502658: 480 sentences, Summary: 32 sentences
2025-05-04 04:41:52,189 - INFO - Encoding 480 paper sentences
2025-05-04 04:41:52,705 - INFO - Using default tokenizer.
2025-05-04 04:41:52,995 - INFO - Paper 69502658 ROUGE-1 F1: 0.5120
2025-05-04 04:41:52,996 - INFO - Paper 69502658 ROUGE-2 F1: 0.2658
2025-05-04 04:41:52,996 - INFO - Paper 69502658 ROUGE-L F1: 0.3287
2025-05-04 04:41:53,412 - INFO - Successfully processed paper 69502658, matched 74 sentences
2025-05-04 04:41:53,413 - INFO - Processing paper 63755811
2025-05-04 04:41:53,418 - INFO - Paper 63755811: 235 sentences, Summary: 21 sentences
2025-05-04 04:41:53,418 - INFO - Encoding 235 paper sentences
2025-05-04 04:41:53,699 - INFO - Using default tokenizer.
2025-05-04 04:41:53,822 - INFO - Paper 63755811 ROUGE-1 F1: 0.4326
2025-05-04 04:41:53,822 - INFO - Paper 63755811 ROUGE-2 F1: 0.2451
2025-05-04 04:41:53,822 - INFO - Paper 63755811 ROUGE-L F1: 0.3015
2025-05-04 04:41:54,234 - INFO - Successfully processed paper 63755811, matched 39 sentences
2025-05-04 04:41:54,235 - INFO - Processing paper 72922440
2025-05-04 04:41:54,259 - INFO - Paper 72922440: 285 sentences, Summary: 45 sentences
2025-05-04 04:41:54,259 - INFO - Encoding 285 paper sentences
2025-05-04 04:41:54,759 - INFO - Using default tokenizer.
2025-05-04 04:41:55,099 - INFO - Paper 72922440 ROUGE-1 F1: 0.4298
2025-05-04 04:41:55,099 - INFO - Paper 72922440 ROUGE-2 F1: 0.1218
2025-05-04 04:41:55,099 - INFO - Paper 72922440 ROUGE-L F1: 0.2158
2025-05-04 04:41:55,499 - INFO - Successfully processed paper 72922440, matched 86 sentences
2025-05-04 04:41:55,499 - INFO - Processing paper 85839366
2025-05-04 04:41:55,526 - INFO - Paper 85839366: 443 sentences, Summary: 66 sentences
2025-05-04 04:41:55,526 - INFO - Encoding 443 paper sentences
2025-05-04 04:41:56,392 - INFO - Using default tokenizer.
2025-05-04 04:41:57,551 - INFO - Paper 85839366 ROUGE-1 F1: 0.5641
2025-05-04 04:41:57,551 - INFO - Paper 85839366 ROUGE-2 F1: 0.3108
2025-05-04 04:41:57,551 - INFO - Paper 85839366 ROUGE-L F1: 0.3505
2025-05-04 04:41:57,984 - INFO - Successfully processed paper 85839366, matched 137 sentences
2025-05-04 04:41:57,985 - INFO - Processing paper 86423785
2025-05-04 04:41:57,992 - INFO - Paper 86423785: 220 sentences, Summary: 23 sentences
2025-05-04 04:41:57,992 - INFO - Encoding 220 paper sentences
2025-05-04 04:41:58,252 - INFO - Using default tokenizer.
2025-05-04 04:41:58,503 - INFO - Paper 86423785 ROUGE-1 F1: 0.4550
2025-05-04 04:41:58,503 - INFO - Paper 86423785 ROUGE-2 F1: 0.2377
2025-05-04 04:41:58,503 - INFO - Paper 86423785 ROUGE-L F1: 0.3030
2025-05-04 04:41:58,897 - INFO - Successfully processed paper 86423785, matched 51 sentences
2025-05-04 04:41:58,898 - INFO - Processing paper 55048906
2025-05-04 04:41:58,902 - INFO - Paper 55048906: 156 sentences, Summary: 31 sentences
2025-05-04 04:41:58,902 - INFO - Encoding 156 paper sentences
2025-05-04 04:41:59,204 - INFO - Using default tokenizer.
2025-05-04 04:41:59,367 - INFO - Paper 55048906 ROUGE-1 F1: 0.3257
2025-05-04 04:41:59,367 - INFO - Paper 55048906 ROUGE-2 F1: 0.0987
2025-05-04 04:41:59,367 - INFO - Paper 55048906 ROUGE-L F1: 0.1695
2025-05-04 04:41:59,793 - INFO - Successfully processed paper 55048906, matched 58 sentences
2025-05-04 04:41:59,794 - INFO - Processing paper 73424952
2025-05-04 04:41:59,901 - INFO - Paper 73424952: 6418 sentences, Summary: 6 sentences
2025-05-04 04:41:59,901 - INFO - Encoding 6418 paper sentences
2025-05-04 04:42:02,105 - INFO - Using default tokenizer.
2025-05-04 04:42:02,112 - INFO - Paper 73424952 ROUGE-1 F1: 0.2879
2025-05-04 04:42:02,112 - INFO - Paper 73424952 ROUGE-2 F1: 0.0863
2025-05-04 04:42:02,112 - INFO - Paper 73424952 ROUGE-L F1: 0.1634
2025-05-04 04:42:02,533 - INFO - Successfully processed paper 73424952, matched 6 sentences
2025-05-04 04:42:02,534 - INFO - Processing paper 50438213
2025-05-04 04:42:02,550 - INFO - Paper 50438213: 475 sentences, Summary: 16 sentences
2025-05-04 04:42:02,550 - INFO - Encoding 475 paper sentences
2025-05-04 04:42:02,939 - INFO - Using default tokenizer.
2025-05-04 04:42:03,067 - INFO - Paper 50438213 ROUGE-1 F1: 0.4153
2025-05-04 04:42:03,067 - INFO - Paper 50438213 ROUGE-2 F1: 0.1196
2025-05-04 04:42:03,067 - INFO - Paper 50438213 ROUGE-L F1: 0.1750
2025-05-04 04:42:03,499 - INFO - Successfully processed paper 50438213, matched 39 sentences
2025-05-04 04:42:03,500 - INFO - Processing paper 12239056
2025-05-04 04:42:03,509 - INFO - Paper 12239056: 329 sentences, Summary: 75 sentences
2025-05-04 04:42:03,509 - INFO - Encoding 329 paper sentences
2025-05-04 04:42:04,296 - INFO - Using default tokenizer.
2025-05-04 04:42:05,409 - INFO - Paper 12239056 ROUGE-1 F1: 0.4260
2025-05-04 04:42:05,409 - INFO - Paper 12239056 ROUGE-2 F1: 0.1205
2025-05-04 04:42:05,409 - INFO - Paper 12239056 ROUGE-L F1: 0.1842
2025-05-04 04:42:06,005 - INFO - Successfully processed paper 12239056, matched 145 sentences
2025-05-04 04:42:06,005 - INFO - Processing paper 26515037
2025-05-04 04:42:06,013 - INFO - Paper 26515037: 171 sentences, Summary: 25 sentences
2025-05-04 04:42:06,013 - INFO - Encoding 171 paper sentences
2025-05-04 04:42:06,322 - INFO - Using default tokenizer.
2025-05-04 04:42:06,521 - INFO - Paper 26515037 ROUGE-1 F1: 0.3669
2025-05-04 04:42:06,521 - INFO - Paper 26515037 ROUGE-2 F1: 0.1442
2025-05-04 04:42:06,521 - INFO - Paper 26515037 ROUGE-L F1: 0.2005
2025-05-04 04:42:06,959 - INFO - Successfully processed paper 26515037, matched 49 sentences
2025-05-04 04:42:06,959 - INFO - Processing paper 91812941
2025-05-04 04:42:06,967 - INFO - Paper 91812941: 330 sentences, Summary: 29 sentences
2025-05-04 04:42:06,967 - INFO - Encoding 330 paper sentences
2025-05-04 04:42:07,389 - INFO - Using default tokenizer.
2025-05-04 04:42:07,635 - INFO - Paper 91812941 ROUGE-1 F1: 0.3636
2025-05-04 04:42:07,635 - INFO - Paper 91812941 ROUGE-2 F1: 0.1536
2025-05-04 04:42:07,635 - INFO - Paper 91812941 ROUGE-L F1: 0.2257
2025-05-04 04:42:08,038 - INFO - Successfully processed paper 91812941, matched 64 sentences
2025-05-04 04:42:08,039 - INFO - Processing paper 81001972
2025-05-04 04:42:08,051 - INFO - Paper 81001972: 511 sentences, Summary: 48 sentences
2025-05-04 04:42:08,051 - INFO - Encoding 511 paper sentences
2025-05-04 04:42:08,732 - INFO - Using default tokenizer.
2025-05-04 04:42:09,890 - INFO - Paper 81001972 ROUGE-1 F1: 0.4555
2025-05-04 04:42:09,890 - INFO - Paper 81001972 ROUGE-2 F1: 0.2890
2025-05-04 04:42:09,890 - INFO - Paper 81001972 ROUGE-L F1: 0.3163
2025-05-04 04:42:10,293 - INFO - Successfully processed paper 81001972, matched 129 sentences
2025-05-04 04:42:10,293 - INFO - Processing paper 16057781
2025-05-04 04:42:10,299 - INFO - Paper 16057781: 270 sentences, Summary: 35 sentences
2025-05-04 04:42:10,299 - INFO - Encoding 270 paper sentences
2025-05-04 04:42:10,705 - INFO - Using default tokenizer.
2025-05-04 04:42:11,135 - INFO - Paper 16057781 ROUGE-1 F1: 0.3960
2025-05-04 04:42:11,135 - INFO - Paper 16057781 ROUGE-2 F1: 0.1661
2025-05-04 04:42:11,135 - INFO - Paper 16057781 ROUGE-L F1: 0.2226
2025-05-04 04:42:11,558 - INFO - Successfully processed paper 16057781, matched 73 sentences
2025-05-04 04:42:11,558 - INFO - Processing paper 66883240
2025-05-04 04:42:11,573 - INFO - Paper 66883240: 476 sentences, Summary: 38 sentences
2025-05-04 04:42:11,573 - INFO - Encoding 476 paper sentences
2025-05-04 04:42:12,161 - INFO - Using default tokenizer.
2025-05-04 04:42:12,633 - INFO - Paper 66883240 ROUGE-1 F1: 0.3895
2025-05-04 04:42:12,633 - INFO - Paper 66883240 ROUGE-2 F1: 0.1853
2025-05-04 04:42:12,633 - INFO - Paper 66883240 ROUGE-L F1: 0.2581
2025-05-04 04:42:13,049 - INFO - Successfully processed paper 66883240, matched 92 sentences
2025-05-04 04:42:13,049 - INFO - Processing paper 65595064
2025-05-04 04:42:13,063 - INFO - Paper 65595064: 375 sentences, Summary: 50 sentences
2025-05-04 04:42:13,063 - INFO - Encoding 375 paper sentences
2025-05-04 04:42:13,708 - INFO - Using default tokenizer.
2025-05-04 04:42:14,911 - INFO - Paper 65595064 ROUGE-1 F1: 0.5116
2025-05-04 04:42:14,911 - INFO - Paper 65595064 ROUGE-2 F1: 0.2969
2025-05-04 04:42:14,911 - INFO - Paper 65595064 ROUGE-L F1: 0.3386
2025-05-04 04:42:15,334 - INFO - Successfully processed paper 65595064, matched 117 sentences
2025-05-04 04:42:15,335 - INFO - Processing paper 74164301
2025-05-04 04:42:15,355 - INFO - Paper 74164301: 208 sentences, Summary: 24 sentences
2025-05-04 04:42:15,355 - INFO - Encoding 208 paper sentences
2025-05-04 04:42:15,649 - INFO - Using default tokenizer.
2025-05-04 04:42:15,828 - INFO - Paper 74164301 ROUGE-1 F1: 0.3866
2025-05-04 04:42:15,828 - INFO - Paper 74164301 ROUGE-2 F1: 0.1599
2025-05-04 04:42:15,828 - INFO - Paper 74164301 ROUGE-L F1: 0.2221
2025-05-04 04:42:16,290 - INFO - Successfully processed paper 74164301, matched 50 sentences
2025-05-04 04:42:16,291 - INFO - Processing paper 30485653
2025-05-04 04:42:16,310 - INFO - Paper 30485653: 157 sentences, Summary: 70 sentences
2025-05-04 04:42:16,311 - INFO - Encoding 157 paper sentences
2025-05-04 04:42:16,896 - INFO - Using default tokenizer.
2025-05-04 04:42:17,672 - INFO - Paper 30485653 ROUGE-1 F1: 0.3960
2025-05-04 04:42:17,672 - INFO - Paper 30485653 ROUGE-2 F1: 0.1251
2025-05-04 04:42:17,672 - INFO - Paper 30485653 ROUGE-L F1: 0.1948
2025-05-04 04:42:18,108 - INFO - Successfully processed paper 30485653, matched 96 sentences
2025-05-04 04:42:18,109 - INFO - Processing paper 33126132
2025-05-04 04:42:18,142 - INFO - Paper 33126132: 373 sentences, Summary: 38 sentences
2025-05-04 04:42:18,142 - INFO - Encoding 373 paper sentences
2025-05-04 04:42:18,702 - INFO - Using default tokenizer.
2025-05-04 04:42:19,369 - INFO - Paper 33126132 ROUGE-1 F1: 0.4951
2025-05-04 04:42:19,369 - INFO - Paper 33126132 ROUGE-2 F1: 0.2733
2025-05-04 04:42:19,369 - INFO - Paper 33126132 ROUGE-L F1: 0.3021
2025-05-04 04:42:19,788 - INFO - Successfully processed paper 33126132, matched 86 sentences
2025-05-04 04:42:19,789 - INFO - Processing paper 97980035
2025-05-04 04:42:19,799 - INFO - Paper 97980035: 335 sentences, Summary: 22 sentences
2025-05-04 04:42:19,799 - INFO - Encoding 335 paper sentences
2025-05-04 04:42:20,101 - INFO - Using default tokenizer.
2025-05-04 04:42:20,291 - INFO - Paper 97980035 ROUGE-1 F1: 0.4747
2025-05-04 04:42:20,291 - INFO - Paper 97980035 ROUGE-2 F1: 0.2889
2025-05-04 04:42:20,291 - INFO - Paper 97980035 ROUGE-L F1: 0.3432
2025-05-04 04:42:20,734 - INFO - Successfully processed paper 97980035, matched 50 sentences
2025-05-04 04:42:20,734 - INFO - Processing paper 93195231
2025-05-04 04:42:20,758 - INFO - Paper 93195231: 222 sentences, Summary: 62 sentences
2025-05-04 04:42:20,758 - INFO - Encoding 222 paper sentences
2025-05-04 04:42:21,346 - INFO - Using default tokenizer.
2025-05-04 04:42:23,153 - INFO - Paper 93195231 ROUGE-1 F1: 0.4190
2025-05-04 04:42:23,153 - INFO - Paper 93195231 ROUGE-2 F1: 0.1951
2025-05-04 04:42:23,153 - INFO - Paper 93195231 ROUGE-L F1: 0.2240
2025-05-04 04:42:23,550 - INFO - Successfully processed paper 93195231, matched 145 sentences
2025-05-04 04:42:23,550 - INFO - Processing paper 79305631
2025-05-04 04:42:23,556 - INFO - Paper 79305631: 222 sentences, Summary: 59 sentences
2025-05-04 04:42:23,556 - INFO - Encoding 222 paper sentences
2025-05-04 04:42:24,132 - INFO - Using default tokenizer.
2025-05-04 04:42:25,443 - INFO - Paper 79305631 ROUGE-1 F1: 0.4934
2025-05-04 04:42:25,443 - INFO - Paper 79305631 ROUGE-2 F1: 0.2920
2025-05-04 04:42:25,443 - INFO - Paper 79305631 ROUGE-L F1: 0.3355
2025-05-04 04:42:26,062 - INFO - Successfully processed paper 79305631, matched 138 sentences
2025-05-04 04:42:26,063 - INFO - Processing paper 57983162
2025-05-04 04:42:26,072 - INFO - Paper 57983162: 204 sentences, Summary: 44 sentences
2025-05-04 04:42:26,072 - INFO - Encoding 204 paper sentences
2025-05-04 04:42:26,526 - INFO - Using default tokenizer.
2025-05-04 04:42:26,934 - INFO - Paper 57983162 ROUGE-1 F1: 0.4226
2025-05-04 04:42:26,934 - INFO - Paper 57983162 ROUGE-2 F1: 0.1260
2025-05-04 04:42:26,934 - INFO - Paper 57983162 ROUGE-L F1: 0.1893
2025-05-04 04:42:27,408 - INFO - Successfully processed paper 57983162, matched 78 sentences
2025-05-04 04:42:27,409 - INFO - Processing paper 22744554
2025-05-04 04:42:27,418 - INFO - Paper 22744554: 216 sentences, Summary: 49 sentences
2025-05-04 04:42:27,418 - INFO - Encoding 216 paper sentences
2025-05-04 04:42:27,884 - INFO - Using default tokenizer.
2025-05-04 04:42:28,739 - INFO - Paper 22744554 ROUGE-1 F1: 0.4454
2025-05-04 04:42:28,739 - INFO - Paper 22744554 ROUGE-2 F1: 0.2099
2025-05-04 04:42:28,739 - INFO - Paper 22744554 ROUGE-L F1: 0.2656
2025-05-04 04:42:29,162 - INFO - Successfully processed paper 22744554, matched 102 sentences
2025-05-04 04:42:29,163 - INFO - Processing paper 5550259
2025-05-04 04:42:29,180 - INFO - Paper 5550259: 657 sentences, Summary: 53 sentences
2025-05-04 04:42:29,180 - INFO - Encoding 657 paper sentences
2025-05-04 04:42:30,096 - INFO - Using default tokenizer.
2025-05-04 04:42:31,147 - INFO - Paper 5550259 ROUGE-1 F1: 0.6040
2025-05-04 04:42:31,148 - INFO - Paper 5550259 ROUGE-2 F1: 0.3008
2025-05-04 04:42:31,148 - INFO - Paper 5550259 ROUGE-L F1: 0.3381
2025-05-04 04:42:31,575 - INFO - Successfully processed paper 5550259, matched 121 sentences
2025-05-04 04:42:31,576 - INFO - Skipping 43813190 - not in valid IDs
2025-05-04 04:42:31,576 - INFO - Processing paper 187460
2025-05-04 04:42:31,588 - INFO - Paper 187460: 390 sentences, Summary: 26 sentences
2025-05-04 04:42:31,588 - INFO - Encoding 390 paper sentences
2025-05-04 04:42:31,980 - INFO - Using default tokenizer.
2025-05-04 04:42:32,450 - INFO - Paper 187460 ROUGE-1 F1: 0.5228
2025-05-04 04:42:32,451 - INFO - Paper 187460 ROUGE-2 F1: 0.3762
2025-05-04 04:42:32,451 - INFO - Paper 187460 ROUGE-L F1: 0.3827
2025-05-04 04:42:32,884 - INFO - Successfully processed paper 187460, matched 71 sentences
2025-05-04 04:42:32,884 - INFO - Processing paper 91325283
2025-05-04 04:42:32,890 - INFO - Paper 91325283: 244 sentences, Summary: 40 sentences
2025-05-04 04:42:32,890 - INFO - Encoding 244 paper sentences
2025-05-04 04:42:33,322 - INFO - Using default tokenizer.
2025-05-04 04:42:33,734 - INFO - Paper 91325283 ROUGE-1 F1: 0.4101
2025-05-04 04:42:33,734 - INFO - Paper 91325283 ROUGE-2 F1: 0.2026
2025-05-04 04:42:33,734 - INFO - Paper 91325283 ROUGE-L F1: 0.2692
2025-05-04 04:42:34,163 - INFO - Successfully processed paper 91325283, matched 92 sentences
2025-05-04 04:42:34,163 - INFO - Processing paper 51116334
2025-05-04 04:42:34,168 - INFO - Paper 51116334: 187 sentences, Summary: 59 sentences
2025-05-04 04:42:34,168 - INFO - Encoding 187 paper sentences
2025-05-04 04:42:34,694 - INFO - Using default tokenizer.
2025-05-04 04:42:35,465 - INFO - Paper 51116334 ROUGE-1 F1: 0.4280
2025-05-04 04:42:35,465 - INFO - Paper 51116334 ROUGE-2 F1: 0.1267
2025-05-04 04:42:35,465 - INFO - Paper 51116334 ROUGE-L F1: 0.1980
2025-05-04 04:42:35,903 - INFO - Successfully processed paper 51116334, matched 101 sentences
2025-05-04 04:42:35,904 - INFO - Processing paper 88969640
2025-05-04 04:42:35,912 - INFO - Paper 88969640: 272 sentences, Summary: 18 sentences
2025-05-04 04:42:35,913 - INFO - Encoding 272 paper sentences
2025-05-04 04:42:36,247 - INFO - Using default tokenizer.
2025-05-04 04:42:36,368 - INFO - Paper 88969640 ROUGE-1 F1: 0.3659
2025-05-04 04:42:36,368 - INFO - Paper 88969640 ROUGE-2 F1: 0.1550
2025-05-04 04:42:36,368 - INFO - Paper 88969640 ROUGE-L F1: 0.2082
2025-05-04 04:42:36,845 - INFO - Successfully processed paper 88969640, matched 35 sentences
2025-05-04 04:42:36,846 - INFO - Skipping 60641106 - not in valid IDs
2025-05-04 04:42:36,846 - INFO - Processing paper 36272485
2025-05-04 04:42:36,854 - INFO - Paper 36272485: 262 sentences, Summary: 38 sentences
2025-05-04 04:42:36,854 - INFO - Encoding 262 paper sentences
2025-05-04 04:42:37,307 - INFO - Using default tokenizer.
2025-05-04 04:42:37,671 - INFO - Paper 36272485 ROUGE-1 F1: 0.3310
2025-05-04 04:42:37,671 - INFO - Paper 36272485 ROUGE-2 F1: 0.0998
2025-05-04 04:42:37,671 - INFO - Paper 36272485 ROUGE-L F1: 0.1655
2025-05-04 04:42:38,125 - INFO - Successfully processed paper 36272485, matched 58 sentences
2025-05-04 04:42:38,125 - INFO - Processing paper 59320034
2025-05-04 04:42:38,133 - INFO - Paper 59320034: 260 sentences, Summary: 26 sentences
2025-05-04 04:42:38,133 - INFO - Encoding 260 paper sentences
2025-05-04 04:42:38,519 - INFO - Using default tokenizer.
2025-05-04 04:42:38,863 - INFO - Paper 59320034 ROUGE-1 F1: 0.3797
2025-05-04 04:42:38,863 - INFO - Paper 59320034 ROUGE-2 F1: 0.1611
2025-05-04 04:42:38,863 - INFO - Paper 59320034 ROUGE-L F1: 0.2244
2025-05-04 04:42:39,313 - INFO - Successfully processed paper 59320034, matched 56 sentences
2025-05-04 04:42:39,313 - INFO - Processing paper 18322264
2025-05-04 04:42:39,320 - INFO - Paper 18322264: 225 sentences, Summary: 22 sentences
2025-05-04 04:42:39,320 - INFO - Encoding 225 paper sentences
2025-05-04 04:42:39,589 - INFO - Using default tokenizer.
2025-05-04 04:42:39,711 - INFO - Paper 18322264 ROUGE-1 F1: 0.4684
2025-05-04 04:42:39,711 - INFO - Paper 18322264 ROUGE-2 F1: 0.1841
2025-05-04 04:42:39,711 - INFO - Paper 18322264 ROUGE-L F1: 0.2766
2025-05-04 04:42:40,150 - INFO - Successfully processed paper 18322264, matched 37 sentences
2025-05-04 04:42:40,150 - INFO - Processing paper 87885377
2025-05-04 04:42:40,155 - INFO - Paper 87885377: 207 sentences, Summary: 38 sentences
2025-05-04 04:42:40,155 - INFO - Encoding 207 paper sentences
2025-05-04 04:42:40,514 - INFO - Using default tokenizer.
2025-05-04 04:42:41,165 - INFO - Paper 87885377 ROUGE-1 F1: 0.4481
2025-05-04 04:42:41,165 - INFO - Paper 87885377 ROUGE-2 F1: 0.2204
2025-05-04 04:42:41,165 - INFO - Paper 87885377 ROUGE-L F1: 0.2631
2025-05-04 04:42:41,614 - INFO - Successfully processed paper 87885377, matched 103 sentences
2025-05-04 04:42:41,615 - INFO - Processing paper 84548548
2025-05-04 04:42:41,628 - INFO - Paper 84548548: 386 sentences, Summary: 38 sentences
2025-05-04 04:42:41,629 - INFO - Encoding 386 paper sentences
2025-05-04 04:42:42,155 - INFO - Using default tokenizer.
2025-05-04 04:42:42,586 - INFO - Paper 84548548 ROUGE-1 F1: 0.5074
2025-05-04 04:42:42,586 - INFO - Paper 84548548 ROUGE-2 F1: 0.2707
2025-05-04 04:42:42,586 - INFO - Paper 84548548 ROUGE-L F1: 0.3273
2025-05-04 04:42:43,020 - INFO - Successfully processed paper 84548548, matched 81 sentences
2025-05-04 04:42:43,021 - INFO - Processing paper 23942242
2025-05-04 04:42:43,029 - INFO - Paper 23942242: 240 sentences, Summary: 43 sentences
2025-05-04 04:42:43,029 - INFO - Encoding 240 paper sentences
2025-05-04 04:42:43,487 - INFO - Using default tokenizer.
2025-05-04 04:42:44,653 - INFO - Paper 23942242 ROUGE-1 F1: 0.4995
2025-05-04 04:42:44,653 - INFO - Paper 23942242 ROUGE-2 F1: 0.3017
2025-05-04 04:42:44,653 - INFO - Paper 23942242 ROUGE-L F1: 0.3269
2025-05-04 04:42:45,154 - INFO - Successfully processed paper 23942242, matched 99 sentences
2025-05-04 04:42:45,155 - INFO - Processing paper 61360879
2025-05-04 04:42:45,174 - INFO - Paper 61360879: 189 sentences, Summary: 28 sentences
2025-05-04 04:42:45,174 - INFO - Encoding 189 paper sentences
2025-05-04 04:42:45,522 - INFO - Using default tokenizer.
2025-05-04 04:42:45,927 - INFO - Paper 61360879 ROUGE-1 F1: 0.4177
2025-05-04 04:42:45,927 - INFO - Paper 61360879 ROUGE-2 F1: 0.1680
2025-05-04 04:42:45,927 - INFO - Paper 61360879 ROUGE-L F1: 0.1957
2025-05-04 04:42:46,392 - INFO - Successfully processed paper 61360879, matched 61 sentences
2025-05-04 04:42:46,393 - INFO - Processing paper 44210578
2025-05-04 04:42:46,396 - INFO - Paper 44210578: 100 sentences, Summary: 30 sentences
2025-05-04 04:42:46,396 - INFO - Encoding 100 paper sentences
2025-05-04 04:42:46,656 - INFO - Using default tokenizer.
2025-05-04 04:42:46,985 - INFO - Paper 44210578 ROUGE-1 F1: 0.4439
2025-05-04 04:42:46,985 - INFO - Paper 44210578 ROUGE-2 F1: 0.1620
2025-05-04 04:42:46,985 - INFO - Paper 44210578 ROUGE-L F1: 0.2378
2025-05-04 04:42:47,600 - INFO - Successfully processed paper 44210578, matched 74 sentences
2025-05-04 04:42:47,601 - INFO - Processing paper 44148071
2025-05-04 04:42:47,653 - INFO - Paper 44148071: 812 sentences, Summary: 35 sentences
2025-05-04 04:42:47,653 - INFO - Encoding 812 paper sentences
2025-05-04 04:42:48,497 - INFO - Using default tokenizer.
2025-05-04 04:42:49,059 - INFO - Paper 44148071 ROUGE-1 F1: 0.3873
2025-05-04 04:42:49,059 - INFO - Paper 44148071 ROUGE-2 F1: 0.1609
2025-05-04 04:42:49,059 - INFO - Paper 44148071 ROUGE-L F1: 0.2056
2025-05-04 04:42:49,561 - INFO - Successfully processed paper 44148071, matched 83 sentences
2025-05-04 04:42:49,562 - INFO - Processing paper 6726365
2025-05-04 04:42:49,592 - INFO - Paper 6726365: 336 sentences, Summary: 28 sentences
2025-05-04 04:42:49,592 - INFO - Encoding 336 paper sentences
2025-05-04 04:42:49,989 - INFO - Using default tokenizer.
2025-05-04 04:42:50,152 - INFO - Paper 6726365 ROUGE-1 F1: 0.3958
2025-05-04 04:42:50,152 - INFO - Paper 6726365 ROUGE-2 F1: 0.0745
2025-05-04 04:42:50,152 - INFO - Paper 6726365 ROUGE-L F1: 0.1600
2025-05-04 04:42:50,601 - INFO - Successfully processed paper 6726365, matched 32 sentences
2025-05-04 04:42:50,602 - INFO - Processing paper 63188694
2025-05-04 04:42:50,630 - INFO - Paper 63188694: 322 sentences, Summary: 59 sentences
2025-05-04 04:42:50,630 - INFO - Encoding 322 paper sentences
2025-05-04 04:42:51,281 - INFO - Using default tokenizer.
2025-05-04 04:42:52,957 - INFO - Paper 63188694 ROUGE-1 F1: 0.4876
2025-05-04 04:42:52,958 - INFO - Paper 63188694 ROUGE-2 F1: 0.3119
2025-05-04 04:42:52,958 - INFO - Paper 63188694 ROUGE-L F1: 0.3273
2025-05-04 04:42:53,410 - INFO - Successfully processed paper 63188694, matched 152 sentences
2025-05-04 04:42:53,411 - INFO - Processing paper 91451160
2025-05-04 04:42:53,436 - INFO - Paper 91451160: 677 sentences, Summary: 39 sentences
2025-05-04 04:42:53,436 - INFO - Encoding 677 paper sentences
2025-05-04 04:42:54,158 - INFO - Using default tokenizer.
2025-05-04 04:42:54,729 - INFO - Paper 91451160 ROUGE-1 F1: 0.5247
2025-05-04 04:42:54,729 - INFO - Paper 91451160 ROUGE-2 F1: 0.3395
2025-05-04 04:42:54,729 - INFO - Paper 91451160 ROUGE-L F1: 0.3704
2025-05-04 04:42:55,257 - INFO - Successfully processed paper 91451160, matched 92 sentences
2025-05-04 04:42:55,257 - INFO - Processing paper 57228237
2025-05-04 04:42:55,268 - INFO - Paper 57228237: 501 sentences, Summary: 19 sentences
2025-05-04 04:42:55,268 - INFO - Encoding 501 paper sentences
2025-05-04 04:42:55,697 - INFO - Using default tokenizer.
2025-05-04 04:42:55,899 - INFO - Paper 57228237 ROUGE-1 F1: 0.4369
2025-05-04 04:42:55,899 - INFO - Paper 57228237 ROUGE-2 F1: 0.2065
2025-05-04 04:42:55,899 - INFO - Paper 57228237 ROUGE-L F1: 0.2721
2025-05-04 04:42:56,369 - INFO - Successfully processed paper 57228237, matched 37 sentences
2025-05-04 04:42:56,370 - INFO - Processing paper 6827132
2025-05-04 04:42:56,380 - INFO - Paper 6827132: 379 sentences, Summary: 37 sentences
2025-05-04 04:42:56,380 - INFO - Encoding 379 paper sentences
2025-05-04 04:42:56,924 - INFO - Using default tokenizer.
2025-05-04 04:42:57,849 - INFO - Paper 6827132 ROUGE-1 F1: 0.3990
2025-05-04 04:42:57,849 - INFO - Paper 6827132 ROUGE-2 F1: 0.2247
2025-05-04 04:42:57,849 - INFO - Paper 6827132 ROUGE-L F1: 0.2675
2025-05-04 04:42:58,287 - INFO - Successfully processed paper 6827132, matched 88 sentences
2025-05-04 04:42:58,288 - INFO - Skipping 70176908 - not in valid IDs
2025-05-04 04:42:58,288 - INFO - Processing paper 65102009
2025-05-04 04:42:58,305 - INFO - Paper 65102009: 312 sentences, Summary: 33 sentences
2025-05-04 04:42:58,305 - INFO - Encoding 312 paper sentences
2025-05-04 04:42:58,742 - INFO - Using default tokenizer.
2025-05-04 04:42:59,086 - INFO - Paper 65102009 ROUGE-1 F1: 0.4176
2025-05-04 04:42:59,086 - INFO - Paper 65102009 ROUGE-2 F1: 0.1990
2025-05-04 04:42:59,086 - INFO - Paper 65102009 ROUGE-L F1: 0.2618
2025-05-04 04:42:59,528 - INFO - Successfully processed paper 65102009, matched 74 sentences
2025-05-04 04:42:59,528 - INFO - Processing paper 62302416
2025-05-04 04:42:59,537 - INFO - Paper 62302416: 363 sentences, Summary: 35 sentences
2025-05-04 04:42:59,537 - INFO - Encoding 363 paper sentences
2025-05-04 04:43:00,077 - INFO - Using default tokenizer.
2025-05-04 04:43:00,301 - INFO - Paper 62302416 ROUGE-1 F1: 0.4046
2025-05-04 04:43:00,301 - INFO - Paper 62302416 ROUGE-2 F1: 0.0861
2025-05-04 04:43:00,301 - INFO - Paper 62302416 ROUGE-L F1: 0.1753
2025-05-04 04:43:00,785 - INFO - Successfully processed paper 62302416, matched 54 sentences
2025-05-04 04:43:00,785 - INFO - Processing paper 60887948
2025-05-04 04:43:00,794 - INFO - Paper 60887948: 222 sentences, Summary: 29 sentences
2025-05-04 04:43:00,794 - INFO - Encoding 222 paper sentences
2025-05-04 04:43:01,145 - INFO - Using default tokenizer.
2025-05-04 04:43:01,409 - INFO - Paper 60887948 ROUGE-1 F1: 0.4701
2025-05-04 04:43:01,409 - INFO - Paper 60887948 ROUGE-2 F1: 0.1978
2025-05-04 04:43:01,409 - INFO - Paper 60887948 ROUGE-L F1: 0.2675
2025-05-04 04:43:01,960 - INFO - Successfully processed paper 60887948, matched 56 sentences
2025-05-04 04:43:01,961 - INFO - Processing paper 99295545
2025-05-04 04:43:01,970 - INFO - Paper 99295545: 100 sentences, Summary: 12 sentences
2025-05-04 04:43:01,970 - INFO - Encoding 100 paper sentences
2025-05-04 04:43:02,132 - INFO - Using default tokenizer.
2025-05-04 04:43:02,168 - INFO - Paper 99295545 ROUGE-1 F1: 0.3755
2025-05-04 04:43:02,169 - INFO - Paper 99295545 ROUGE-2 F1: 0.1512
2025-05-04 04:43:02,169 - INFO - Paper 99295545 ROUGE-L F1: 0.2532
2025-05-04 04:43:02,628 - INFO - Successfully processed paper 99295545, matched 25 sentences
2025-05-04 04:43:02,629 - INFO - Processing paper 80004741
2025-05-04 04:43:02,635 - INFO - Paper 80004741: 260 sentences, Summary: 11 sentences
2025-05-04 04:43:02,635 - INFO - Encoding 260 paper sentences
2025-05-04 04:43:02,864 - INFO - Using default tokenizer.
2025-05-04 04:43:02,888 - INFO - Paper 80004741 ROUGE-1 F1: 0.3630
2025-05-04 04:43:02,888 - INFO - Paper 80004741 ROUGE-2 F1: 0.0771
2025-05-04 04:43:02,888 - INFO - Paper 80004741 ROUGE-L F1: 0.1885
2025-05-04 04:43:03,349 - INFO - Successfully processed paper 80004741, matched 24 sentences
2025-05-04 04:43:03,349 - INFO - Processing paper 26955055
2025-05-04 04:43:03,359 - INFO - Paper 26955055: 260 sentences, Summary: 21 sentences
2025-05-04 04:43:03,359 - INFO - Encoding 260 paper sentences
2025-05-04 04:43:03,711 - INFO - Using default tokenizer.
2025-05-04 04:43:03,811 - INFO - Paper 26955055 ROUGE-1 F1: 0.4259
2025-05-04 04:43:03,811 - INFO - Paper 26955055 ROUGE-2 F1: 0.0685
2025-05-04 04:43:03,811 - INFO - Paper 26955055 ROUGE-L F1: 0.1718
2025-05-04 04:43:04,280 - INFO - Successfully processed paper 26955055, matched 21 sentences
2025-05-04 04:43:04,281 - INFO - Processing paper 5674972
2025-05-04 04:43:04,295 - INFO - Paper 5674972: 375 sentences, Summary: 21 sentences
2025-05-04 04:43:04,295 - INFO - Encoding 375 paper sentences
2025-05-04 04:43:04,629 - INFO - Using default tokenizer.
2025-05-04 04:43:04,756 - INFO - Paper 5674972 ROUGE-1 F1: 0.4798
2025-05-04 04:43:04,756 - INFO - Paper 5674972 ROUGE-2 F1: 0.1393
2025-05-04 04:43:04,756 - INFO - Paper 5674972 ROUGE-L F1: 0.2429
2025-05-04 04:43:05,264 - INFO - Successfully processed paper 5674972, matched 40 sentences
2025-05-04 04:43:05,264 - INFO - Processing paper 85853580
2025-05-04 04:43:05,283 - INFO - Paper 85853580: 183 sentences, Summary: 21 sentences
2025-05-04 04:43:05,283 - INFO - Encoding 183 paper sentences
2025-05-04 04:43:05,551 - INFO - Using default tokenizer.
2025-05-04 04:43:05,761 - INFO - Paper 85853580 ROUGE-1 F1: 0.4322
2025-05-04 04:43:05,761 - INFO - Paper 85853580 ROUGE-2 F1: 0.1122
2025-05-04 04:43:05,761 - INFO - Paper 85853580 ROUGE-L F1: 0.1727
2025-05-04 04:43:06,223 - INFO - Successfully processed paper 85853580, matched 46 sentences
2025-05-04 04:43:06,224 - INFO - Processing paper 59277766
2025-05-04 04:43:06,249 - INFO - Paper 59277766: 335 sentences, Summary: 38 sentences
2025-05-04 04:43:06,249 - INFO - Encoding 335 paper sentences
2025-05-04 04:43:06,687 - INFO - Using default tokenizer.
2025-05-04 04:43:07,156 - INFO - Paper 59277766 ROUGE-1 F1: 0.5835
2025-05-04 04:43:07,156 - INFO - Paper 59277766 ROUGE-2 F1: 0.3632
2025-05-04 04:43:07,156 - INFO - Paper 59277766 ROUGE-L F1: 0.4125
2025-05-04 04:43:07,761 - INFO - Successfully processed paper 59277766, matched 72 sentences
2025-05-04 04:43:07,761 - INFO - Processing paper 69976012
2025-05-04 04:43:07,770 - INFO - Paper 69976012: 442 sentences, Summary: 28 sentences
2025-05-04 04:43:07,770 - INFO - Encoding 442 paper sentences
2025-05-04 04:43:08,240 - INFO - Using default tokenizer.
2025-05-04 04:43:08,426 - INFO - Paper 69976012 ROUGE-1 F1: 0.5038
2025-05-04 04:43:08,426 - INFO - Paper 69976012 ROUGE-2 F1: 0.2108
2025-05-04 04:43:08,426 - INFO - Paper 69976012 ROUGE-L F1: 0.2708
2025-05-04 04:43:08,937 - INFO - Successfully processed paper 69976012, matched 55 sentences
2025-05-04 04:43:08,938 - INFO - Processing paper 50388820
2025-05-04 04:43:08,978 - INFO - Paper 50388820: 519 sentences, Summary: 64 sentences
2025-05-04 04:43:08,978 - INFO - Encoding 519 paper sentences
2025-05-04 04:43:09,887 - INFO - Using default tokenizer.
2025-05-04 04:43:11,656 - INFO - Paper 50388820 ROUGE-1 F1: 0.4539
2025-05-04 04:43:11,656 - INFO - Paper 50388820 ROUGE-2 F1: 0.2795
2025-05-04 04:43:11,656 - INFO - Paper 50388820 ROUGE-L F1: 0.3059
2025-05-04 04:43:12,128 - INFO - Successfully processed paper 50388820, matched 185 sentences
2025-05-04 04:43:12,128 - INFO - Processing paper 68642594
2025-05-04 04:43:12,166 - INFO - Paper 68642594: 615 sentences, Summary: 38 sentences
2025-05-04 04:43:12,166 - INFO - Encoding 615 paper sentences
2025-05-04 04:43:12,819 - INFO - Using default tokenizer.
2025-05-04 04:43:13,068 - INFO - Paper 68642594 ROUGE-1 F1: 0.3328
2025-05-04 04:43:13,068 - INFO - Paper 68642594 ROUGE-2 F1: 0.0438
2025-05-04 04:43:13,068 - INFO - Paper 68642594 ROUGE-L F1: 0.1445
2025-05-04 04:43:13,544 - INFO - Successfully processed paper 68642594, matched 40 sentences
2025-05-04 04:43:13,544 - INFO - Processing paper 89853012
2025-05-04 04:43:13,550 - INFO - Paper 89853012: 220 sentences, Summary: 46 sentences
2025-05-04 04:43:13,550 - INFO - Encoding 220 paper sentences
2025-05-04 04:43:14,006 - INFO - Using default tokenizer.
2025-05-04 04:43:14,242 - INFO - Paper 89853012 ROUGE-1 F1: 0.3748
2025-05-04 04:43:14,242 - INFO - Paper 89853012 ROUGE-2 F1: 0.0526
2025-05-04 04:43:14,242 - INFO - Paper 89853012 ROUGE-L F1: 0.1494
2025-05-04 04:43:14,705 - INFO - Successfully processed paper 89853012, matched 46 sentences
2025-05-04 04:43:14,706 - INFO - Processing paper 4830217
2025-05-04 04:43:14,736 - INFO - Paper 4830217: 453 sentences, Summary: 43 sentences
2025-05-04 04:43:14,736 - INFO - Encoding 453 paper sentences
2025-05-04 04:43:15,371 - INFO - Using default tokenizer.
2025-05-04 04:43:16,459 - INFO - Paper 4830217 ROUGE-1 F1: 0.5642
2025-05-04 04:43:16,459 - INFO - Paper 4830217 ROUGE-2 F1: 0.4239
2025-05-04 04:43:16,459 - INFO - Paper 4830217 ROUGE-L F1: 0.4554
2025-05-04 04:43:16,985 - INFO - Successfully processed paper 4830217, matched 98 sentences
2025-05-04 04:43:16,985 - INFO - Processing paper 22127536
2025-05-04 04:43:16,989 - INFO - Paper 22127536: 110 sentences, Summary: 18 sentences
2025-05-04 04:43:16,989 - INFO - Encoding 110 paper sentences
2025-05-04 04:43:17,169 - INFO - Using default tokenizer.
2025-05-04 04:43:17,353 - INFO - Paper 22127536 ROUGE-1 F1: 0.3576
2025-05-04 04:43:17,353 - INFO - Paper 22127536 ROUGE-2 F1: 0.2102
2025-05-04 04:43:17,353 - INFO - Paper 22127536 ROUGE-L F1: 0.2617
2025-05-04 04:43:17,808 - INFO - Successfully processed paper 22127536, matched 46 sentences
2025-05-04 04:43:17,808 - INFO - Processing paper 89628084
2025-05-04 04:43:17,817 - INFO - Paper 89628084: 299 sentences, Summary: 63 sentences
2025-05-04 04:43:17,817 - INFO - Encoding 299 paper sentences
2025-05-04 04:43:18,481 - INFO - Using default tokenizer.
2025-05-04 04:43:20,056 - INFO - Paper 89628084 ROUGE-1 F1: 0.4851
2025-05-04 04:43:20,056 - INFO - Paper 89628084 ROUGE-2 F1: 0.2443
2025-05-04 04:43:20,056 - INFO - Paper 89628084 ROUGE-L F1: 0.2847
2025-05-04 04:43:20,577 - INFO - Successfully processed paper 89628084, matched 139 sentences
2025-05-04 04:43:20,577 - INFO - Processing paper 21532550
2025-05-04 04:43:20,599 - INFO - Paper 21532550: 244 sentences, Summary: 10 sentences
2025-05-04 04:43:20,600 - INFO - Encoding 244 paper sentences
2025-05-04 04:43:20,800 - INFO - Using default tokenizer.
2025-05-04 04:43:20,832 - INFO - Paper 21532550 ROUGE-1 F1: 0.4740
2025-05-04 04:43:20,833 - INFO - Paper 21532550 ROUGE-2 F1: 0.1205
2025-05-04 04:43:20,833 - INFO - Paper 21532550 ROUGE-L F1: 0.2143
2025-05-04 04:43:21,339 - INFO - Successfully processed paper 21532550, matched 14 sentences
2025-05-04 04:43:21,339 - INFO - Processing paper 29703573
2025-05-04 04:43:21,347 - INFO - Paper 29703573: 186 sentences, Summary: 49 sentences
2025-05-04 04:43:21,347 - INFO - Encoding 186 paper sentences
2025-05-04 04:43:21,832 - INFO - Using default tokenizer.
2025-05-04 04:43:23,150 - INFO - Paper 29703573 ROUGE-1 F1: 0.4330
2025-05-04 04:43:23,151 - INFO - Paper 29703573 ROUGE-2 F1: 0.2081
2025-05-04 04:43:23,151 - INFO - Paper 29703573 ROUGE-L F1: 0.2441
2025-05-04 04:43:23,652 - INFO - Successfully processed paper 29703573, matched 101 sentences
2025-05-04 04:43:23,653 - INFO - Processing paper 11112277
2025-05-04 04:43:23,678 - INFO - Paper 11112277: 263 sentences, Summary: 51 sentences
2025-05-04 04:43:23,678 - INFO - Encoding 263 paper sentences
2025-05-04 04:43:24,217 - INFO - Using default tokenizer.
2025-05-04 04:43:25,415 - INFO - Paper 11112277 ROUGE-1 F1: 0.4998
2025-05-04 04:43:25,415 - INFO - Paper 11112277 ROUGE-2 F1: 0.1922
2025-05-04 04:43:25,415 - INFO - Paper 11112277 ROUGE-L F1: 0.2437
2025-05-04 04:43:25,923 - INFO - Successfully processed paper 11112277, matched 103 sentences
2025-05-04 04:43:25,923 - INFO - Processing paper 15062404
2025-05-04 04:43:25,931 - INFO - Paper 15062404: 310 sentences, Summary: 41 sentences
2025-05-04 04:43:25,931 - INFO - Encoding 310 paper sentences
2025-05-04 04:43:26,403 - INFO - Using default tokenizer.
2025-05-04 04:43:26,795 - INFO - Paper 15062404 ROUGE-1 F1: 0.4224
2025-05-04 04:43:26,795 - INFO - Paper 15062404 ROUGE-2 F1: 0.1057
2025-05-04 04:43:26,795 - INFO - Paper 15062404 ROUGE-L F1: 0.1893
2025-05-04 04:43:27,273 - INFO - Successfully processed paper 15062404, matched 82 sentences
2025-05-04 04:43:27,273 - INFO - Processing paper 79471009
2025-05-04 04:43:27,282 - INFO - Paper 79471009: 271 sentences, Summary: 31 sentences
2025-05-04 04:43:27,282 - INFO - Encoding 271 paper sentences
2025-05-04 04:43:27,676 - INFO - Using default tokenizer.
2025-05-04 04:43:28,085 - INFO - Paper 79471009 ROUGE-1 F1: 0.5224
2025-05-04 04:43:28,085 - INFO - Paper 79471009 ROUGE-2 F1: 0.2231
2025-05-04 04:43:28,085 - INFO - Paper 79471009 ROUGE-L F1: 0.2685
2025-05-04 04:43:28,547 - INFO - Successfully processed paper 79471009, matched 64 sentences
2025-05-04 04:43:28,548 - INFO - Processing paper 87208689
2025-05-04 04:43:28,562 - INFO - Paper 87208689: 405 sentences, Summary: 60 sentences
2025-05-04 04:43:28,562 - INFO - Encoding 405 paper sentences
2025-05-04 04:43:29,298 - INFO - Using default tokenizer.
2025-05-04 04:43:30,700 - INFO - Paper 87208689 ROUGE-1 F1: 0.4473
2025-05-04 04:43:30,700 - INFO - Paper 87208689 ROUGE-2 F1: 0.2348
2025-05-04 04:43:30,700 - INFO - Paper 87208689 ROUGE-L F1: 0.2714
2025-05-04 04:43:31,223 - INFO - Successfully processed paper 87208689, matched 140 sentences
2025-05-04 04:43:31,223 - INFO - Skipping 4741660 - not in valid IDs
2025-05-04 04:43:31,223 - INFO - Processing paper 42443464
2025-05-04 04:43:31,233 - INFO - Paper 42443464: 171 sentences, Summary: 24 sentences
2025-05-04 04:43:31,233 - INFO - Encoding 171 paper sentences
2025-05-04 04:43:31,537 - INFO - Using default tokenizer.
2025-05-04 04:43:31,813 - INFO - Paper 42443464 ROUGE-1 F1: 0.4437
2025-05-04 04:43:31,813 - INFO - Paper 42443464 ROUGE-2 F1: 0.1565
2025-05-04 04:43:31,813 - INFO - Paper 42443464 ROUGE-L F1: 0.2136
2025-05-04 04:43:32,308 - INFO - Successfully processed paper 42443464, matched 45 sentences
2025-05-04 04:43:32,308 - INFO - Processing paper 1907968
2025-05-04 04:43:32,312 - INFO - Paper 1907968: 90 sentences, Summary: 35 sentences
2025-05-04 04:43:32,312 - INFO - Encoding 90 paper sentences
2025-05-04 04:43:32,594 - INFO - Using default tokenizer.
2025-05-04 04:43:32,834 - INFO - Paper 1907968 ROUGE-1 F1: 0.3701
2025-05-04 04:43:32,834 - INFO - Paper 1907968 ROUGE-2 F1: 0.0940
2025-05-04 04:43:32,834 - INFO - Paper 1907968 ROUGE-L F1: 0.1589
2025-05-04 04:43:33,327 - INFO - Successfully processed paper 1907968, matched 58 sentences
2025-05-04 04:43:33,327 - INFO - Processing paper 7904666
2025-05-04 04:43:33,337 - INFO - Paper 7904666: 292 sentences, Summary: 10 sentences
2025-05-04 04:43:33,337 - INFO - Encoding 292 paper sentences
2025-05-04 04:43:33,607 - INFO - Using default tokenizer.
2025-05-04 04:43:33,667 - INFO - Paper 7904666 ROUGE-1 F1: 0.4000
2025-05-04 04:43:33,667 - INFO - Paper 7904666 ROUGE-2 F1: 0.1222
2025-05-04 04:43:33,667 - INFO - Paper 7904666 ROUGE-L F1: 0.2053
2025-05-04 04:43:34,105 - INFO - Successfully processed paper 7904666, matched 26 sentences
2025-05-04 04:43:34,105 - INFO - Processing paper 38867178
2025-05-04 04:43:34,111 - INFO - Paper 38867178: 279 sentences, Summary: 13 sentences
2025-05-04 04:43:34,111 - INFO - Encoding 279 paper sentences
2025-05-04 04:43:34,346 - INFO - Using default tokenizer.
2025-05-04 04:43:34,402 - INFO - Paper 38867178 ROUGE-1 F1: 0.3074
2025-05-04 04:43:34,402 - INFO - Paper 38867178 ROUGE-2 F1: 0.0832
2025-05-04 04:43:34,402 - INFO - Paper 38867178 ROUGE-L F1: 0.1682
2025-05-04 04:43:34,898 - INFO - Successfully processed paper 38867178, matched 28 sentences
2025-05-04 04:43:34,899 - INFO - Processing paper 96002700
2025-05-04 04:43:34,913 - INFO - Paper 96002700: 615 sentences, Summary: 42 sentences
2025-05-04 04:43:34,913 - INFO - Encoding 615 paper sentences
2025-05-04 04:43:35,606 - INFO - Using default tokenizer.
2025-05-04 04:43:36,340 - INFO - Paper 96002700 ROUGE-1 F1: 0.3315
2025-05-04 04:43:36,340 - INFO - Paper 96002700 ROUGE-2 F1: 0.1893
2025-05-04 04:43:36,340 - INFO - Paper 96002700 ROUGE-L F1: 0.2306
2025-05-04 04:43:36,847 - INFO - Successfully processed paper 96002700, matched 106 sentences
2025-05-04 04:43:36,848 - INFO - Processing paper 63621777
2025-05-04 04:43:36,861 - INFO - Paper 63621777: 256 sentences, Summary: 56 sentences
2025-05-04 04:43:36,861 - INFO - Encoding 256 paper sentences
2025-05-04 04:43:37,451 - INFO - Using default tokenizer.
2025-05-04 04:43:37,890 - INFO - Paper 63621777 ROUGE-1 F1: 0.4299
2025-05-04 04:43:37,890 - INFO - Paper 63621777 ROUGE-2 F1: 0.1341
2025-05-04 04:43:37,890 - INFO - Paper 63621777 ROUGE-L F1: 0.2006
2025-05-04 04:43:38,449 - INFO - Successfully processed paper 63621777, matched 81 sentences
2025-05-04 04:43:38,449 - INFO - Processing paper 64175585
2025-05-04 04:43:38,465 - INFO - Paper 64175585: 653 sentences, Summary: 42 sentences
2025-05-04 04:43:38,465 - INFO - Encoding 653 paper sentences
2025-05-04 04:43:39,165 - INFO - Using default tokenizer.
2025-05-04 04:43:39,754 - INFO - Paper 64175585 ROUGE-1 F1: 0.5128
2025-05-04 04:43:39,754 - INFO - Paper 64175585 ROUGE-2 F1: 0.2402
2025-05-04 04:43:39,754 - INFO - Paper 64175585 ROUGE-L F1: 0.3043
2025-05-04 04:43:40,247 - INFO - Successfully processed paper 64175585, matched 78 sentences
2025-05-04 04:43:40,248 - INFO - Processing paper 57613420
2025-05-04 04:43:40,269 - INFO - Paper 57613420: 681 sentences, Summary: 12 sentences
2025-05-04 04:43:40,269 - INFO - Encoding 681 paper sentences
2025-05-04 04:43:40,630 - INFO - Using default tokenizer.
2025-05-04 04:43:40,664 - INFO - Paper 57613420 ROUGE-1 F1: 0.4214
2025-05-04 04:43:40,665 - INFO - Paper 57613420 ROUGE-2 F1: 0.2619
2025-05-04 04:43:40,665 - INFO - Paper 57613420 ROUGE-L F1: 0.3383
2025-05-04 04:43:41,205 - INFO - Successfully processed paper 57613420, matched 25 sentences
2025-05-04 04:43:41,206 - INFO - Processing paper 67744436
2025-05-04 04:43:41,227 - INFO - Paper 67744436: 179 sentences, Summary: 74 sentences
2025-05-04 04:43:41,227 - INFO - Encoding 179 paper sentences
2025-05-04 04:43:41,885 - INFO - Using default tokenizer.
2025-05-04 04:43:43,155 - INFO - Paper 67744436 ROUGE-1 F1: 0.3541
2025-05-04 04:43:43,155 - INFO - Paper 67744436 ROUGE-2 F1: 0.1181
2025-05-04 04:43:43,155 - INFO - Paper 67744436 ROUGE-L F1: 0.1758
2025-05-04 04:43:43,655 - INFO - Successfully processed paper 67744436, matched 125 sentences
2025-05-04 04:43:43,656 - INFO - Processing paper 93060618
2025-05-04 04:43:43,667 - INFO - Paper 93060618: 274 sentences, Summary: 27 sentences
2025-05-04 04:43:43,667 - INFO - Encoding 274 paper sentences
2025-05-04 04:43:43,982 - INFO - Using default tokenizer.
2025-05-04 04:43:44,051 - INFO - Paper 93060618 ROUGE-1 F1: 0.3929
2025-05-04 04:43:44,051 - INFO - Paper 93060618 ROUGE-2 F1: 0.1158
2025-05-04 04:43:44,051 - INFO - Paper 93060618 ROUGE-L F1: 0.2101
2025-05-04 04:43:44,647 - INFO - Successfully processed paper 93060618, matched 44 sentences
2025-05-04 04:43:44,648 - INFO - Processing paper 53809041
2025-05-04 04:43:44,676 - INFO - Paper 53809041: 355 sentences, Summary: 20 sentences
2025-05-04 04:43:44,676 - INFO - Encoding 355 paper sentences
2025-05-04 04:43:45,056 - INFO - Using default tokenizer.
2025-05-04 04:43:45,156 - INFO - Paper 53809041 ROUGE-1 F1: 0.4626
2025-05-04 04:43:45,156 - INFO - Paper 53809041 ROUGE-2 F1: 0.1254
2025-05-04 04:43:45,156 - INFO - Paper 53809041 ROUGE-L F1: 0.2174
2025-05-04 04:43:45,646 - INFO - Successfully processed paper 53809041, matched 35 sentences
2025-05-04 04:43:45,646 - INFO - Processing paper 2905851
2025-05-04 04:43:45,658 - INFO - Paper 2905851: 264 sentences, Summary: 21 sentences
2025-05-04 04:43:45,658 - INFO - Encoding 264 paper sentences
2025-05-04 04:43:45,972 - INFO - Using default tokenizer.
2025-05-04 04:43:46,153 - INFO - Paper 2905851 ROUGE-1 F1: 0.4062
2025-05-04 04:43:46,153 - INFO - Paper 2905851 ROUGE-2 F1: 0.1958
2025-05-04 04:43:46,153 - INFO - Paper 2905851 ROUGE-L F1: 0.2523
2025-05-04 04:43:46,722 - INFO - Successfully processed paper 2905851, matched 52 sentences
2025-05-04 04:43:46,723 - INFO - Processing paper 13040160
2025-05-04 04:43:46,732 - INFO - Paper 13040160: 168 sentences, Summary: 37 sentences
2025-05-04 04:43:46,733 - INFO - Encoding 168 paper sentences
2025-05-04 04:43:47,094 - INFO - Using default tokenizer.
2025-05-04 04:43:47,932 - INFO - Paper 13040160 ROUGE-1 F1: 0.5511
2025-05-04 04:43:47,932 - INFO - Paper 13040160 ROUGE-2 F1: 0.3590
2025-05-04 04:43:47,932 - INFO - Paper 13040160 ROUGE-L F1: 0.3916
2025-05-04 04:43:48,432 - INFO - Successfully processed paper 13040160, matched 78 sentences
2025-05-04 04:43:48,432 - INFO - Processing paper 47469397
2025-05-04 04:43:48,442 - INFO - Paper 47469397: 244 sentences, Summary: 25 sentences
2025-05-04 04:43:48,442 - INFO - Encoding 244 paper sentences
2025-05-04 04:43:48,745 - INFO - Using default tokenizer.
2025-05-04 04:43:48,978 - INFO - Paper 47469397 ROUGE-1 F1: 0.3881
2025-05-04 04:43:48,978 - INFO - Paper 47469397 ROUGE-2 F1: 0.1962
2025-05-04 04:43:48,978 - INFO - Paper 47469397 ROUGE-L F1: 0.2396
2025-05-04 04:43:49,522 - INFO - Successfully processed paper 47469397, matched 61 sentences
2025-05-04 04:43:49,523 - INFO - Skipping 63993374 - not in valid IDs
2025-05-04 04:43:49,523 - INFO - Processing paper 73180675
2025-05-04 04:43:49,539 - INFO - Paper 73180675: 216 sentences, Summary: 74 sentences
2025-05-04 04:43:49,539 - INFO - Encoding 216 paper sentences
2025-05-04 04:43:50,241 - INFO - Using default tokenizer.
2025-05-04 04:43:51,535 - INFO - Paper 73180675 ROUGE-1 F1: 0.3550
2025-05-04 04:43:51,535 - INFO - Paper 73180675 ROUGE-2 F1: 0.1249
2025-05-04 04:43:51,535 - INFO - Paper 73180675 ROUGE-L F1: 0.1868
2025-05-04 04:43:52,088 - INFO - Successfully processed paper 73180675, matched 122 sentences
2025-05-04 04:43:52,089 - INFO - Processing paper 85123331
2025-05-04 04:43:52,130 - INFO - Paper 85123331: 639 sentences, Summary: 40 sentences
2025-05-04 04:43:52,130 - INFO - Encoding 639 paper sentences
2025-05-04 04:43:52,826 - INFO - Using default tokenizer.
2025-05-04 04:43:53,343 - INFO - Paper 85123331 ROUGE-1 F1: 0.4774
2025-05-04 04:43:53,343 - INFO - Paper 85123331 ROUGE-2 F1: 0.3632
2025-05-04 04:43:53,343 - INFO - Paper 85123331 ROUGE-L F1: 0.3931
2025-05-04 04:43:53,865 - INFO - Successfully processed paper 85123331, matched 109 sentences
2025-05-04 04:43:53,865 - INFO - Processing paper 8264189
2025-05-04 04:43:53,890 - INFO - Paper 8264189: 266 sentences, Summary: 39 sentences
2025-05-04 04:43:53,890 - INFO - Encoding 266 paper sentences
2025-05-04 04:43:54,339 - INFO - Using default tokenizer.
2025-05-04 04:43:54,888 - INFO - Paper 8264189 ROUGE-1 F1: 0.4514
2025-05-04 04:43:54,888 - INFO - Paper 8264189 ROUGE-2 F1: 0.1720
2025-05-04 04:43:54,888 - INFO - Paper 8264189 ROUGE-L F1: 0.2318
2025-05-04 04:43:55,389 - INFO - Successfully processed paper 8264189, matched 98 sentences
2025-05-04 04:43:55,390 - INFO - Processing paper 75962230
2025-05-04 04:43:55,419 - INFO - Paper 75962230: 344 sentences, Summary: 47 sentences
2025-05-04 04:43:55,419 - INFO - Encoding 344 paper sentences
2025-05-04 04:43:55,982 - INFO - Using default tokenizer.
2025-05-04 04:43:56,931 - INFO - Paper 75962230 ROUGE-1 F1: 0.6154
2025-05-04 04:43:56,931 - INFO - Paper 75962230 ROUGE-2 F1: 0.4167
2025-05-04 04:43:56,931 - INFO - Paper 75962230 ROUGE-L F1: 0.4476
2025-05-04 04:43:57,455 - INFO - Successfully processed paper 75962230, matched 93 sentences
2025-05-04 04:43:57,455 - INFO - Processing paper 78190587
2025-05-04 04:43:57,474 - INFO - Paper 78190587: 168 sentences, Summary: 17 sentences
2025-05-04 04:43:57,474 - INFO - Encoding 168 paper sentences
2025-05-04 04:43:57,673 - INFO - Using default tokenizer.
2025-05-04 04:43:57,717 - INFO - Paper 78190587 ROUGE-1 F1: 0.3623
2025-05-04 04:43:57,717 - INFO - Paper 78190587 ROUGE-2 F1: 0.1031
2025-05-04 04:43:57,717 - INFO - Paper 78190587 ROUGE-L F1: 0.1787
2025-05-04 04:43:58,222 - INFO - Successfully processed paper 78190587, matched 24 sentences
2025-05-04 04:43:58,223 - INFO - Processing paper 50538257
2025-05-04 04:43:58,235 - INFO - Paper 50538257: 250 sentences, Summary: 26 sentences
2025-05-04 04:43:58,235 - INFO - Encoding 250 paper sentences
2025-05-04 04:43:58,617 - INFO - Using default tokenizer.
2025-05-04 04:43:58,767 - INFO - Paper 50538257 ROUGE-1 F1: 0.4091
2025-05-04 04:43:58,767 - INFO - Paper 50538257 ROUGE-2 F1: 0.0651
2025-05-04 04:43:58,767 - INFO - Paper 50538257 ROUGE-L F1: 0.1576
2025-05-04 04:43:59,239 - INFO - Successfully processed paper 50538257, matched 35 sentences
2025-05-04 04:43:59,240 - INFO - Processing paper 96217072
2025-05-04 04:43:59,246 - INFO - Paper 96217072: 120 sentences, Summary: 16 sentences
2025-05-04 04:43:59,247 - INFO - Encoding 120 paper sentences
2025-05-04 04:43:59,425 - INFO - Using default tokenizer.
2025-05-04 04:43:59,553 - INFO - Paper 96217072 ROUGE-1 F1: 0.4213
2025-05-04 04:43:59,553 - INFO - Paper 96217072 ROUGE-2 F1: 0.2131
2025-05-04 04:43:59,553 - INFO - Paper 96217072 ROUGE-L F1: 0.2865
2025-05-04 04:44:00,029 - INFO - Successfully processed paper 96217072, matched 40 sentences
2025-05-04 04:44:00,029 - INFO - Processing paper 56843191
2025-05-04 04:44:00,038 - INFO - Paper 56843191: 211 sentences, Summary: 11 sentences
2025-05-04 04:44:00,038 - INFO - Encoding 211 paper sentences
2025-05-04 04:44:00,247 - INFO - Using default tokenizer.
2025-05-04 04:44:00,307 - INFO - Paper 56843191 ROUGE-1 F1: 0.4085
2025-05-04 04:44:00,307 - INFO - Paper 56843191 ROUGE-2 F1: 0.1147
2025-05-04 04:44:00,307 - INFO - Paper 56843191 ROUGE-L F1: 0.1886
2025-05-04 04:44:00,806 - INFO - Successfully processed paper 56843191, matched 14 sentences
2025-05-04 04:44:00,806 - INFO - Processing paper 58874274
2025-05-04 04:44:00,841 - INFO - Paper 58874274: 481 sentences, Summary: 15 sentences
2025-05-04 04:44:00,841 - INFO - Encoding 481 paper sentences
2025-05-04 04:44:01,196 - INFO - Using default tokenizer.
2025-05-04 04:44:01,323 - INFO - Paper 58874274 ROUGE-1 F1: 0.4056
2025-05-04 04:44:01,323 - INFO - Paper 58874274 ROUGE-2 F1: 0.1860
2025-05-04 04:44:01,323 - INFO - Paper 58874274 ROUGE-L F1: 0.2645
2025-05-04 04:44:01,831 - INFO - Successfully processed paper 58874274, matched 33 sentences
2025-05-04 04:44:01,831 - INFO - Processing paper 45612165
2025-05-04 04:44:01,844 - INFO - Paper 45612165: 270 sentences, Summary: 46 sentences
2025-05-04 04:44:01,844 - INFO - Encoding 270 paper sentences
2025-05-04 04:44:02,383 - INFO - Using default tokenizer.
2025-05-04 04:44:02,986 - INFO - Paper 45612165 ROUGE-1 F1: 0.4733
2025-05-04 04:44:02,986 - INFO - Paper 45612165 ROUGE-2 F1: 0.0964
2025-05-04 04:44:02,986 - INFO - Paper 45612165 ROUGE-L F1: 0.1686
2025-05-04 04:44:03,466 - INFO - Successfully processed paper 45612165, matched 81 sentences
2025-05-04 04:44:03,467 - INFO - Processing paper 51254358
2025-05-04 04:44:03,478 - INFO - Paper 51254358: 407 sentences, Summary: 50 sentences
2025-05-04 04:44:03,478 - INFO - Encoding 407 paper sentences
2025-05-04 04:44:04,125 - INFO - Using default tokenizer.
2025-05-04 04:44:05,117 - INFO - Paper 51254358 ROUGE-1 F1: 0.5271
2025-05-04 04:44:05,117 - INFO - Paper 51254358 ROUGE-2 F1: 0.2676
2025-05-04 04:44:05,117 - INFO - Paper 51254358 ROUGE-L F1: 0.3123
2025-05-04 04:44:05,613 - INFO - Successfully processed paper 51254358, matched 111 sentences
2025-05-04 04:44:05,614 - INFO - Processing paper 15084340
2025-05-04 04:44:05,640 - INFO - Paper 15084340: 267 sentences, Summary: 50 sentences
2025-05-04 04:44:05,640 - INFO - Encoding 267 paper sentences
2025-05-04 04:44:06,225 - INFO - Using default tokenizer.
2025-05-04 04:44:08,302 - INFO - Paper 15084340 ROUGE-1 F1: 0.4137
2025-05-04 04:44:08,302 - INFO - Paper 15084340 ROUGE-2 F1: 0.3279
2025-05-04 04:44:08,302 - INFO - Paper 15084340 ROUGE-L F1: 0.3397
2025-05-04 04:44:08,810 - INFO - Successfully processed paper 15084340, matched 127 sentences
2025-05-04 04:44:08,811 - INFO - Processing paper 68340528
2025-05-04 04:44:08,836 - INFO - Paper 68340528: 261 sentences, Summary: 55 sentences
2025-05-04 04:44:08,836 - INFO - Encoding 261 paper sentences
2025-05-04 04:44:09,462 - INFO - Using default tokenizer.
2025-05-04 04:44:10,797 - INFO - Paper 68340528 ROUGE-1 F1: 0.4111
2025-05-04 04:44:10,797 - INFO - Paper 68340528 ROUGE-2 F1: 0.1613
2025-05-04 04:44:10,797 - INFO - Paper 68340528 ROUGE-L F1: 0.2217
2025-05-04 04:44:11,322 - INFO - Successfully processed paper 68340528, matched 119 sentences
2025-05-04 04:44:11,323 - INFO - Processing paper 3953515
2025-05-04 04:44:11,347 - INFO - Paper 3953515: 269 sentences, Summary: 36 sentences
2025-05-04 04:44:11,348 - INFO - Encoding 269 paper sentences
2025-05-04 04:44:11,769 - INFO - Using default tokenizer.
2025-05-04 04:44:12,090 - INFO - Paper 3953515 ROUGE-1 F1: 0.4390
2025-05-04 04:44:12,090 - INFO - Paper 3953515 ROUGE-2 F1: 0.1385
2025-05-04 04:44:12,090 - INFO - Paper 3953515 ROUGE-L F1: 0.2053
2025-05-04 04:44:12,616 - INFO - Successfully processed paper 3953515, matched 68 sentences
2025-05-04 04:44:12,616 - INFO - Processing paper 36679338
2025-05-04 04:44:12,632 - INFO - Paper 36679338: 360 sentences, Summary: 10 sentences
2025-05-04 04:44:12,632 - INFO - Encoding 360 paper sentences
2025-05-04 04:44:12,872 - INFO - Using default tokenizer.
2025-05-04 04:44:12,921 - INFO - Paper 36679338 ROUGE-1 F1: 0.2869
2025-05-04 04:44:12,921 - INFO - Paper 36679338 ROUGE-2 F1: 0.1480
2025-05-04 04:44:12,922 - INFO - Paper 36679338 ROUGE-L F1: 0.2131
2025-05-04 04:44:13,462 - INFO - Successfully processed paper 36679338, matched 26 sentences
2025-05-04 04:44:13,462 - INFO - Processing paper 263861
2025-05-04 04:44:13,490 - INFO - Paper 263861: 371 sentences, Summary: 61 sentences
2025-05-04 04:44:13,490 - INFO - Encoding 371 paper sentences
2025-05-04 04:44:14,210 - INFO - Using default tokenizer.
2025-05-04 04:44:15,755 - INFO - Paper 263861 ROUGE-1 F1: 0.5075
2025-05-04 04:44:15,755 - INFO - Paper 263861 ROUGE-2 F1: 0.3628
2025-05-04 04:44:15,755 - INFO - Paper 263861 ROUGE-L F1: 0.4002
2025-05-04 04:44:16,375 - INFO - Successfully processed paper 263861, matched 144 sentences
2025-05-04 04:44:16,376 - INFO - Processing paper 76874430
2025-05-04 04:44:16,400 - INFO - Paper 76874430: 931 sentences, Summary: 64 sentences
2025-05-04 04:44:16,400 - INFO - Encoding 931 paper sentences
2025-05-04 04:44:17,638 - INFO - Using default tokenizer.
2025-05-04 04:44:19,307 - INFO - Paper 76874430 ROUGE-1 F1: 0.4908
2025-05-04 04:44:19,307 - INFO - Paper 76874430 ROUGE-2 F1: 0.2934
2025-05-04 04:44:19,307 - INFO - Paper 76874430 ROUGE-L F1: 0.3233
2025-05-04 04:44:19,863 - INFO - Successfully processed paper 76874430, matched 167 sentences
2025-05-04 04:44:19,863 - INFO - Processing paper 687757
2025-05-04 04:44:19,882 - INFO - Paper 687757: 217 sentences, Summary: 14 sentences
2025-05-04 04:44:19,882 - INFO - Encoding 217 paper sentences
2025-05-04 04:44:20,088 - INFO - Using default tokenizer.
2025-05-04 04:44:20,136 - INFO - Paper 687757 ROUGE-1 F1: 0.4438
2025-05-04 04:44:20,136 - INFO - Paper 687757 ROUGE-2 F1: 0.0923
2025-05-04 04:44:20,136 - INFO - Paper 687757 ROUGE-L F1: 0.2003
2025-05-04 04:44:20,671 - INFO - Successfully processed paper 687757, matched 21 sentences
2025-05-04 04:44:20,672 - INFO - Processing paper 27086937
2025-05-04 04:44:20,684 - INFO - Paper 27086937: 308 sentences, Summary: 13 sentences
2025-05-04 04:44:20,684 - INFO - Encoding 308 paper sentences
2025-05-04 04:44:20,979 - INFO - Using default tokenizer.
2025-05-04 04:44:21,030 - INFO - Paper 27086937 ROUGE-1 F1: 0.3815
2025-05-04 04:44:21,030 - INFO - Paper 27086937 ROUGE-2 F1: 0.0425
2025-05-04 04:44:21,030 - INFO - Paper 27086937 ROUGE-L F1: 0.1483
2025-05-04 04:44:21,575 - INFO - Successfully processed paper 27086937, matched 13 sentences
2025-05-04 04:44:21,576 - INFO - Skipping 81034618 - not in valid IDs
2025-05-04 04:44:21,576 - INFO - Processing paper 4784102
2025-05-04 04:44:21,615 - INFO - Paper 4784102: 846 sentences, Summary: 16 sentences
2025-05-04 04:44:21,615 - INFO - Encoding 846 paper sentences
2025-05-04 04:44:22,176 - INFO - Using default tokenizer.
2025-05-04 04:44:22,322 - INFO - Paper 4784102 ROUGE-1 F1: 0.5419
2025-05-04 04:44:22,322 - INFO - Paper 4784102 ROUGE-2 F1: 0.2959
2025-05-04 04:44:22,322 - INFO - Paper 4784102 ROUGE-L F1: 0.3593
2025-05-04 04:44:22,890 - INFO - Successfully processed paper 4784102, matched 30 sentences
2025-05-04 04:44:22,892 - INFO - Processing paper 11313245
2025-05-04 04:44:22,931 - INFO - Paper 11313245: 510 sentences, Summary: 63 sentences
2025-05-04 04:44:22,932 - INFO - Encoding 510 paper sentences
2025-05-04 04:44:23,801 - INFO - Using default tokenizer.
2025-05-04 04:44:25,725 - INFO - Paper 11313245 ROUGE-1 F1: 0.4573
2025-05-04 04:44:25,725 - INFO - Paper 11313245 ROUGE-2 F1: 0.3260
2025-05-04 04:44:25,725 - INFO - Paper 11313245 ROUGE-L F1: 0.3588
2025-05-04 04:44:26,320 - INFO - Successfully processed paper 11313245, matched 170 sentences
2025-05-04 04:44:26,321 - INFO - Processing paper 3855110
2025-05-04 04:44:26,397 - INFO - Paper 3855110: 1631 sentences, Summary: 20 sentences
2025-05-04 04:44:26,397 - INFO - Encoding 1631 paper sentences
2025-05-04 04:44:27,269 - INFO - Using default tokenizer.
2025-05-04 04:44:27,523 - INFO - Paper 3855110 ROUGE-1 F1: 0.4808
2025-05-04 04:44:27,523 - INFO - Paper 3855110 ROUGE-2 F1: 0.3035
2025-05-04 04:44:27,524 - INFO - Paper 3855110 ROUGE-L F1: 0.3312
2025-05-04 04:44:28,080 - INFO - Successfully processed paper 3855110, matched 54 sentences
2025-05-04 04:44:28,081 - INFO - Processing paper 81780960
2025-05-04 04:44:28,116 - INFO - Paper 81780960: 410 sentences, Summary: 50 sentences
2025-05-04 04:44:28,116 - INFO - Encoding 410 paper sentences
2025-05-04 04:44:28,779 - INFO - Using default tokenizer.
2025-05-04 04:44:30,226 - INFO - Paper 81780960 ROUGE-1 F1: 0.5239
2025-05-04 04:44:30,226 - INFO - Paper 81780960 ROUGE-2 F1: 0.3291
2025-05-04 04:44:30,226 - INFO - Paper 81780960 ROUGE-L F1: 0.3680
2025-05-04 04:44:30,833 - INFO - Successfully processed paper 81780960, matched 132 sentences
2025-05-04 04:44:30,833 - INFO - Processing paper 90421095
2025-05-04 04:44:30,871 - INFO - Paper 90421095: 544 sentences, Summary: 49 sentences
2025-05-04 04:44:30,871 - INFO - Encoding 544 paper sentences
2025-05-04 04:44:31,614 - INFO - Using default tokenizer.
2025-05-04 04:44:32,692 - INFO - Paper 90421095 ROUGE-1 F1: 0.5107
2025-05-04 04:44:32,692 - INFO - Paper 90421095 ROUGE-2 F1: 0.3292
2025-05-04 04:44:32,692 - INFO - Paper 90421095 ROUGE-L F1: 0.3727
2025-05-04 04:44:33,300 - INFO - Successfully processed paper 90421095, matched 120 sentences
2025-05-04 04:44:33,301 - INFO - Processing paper 46416317
2025-05-04 04:44:33,324 - INFO - Paper 46416317: 258 sentences, Summary: 27 sentences
2025-05-04 04:44:33,324 - INFO - Encoding 258 paper sentences
2025-05-04 04:44:33,698 - INFO - Using default tokenizer.
2025-05-04 04:44:33,942 - INFO - Paper 46416317 ROUGE-1 F1: 0.3134
2025-05-04 04:44:33,942 - INFO - Paper 46416317 ROUGE-2 F1: 0.0845
2025-05-04 04:44:33,942 - INFO - Paper 46416317 ROUGE-L F1: 0.1611
2025-05-04 04:44:34,480 - INFO - Successfully processed paper 46416317, matched 60 sentences
2025-05-04 04:44:34,480 - INFO - Processing paper 71546396
2025-05-04 04:44:34,520 - INFO - Paper 71546396: 478 sentences, Summary: 51 sentences
2025-05-04 04:44:34,520 - INFO - Encoding 478 paper sentences
2025-05-04 04:44:35,268 - INFO - Using default tokenizer.
2025-05-04 04:44:36,824 - INFO - Paper 71546396 ROUGE-1 F1: 0.4696
2025-05-04 04:44:36,824 - INFO - Paper 71546396 ROUGE-2 F1: 0.2613
2025-05-04 04:44:36,825 - INFO - Paper 71546396 ROUGE-L F1: 0.2938
2025-05-04 04:44:37,341 - INFO - Successfully processed paper 71546396, matched 122 sentences
2025-05-04 04:44:37,342 - INFO - Processing paper 14310989
2025-05-04 04:44:37,375 - INFO - Paper 14310989: 729 sentences, Summary: 23 sentences
2025-05-04 04:44:37,375 - INFO - Encoding 729 paper sentences
2025-05-04 04:44:38,015 - INFO - Using default tokenizer.
2025-05-04 04:44:38,275 - INFO - Paper 14310989 ROUGE-1 F1: 0.4801
2025-05-04 04:44:38,275 - INFO - Paper 14310989 ROUGE-2 F1: 0.2302
2025-05-04 04:44:38,275 - INFO - Paper 14310989 ROUGE-L F1: 0.2683
2025-05-04 04:44:38,816 - INFO - Successfully processed paper 14310989, matched 55 sentences
2025-05-04 04:44:38,817 - INFO - Processing paper 11684235
2025-05-04 04:44:38,841 - INFO - Paper 11684235: 282 sentences, Summary: 19 sentences
2025-05-04 04:44:38,841 - INFO - Encoding 282 paper sentences
2025-05-04 04:44:39,133 - INFO - Using default tokenizer.
2025-05-04 04:44:39,366 - INFO - Paper 11684235 ROUGE-1 F1: 0.4162
2025-05-04 04:44:39,367 - INFO - Paper 11684235 ROUGE-2 F1: 0.2103
2025-05-04 04:44:39,367 - INFO - Paper 11684235 ROUGE-L F1: 0.2737
2025-05-04 04:44:40,007 - INFO - Successfully processed paper 11684235, matched 44 sentences
2025-05-04 04:44:40,008 - INFO - Processing paper 58884367
2025-05-04 04:44:40,025 - INFO - Paper 58884367: 193 sentences, Summary: 23 sentences
2025-05-04 04:44:40,025 - INFO - Encoding 193 paper sentences
2025-05-04 04:44:40,311 - INFO - Using default tokenizer.
2025-05-04 04:44:40,406 - INFO - Paper 58884367 ROUGE-1 F1: 0.3421
2025-05-04 04:44:40,406 - INFO - Paper 58884367 ROUGE-2 F1: 0.0594
2025-05-04 04:44:40,406 - INFO - Paper 58884367 ROUGE-L F1: 0.1571
2025-05-04 04:44:40,969 - INFO - Successfully processed paper 58884367, matched 25 sentences
2025-05-04 04:44:40,969 - INFO - Processing paper 45538669
2025-05-04 04:44:40,978 - INFO - Paper 45538669: 265 sentences, Summary: 49 sentences
2025-05-04 04:44:40,978 - INFO - Encoding 265 paper sentences
2025-05-04 04:44:41,488 - INFO - Using default tokenizer.
2025-05-04 04:44:41,855 - INFO - Paper 45538669 ROUGE-1 F1: 0.4121
2025-05-04 04:44:41,855 - INFO - Paper 45538669 ROUGE-2 F1: 0.1176
2025-05-04 04:44:41,855 - INFO - Paper 45538669 ROUGE-L F1: 0.1907
2025-05-04 04:44:42,390 - INFO - Successfully processed paper 45538669, matched 83 sentences
2025-05-04 04:44:42,391 - INFO - Processing paper 78499306
2025-05-04 04:44:42,424 - INFO - Paper 78499306: 840 sentences, Summary: 32 sentences
2025-05-04 04:44:42,424 - INFO - Encoding 840 paper sentences
2025-05-04 04:44:43,178 - INFO - Using default tokenizer.
2025-05-04 04:44:43,523 - INFO - Paper 78499306 ROUGE-1 F1: 0.3880
2025-05-04 04:44:43,523 - INFO - Paper 78499306 ROUGE-2 F1: 0.1540
2025-05-04 04:44:43,523 - INFO - Paper 78499306 ROUGE-L F1: 0.2224
2025-05-04 04:44:44,071 - INFO - Successfully processed paper 78499306, matched 74 sentences
2025-05-04 04:44:44,072 - INFO - Processing paper 51458146
2025-05-04 04:44:44,093 - INFO - Paper 51458146: 352 sentences, Summary: 27 sentences
2025-05-04 04:44:44,093 - INFO - Encoding 352 paper sentences
2025-05-04 04:44:44,492 - INFO - Using default tokenizer.
2025-05-04 04:44:44,738 - INFO - Paper 51458146 ROUGE-1 F1: 0.4694
2025-05-04 04:44:44,738 - INFO - Paper 51458146 ROUGE-2 F1: 0.2334
2025-05-04 04:44:44,738 - INFO - Paper 51458146 ROUGE-L F1: 0.3023
2025-05-04 04:44:45,275 - INFO - Successfully processed paper 51458146, matched 57 sentences
2025-05-04 04:44:45,275 - INFO - Processing paper 202387
2025-05-04 04:44:45,295 - INFO - Paper 202387: 655 sentences, Summary: 44 sentences
2025-05-04 04:44:45,295 - INFO - Encoding 655 paper sentences
2025-05-04 04:44:46,125 - INFO - Using default tokenizer.
2025-05-04 04:44:47,181 - INFO - Paper 202387 ROUGE-1 F1: 0.5030
2025-05-04 04:44:47,181 - INFO - Paper 202387 ROUGE-2 F1: 0.2688
2025-05-04 04:44:47,181 - INFO - Paper 202387 ROUGE-L F1: 0.3030
2025-05-04 04:44:47,721 - INFO - Successfully processed paper 202387, matched 110 sentences
2025-05-04 04:44:47,722 - INFO - Processing paper 80262838
2025-05-04 04:44:47,730 - INFO - Paper 80262838: 183 sentences, Summary: 26 sentences
2025-05-04 04:44:47,730 - INFO - Encoding 183 paper sentences
2025-05-04 04:44:48,003 - INFO - Using default tokenizer.
2025-05-04 04:44:48,117 - INFO - Paper 80262838 ROUGE-1 F1: 0.3972
2025-05-04 04:44:48,117 - INFO - Paper 80262838 ROUGE-2 F1: 0.0715
2025-05-04 04:44:48,117 - INFO - Paper 80262838 ROUGE-L F1: 0.1784
2025-05-04 04:44:48,672 - INFO - Successfully processed paper 80262838, matched 41 sentences
2025-05-04 04:44:48,673 - INFO - Processing paper 3913778
2025-05-04 04:44:48,704 - INFO - Paper 3913778: 349 sentences, Summary: 41 sentences
2025-05-04 04:44:48,704 - INFO - Encoding 349 paper sentences
2025-05-04 04:44:49,209 - INFO - Using default tokenizer.
2025-05-04 04:44:50,064 - INFO - Paper 3913778 ROUGE-1 F1: 0.5691
2025-05-04 04:44:50,064 - INFO - Paper 3913778 ROUGE-2 F1: 0.3819
2025-05-04 04:44:50,064 - INFO - Paper 3913778 ROUGE-L F1: 0.4398
2025-05-04 04:44:50,607 - INFO - Successfully processed paper 3913778, matched 72 sentences
2025-05-04 04:44:50,608 - INFO - Processing paper 61558513
2025-05-04 04:44:50,629 - INFO - Paper 61558513: 228 sentences, Summary: 35 sentences
2025-05-04 04:44:50,629 - INFO - Encoding 228 paper sentences
2025-05-04 04:44:51,026 - INFO - Using default tokenizer.
2025-05-04 04:44:51,428 - INFO - Paper 61558513 ROUGE-1 F1: 0.4874
2025-05-04 04:44:51,428 - INFO - Paper 61558513 ROUGE-2 F1: 0.2272
2025-05-04 04:44:51,429 - INFO - Paper 61558513 ROUGE-L F1: 0.2931
2025-05-04 04:44:51,999 - INFO - Successfully processed paper 61558513, matched 72 sentences
2025-05-04 04:44:51,999 - INFO - Processing paper 31021586
2025-05-04 04:44:52,014 - INFO - Paper 31021586: 335 sentences, Summary: 62 sentences
2025-05-04 04:44:52,014 - INFO - Encoding 335 paper sentences
2025-05-04 04:44:52,793 - INFO - Using default tokenizer.
2025-05-04 04:44:54,179 - INFO - Paper 31021586 ROUGE-1 F1: 0.4876
2025-05-04 04:44:54,180 - INFO - Paper 31021586 ROUGE-2 F1: 0.2712
2025-05-04 04:44:54,180 - INFO - Paper 31021586 ROUGE-L F1: 0.2975
2025-05-04 04:44:54,731 - INFO - Successfully processed paper 31021586, matched 124 sentences
2025-05-04 04:44:54,732 - INFO - Processing paper 41161677
2025-05-04 04:44:54,789 - INFO - Paper 41161677: 870 sentences, Summary: 45 sentences
2025-05-04 04:44:54,789 - INFO - Encoding 870 paper sentences
2025-05-04 04:44:55,739 - INFO - Using default tokenizer.
2025-05-04 04:44:56,295 - INFO - Paper 41161677 ROUGE-1 F1: 0.4812
2025-05-04 04:44:56,295 - INFO - Paper 41161677 ROUGE-2 F1: 0.2662
2025-05-04 04:44:56,295 - INFO - Paper 41161677 ROUGE-L F1: 0.3184
2025-05-04 04:44:56,836 - INFO - Successfully processed paper 41161677, matched 97 sentences
2025-05-04 04:44:56,836 - INFO - Processing paper 7570292
2025-05-04 04:44:56,851 - INFO - Paper 7570292: 381 sentences, Summary: 18 sentences
2025-05-04 04:44:56,851 - INFO - Encoding 381 paper sentences
2025-05-04 04:44:57,154 - INFO - Using default tokenizer.
2025-05-04 04:44:57,244 - INFO - Paper 7570292 ROUGE-1 F1: 0.3677
2025-05-04 04:44:57,244 - INFO - Paper 7570292 ROUGE-2 F1: 0.1420
2025-05-04 04:44:57,244 - INFO - Paper 7570292 ROUGE-L F1: 0.2226
2025-05-04 04:44:57,781 - INFO - Successfully processed paper 7570292, matched 40 sentences
2025-05-04 04:44:57,782 - INFO - Processing paper 2852538
2025-05-04 04:44:57,794 - INFO - Paper 2852538: 267 sentences, Summary: 48 sentences
2025-05-04 04:44:57,794 - INFO - Encoding 267 paper sentences
2025-05-04 04:44:58,297 - INFO - Using default tokenizer.
2025-05-04 04:44:59,062 - INFO - Paper 2852538 ROUGE-1 F1: 0.5134
2025-05-04 04:44:59,062 - INFO - Paper 2852538 ROUGE-2 F1: 0.2545
2025-05-04 04:44:59,062 - INFO - Paper 2852538 ROUGE-L F1: 0.3018
2025-05-04 04:44:59,625 - INFO - Successfully processed paper 2852538, matched 100 sentences
2025-05-04 04:44:59,626 - INFO - Processing paper 48074885
2025-05-04 04:44:59,634 - INFO - Paper 48074885: 110 sentences, Summary: 27 sentences
2025-05-04 04:44:59,634 - INFO - Encoding 110 paper sentences
2025-05-04 04:44:59,882 - INFO - Using default tokenizer.
2025-05-04 04:44:59,979 - INFO - Paper 48074885 ROUGE-1 F1: 0.3455
2025-05-04 04:44:59,980 - INFO - Paper 48074885 ROUGE-2 F1: 0.0489
2025-05-04 04:44:59,980 - INFO - Paper 48074885 ROUGE-L F1: 0.1408
2025-05-04 04:45:00,549 - INFO - Successfully processed paper 48074885, matched 27 sentences
2025-05-04 04:45:00,550 - INFO - Processing paper 43650136
2025-05-04 04:45:00,570 - INFO - Paper 43650136: 185 sentences, Summary: 34 sentences
2025-05-04 04:45:00,570 - INFO - Encoding 185 paper sentences
2025-05-04 04:45:00,948 - INFO - Using default tokenizer.
2025-05-04 04:45:01,457 - INFO - Paper 43650136 ROUGE-1 F1: 0.4249
2025-05-04 04:45:01,458 - INFO - Paper 43650136 ROUGE-2 F1: 0.1326
2025-05-04 04:45:01,458 - INFO - Paper 43650136 ROUGE-L F1: 0.1991
2025-05-04 04:45:02,161 - INFO - Successfully processed paper 43650136, matched 55 sentences
2025-05-04 04:45:02,162 - INFO - Processing paper 69481324
2025-05-04 04:45:02,187 - INFO - Paper 69481324: 214 sentences, Summary: 21 sentences
2025-05-04 04:45:02,187 - INFO - Encoding 214 paper sentences
2025-05-04 04:45:02,505 - INFO - Using default tokenizer.
2025-05-04 04:45:02,822 - INFO - Paper 69481324 ROUGE-1 F1: 0.3893
2025-05-04 04:45:02,822 - INFO - Paper 69481324 ROUGE-2 F1: 0.1765
2025-05-04 04:45:02,822 - INFO - Paper 69481324 ROUGE-L F1: 0.2348
2025-05-04 04:45:03,378 - INFO - Successfully processed paper 69481324, matched 54 sentences
2025-05-04 04:45:03,379 - INFO - Processing paper 31303819
2025-05-04 04:45:03,387 - INFO - Paper 31303819: 249 sentences, Summary: 28 sentences
2025-05-04 04:45:03,387 - INFO - Encoding 249 paper sentences
2025-05-04 04:45:03,720 - INFO - Using default tokenizer.
2025-05-04 04:45:04,071 - INFO - Paper 31303819 ROUGE-1 F1: 0.4863
2025-05-04 04:45:04,071 - INFO - Paper 31303819 ROUGE-2 F1: 0.2612
2025-05-04 04:45:04,071 - INFO - Paper 31303819 ROUGE-L F1: 0.3282
2025-05-04 04:45:04,617 - INFO - Successfully processed paper 31303819, matched 69 sentences
2025-05-04 04:45:04,618 - INFO - Processing paper 4728464
2025-05-04 04:45:04,623 - INFO - Paper 4728464: 221 sentences, Summary: 34 sentences
2025-05-04 04:45:04,623 - INFO - Encoding 221 paper sentences
2025-05-04 04:45:04,983 - INFO - Using default tokenizer.
2025-05-04 04:45:05,157 - INFO - Paper 4728464 ROUGE-1 F1: 0.3464
2025-05-04 04:45:05,157 - INFO - Paper 4728464 ROUGE-2 F1: 0.0931
2025-05-04 04:45:05,157 - INFO - Paper 4728464 ROUGE-L F1: 0.1763
2025-05-04 04:45:05,680 - INFO - Successfully processed paper 4728464, matched 51 sentences
2025-05-04 04:45:05,681 - INFO - Processing paper 21145042
2025-05-04 04:45:05,696 - INFO - Paper 21145042: 546 sentences, Summary: 62 sentences
2025-05-04 04:45:05,696 - INFO - Encoding 546 paper sentences
2025-05-04 04:45:06,633 - INFO - Using default tokenizer.
2025-05-04 04:45:07,713 - INFO - Paper 21145042 ROUGE-1 F1: 0.5214
2025-05-04 04:45:07,713 - INFO - Paper 21145042 ROUGE-2 F1: 0.2145
2025-05-04 04:45:07,713 - INFO - Paper 21145042 ROUGE-L F1: 0.2635
2025-05-04 04:45:08,399 - INFO - Successfully processed paper 21145042, matched 129 sentences
2025-05-04 04:45:08,400 - INFO - Processing paper 11791786
2025-05-04 04:45:08,439 - INFO - Paper 11791786: 520 sentences, Summary: 57 sentences
2025-05-04 04:45:08,439 - INFO - Encoding 520 paper sentences
2025-05-04 04:45:09,210 - INFO - Using default tokenizer.
2025-05-04 04:45:10,576 - INFO - Paper 11791786 ROUGE-1 F1: 0.5548
2025-05-04 04:45:10,576 - INFO - Paper 11791786 ROUGE-2 F1: 0.3111
2025-05-04 04:45:10,576 - INFO - Paper 11791786 ROUGE-L F1: 0.3415
2025-05-04 04:45:11,116 - INFO - Successfully processed paper 11791786, matched 141 sentences
2025-05-04 04:45:11,116 - INFO - Skipping 1050101 - not in valid IDs
2025-05-04 04:45:11,116 - INFO - Processing paper 2577868
2025-05-04 04:45:11,121 - INFO - Paper 2577868: 226 sentences, Summary: 19 sentences
2025-05-04 04:45:11,121 - INFO - Encoding 226 paper sentences
2025-05-04 04:45:11,367 - INFO - Using default tokenizer.
2025-05-04 04:45:11,510 - INFO - Paper 2577868 ROUGE-1 F1: 0.4807
2025-05-04 04:45:11,510 - INFO - Paper 2577868 ROUGE-2 F1: 0.2124
2025-05-04 04:45:11,510 - INFO - Paper 2577868 ROUGE-L F1: 0.3030
2025-05-04 04:45:12,076 - INFO - Successfully processed paper 2577868, matched 41 sentences
2025-05-04 04:45:12,077 - INFO - Skipping 43514018 - not in valid IDs
2025-05-04 04:45:12,077 - INFO - Processing paper 68635574
2025-05-04 04:45:12,110 - INFO - Paper 68635574: 429 sentences, Summary: 16 sentences
2025-05-04 04:45:12,110 - INFO - Encoding 429 paper sentences
2025-05-04 04:45:12,501 - INFO - Using default tokenizer.
2025-05-04 04:45:12,604 - INFO - Paper 68635574 ROUGE-1 F1: 0.4592
2025-05-04 04:45:12,604 - INFO - Paper 68635574 ROUGE-2 F1: 0.1875
2025-05-04 04:45:12,604 - INFO - Paper 68635574 ROUGE-L F1: 0.2352
2025-05-04 04:45:13,196 - INFO - Successfully processed paper 68635574, matched 39 sentences
2025-05-04 04:45:13,197 - INFO - Processing paper 30748495
2025-05-04 04:45:13,220 - INFO - Paper 30748495: 282 sentences, Summary: 20 sentences
2025-05-04 04:45:13,220 - INFO - Encoding 282 paper sentences
2025-05-04 04:45:13,512 - INFO - Using default tokenizer.
2025-05-04 04:45:13,632 - INFO - Paper 30748495 ROUGE-1 F1: 0.4789
2025-05-04 04:45:13,632 - INFO - Paper 30748495 ROUGE-2 F1: 0.1766
2025-05-04 04:45:13,632 - INFO - Paper 30748495 ROUGE-L F1: 0.2543
2025-05-04 04:45:14,257 - INFO - Successfully processed paper 30748495, matched 36 sentences
2025-05-04 04:45:14,258 - INFO - Processing paper 82314288
2025-05-04 04:45:14,288 - INFO - Paper 82314288: 327 sentences, Summary: 46 sentences
2025-05-04 04:45:14,288 - INFO - Encoding 327 paper sentences
2025-05-04 04:45:14,841 - INFO - Using default tokenizer.
2025-05-04 04:45:15,195 - INFO - Paper 82314288 ROUGE-1 F1: 0.3694
2025-05-04 04:45:15,195 - INFO - Paper 82314288 ROUGE-2 F1: 0.1372
2025-05-04 04:45:15,195 - INFO - Paper 82314288 ROUGE-L F1: 0.1839
2025-05-04 04:45:15,784 - INFO - Successfully processed paper 82314288, matched 86 sentences
2025-05-04 04:45:15,785 - INFO - Processing paper 16973018
2025-05-04 04:45:15,801 - INFO - Paper 16973018: 188 sentences, Summary: 16 sentences
2025-05-04 04:45:15,801 - INFO - Encoding 188 paper sentences
2025-05-04 04:45:15,992 - INFO - Using default tokenizer.
2025-05-04 04:45:16,136 - INFO - Paper 16973018 ROUGE-1 F1: 0.4993
2025-05-04 04:45:16,137 - INFO - Paper 16973018 ROUGE-2 F1: 0.2222
2025-05-04 04:45:16,137 - INFO - Paper 16973018 ROUGE-L F1: 0.2978
2025-05-04 04:45:16,761 - INFO - Successfully processed paper 16973018, matched 41 sentences
2025-05-04 04:45:16,762 - INFO - Processing paper 93544751
2025-05-04 04:45:16,794 - INFO - Paper 93544751: 386 sentences, Summary: 24 sentences
2025-05-04 04:45:16,794 - INFO - Encoding 386 paper sentences
2025-05-04 04:45:17,228 - INFO - Using default tokenizer.
2025-05-04 04:45:17,496 - INFO - Paper 93544751 ROUGE-1 F1: 0.4278
2025-05-04 04:45:17,496 - INFO - Paper 93544751 ROUGE-2 F1: 0.1547
2025-05-04 04:45:17,496 - INFO - Paper 93544751 ROUGE-L F1: 0.2402
2025-05-04 04:45:18,081 - INFO - Successfully processed paper 93544751, matched 59 sentences
2025-05-04 04:45:18,082 - INFO - Processing paper 88655260
2025-05-04 04:45:18,116 - INFO - Paper 88655260: 390 sentences, Summary: 54 sentences
2025-05-04 04:45:18,116 - INFO - Encoding 390 paper sentences
2025-05-04 04:45:18,762 - INFO - Using default tokenizer.
2025-05-04 04:45:20,610 - INFO - Paper 88655260 ROUGE-1 F1: 0.4695
2025-05-04 04:45:20,610 - INFO - Paper 88655260 ROUGE-2 F1: 0.2882
2025-05-04 04:45:20,610 - INFO - Paper 88655260 ROUGE-L F1: 0.3242
2025-05-04 04:45:21,226 - INFO - Successfully processed paper 88655260, matched 151 sentences
2025-05-04 04:45:21,227 - INFO - Processing paper 24824894
2025-05-04 04:45:21,245 - INFO - Paper 24824894: 319 sentences, Summary: 53 sentences
2025-05-04 04:45:21,245 - INFO - Encoding 319 paper sentences
2025-05-04 04:45:21,917 - INFO - Using default tokenizer.
2025-05-04 04:45:22,883 - INFO - Paper 24824894 ROUGE-1 F1: 0.5434
2025-05-04 04:45:22,883 - INFO - Paper 24824894 ROUGE-2 F1: 0.2749
2025-05-04 04:45:22,884 - INFO - Paper 24824894 ROUGE-L F1: 0.3149
2025-05-04 04:45:23,466 - INFO - Successfully processed paper 24824894, matched 100 sentences
2025-05-04 04:45:23,467 - INFO - Processing paper 45435119
2025-05-04 04:45:23,480 - INFO - Paper 45435119: 121 sentences, Summary: 27 sentences
2025-05-04 04:45:23,480 - INFO - Encoding 121 paper sentences
2025-05-04 04:45:23,719 - INFO - Using default tokenizer.
2025-05-04 04:45:23,890 - INFO - Paper 45435119 ROUGE-1 F1: 0.3387
2025-05-04 04:45:23,890 - INFO - Paper 45435119 ROUGE-2 F1: 0.0973
2025-05-04 04:45:23,890 - INFO - Paper 45435119 ROUGE-L F1: 0.1731
2025-05-04 04:45:24,534 - INFO - Successfully processed paper 45435119, matched 47 sentences
2025-05-04 04:45:24,534 - INFO - Processing paper 96308075
2025-05-04 04:45:24,568 - INFO - Paper 96308075: 423 sentences, Summary: 39 sentences
2025-05-04 04:45:24,568 - INFO - Encoding 423 paper sentences
2025-05-04 04:45:25,097 - INFO - Using default tokenizer.
2025-05-04 04:45:25,995 - INFO - Paper 96308075 ROUGE-1 F1: 0.4808
2025-05-04 04:45:25,995 - INFO - Paper 96308075 ROUGE-2 F1: 0.2187
2025-05-04 04:45:25,995 - INFO - Paper 96308075 ROUGE-L F1: 0.2690
2025-05-04 04:45:26,608 - INFO - Successfully processed paper 96308075, matched 90 sentences
2025-05-04 04:45:26,608 - INFO - Processing paper 62996279
2025-05-04 04:45:26,622 - INFO - Paper 62996279: 204 sentences, Summary: 15 sentences
2025-05-04 04:45:26,622 - INFO - Encoding 204 paper sentences
2025-05-04 04:45:26,811 - INFO - Using default tokenizer.
2025-05-04 04:45:26,859 - INFO - Paper 62996279 ROUGE-1 F1: 0.5286
2025-05-04 04:45:26,859 - INFO - Paper 62996279 ROUGE-2 F1: 0.2929
2025-05-04 04:45:26,859 - INFO - Paper 62996279 ROUGE-L F1: 0.3665
2025-05-04 04:45:27,423 - INFO - Successfully processed paper 62996279, matched 23 sentences
2025-05-04 04:45:27,423 - INFO - Processing paper 45795840
2025-05-04 04:45:27,442 - INFO - Paper 45795840: 488 sentences, Summary: 70 sentences
2025-05-04 04:45:27,442 - INFO - Encoding 488 paper sentences
2025-05-04 04:45:28,349 - INFO - Using default tokenizer.
2025-05-04 04:45:30,227 - INFO - Paper 45795840 ROUGE-1 F1: 0.4983
2025-05-04 04:45:30,227 - INFO - Paper 45795840 ROUGE-2 F1: 0.3538
2025-05-04 04:45:30,227 - INFO - Paper 45795840 ROUGE-L F1: 0.3932
2025-05-04 04:45:30,824 - INFO - Successfully processed paper 45795840, matched 173 sentences
2025-05-04 04:45:30,825 - INFO - Processing paper 43280550
2025-05-04 04:45:30,846 - INFO - Paper 43280550: 249 sentences, Summary: 28 sentences
2025-05-04 04:45:30,846 - INFO - Encoding 249 paper sentences
2025-05-04 04:45:31,168 - INFO - Using default tokenizer.
2025-05-04 04:45:31,368 - INFO - Paper 43280550 ROUGE-1 F1: 0.4443
2025-05-04 04:45:31,368 - INFO - Paper 43280550 ROUGE-2 F1: 0.1809
2025-05-04 04:45:31,368 - INFO - Paper 43280550 ROUGE-L F1: 0.2659
2025-05-04 04:45:31,932 - INFO - Successfully processed paper 43280550, matched 68 sentences
2025-05-04 04:45:31,932 - INFO - Processing paper 47798365
2025-05-04 04:45:31,940 - INFO - Paper 47798365: 215 sentences, Summary: 8 sentences
2025-05-04 04:45:31,940 - INFO - Encoding 215 paper sentences
2025-05-04 04:45:32,115 - INFO - Using default tokenizer.
2025-05-04 04:45:32,130 - INFO - Paper 47798365 ROUGE-1 F1: 0.4267
2025-05-04 04:45:32,130 - INFO - Paper 47798365 ROUGE-2 F1: 0.0590
2025-05-04 04:45:32,130 - INFO - Paper 47798365 ROUGE-L F1: 0.1867
2025-05-04 04:45:32,733 - INFO - Successfully processed paper 47798365, matched 11 sentences
2025-05-04 04:45:32,733 - INFO - Processing paper 69694249
2025-05-04 04:45:32,748 - INFO - Paper 69694249: 450 sentences, Summary: 22 sentences
2025-05-04 04:45:32,748 - INFO - Encoding 450 paper sentences
2025-05-04 04:45:33,182 - INFO - Using default tokenizer.
2025-05-04 04:45:33,392 - INFO - Paper 69694249 ROUGE-1 F1: 0.4726
2025-05-04 04:45:33,392 - INFO - Paper 69694249 ROUGE-2 F1: 0.2139
2025-05-04 04:45:33,392 - INFO - Paper 69694249 ROUGE-L F1: 0.2678
2025-05-04 04:45:33,950 - INFO - Successfully processed paper 69694249, matched 51 sentences
2025-05-04 04:45:33,950 - INFO - Processing paper 22528856
2025-05-04 04:45:33,978 - INFO - Paper 22528856: 348 sentences, Summary: 13 sentences
2025-05-04 04:45:33,979 - INFO - Encoding 348 paper sentences
2025-05-04 04:45:34,270 - INFO - Using default tokenizer.
2025-05-04 04:45:34,314 - INFO - Paper 22528856 ROUGE-1 F1: 0.4077
2025-05-04 04:45:34,314 - INFO - Paper 22528856 ROUGE-2 F1: 0.1022
2025-05-04 04:45:34,314 - INFO - Paper 22528856 ROUGE-L F1: 0.2011
2025-05-04 04:45:34,883 - INFO - Successfully processed paper 22528856, matched 18 sentences
2025-05-04 04:45:34,883 - INFO - Processing paper 55410278
2025-05-04 04:45:34,890 - INFO - Paper 55410278: 131 sentences, Summary: 39 sentences
2025-05-04 04:45:34,890 - INFO - Encoding 131 paper sentences
2025-05-04 04:45:35,218 - INFO - Using default tokenizer.
2025-05-04 04:45:35,432 - INFO - Paper 55410278 ROUGE-1 F1: 0.4284
2025-05-04 04:45:35,432 - INFO - Paper 55410278 ROUGE-2 F1: 0.1469
2025-05-04 04:45:35,432 - INFO - Paper 55410278 ROUGE-L F1: 0.2418
2025-05-04 04:45:36,011 - INFO - Successfully processed paper 55410278, matched 57 sentences
2025-05-04 04:45:36,011 - INFO - Processing paper 97703387
2025-05-04 04:45:36,023 - INFO - Paper 97703387: 161 sentences, Summary: 34 sentences
2025-05-04 04:45:36,024 - INFO - Encoding 161 paper sentences
2025-05-04 04:45:36,360 - INFO - Using default tokenizer.
2025-05-04 04:45:36,934 - INFO - Paper 97703387 ROUGE-1 F1: 0.5047
2025-05-04 04:45:36,934 - INFO - Paper 97703387 ROUGE-2 F1: 0.3896
2025-05-04 04:45:36,934 - INFO - Paper 97703387 ROUGE-L F1: 0.4238
2025-05-04 04:45:37,605 - INFO - Successfully processed paper 97703387, matched 86 sentences
2025-05-04 04:45:37,606 - INFO - Processing paper 97932426
2025-05-04 04:45:37,619 - INFO - Paper 97932426: 139 sentences, Summary: 30 sentences
2025-05-04 04:45:37,619 - INFO - Encoding 139 paper sentences
2025-05-04 04:45:37,941 - INFO - Using default tokenizer.
2025-05-04 04:45:38,211 - INFO - Paper 97932426 ROUGE-1 F1: 0.4470
2025-05-04 04:45:38,211 - INFO - Paper 97932426 ROUGE-2 F1: 0.2093
2025-05-04 04:45:38,211 - INFO - Paper 97932426 ROUGE-L F1: 0.3013
2025-05-04 04:45:38,944 - INFO - Successfully processed paper 97932426, matched 56 sentences
2025-05-04 04:45:38,945 - INFO - Processing paper 34187605
2025-05-04 04:45:38,969 - INFO - Paper 34187605: 252 sentences, Summary: 15 sentences
2025-05-04 04:45:38,969 - INFO - Encoding 252 paper sentences
2025-05-04 04:45:39,249 - INFO - Using default tokenizer.
2025-05-04 04:45:39,346 - INFO - Paper 34187605 ROUGE-1 F1: 0.4045
2025-05-04 04:45:39,347 - INFO - Paper 34187605 ROUGE-2 F1: 0.1108
2025-05-04 04:45:39,347 - INFO - Paper 34187605 ROUGE-L F1: 0.2005
2025-05-04 04:45:40,193 - INFO - Successfully processed paper 34187605, matched 27 sentences
2025-05-04 04:45:40,194 - INFO - Processing paper 45043151
2025-05-04 04:45:40,219 - INFO - Paper 45043151: 263 sentences, Summary: 42 sentences
2025-05-04 04:45:40,219 - INFO - Encoding 263 paper sentences
2025-05-04 04:45:40,710 - INFO - Using default tokenizer.
2025-05-04 04:45:40,845 - INFO - Paper 45043151 ROUGE-1 F1: 0.4020
2025-05-04 04:45:40,846 - INFO - Paper 45043151 ROUGE-2 F1: 0.1045
2025-05-04 04:45:40,846 - INFO - Paper 45043151 ROUGE-L F1: 0.1975
2025-05-04 04:45:41,445 - INFO - Successfully processed paper 45043151, matched 55 sentences
2025-05-04 04:45:41,446 - INFO - Processing paper 65062778
2025-05-04 04:45:41,457 - INFO - Paper 65062778: 113 sentences, Summary: 11 sentences
2025-05-04 04:45:41,457 - INFO - Encoding 113 paper sentences
2025-05-04 04:45:41,626 - INFO - Using default tokenizer.
2025-05-04 04:45:41,713 - INFO - Paper 65062778 ROUGE-1 F1: 0.4284
2025-05-04 04:45:41,713 - INFO - Paper 65062778 ROUGE-2 F1: 0.1818
2025-05-04 04:45:41,714 - INFO - Paper 65062778 ROUGE-L F1: 0.2862
2025-05-04 04:45:42,319 - INFO - Successfully processed paper 65062778, matched 29 sentences
2025-05-04 04:45:42,320 - INFO - Skipping 18000122 - not in valid IDs
2025-05-04 04:45:42,320 - INFO - Processing paper 38830210
2025-05-04 04:45:42,342 - INFO - Paper 38830210: 250 sentences, Summary: 15 sentences
2025-05-04 04:45:42,342 - INFO - Encoding 250 paper sentences
2025-05-04 04:45:42,600 - INFO - Using default tokenizer.
2025-05-04 04:45:42,700 - INFO - Paper 38830210 ROUGE-1 F1: 0.4530
2025-05-04 04:45:42,701 - INFO - Paper 38830210 ROUGE-2 F1: 0.1798
2025-05-04 04:45:42,701 - INFO - Paper 38830210 ROUGE-L F1: 0.2315
2025-05-04 04:45:43,282 - INFO - Successfully processed paper 38830210, matched 29 sentences
2025-05-04 04:45:43,283 - INFO - Processing paper 53721399
2025-05-04 04:45:43,299 - INFO - Paper 53721399: 177 sentences, Summary: 30 sentences
2025-05-04 04:45:43,299 - INFO - Encoding 177 paper sentences
2025-05-04 04:45:43,602 - INFO - Using default tokenizer.
2025-05-04 04:45:43,870 - INFO - Paper 53721399 ROUGE-1 F1: 0.3521
2025-05-04 04:45:43,870 - INFO - Paper 53721399 ROUGE-2 F1: 0.1749
2025-05-04 04:45:43,870 - INFO - Paper 53721399 ROUGE-L F1: 0.2291
2025-05-04 04:45:44,471 - INFO - Successfully processed paper 53721399, matched 73 sentences
2025-05-04 04:45:44,472 - INFO - Processing paper 31194274
2025-05-04 04:45:44,502 - INFO - Paper 31194274: 240 sentences, Summary: 39 sentences
2025-05-04 04:45:44,502 - INFO - Encoding 240 paper sentences
2025-05-04 04:45:44,908 - INFO - Using default tokenizer.
2025-05-04 04:45:45,865 - INFO - Paper 31194274 ROUGE-1 F1: 0.5354
2025-05-04 04:45:45,865 - INFO - Paper 31194274 ROUGE-2 F1: 0.4161
2025-05-04 04:45:45,865 - INFO - Paper 31194274 ROUGE-L F1: 0.4487
2025-05-04 04:45:46,504 - INFO - Successfully processed paper 31194274, matched 88 sentences
2025-05-04 04:45:46,505 - INFO - Processing paper 99440206
2025-05-04 04:45:46,516 - INFO - Paper 99440206: 145 sentences, Summary: 8 sentences
2025-05-04 04:45:46,516 - INFO - Encoding 145 paper sentences
2025-05-04 04:45:46,663 - INFO - Using default tokenizer.
2025-05-04 04:45:46,704 - INFO - Paper 99440206 ROUGE-1 F1: 0.3649
2025-05-04 04:45:46,704 - INFO - Paper 99440206 ROUGE-2 F1: 0.1045
2025-05-04 04:45:46,704 - INFO - Paper 99440206 ROUGE-L F1: 0.2359
2025-05-04 04:45:47,352 - INFO - Successfully processed paper 99440206, matched 21 sentences
2025-05-04 04:45:47,353 - INFO - Processing paper 33427271
2025-05-04 04:45:47,379 - INFO - Paper 33427271: 313 sentences, Summary: 18 sentences
2025-05-04 04:45:47,379 - INFO - Encoding 313 paper sentences
2025-05-04 04:45:47,709 - INFO - Using default tokenizer.
2025-05-04 04:45:47,852 - INFO - Paper 33427271 ROUGE-1 F1: 0.5319
2025-05-04 04:45:47,852 - INFO - Paper 33427271 ROUGE-2 F1: 0.2429
2025-05-04 04:45:47,853 - INFO - Paper 33427271 ROUGE-L F1: 0.3064
2025-05-04 04:45:48,462 - INFO - Successfully processed paper 33427271, matched 40 sentences
2025-05-04 04:45:48,463 - INFO - Processing paper 7590139
2025-05-04 04:45:48,473 - INFO - Paper 7590139: 339 sentences, Summary: 30 sentences
2025-05-04 04:45:48,473 - INFO - Encoding 339 paper sentences
2025-05-04 04:45:48,871 - INFO - Using default tokenizer.
2025-05-04 04:45:49,001 - INFO - Paper 7590139 ROUGE-1 F1: 0.3630
2025-05-04 04:45:49,001 - INFO - Paper 7590139 ROUGE-2 F1: 0.0772
2025-05-04 04:45:49,001 - INFO - Paper 7590139 ROUGE-L F1: 0.1640
2025-05-04 04:45:49,624 - INFO - Successfully processed paper 7590139, matched 52 sentences
2025-05-04 04:45:49,625 - INFO - Processing paper 37010180
2025-05-04 04:45:49,633 - INFO - Paper 37010180: 270 sentences, Summary: 61 sentences
2025-05-04 04:45:49,633 - INFO - Encoding 270 paper sentences
2025-05-04 04:45:50,213 - INFO - Using default tokenizer.
2025-05-04 04:45:50,751 - INFO - Paper 37010180 ROUGE-1 F1: 0.4710
2025-05-04 04:45:50,751 - INFO - Paper 37010180 ROUGE-2 F1: 0.1028
2025-05-04 04:45:50,751 - INFO - Paper 37010180 ROUGE-L F1: 0.1827
2025-05-04 04:45:51,407 - INFO - Successfully processed paper 37010180, matched 85 sentences
2025-05-04 04:45:51,407 - INFO - Processing paper 9563928
2025-05-04 04:45:51,411 - INFO - Paper 9563928: 149 sentences, Summary: 55 sentences
2025-05-04 04:45:51,411 - INFO - Encoding 149 paper sentences
2025-05-04 04:46:01,885 - INFO - Using default tokenizer.
2025-05-04 04:46:03,117 - INFO - Paper 9563928 ROUGE-1 F1: 0.4345
2025-05-04 04:46:03,117 - INFO - Paper 9563928 ROUGE-2 F1: 0.2747
2025-05-04 04:46:03,117 - INFO - Paper 9563928 ROUGE-L F1: 0.3238
2025-05-04 04:46:03,967 - INFO - Successfully processed paper 9563928, matched 118 sentences
2025-05-04 04:46:03,968 - INFO - Processing paper 75937139
2025-05-04 04:46:03,998 - INFO - Paper 75937139: 332 sentences, Summary: 39 sentences
2025-05-04 04:46:03,998 - INFO - Encoding 332 paper sentences
2025-05-04 04:46:04,454 - INFO - Using default tokenizer.
2025-05-04 04:46:04,889 - INFO - Paper 75937139 ROUGE-1 F1: 0.5199
2025-05-04 04:46:04,889 - INFO - Paper 75937139 ROUGE-2 F1: 0.2131
2025-05-04 04:46:04,889 - INFO - Paper 75937139 ROUGE-L F1: 0.2378
2025-05-04 04:46:05,503 - INFO - Successfully processed paper 75937139, matched 79 sentences
2025-05-04 04:46:05,504 - INFO - Processing paper 85820029
2025-05-04 04:46:05,522 - INFO - Paper 85820029: 211 sentences, Summary: 11 sentences
2025-05-04 04:46:05,523 - INFO - Encoding 211 paper sentences
2025-05-04 04:46:05,750 - INFO - Using default tokenizer.
2025-05-04 04:46:05,787 - INFO - Paper 85820029 ROUGE-1 F1: 0.3516
2025-05-04 04:46:05,787 - INFO - Paper 85820029 ROUGE-2 F1: 0.1157
2025-05-04 04:46:05,787 - INFO - Paper 85820029 ROUGE-L F1: 0.2053
2025-05-04 04:46:06,403 - INFO - Successfully processed paper 85820029, matched 21 sentences
2025-05-04 04:46:06,404 - INFO - Processing paper 98262950
2025-05-04 04:46:06,413 - INFO - Paper 98262950: 284 sentences, Summary: 53 sentences
2025-05-04 04:46:06,413 - INFO - Encoding 284 paper sentences
2025-05-04 04:46:06,972 - INFO - Using default tokenizer.
2025-05-04 04:46:07,576 - INFO - Paper 98262950 ROUGE-1 F1: 0.3962
2025-05-04 04:46:07,576 - INFO - Paper 98262950 ROUGE-2 F1: 0.1303
2025-05-04 04:46:07,576 - INFO - Paper 98262950 ROUGE-L F1: 0.1918
2025-05-04 04:46:08,214 - INFO - Successfully processed paper 98262950, matched 119 sentences
2025-05-04 04:46:08,215 - INFO - Processing paper 36779622
2025-05-04 04:46:08,229 - INFO - Paper 36779622: 150 sentences, Summary: 21 sentences
2025-05-04 04:46:08,229 - INFO - Encoding 150 paper sentences
2025-05-04 04:46:08,466 - INFO - Using default tokenizer.
2025-05-04 04:46:08,600 - INFO - Paper 36779622 ROUGE-1 F1: 0.4421
2025-05-04 04:46:08,600 - INFO - Paper 36779622 ROUGE-2 F1: 0.1537
2025-05-04 04:46:08,600 - INFO - Paper 36779622 ROUGE-L F1: 0.2360
2025-05-04 04:46:09,264 - INFO - Successfully processed paper 36779622, matched 39 sentences
2025-05-04 04:46:09,265 - INFO - Processing paper 78412080
2025-05-04 04:46:09,299 - INFO - Paper 78412080: 381 sentences, Summary: 53 sentences
2025-05-04 04:46:09,299 - INFO - Encoding 381 paper sentences
2025-05-04 04:46:09,957 - INFO - Using default tokenizer.
2025-05-04 04:46:11,584 - INFO - Paper 78412080 ROUGE-1 F1: 0.4241
2025-05-04 04:46:11,584 - INFO - Paper 78412080 ROUGE-2 F1: 0.2533
2025-05-04 04:46:11,584 - INFO - Paper 78412080 ROUGE-L F1: 0.2920
2025-05-04 04:46:12,207 - INFO - Successfully processed paper 78412080, matched 140 sentences
2025-05-04 04:46:12,212 - INFO - Overall statistics:
2025-05-04 04:46:12,212 - INFO - Papers processed: 488
2025-05-04 04:46:12,212 - INFO - Total summary sentences: 17092
2025-05-04 04:46:12,212 - INFO - Total paper sentences: 166034
2025-05-04 04:46:12,212 - INFO - Total matched sentences: 35886
2025-05-04 04:46:12,212 - INFO - Average sentences per summary sentence: 2.10
2025-05-04 04:46:12,213 - INFO - Average similarity: 0.6449
2025-05-04 04:46:12,213 - INFO - Average ROUGE-1 F1: 0.4435
2025-05-04 04:46:12,213 - INFO - Average ROUGE-2 F1: 0.2022
2025-05-04 04:46:12,213 - INFO - Average ROUGE-L F1: 0.2655
2025-05-04 04:46:12,213 - INFO - Processing complete. Processed 488 papers.
