2025-04-24 16:13:00,188 - INFO - Loading model: all-MiniLM-L6-v2
2025-04-24 16:13:00,199 - INFO - Use pytorch device_name: cuda:0
2025-04-24 16:13:00,199 - INFO - Load pretrained SentenceTransformer: all-MiniLM-L6-v2
2025-04-24 16:13:13,303 - INFO - Loading papers from ./papers/postprocessed/full_texts/
2025-04-24 16:13:13,303 - INFO - Found 522 paper files
2025-04-24 16:13:14,431 - INFO - Successfully loaded 522 papers
2025-04-24 16:13:14,431 - INFO - Loading gold summaries from ./abstractive_summaries/id_summary_map.json
2025-04-24 16:13:14,448 - INFO - Loaded 530 gold summaries
2025-04-24 16:13:14,448 - INFO - Loading existing results from ./jaehyeok/datasets/mapping_gold_summary_for_training_sets.json
2025-04-24 16:13:14,448 - INFO - No existing results file found, creating new one
2025-04-24 16:13:14,448 - INFO - Loaded 488 valid paper IDs
2025-04-24 16:13:14,449 - INFO - Processing paper 39357436
2025-04-24 16:13:14,474 - INFO - Paper 39357436: 229 sentences, Summary: 16 sentences
2025-04-24 16:13:14,475 - INFO - Encoding 229 paper sentences
2025-04-24 16:13:14,863 - INFO - Using default tokenizer.
2025-04-24 16:13:14,895 - INFO - Paper 39357436 ROUGE-1 F1: 0.2776
2025-04-24 16:13:14,895 - INFO - Paper 39357436 ROUGE-2 F1: 0.0285
2025-04-24 16:13:14,896 - INFO - Paper 39357436 ROUGE-L F1: 0.1388
2025-04-24 16:13:14,896 - INFO - Successfully processed paper 39357436
2025-04-24 16:13:14,896 - INFO - Processing paper 88246188
2025-04-24 16:13:14,906 - INFO - Paper 88246188: 443 sentences, Summary: 87 sentences
2025-04-24 16:13:14,906 - INFO - Encoding 443 paper sentences
2025-04-24 16:13:15,457 - INFO - Using default tokenizer.
2025-04-24 16:13:15,967 - INFO - Paper 88246188 ROUGE-1 F1: 0.5415
2025-04-24 16:13:15,967 - INFO - Paper 88246188 ROUGE-2 F1: 0.1255
2025-04-24 16:13:15,967 - INFO - Paper 88246188 ROUGE-L F1: 0.2103
2025-04-24 16:13:15,968 - INFO - Successfully processed paper 88246188
2025-04-24 16:13:15,968 - INFO - Processing paper 53809041
2025-04-24 16:13:15,974 - INFO - Paper 53809041: 355 sentences, Summary: 20 sentences
2025-04-24 16:13:15,974 - INFO - Encoding 355 paper sentences
2025-04-24 16:13:16,257 - INFO - Using default tokenizer.
2025-04-24 16:13:16,307 - INFO - Paper 53809041 ROUGE-1 F1: 0.5448
2025-04-24 16:13:16,307 - INFO - Paper 53809041 ROUGE-2 F1: 0.1421
2025-04-24 16:13:16,307 - INFO - Paper 53809041 ROUGE-L F1: 0.2438
2025-04-24 16:13:16,309 - INFO - Successfully processed paper 53809041
2025-04-24 16:13:16,309 - INFO - Processing paper 84548548
2025-04-24 16:13:16,316 - INFO - Paper 84548548: 386 sentences, Summary: 38 sentences
2025-04-24 16:13:16,316 - INFO - Encoding 386 paper sentences
2025-04-24 16:13:16,652 - INFO - Using default tokenizer.
2025-04-24 16:13:16,851 - INFO - Paper 84548548 ROUGE-1 F1: 0.6634
2025-04-24 16:13:16,852 - INFO - Paper 84548548 ROUGE-2 F1: 0.3719
2025-04-24 16:13:16,852 - INFO - Paper 84548548 ROUGE-L F1: 0.4557
2025-04-24 16:13:16,854 - INFO - Successfully processed paper 84548548
2025-04-24 16:13:16,854 - INFO - Processing paper 43280550
2025-04-24 16:13:16,859 - INFO - Paper 43280550: 249 sentences, Summary: 28 sentences
2025-04-24 16:13:16,859 - INFO - Encoding 249 paper sentences
2025-04-24 16:13:17,068 - INFO - Using default tokenizer.
2025-04-24 16:13:17,146 - INFO - Paper 43280550 ROUGE-1 F1: 0.6010
2025-04-24 16:13:17,146 - INFO - Paper 43280550 ROUGE-2 F1: 0.2310
2025-04-24 16:13:17,146 - INFO - Paper 43280550 ROUGE-L F1: 0.3685
2025-04-24 16:13:17,148 - INFO - Successfully processed paper 43280550
2025-04-24 16:13:17,148 - INFO - Processing paper 35928796
2025-04-24 16:13:17,152 - INFO - Paper 35928796: 177 sentences, Summary: 46 sentences
2025-04-24 16:13:17,152 - INFO - Encoding 177 paper sentences
2025-04-24 16:13:17,438 - INFO - Using default tokenizer.
2025-04-24 16:13:17,846 - INFO - Paper 35928796 ROUGE-1 F1: 0.8331
2025-04-24 16:13:17,846 - INFO - Paper 35928796 ROUGE-2 F1: 0.7199
2025-04-24 16:13:17,846 - INFO - Paper 35928796 ROUGE-L F1: 0.7686
2025-04-24 16:13:17,849 - INFO - Successfully processed paper 35928796
2025-04-24 16:13:17,850 - INFO - Processing paper 34524227
2025-04-24 16:13:17,857 - INFO - Paper 34524227: 408 sentences, Summary: 6 sentences
2025-04-24 16:13:17,857 - INFO - Encoding 408 paper sentences
2025-04-24 16:13:18,015 - INFO - Using default tokenizer.
2025-04-24 16:13:18,023 - INFO - Paper 34524227 ROUGE-1 F1: 0.6619
2025-04-24 16:13:18,023 - INFO - Paper 34524227 ROUGE-2 F1: 0.5000
2025-04-24 16:13:18,023 - INFO - Paper 34524227 ROUGE-L F1: 0.6043
2025-04-24 16:13:18,028 - INFO - Successfully processed paper 34524227
2025-04-24 16:13:18,028 - INFO - Skipping 6469050 - not in valid IDs
2025-04-24 16:13:18,028 - INFO - Processing paper 4353776
2025-04-24 16:13:18,035 - INFO - Paper 4353776: 338 sentences, Summary: 25 sentences
2025-04-24 16:13:18,035 - INFO - Encoding 338 paper sentences
2025-04-24 16:13:18,334 - INFO - Using default tokenizer.
2025-04-24 16:13:18,395 - INFO - Paper 4353776 ROUGE-1 F1: 0.5471
2025-04-24 16:13:18,395 - INFO - Paper 4353776 ROUGE-2 F1: 0.1376
2025-04-24 16:13:18,395 - INFO - Paper 4353776 ROUGE-L F1: 0.2303
2025-04-24 16:13:18,398 - INFO - Successfully processed paper 4353776
2025-04-24 16:13:18,398 - INFO - Processing paper 50897768
2025-04-24 16:13:18,403 - INFO - Paper 50897768: 203 sentences, Summary: 52 sentences
2025-04-24 16:13:18,403 - INFO - Encoding 203 paper sentences
2025-04-24 16:13:18,740 - INFO - Using default tokenizer.
2025-04-24 16:13:19,184 - INFO - Paper 50897768 ROUGE-1 F1: 0.6913
2025-04-24 16:13:19,184 - INFO - Paper 50897768 ROUGE-2 F1: 0.4546
2025-04-24 16:13:19,185 - INFO - Paper 50897768 ROUGE-L F1: 0.5073
2025-04-24 16:13:19,189 - INFO - Successfully processed paper 50897768
2025-04-24 16:13:19,189 - INFO - Processing paper 36272485
2025-04-24 16:13:19,195 - INFO - Paper 36272485: 262 sentences, Summary: 38 sentences
2025-04-24 16:13:19,195 - INFO - Encoding 262 paper sentences
2025-04-24 16:13:19,510 - INFO - Using default tokenizer.
2025-04-24 16:13:19,733 - INFO - Paper 36272485 ROUGE-1 F1: 0.4080
2025-04-24 16:13:19,733 - INFO - Paper 36272485 ROUGE-2 F1: 0.1108
2025-04-24 16:13:19,733 - INFO - Paper 36272485 ROUGE-L F1: 0.1964
2025-04-24 16:13:19,736 - INFO - Successfully processed paper 36272485
2025-04-24 16:13:19,737 - INFO - Processing paper 74193008
2025-04-24 16:13:19,742 - INFO - Paper 74193008: 245 sentences, Summary: 38 sentences
2025-04-24 16:13:19,742 - INFO - Encoding 245 paper sentences
2025-04-24 16:13:20,059 - INFO - Using default tokenizer.
2025-04-24 16:13:20,257 - INFO - Paper 74193008 ROUGE-1 F1: 0.5820
2025-04-24 16:13:20,257 - INFO - Paper 74193008 ROUGE-2 F1: 0.1770
2025-04-24 16:13:20,257 - INFO - Paper 74193008 ROUGE-L F1: 0.2627
2025-04-24 16:13:20,261 - INFO - Successfully processed paper 74193008
2025-04-24 16:13:20,262 - INFO - Processing paper 97291551
2025-04-24 16:13:20,270 - INFO - Paper 97291551: 348 sentences, Summary: 50 sentences
2025-04-24 16:13:20,270 - INFO - Encoding 348 paper sentences
2025-04-24 16:13:20,646 - INFO - Using default tokenizer.
2025-04-24 16:13:21,174 - INFO - Paper 97291551 ROUGE-1 F1: 0.7761
2025-04-24 16:13:21,174 - INFO - Paper 97291551 ROUGE-2 F1: 0.5245
2025-04-24 16:13:21,174 - INFO - Paper 97291551 ROUGE-L F1: 0.5757
2025-04-24 16:13:21,183 - INFO - Successfully processed paper 97291551
2025-04-24 16:13:21,183 - INFO - Processing paper 13655370
2025-04-24 16:13:21,189 - INFO - Paper 13655370: 243 sentences, Summary: 54 sentences
2025-04-24 16:13:21,189 - INFO - Encoding 243 paper sentences
2025-04-24 16:13:21,594 - INFO - Using default tokenizer.
2025-04-24 16:13:22,016 - INFO - Paper 13655370 ROUGE-1 F1: 0.5729
2025-04-24 16:13:22,017 - INFO - Paper 13655370 ROUGE-2 F1: 0.2096
2025-04-24 16:13:22,017 - INFO - Paper 13655370 ROUGE-L F1: 0.2722
2025-04-24 16:13:22,022 - INFO - Successfully processed paper 13655370
2025-04-24 16:13:22,022 - INFO - Processing paper 11779349
2025-04-24 16:13:22,030 - INFO - Paper 11779349: 408 sentences, Summary: 41 sentences
2025-04-24 16:13:22,030 - INFO - Encoding 408 paper sentences
2025-04-24 16:13:22,440 - INFO - Using default tokenizer.
2025-04-24 16:13:22,702 - INFO - Paper 11779349 ROUGE-1 F1: 0.5061
2025-04-24 16:13:22,702 - INFO - Paper 11779349 ROUGE-2 F1: 0.1452
2025-04-24 16:13:22,702 - INFO - Paper 11779349 ROUGE-L F1: 0.2382
2025-04-24 16:13:22,708 - INFO - Successfully processed paper 11779349
2025-04-24 16:13:22,709 - INFO - Processing paper 98262950
2025-04-24 16:13:22,715 - INFO - Paper 98262950: 284 sentences, Summary: 53 sentences
2025-04-24 16:13:22,715 - INFO - Encoding 284 paper sentences
2025-04-24 16:13:23,067 - INFO - Using default tokenizer.
2025-04-24 16:13:23,316 - INFO - Paper 98262950 ROUGE-1 F1: 0.5449
2025-04-24 16:13:23,316 - INFO - Paper 98262950 ROUGE-2 F1: 0.1356
2025-04-24 16:13:23,316 - INFO - Paper 98262950 ROUGE-L F1: 0.2311
2025-04-24 16:13:23,324 - INFO - Successfully processed paper 98262950
2025-04-24 16:13:23,324 - INFO - Processing paper 81465314
2025-04-24 16:13:23,328 - INFO - Paper 81465314: 187 sentences, Summary: 7 sentences
2025-04-24 16:13:23,328 - INFO - Encoding 187 paper sentences
2025-04-24 16:13:23,456 - INFO - Using default tokenizer.
2025-04-24 16:13:23,472 - INFO - Paper 81465314 ROUGE-1 F1: 0.3182
2025-04-24 16:13:23,472 - INFO - Paper 81465314 ROUGE-2 F1: 0.0229
2025-04-24 16:13:23,472 - INFO - Paper 81465314 ROUGE-L F1: 0.1477
2025-04-24 16:13:23,479 - INFO - Successfully processed paper 81465314
2025-04-24 16:13:23,479 - INFO - Processing paper 8087311
2025-04-24 16:13:23,484 - INFO - Paper 8087311: 253 sentences, Summary: 28 sentences
2025-04-24 16:13:23,484 - INFO - Encoding 253 paper sentences
2025-04-24 16:13:23,701 - INFO - Using default tokenizer.
2025-04-24 16:13:23,797 - INFO - Paper 8087311 ROUGE-1 F1: 0.6625
2025-04-24 16:13:23,797 - INFO - Paper 8087311 ROUGE-2 F1: 0.3559
2025-04-24 16:13:23,797 - INFO - Paper 8087311 ROUGE-L F1: 0.4778
2025-04-24 16:13:23,804 - INFO - Successfully processed paper 8087311
2025-04-24 16:13:23,804 - INFO - Processing paper 74261188
2025-04-24 16:13:23,813 - INFO - Paper 74261188: 464 sentences, Summary: 19 sentences
2025-04-24 16:13:23,813 - INFO - Encoding 464 paper sentences
2025-04-24 16:13:24,101 - INFO - Using default tokenizer.
2025-04-24 16:13:24,206 - INFO - Paper 74261188 ROUGE-1 F1: 0.5664
2025-04-24 16:13:24,206 - INFO - Paper 74261188 ROUGE-2 F1: 0.2066
2025-04-24 16:13:24,206 - INFO - Paper 74261188 ROUGE-L F1: 0.2671
2025-04-24 16:13:24,213 - INFO - Successfully processed paper 74261188
2025-04-24 16:13:24,213 - INFO - Processing paper 96308075
2025-04-24 16:13:24,221 - INFO - Paper 96308075: 423 sentences, Summary: 39 sentences
2025-04-24 16:13:24,221 - INFO - Encoding 423 paper sentences
2025-04-24 16:13:24,552 - INFO - Using default tokenizer.
2025-04-24 16:13:24,919 - INFO - Paper 96308075 ROUGE-1 F1: 0.6179
2025-04-24 16:13:24,919 - INFO - Paper 96308075 ROUGE-2 F1: 0.2772
2025-04-24 16:13:24,919 - INFO - Paper 96308075 ROUGE-L F1: 0.3391
2025-04-24 16:13:24,927 - INFO - Successfully processed paper 96308075
2025-04-24 16:13:24,927 - INFO - Processing paper 23675750
2025-04-24 16:13:24,938 - INFO - Paper 23675750: 495 sentences, Summary: 61 sentences
2025-04-24 16:13:24,938 - INFO - Encoding 495 paper sentences
2025-04-24 16:13:25,407 - INFO - Using default tokenizer.
2025-04-24 16:13:25,928 - INFO - Paper 23675750 ROUGE-1 F1: 0.6935
2025-04-24 16:13:25,928 - INFO - Paper 23675750 ROUGE-2 F1: 0.3669
2025-04-24 16:13:25,928 - INFO - Paper 23675750 ROUGE-L F1: 0.4410
2025-04-24 16:13:25,936 - INFO - Successfully processed paper 23675750
2025-04-24 16:13:25,936 - INFO - Processing paper 16973018
2025-04-24 16:13:25,940 - INFO - Paper 16973018: 188 sentences, Summary: 16 sentences
2025-04-24 16:13:25,940 - INFO - Encoding 188 paper sentences
2025-04-24 16:13:26,077 - INFO - Using default tokenizer.
2025-04-24 16:13:26,130 - INFO - Paper 16973018 ROUGE-1 F1: 0.6106
2025-04-24 16:13:26,130 - INFO - Paper 16973018 ROUGE-2 F1: 0.2627
2025-04-24 16:13:26,130 - INFO - Paper 16973018 ROUGE-L F1: 0.3774
2025-04-24 16:13:26,140 - INFO - Successfully processed paper 16973018
2025-04-24 16:13:26,141 - INFO - Processing paper 86675541
2025-04-24 16:13:26,146 - INFO - Paper 86675541: 285 sentences, Summary: 38 sentences
2025-04-24 16:13:26,146 - INFO - Encoding 285 paper sentences
2025-04-24 16:13:26,408 - INFO - Using default tokenizer.
2025-04-24 16:13:26,547 - INFO - Paper 86675541 ROUGE-1 F1: 0.5014
2025-04-24 16:13:26,547 - INFO - Paper 86675541 ROUGE-2 F1: 0.1147
2025-04-24 16:13:26,547 - INFO - Paper 86675541 ROUGE-L F1: 0.2319
2025-04-24 16:13:26,556 - INFO - Successfully processed paper 86675541
2025-04-24 16:13:26,556 - INFO - Processing paper 90421095
2025-04-24 16:13:26,566 - INFO - Paper 90421095: 544 sentences, Summary: 49 sentences
2025-04-24 16:13:26,567 - INFO - Encoding 544 paper sentences
2025-04-24 16:13:26,983 - INFO - Using default tokenizer.
2025-04-24 16:13:27,402 - INFO - Paper 90421095 ROUGE-1 F1: 0.7506
2025-04-24 16:13:27,402 - INFO - Paper 90421095 ROUGE-2 F1: 0.4850
2025-04-24 16:13:27,402 - INFO - Paper 90421095 ROUGE-L F1: 0.5396
2025-04-24 16:13:27,412 - INFO - Successfully processed paper 90421095
2025-04-24 16:13:27,412 - INFO - Processing paper 14310989
2025-04-24 16:13:27,425 - INFO - Paper 14310989: 729 sentences, Summary: 23 sentences
2025-04-24 16:13:27,425 - INFO - Encoding 729 paper sentences
2025-04-24 16:13:27,866 - INFO - Using default tokenizer.
2025-04-24 16:13:27,972 - INFO - Paper 14310989 ROUGE-1 F1: 0.6056
2025-04-24 16:13:27,972 - INFO - Paper 14310989 ROUGE-2 F1: 0.2662
2025-04-24 16:13:27,972 - INFO - Paper 14310989 ROUGE-L F1: 0.3465
2025-04-24 16:13:27,982 - INFO - Successfully processed paper 14310989
2025-04-24 16:13:27,982 - INFO - Processing paper 80897282
2025-04-24 16:13:27,984 - INFO - Paper 80897282: 132 sentences, Summary: 7 sentences
2025-04-24 16:13:27,984 - INFO - Encoding 132 paper sentences
2025-04-24 16:13:28,068 - INFO - Using default tokenizer.
2025-04-24 16:13:28,077 - INFO - Paper 80897282 ROUGE-1 F1: 0.5256
2025-04-24 16:13:28,078 - INFO - Paper 80897282 ROUGE-2 F1: 0.2452
2025-04-24 16:13:28,078 - INFO - Paper 80897282 ROUGE-L F1: 0.3782
2025-04-24 16:13:28,087 - INFO - Successfully processed paper 80897282
2025-04-24 16:13:28,087 - INFO - Processing paper 36200725
2025-04-24 16:13:28,092 - INFO - Paper 36200725: 245 sentences, Summary: 62 sentences
2025-04-24 16:13:28,092 - INFO - Encoding 245 paper sentences
2025-04-24 16:13:28,469 - INFO - Using default tokenizer.
2025-04-24 16:13:28,800 - INFO - Paper 36200725 ROUGE-1 F1: 0.5155
2025-04-24 16:13:28,800 - INFO - Paper 36200725 ROUGE-2 F1: 0.1188
2025-04-24 16:13:28,801 - INFO - Paper 36200725 ROUGE-L F1: 0.2151
2025-04-24 16:13:28,812 - INFO - Successfully processed paper 36200725
2025-04-24 16:13:28,813 - INFO - Skipping 60641106 - not in valid IDs
2025-04-24 16:13:28,813 - INFO - Processing paper 52464539
2025-04-24 16:13:28,825 - INFO - Paper 52464539: 584 sentences, Summary: 56 sentences
2025-04-24 16:13:28,825 - INFO - Encoding 584 paper sentences
2025-04-24 16:13:29,271 - INFO - Using default tokenizer.
2025-04-24 16:13:29,723 - INFO - Paper 52464539 ROUGE-1 F1: 0.7879
2025-04-24 16:13:29,723 - INFO - Paper 52464539 ROUGE-2 F1: 0.5402
2025-04-24 16:13:29,723 - INFO - Paper 52464539 ROUGE-L F1: 0.5778
2025-04-24 16:13:29,734 - INFO - Successfully processed paper 52464539
2025-04-24 16:13:29,734 - INFO - Processing paper 84480736
2025-04-24 16:13:29,741 - INFO - Paper 84480736: 348 sentences, Summary: 52 sentences
2025-04-24 16:13:29,741 - INFO - Encoding 348 paper sentences
2025-04-24 16:13:30,153 - INFO - Using default tokenizer.
2025-04-24 16:13:30,702 - INFO - Paper 84480736 ROUGE-1 F1: 0.5992
2025-04-24 16:13:30,702 - INFO - Paper 84480736 ROUGE-2 F1: 0.2596
2025-04-24 16:13:30,702 - INFO - Paper 84480736 ROUGE-L F1: 0.3195
2025-04-24 16:13:30,715 - INFO - Successfully processed paper 84480736
2025-04-24 16:13:30,715 - INFO - Processing paper 2577868
2025-04-24 16:13:30,719 - INFO - Paper 2577868: 226 sentences, Summary: 19 sentences
2025-04-24 16:13:30,719 - INFO - Encoding 226 paper sentences
2025-04-24 16:13:30,899 - INFO - Using default tokenizer.
2025-04-24 16:13:30,958 - INFO - Paper 2577868 ROUGE-1 F1: 0.6621
2025-04-24 16:13:30,958 - INFO - Paper 2577868 ROUGE-2 F1: 0.2972
2025-04-24 16:13:30,958 - INFO - Paper 2577868 ROUGE-L F1: 0.4092
2025-04-24 16:13:30,969 - INFO - Successfully processed paper 2577868
2025-04-24 16:13:30,969 - INFO - Processing paper 45601881
2025-04-24 16:13:30,981 - INFO - Paper 45601881: 689 sentences, Summary: 50 sentences
2025-04-24 16:13:30,981 - INFO - Encoding 689 paper sentences
2025-04-24 16:13:31,520 - INFO - Using default tokenizer.
2025-04-24 16:13:32,126 - INFO - Paper 45601881 ROUGE-1 F1: 0.7718
2025-04-24 16:13:32,126 - INFO - Paper 45601881 ROUGE-2 F1: 0.5649
2025-04-24 16:13:32,126 - INFO - Paper 45601881 ROUGE-L F1: 0.6006
2025-04-24 16:13:32,142 - INFO - Successfully processed paper 45601881
2025-04-24 16:13:32,142 - INFO - Processing paper 414696
2025-04-24 16:13:32,158 - INFO - Paper 414696: 803 sentences, Summary: 5 sentences
2025-04-24 16:13:32,158 - INFO - Encoding 803 paper sentences
2025-04-24 16:13:32,476 - INFO - Using default tokenizer.
2025-04-24 16:13:32,483 - INFO - Paper 414696 ROUGE-1 F1: 0.5954
2025-04-24 16:13:32,483 - INFO - Paper 414696 ROUGE-2 F1: 0.5308
2025-04-24 16:13:32,483 - INFO - Paper 414696 ROUGE-L F1: 0.5802
2025-04-24 16:13:32,495 - INFO - Successfully processed paper 414696
2025-04-24 16:13:32,495 - INFO - Processing paper 17675091
2025-04-24 16:13:32,500 - INFO - Paper 17675091: 270 sentences, Summary: 50 sentences
2025-04-24 16:13:32,500 - INFO - Encoding 270 paper sentences
2025-04-24 16:13:32,822 - INFO - Using default tokenizer.
2025-04-24 16:13:33,012 - INFO - Paper 17675091 ROUGE-1 F1: 0.5254
2025-04-24 16:13:33,012 - INFO - Paper 17675091 ROUGE-2 F1: 0.1268
2025-04-24 16:13:33,013 - INFO - Paper 17675091 ROUGE-L F1: 0.2169
2025-04-24 16:13:33,025 - INFO - Successfully processed paper 17675091
2025-04-24 16:13:33,025 - INFO - Skipping 24431610 - not in valid IDs
2025-04-24 16:13:33,025 - INFO - Processing paper 63621777
2025-04-24 16:13:33,030 - INFO - Paper 63621777: 256 sentences, Summary: 56 sentences
2025-04-24 16:13:33,031 - INFO - Encoding 256 paper sentences
2025-04-24 16:13:33,409 - INFO - Using default tokenizer.
2025-04-24 16:13:33,667 - INFO - Paper 63621777 ROUGE-1 F1: 0.5047
2025-04-24 16:13:33,667 - INFO - Paper 63621777 ROUGE-2 F1: 0.1276
2025-04-24 16:13:33,668 - INFO - Paper 63621777 ROUGE-L F1: 0.2100
2025-04-24 16:13:33,681 - INFO - Successfully processed paper 63621777
2025-04-24 16:13:33,681 - INFO - Skipping 28171009 - not in valid IDs
2025-04-24 16:13:33,681 - INFO - Skipping 43813190 - not in valid IDs
2025-04-24 16:13:33,681 - INFO - Processing paper 48411412
2025-04-24 16:13:33,686 - INFO - Paper 48411412: 267 sentences, Summary: 30 sentences
2025-04-24 16:13:33,686 - INFO - Encoding 267 paper sentences
2025-04-24 16:13:33,919 - INFO - Using default tokenizer.
2025-04-24 16:13:33,973 - INFO - Paper 48411412 ROUGE-1 F1: 0.4426
2025-04-24 16:13:33,974 - INFO - Paper 48411412 ROUGE-2 F1: 0.1247
2025-04-24 16:13:33,974 - INFO - Paper 48411412 ROUGE-L F1: 0.2225
2025-04-24 16:13:33,987 - INFO - Successfully processed paper 48411412
2025-04-24 16:13:33,987 - INFO - Processing paper 66112363
2025-04-24 16:13:33,991 - INFO - Paper 66112363: 152 sentences, Summary: 49 sentences
2025-04-24 16:13:33,991 - INFO - Encoding 152 paper sentences
2025-04-24 16:13:34,318 - INFO - Using default tokenizer.
2025-04-24 16:13:34,696 - INFO - Paper 66112363 ROUGE-1 F1: 0.7795
2025-04-24 16:13:34,696 - INFO - Paper 66112363 ROUGE-2 F1: 0.5980
2025-04-24 16:13:34,696 - INFO - Paper 66112363 ROUGE-L F1: 0.6487
2025-04-24 16:13:34,711 - INFO - Successfully processed paper 66112363
2025-04-24 16:13:34,711 - INFO - Processing paper 50538257
2025-04-24 16:13:34,716 - INFO - Paper 50538257: 250 sentences, Summary: 26 sentences
2025-04-24 16:13:34,716 - INFO - Encoding 250 paper sentences
2025-04-24 16:13:34,981 - INFO - Using default tokenizer.
2025-04-24 16:13:35,092 - INFO - Paper 50538257 ROUGE-1 F1: 0.4473
2025-04-24 16:13:35,092 - INFO - Paper 50538257 ROUGE-2 F1: 0.0645
2025-04-24 16:13:35,092 - INFO - Paper 50538257 ROUGE-L F1: 0.1673
2025-04-24 16:13:35,107 - INFO - Successfully processed paper 50538257
2025-04-24 16:13:35,107 - INFO - Processing paper 8136900
2025-04-24 16:13:35,113 - INFO - Paper 8136900: 286 sentences, Summary: 10 sentences
2025-04-24 16:13:35,113 - INFO - Encoding 286 paper sentences
2025-04-24 16:13:35,282 - INFO - Using default tokenizer.
2025-04-24 16:13:35,300 - INFO - Paper 8136900 ROUGE-1 F1: 0.4000
2025-04-24 16:13:35,300 - INFO - Paper 8136900 ROUGE-2 F1: 0.0634
2025-04-24 16:13:35,300 - INFO - Paper 8136900 ROUGE-L F1: 0.2021
2025-04-24 16:13:35,315 - INFO - Successfully processed paper 8136900
2025-04-24 16:13:35,315 - INFO - Processing paper 7904666
2025-04-24 16:13:35,320 - INFO - Paper 7904666: 292 sentences, Summary: 10 sentences
2025-04-24 16:13:35,320 - INFO - Encoding 292 paper sentences
2025-04-24 16:13:35,541 - INFO - Using default tokenizer.
2025-04-24 16:13:35,565 - INFO - Paper 7904666 ROUGE-1 F1: 0.4726
2025-04-24 16:13:35,565 - INFO - Paper 7904666 ROUGE-2 F1: 0.1480
2025-04-24 16:13:35,565 - INFO - Paper 7904666 ROUGE-L F1: 0.2268
2025-04-24 16:13:35,579 - INFO - Successfully processed paper 7904666
2025-04-24 16:13:35,579 - INFO - Processing paper 93142771
2025-04-24 16:13:35,582 - INFO - Paper 93142771: 122 sentences, Summary: 21 sentences
2025-04-24 16:13:35,582 - INFO - Encoding 122 paper sentences
2025-04-24 16:13:35,736 - INFO - Using default tokenizer.
2025-04-24 16:13:35,773 - INFO - Paper 93142771 ROUGE-1 F1: 0.4276
2025-04-24 16:13:35,773 - INFO - Paper 93142771 ROUGE-2 F1: 0.1521
2025-04-24 16:13:35,773 - INFO - Paper 93142771 ROUGE-L F1: 0.2510
2025-04-24 16:13:35,791 - INFO - Successfully processed paper 93142771
2025-04-24 16:13:35,792 - INFO - Processing paper 76817909
2025-04-24 16:13:35,797 - INFO - Paper 76817909: 324 sentences, Summary: 23 sentences
2025-04-24 16:13:35,797 - INFO - Encoding 324 paper sentences
2025-04-24 16:13:36,023 - INFO - Using default tokenizer.
2025-04-24 16:13:36,103 - INFO - Paper 76817909 ROUGE-1 F1: 0.6161
2025-04-24 16:13:36,103 - INFO - Paper 76817909 ROUGE-2 F1: 0.2337
2025-04-24 16:13:36,103 - INFO - Paper 76817909 ROUGE-L F1: 0.3168
2025-04-24 16:13:36,118 - INFO - Successfully processed paper 76817909
2025-04-24 16:13:36,119 - INFO - Processing paper 435175
2025-04-24 16:13:36,123 - INFO - Paper 435175: 252 sentences, Summary: 17 sentences
2025-04-24 16:13:36,123 - INFO - Encoding 252 paper sentences
2025-04-24 16:13:36,283 - INFO - Using default tokenizer.
2025-04-24 16:13:36,312 - INFO - Paper 435175 ROUGE-1 F1: 0.4739
2025-04-24 16:13:36,312 - INFO - Paper 435175 ROUGE-2 F1: 0.1294
2025-04-24 16:13:36,312 - INFO - Paper 435175 ROUGE-L F1: 0.2544
2025-04-24 16:13:36,329 - INFO - Successfully processed paper 435175
2025-04-24 16:13:36,329 - INFO - Processing paper 24950879
2025-04-24 16:13:36,336 - INFO - Paper 24950879: 350 sentences, Summary: 20 sentences
2025-04-24 16:13:36,336 - INFO - Encoding 350 paper sentences
2025-04-24 16:13:36,546 - INFO - Using default tokenizer.
2025-04-24 16:13:36,607 - INFO - Paper 24950879 ROUGE-1 F1: 0.5662
2025-04-24 16:13:36,607 - INFO - Paper 24950879 ROUGE-2 F1: 0.1556
2025-04-24 16:13:36,607 - INFO - Paper 24950879 ROUGE-L F1: 0.2785
2025-04-24 16:13:36,624 - INFO - Successfully processed paper 24950879
2025-04-24 16:13:36,624 - INFO - Skipping 1077676 - not in valid IDs
2025-04-24 16:13:36,624 - INFO - Processing paper 42851012
2025-04-24 16:13:36,629 - INFO - Paper 42851012: 245 sentences, Summary: 13 sentences
2025-04-24 16:13:36,629 - INFO - Encoding 245 paper sentences
2025-04-24 16:13:36,787 - INFO - Using default tokenizer.
2025-04-24 16:13:36,810 - INFO - Paper 42851012 ROUGE-1 F1: 0.4307
2025-04-24 16:13:36,810 - INFO - Paper 42851012 ROUGE-2 F1: 0.0977
2025-04-24 16:13:36,810 - INFO - Paper 42851012 ROUGE-L F1: 0.1948
2025-04-24 16:13:36,825 - INFO - Successfully processed paper 42851012
2025-04-24 16:13:36,826 - INFO - Processing paper 88532041
2025-04-24 16:13:36,829 - INFO - Paper 88532041: 193 sentences, Summary: 24 sentences
2025-04-24 16:13:36,829 - INFO - Encoding 193 paper sentences
2025-04-24 16:13:37,040 - INFO - Using default tokenizer.
2025-04-24 16:13:37,143 - INFO - Paper 88532041 ROUGE-1 F1: 0.5627
2025-04-24 16:13:37,143 - INFO - Paper 88532041 ROUGE-2 F1: 0.2408
2025-04-24 16:13:37,143 - INFO - Paper 88532041 ROUGE-L F1: 0.3495
2025-04-24 16:13:37,159 - INFO - Successfully processed paper 88532041
2025-04-24 16:13:37,160 - INFO - Processing paper 12175403
2025-04-24 16:13:37,167 - INFO - Paper 12175403: 281 sentences, Summary: 9 sentences
2025-04-24 16:13:37,167 - INFO - Encoding 281 paper sentences
2025-04-24 16:13:37,301 - INFO - Using default tokenizer.
2025-04-24 16:13:37,315 - INFO - Paper 12175403 ROUGE-1 F1: 0.4300
2025-04-24 16:13:37,315 - INFO - Paper 12175403 ROUGE-2 F1: 0.1553
2025-04-24 16:13:37,315 - INFO - Paper 12175403 ROUGE-L F1: 0.2560
2025-04-24 16:13:37,331 - INFO - Successfully processed paper 12175403
2025-04-24 16:13:37,331 - INFO - Processing paper 37010180
2025-04-24 16:13:37,337 - INFO - Paper 37010180: 270 sentences, Summary: 61 sentences
2025-04-24 16:13:37,337 - INFO - Encoding 270 paper sentences
2025-04-24 16:13:37,714 - INFO - Using default tokenizer.
2025-04-24 16:13:38,067 - INFO - Paper 37010180 ROUGE-1 F1: 0.5262
2025-04-24 16:13:38,067 - INFO - Paper 37010180 ROUGE-2 F1: 0.1059
2025-04-24 16:13:38,067 - INFO - Paper 37010180 ROUGE-L F1: 0.1935
2025-04-24 16:13:38,083 - INFO - Successfully processed paper 37010180
2025-04-24 16:13:38,083 - INFO - Processing paper 99295545
2025-04-24 16:13:38,085 - INFO - Paper 99295545: 100 sentences, Summary: 12 sentences
2025-04-24 16:13:38,085 - INFO - Encoding 100 paper sentences
2025-04-24 16:13:38,189 - INFO - Using default tokenizer.
2025-04-24 16:13:38,206 - INFO - Paper 99295545 ROUGE-1 F1: 0.5112
2025-04-24 16:13:38,206 - INFO - Paper 99295545 ROUGE-2 F1: 0.1982
2025-04-24 16:13:38,206 - INFO - Paper 99295545 ROUGE-L F1: 0.3408
2025-04-24 16:13:38,222 - INFO - Successfully processed paper 99295545
2025-04-24 16:13:38,222 - INFO - Processing paper 78190587
2025-04-24 16:13:38,227 - INFO - Paper 78190587: 168 sentences, Summary: 17 sentences
2025-04-24 16:13:38,227 - INFO - Encoding 168 paper sentences
2025-04-24 16:13:38,365 - INFO - Using default tokenizer.
2025-04-24 16:13:38,393 - INFO - Paper 78190587 ROUGE-1 F1: 0.4199
2025-04-24 16:13:38,393 - INFO - Paper 78190587 ROUGE-2 F1: 0.1158
2025-04-24 16:13:38,393 - INFO - Paper 78190587 ROUGE-L F1: 0.1955
2025-04-24 16:13:38,410 - INFO - Successfully processed paper 78190587
2025-04-24 16:13:38,410 - INFO - Processing paper 15062404
2025-04-24 16:13:38,416 - INFO - Paper 15062404: 310 sentences, Summary: 41 sentences
2025-04-24 16:13:38,416 - INFO - Encoding 310 paper sentences
2025-04-24 16:13:38,699 - INFO - Using default tokenizer.
2025-04-24 16:13:38,889 - INFO - Paper 15062404 ROUGE-1 F1: 0.5388
2025-04-24 16:13:38,889 - INFO - Paper 15062404 ROUGE-2 F1: 0.1272
2025-04-24 16:13:38,889 - INFO - Paper 15062404 ROUGE-L F1: 0.2262
2025-04-24 16:13:38,906 - INFO - Successfully processed paper 15062404
2025-04-24 16:13:38,907 - INFO - Processing paper 71370947
2025-04-24 16:13:38,911 - INFO - Paper 71370947: 229 sentences, Summary: 42 sentences
2025-04-24 16:13:38,911 - INFO - Encoding 229 paper sentences
2025-04-24 16:13:39,234 - INFO - Using default tokenizer.
2025-04-24 16:13:39,382 - INFO - Paper 71370947 ROUGE-1 F1: 0.4961
2025-04-24 16:13:39,382 - INFO - Paper 71370947 ROUGE-2 F1: 0.1284
2025-04-24 16:13:39,382 - INFO - Paper 71370947 ROUGE-L F1: 0.2368
2025-04-24 16:13:39,400 - INFO - Successfully processed paper 71370947
2025-04-24 16:13:39,400 - INFO - Processing paper 57934330
2025-04-24 16:13:39,406 - INFO - Paper 57934330: 308 sentences, Summary: 9 sentences
2025-04-24 16:13:39,406 - INFO - Encoding 308 paper sentences
2025-04-24 16:13:39,596 - INFO - Using default tokenizer.
2025-04-24 16:13:39,629 - INFO - Paper 57934330 ROUGE-1 F1: 0.4871
2025-04-24 16:13:39,629 - INFO - Paper 57934330 ROUGE-2 F1: 0.1882
2025-04-24 16:13:39,630 - INFO - Paper 57934330 ROUGE-L F1: 0.2784
2025-04-24 16:13:39,647 - INFO - Successfully processed paper 57934330
2025-04-24 16:13:39,647 - INFO - Processing paper 78860785
2025-04-24 16:13:39,670 - INFO - Paper 78860785: 1017 sentences, Summary: 10 sentences
2025-04-24 16:13:39,670 - INFO - Encoding 1017 paper sentences
2025-04-24 16:13:40,110 - INFO - Using default tokenizer.
2025-04-24 16:13:40,133 - INFO - Paper 78860785 ROUGE-1 F1: 0.5196
2025-04-24 16:13:40,133 - INFO - Paper 78860785 ROUGE-2 F1: 0.1839
2025-04-24 16:13:40,133 - INFO - Paper 78860785 ROUGE-L F1: 0.2766
2025-04-24 16:13:40,151 - INFO - Successfully processed paper 78860785
2025-04-24 16:13:40,151 - INFO - Processing paper 63848470
2025-04-24 16:13:40,155 - INFO - Paper 63848470: 211 sentences, Summary: 20 sentences
2025-04-24 16:13:40,156 - INFO - Encoding 211 paper sentences
2025-04-24 16:13:40,373 - INFO - Using default tokenizer.
2025-04-24 16:13:40,466 - INFO - Paper 63848470 ROUGE-1 F1: 0.5345
2025-04-24 16:13:40,467 - INFO - Paper 63848470 ROUGE-2 F1: 0.1258
2025-04-24 16:13:40,467 - INFO - Paper 63848470 ROUGE-L F1: 0.2314
2025-04-24 16:13:40,484 - INFO - Successfully processed paper 63848470
2025-04-24 16:13:40,485 - INFO - Processing paper 77534612
2025-04-24 16:13:40,489 - INFO - Paper 77534612: 225 sentences, Summary: 13 sentences
2025-04-24 16:13:40,489 - INFO - Encoding 225 paper sentences
2025-04-24 16:13:40,648 - INFO - Using default tokenizer.
2025-04-24 16:13:40,681 - INFO - Paper 77534612 ROUGE-1 F1: 0.5502
2025-04-24 16:13:40,681 - INFO - Paper 77534612 ROUGE-2 F1: 0.2744
2025-04-24 16:13:40,681 - INFO - Paper 77534612 ROUGE-L F1: 0.4073
2025-04-24 16:13:40,699 - INFO - Successfully processed paper 77534612
2025-04-24 16:13:40,699 - INFO - Processing paper 23929837
2025-04-24 16:13:40,704 - INFO - Paper 23929837: 218 sentences, Summary: 81 sentences
2025-04-24 16:13:40,704 - INFO - Encoding 218 paper sentences
2025-04-24 16:13:41,199 - INFO - Using default tokenizer.
2025-04-24 16:13:41,746 - INFO - Paper 23929837 ROUGE-1 F1: 0.5226
2025-04-24 16:13:41,746 - INFO - Paper 23929837 ROUGE-2 F1: 0.1801
2025-04-24 16:13:41,746 - INFO - Paper 23929837 ROUGE-L F1: 0.2641
2025-04-24 16:13:41,765 - INFO - Successfully processed paper 23929837
2025-04-24 16:13:41,765 - INFO - Processing paper 13135318
2025-04-24 16:13:41,774 - INFO - Paper 13135318: 513 sentences, Summary: 49 sentences
2025-04-24 16:13:41,774 - INFO - Encoding 513 paper sentences
2025-04-24 16:13:42,193 - INFO - Using default tokenizer.
2025-04-24 16:13:42,470 - INFO - Paper 13135318 ROUGE-1 F1: 0.7295
2025-04-24 16:13:42,470 - INFO - Paper 13135318 ROUGE-2 F1: 0.5187
2025-04-24 16:13:42,470 - INFO - Paper 13135318 ROUGE-L F1: 0.5907
2025-04-24 16:13:42,491 - INFO - Successfully processed paper 13135318
2025-04-24 16:13:42,491 - INFO - Skipping 65847395 - not in valid IDs
2025-04-24 16:13:42,491 - INFO - Processing paper 97923725
2025-04-24 16:13:42,500 - INFO - Paper 97923725: 461 sentences, Summary: 36 sentences
2025-04-24 16:13:42,500 - INFO - Encoding 461 paper sentences
2025-04-24 16:13:42,884 - INFO - Using default tokenizer.
2025-04-24 16:13:43,140 - INFO - Paper 97923725 ROUGE-1 F1: 0.5850
2025-04-24 16:13:43,140 - INFO - Paper 97923725 ROUGE-2 F1: 0.2207
2025-04-24 16:13:43,140 - INFO - Paper 97923725 ROUGE-L F1: 0.2903
2025-04-24 16:13:43,164 - INFO - Successfully processed paper 97923725
2025-04-24 16:13:43,164 - INFO - Processing paper 25809281
2025-04-24 16:13:43,167 - INFO - Paper 25809281: 113 sentences, Summary: 7 sentences
2025-04-24 16:13:43,167 - INFO - Encoding 113 paper sentences
2025-04-24 16:13:43,251 - INFO - Using default tokenizer.
2025-04-24 16:13:43,262 - INFO - Paper 25809281 ROUGE-1 F1: 0.4886
2025-04-24 16:13:43,262 - INFO - Paper 25809281 ROUGE-2 F1: 0.1429
2025-04-24 16:13:43,262 - INFO - Paper 25809281 ROUGE-L F1: 0.2614
2025-04-24 16:13:43,282 - INFO - Successfully processed paper 25809281
2025-04-24 16:13:43,282 - INFO - Processing paper 8601517
2025-04-24 16:13:43,287 - INFO - Paper 8601517: 233 sentences, Summary: 36 sentences
2025-04-24 16:13:43,287 - INFO - Encoding 233 paper sentences
2025-04-24 16:13:43,567 - INFO - Using default tokenizer.
2025-04-24 16:13:43,711 - INFO - Paper 8601517 ROUGE-1 F1: 0.5441
2025-04-24 16:13:43,711 - INFO - Paper 8601517 ROUGE-2 F1: 0.1682
2025-04-24 16:13:43,711 - INFO - Paper 8601517 ROUGE-L F1: 0.2383
2025-04-24 16:13:43,733 - INFO - Successfully processed paper 8601517
2025-04-24 16:13:43,734 - INFO - Processing paper 73515355
2025-04-24 16:13:43,746 - INFO - Paper 73515355: 595 sentences, Summary: 49 sentences
2025-04-24 16:13:43,747 - INFO - Encoding 595 paper sentences
2025-04-24 16:13:44,177 - INFO - Using default tokenizer.
2025-04-24 16:13:44,541 - INFO - Paper 73515355 ROUGE-1 F1: 0.7242
2025-04-24 16:13:44,542 - INFO - Paper 73515355 ROUGE-2 F1: 0.4412
2025-04-24 16:13:44,542 - INFO - Paper 73515355 ROUGE-L F1: 0.5137
2025-04-24 16:13:44,577 - INFO - Successfully processed paper 73515355
2025-04-24 16:13:44,577 - INFO - Processing paper 7305163
2025-04-24 16:13:44,592 - INFO - Paper 7305163: 691 sentences, Summary: 52 sentences
2025-04-24 16:13:44,592 - INFO - Encoding 691 paper sentences
2025-04-24 16:13:45,084 - INFO - Using default tokenizer.
2025-04-24 16:13:45,361 - INFO - Paper 7305163 ROUGE-1 F1: 0.6450
2025-04-24 16:13:45,361 - INFO - Paper 7305163 ROUGE-2 F1: 0.3544
2025-04-24 16:13:45,361 - INFO - Paper 7305163 ROUGE-L F1: 0.4028
2025-04-24 16:13:45,397 - INFO - Successfully processed paper 7305163
2025-04-24 16:13:45,397 - INFO - Processing paper 31459000
2025-04-24 16:13:45,401 - INFO - Paper 31459000: 164 sentences, Summary: 51 sentences
2025-04-24 16:13:45,401 - INFO - Encoding 164 paper sentences
2025-04-24 16:13:45,709 - INFO - Using default tokenizer.
2025-04-24 16:13:46,048 - INFO - Paper 31459000 ROUGE-1 F1: 0.6838
2025-04-24 16:13:46,048 - INFO - Paper 31459000 ROUGE-2 F1: 0.3865
2025-04-24 16:13:46,048 - INFO - Paper 31459000 ROUGE-L F1: 0.4470
2025-04-24 16:13:46,087 - INFO - Successfully processed paper 31459000
2025-04-24 16:13:46,087 - INFO - Processing paper 38779502
2025-04-24 16:13:46,093 - INFO - Paper 38779502: 264 sentences, Summary: 47 sentences
2025-04-24 16:13:46,093 - INFO - Encoding 264 paper sentences
2025-04-24 16:13:46,438 - INFO - Using default tokenizer.
2025-04-24 16:13:46,705 - INFO - Paper 38779502 ROUGE-1 F1: 0.5192
2025-04-24 16:13:46,705 - INFO - Paper 38779502 ROUGE-2 F1: 0.1263
2025-04-24 16:13:46,705 - INFO - Paper 38779502 ROUGE-L F1: 0.2042
2025-04-24 16:13:46,728 - INFO - Successfully processed paper 38779502
2025-04-24 16:13:46,728 - INFO - Processing paper 67930407
2025-04-24 16:13:46,734 - INFO - Paper 67930407: 280 sentences, Summary: 20 sentences
2025-04-24 16:13:46,734 - INFO - Encoding 280 paper sentences
2025-04-24 16:13:46,970 - INFO - Using default tokenizer.
2025-04-24 16:13:47,028 - INFO - Paper 67930407 ROUGE-1 F1: 0.5617
2025-04-24 16:13:47,028 - INFO - Paper 67930407 ROUGE-2 F1: 0.1907
2025-04-24 16:13:47,028 - INFO - Paper 67930407 ROUGE-L F1: 0.2990
2025-04-24 16:13:47,051 - INFO - Successfully processed paper 67930407
2025-04-24 16:13:47,051 - INFO - Processing paper 35247822
2025-04-24 16:13:47,056 - INFO - Paper 35247822: 252 sentences, Summary: 38 sentences
2025-04-24 16:13:47,056 - INFO - Encoding 252 paper sentences
2025-04-24 16:13:47,313 - INFO - Using default tokenizer.
2025-04-24 16:13:47,484 - INFO - Paper 35247822 ROUGE-1 F1: 0.6714
2025-04-24 16:13:47,484 - INFO - Paper 35247822 ROUGE-2 F1: 0.3453
2025-04-24 16:13:47,484 - INFO - Paper 35247822 ROUGE-L F1: 0.4723
2025-04-24 16:13:47,508 - INFO - Successfully processed paper 35247822
2025-04-24 16:13:47,508 - INFO - Processing paper 687757
2025-04-24 16:13:47,512 - INFO - Paper 687757: 217 sentences, Summary: 14 sentences
2025-04-24 16:13:47,512 - INFO - Encoding 217 paper sentences
2025-04-24 16:13:47,657 - INFO - Using default tokenizer.
2025-04-24 16:13:47,688 - INFO - Paper 687757 ROUGE-1 F1: 0.4459
2025-04-24 16:13:47,688 - INFO - Paper 687757 ROUGE-2 F1: 0.0958
2025-04-24 16:13:47,688 - INFO - Paper 687757 ROUGE-L F1: 0.2166
2025-04-24 16:13:47,710 - INFO - Successfully processed paper 687757
2025-04-24 16:13:47,711 - INFO - Processing paper 34958521
2025-04-24 16:13:47,718 - INFO - Paper 34958521: 363 sentences, Summary: 45 sentences
2025-04-24 16:13:47,718 - INFO - Encoding 363 paper sentences
2025-04-24 16:13:48,122 - INFO - Using default tokenizer.
2025-04-24 16:13:48,561 - INFO - Paper 34958521 ROUGE-1 F1: 0.6969
2025-04-24 16:13:48,561 - INFO - Paper 34958521 ROUGE-2 F1: 0.4227
2025-04-24 16:13:48,561 - INFO - Paper 34958521 ROUGE-L F1: 0.4551
2025-04-24 16:13:48,585 - INFO - Successfully processed paper 34958521
2025-04-24 16:13:48,585 - INFO - Processing paper 86524123
2025-04-24 16:13:48,590 - INFO - Paper 86524123: 250 sentences, Summary: 32 sentences
2025-04-24 16:13:48,591 - INFO - Encoding 250 paper sentences
2025-04-24 16:13:48,832 - INFO - Using default tokenizer.
2025-04-24 16:13:48,932 - INFO - Paper 86524123 ROUGE-1 F1: 0.4848
2025-04-24 16:13:48,932 - INFO - Paper 86524123 ROUGE-2 F1: 0.1340
2025-04-24 16:13:48,932 - INFO - Paper 86524123 ROUGE-L F1: 0.2120
2025-04-24 16:13:48,956 - INFO - Successfully processed paper 86524123
2025-04-24 16:13:48,956 - INFO - Processing paper 37171167
2025-04-24 16:13:48,961 - INFO - Paper 37171167: 263 sentences, Summary: 23 sentences
2025-04-24 16:13:48,961 - INFO - Encoding 263 paper sentences
2025-04-24 16:13:49,190 - INFO - Using default tokenizer.
2025-04-24 16:13:49,279 - INFO - Paper 37171167 ROUGE-1 F1: 0.5568
2025-04-24 16:13:49,279 - INFO - Paper 37171167 ROUGE-2 F1: 0.1688
2025-04-24 16:13:49,279 - INFO - Paper 37171167 ROUGE-L F1: 0.2619
2025-04-24 16:13:49,303 - INFO - Successfully processed paper 37171167
2025-04-24 16:13:49,303 - INFO - Processing paper 71425952
2025-04-24 16:13:49,315 - INFO - Paper 71425952: 692 sentences, Summary: 11 sentences
2025-04-24 16:13:49,315 - INFO - Encoding 692 paper sentences
2025-04-24 16:13:49,619 - INFO - Using default tokenizer.
2025-04-24 16:13:49,639 - INFO - Paper 71425952 ROUGE-1 F1: 0.5039
2025-04-24 16:13:49,639 - INFO - Paper 71425952 ROUGE-2 F1: 0.2095
2025-04-24 16:13:49,639 - INFO - Paper 71425952 ROUGE-L F1: 0.3228
2025-04-24 16:13:49,664 - INFO - Successfully processed paper 71425952
2025-04-24 16:13:49,665 - INFO - Processing paper 12279648
2025-04-24 16:13:49,668 - INFO - Paper 12279648: 187 sentences, Summary: 12 sentences
2025-04-24 16:13:49,668 - INFO - Encoding 187 paper sentences
2025-04-24 16:13:49,811 - INFO - Using default tokenizer.
2025-04-24 16:13:49,860 - INFO - Paper 12279648 ROUGE-1 F1: 0.5681
2025-04-24 16:13:49,860 - INFO - Paper 12279648 ROUGE-2 F1: 0.2320
2025-04-24 16:13:49,860 - INFO - Paper 12279648 ROUGE-L F1: 0.2905
2025-04-24 16:13:49,886 - INFO - Successfully processed paper 12279648
2025-04-24 16:13:49,886 - INFO - Processing paper 89767636
2025-04-24 16:13:49,903 - INFO - Paper 89767636: 587 sentences, Summary: 27 sentences
2025-04-24 16:13:49,903 - INFO - Encoding 587 paper sentences
2025-04-24 16:13:50,242 - INFO - Using default tokenizer.
2025-04-24 16:13:50,338 - INFO - Paper 89767636 ROUGE-1 F1: 0.6522
2025-04-24 16:13:50,339 - INFO - Paper 89767636 ROUGE-2 F1: 0.3993
2025-04-24 16:13:50,339 - INFO - Paper 89767636 ROUGE-L F1: 0.4909
2025-04-24 16:13:50,365 - INFO - Successfully processed paper 89767636
2025-04-24 16:13:50,365 - INFO - Processing paper 99384474
2025-04-24 16:13:50,378 - INFO - Paper 99384474: 676 sentences, Summary: 63 sentences
2025-04-24 16:13:50,378 - INFO - Encoding 676 paper sentences
2025-04-24 16:13:50,922 - INFO - Using default tokenizer.
2025-04-24 16:13:51,514 - INFO - Paper 99384474 ROUGE-1 F1: 0.7199
2025-04-24 16:13:51,514 - INFO - Paper 99384474 ROUGE-2 F1: 0.4014
2025-04-24 16:13:51,514 - INFO - Paper 99384474 ROUGE-L F1: 0.4515
2025-04-24 16:13:51,540 - INFO - Successfully processed paper 99384474
2025-04-24 16:13:51,540 - INFO - Processing paper 36779622
2025-04-24 16:13:51,543 - INFO - Paper 36779622: 150 sentences, Summary: 21 sentences
2025-04-24 16:13:51,543 - INFO - Encoding 150 paper sentences
2025-04-24 16:13:51,712 - INFO - Using default tokenizer.
2025-04-24 16:13:51,784 - INFO - Paper 36779622 ROUGE-1 F1: 0.4990
2025-04-24 16:13:51,784 - INFO - Paper 36779622 ROUGE-2 F1: 0.1612
2025-04-24 16:13:51,784 - INFO - Paper 36779622 ROUGE-L F1: 0.2701
2025-04-24 16:13:51,809 - INFO - Successfully processed paper 36779622
2025-04-24 16:13:51,809 - INFO - Processing paper 85505359
2025-04-24 16:13:51,817 - INFO - Paper 85505359: 432 sentences, Summary: 56 sentences
2025-04-24 16:13:51,818 - INFO - Encoding 432 paper sentences
2025-04-24 16:13:52,279 - INFO - Using default tokenizer.
2025-04-24 16:13:52,841 - INFO - Paper 85505359 ROUGE-1 F1: 0.7279
2025-04-24 16:13:52,841 - INFO - Paper 85505359 ROUGE-2 F1: 0.4038
2025-04-24 16:13:52,841 - INFO - Paper 85505359 ROUGE-L F1: 0.4652
2025-04-24 16:13:52,868 - INFO - Successfully processed paper 85505359
2025-04-24 16:13:52,868 - INFO - Processing paper 26262723
2025-04-24 16:13:52,871 - INFO - Paper 26262723: 157 sentences, Summary: 31 sentences
2025-04-24 16:13:52,871 - INFO - Encoding 157 paper sentences
2025-04-24 16:13:53,087 - INFO - Using default tokenizer.
2025-04-24 16:13:53,250 - INFO - Paper 26262723 ROUGE-1 F1: 0.5695
2025-04-24 16:13:53,250 - INFO - Paper 26262723 ROUGE-2 F1: 0.2014
2025-04-24 16:13:53,250 - INFO - Paper 26262723 ROUGE-L F1: 0.2740
2025-04-24 16:13:53,277 - INFO - Successfully processed paper 26262723
2025-04-24 16:13:53,277 - INFO - Processing paper 87558652
2025-04-24 16:13:53,283 - INFO - Paper 87558652: 239 sentences, Summary: 23 sentences
2025-04-24 16:13:53,283 - INFO - Encoding 239 paper sentences
2025-04-24 16:13:53,473 - INFO - Using default tokenizer.
2025-04-24 16:13:53,534 - INFO - Paper 87558652 ROUGE-1 F1: 0.4260
2025-04-24 16:13:53,534 - INFO - Paper 87558652 ROUGE-2 F1: 0.1084
2025-04-24 16:13:53,534 - INFO - Paper 87558652 ROUGE-L F1: 0.2053
2025-04-24 16:13:53,561 - INFO - Successfully processed paper 87558652
2025-04-24 16:13:53,561 - INFO - Processing paper 45435119
2025-04-24 16:13:53,564 - INFO - Paper 45435119: 121 sentences, Summary: 27 sentences
2025-04-24 16:13:53,564 - INFO - Encoding 121 paper sentences
2025-04-24 16:13:53,746 - INFO - Using default tokenizer.
2025-04-24 16:13:53,840 - INFO - Paper 45435119 ROUGE-1 F1: 0.4085
2025-04-24 16:13:53,840 - INFO - Paper 45435119 ROUGE-2 F1: 0.1027
2025-04-24 16:13:53,840 - INFO - Paper 45435119 ROUGE-L F1: 0.1998
2025-04-24 16:13:53,867 - INFO - Successfully processed paper 45435119
2025-04-24 16:13:53,867 - INFO - Processing paper 85820029
2025-04-24 16:13:53,871 - INFO - Paper 85820029: 211 sentences, Summary: 11 sentences
2025-04-24 16:13:53,871 - INFO - Encoding 211 paper sentences
2025-04-24 16:13:54,052 - INFO - Using default tokenizer.
2025-04-24 16:13:54,071 - INFO - Paper 85820029 ROUGE-1 F1: 0.4417
2025-04-24 16:13:54,071 - INFO - Paper 85820029 ROUGE-2 F1: 0.1172
2025-04-24 16:13:54,071 - INFO - Paper 85820029 ROUGE-L F1: 0.2417
2025-04-24 16:13:54,097 - INFO - Successfully processed paper 85820029
2025-04-24 16:13:54,098 - INFO - Processing paper 17601393
2025-04-24 16:13:54,102 - INFO - Paper 17601393: 197 sentences, Summary: 63 sentences
2025-04-24 16:13:54,102 - INFO - Encoding 197 paper sentences
2025-04-24 16:13:54,494 - INFO - Using default tokenizer.
2025-04-24 16:13:55,078 - INFO - Paper 17601393 ROUGE-1 F1: 0.7050
2025-04-24 16:13:55,078 - INFO - Paper 17601393 ROUGE-2 F1: 0.4103
2025-04-24 16:13:55,078 - INFO - Paper 17601393 ROUGE-L F1: 0.4686
2025-04-24 16:13:55,107 - INFO - Successfully processed paper 17601393
2025-04-24 16:13:55,107 - INFO - Processing paper 78499306
2025-04-24 16:13:55,124 - INFO - Paper 78499306: 840 sentences, Summary: 32 sentences
2025-04-24 16:13:55,124 - INFO - Encoding 840 paper sentences
2025-04-24 16:13:55,559 - INFO - Using default tokenizer.
2025-04-24 16:13:55,705 - INFO - Paper 78499306 ROUGE-1 F1: 0.5533
2025-04-24 16:13:55,705 - INFO - Paper 78499306 ROUGE-2 F1: 0.1966
2025-04-24 16:13:55,705 - INFO - Paper 78499306 ROUGE-L F1: 0.2845
2025-04-24 16:13:55,735 - INFO - Successfully processed paper 78499306
2025-04-24 16:13:55,735 - INFO - Processing paper 31021586
2025-04-24 16:13:55,743 - INFO - Paper 31021586: 335 sentences, Summary: 62 sentences
2025-04-24 16:13:55,743 - INFO - Encoding 335 paper sentences
2025-04-24 16:13:56,239 - INFO - Using default tokenizer.
2025-04-24 16:13:56,870 - INFO - Paper 31021586 ROUGE-1 F1: 0.6667
2025-04-24 16:13:56,870 - INFO - Paper 31021586 ROUGE-2 F1: 0.3611
2025-04-24 16:13:56,870 - INFO - Paper 31021586 ROUGE-L F1: 0.4037
2025-04-24 16:13:56,900 - INFO - Successfully processed paper 31021586
2025-04-24 16:13:56,900 - INFO - Processing paper 30485653
2025-04-24 16:13:56,904 - INFO - Paper 30485653: 157 sentences, Summary: 70 sentences
2025-04-24 16:13:56,904 - INFO - Encoding 157 paper sentences
2025-04-24 16:13:57,313 - INFO - Using default tokenizer.
2025-04-24 16:13:57,839 - INFO - Paper 30485653 ROUGE-1 F1: 0.4566
2025-04-24 16:13:57,840 - INFO - Paper 30485653 ROUGE-2 F1: 0.1327
2025-04-24 16:13:57,840 - INFO - Paper 30485653 ROUGE-L F1: 0.2165
2025-04-24 16:13:57,869 - INFO - Successfully processed paper 30485653
2025-04-24 16:13:57,869 - INFO - Processing paper 68340528
2025-04-24 16:13:57,875 - INFO - Paper 68340528: 261 sentences, Summary: 55 sentences
2025-04-24 16:13:57,875 - INFO - Encoding 261 paper sentences
2025-04-24 16:13:58,287 - INFO - Using default tokenizer.
2025-04-24 16:13:58,866 - INFO - Paper 68340528 ROUGE-1 F1: 0.5738
2025-04-24 16:13:58,866 - INFO - Paper 68340528 ROUGE-2 F1: 0.2172
2025-04-24 16:13:58,866 - INFO - Paper 68340528 ROUGE-L F1: 0.2809
2025-04-24 16:13:58,900 - INFO - Successfully processed paper 68340528
2025-04-24 16:13:58,900 - INFO - Processing paper 56843191
2025-04-24 16:13:58,904 - INFO - Paper 56843191: 211 sentences, Summary: 11 sentences
2025-04-24 16:13:58,904 - INFO - Encoding 211 paper sentences
2025-04-24 16:13:59,071 - INFO - Using default tokenizer.
2025-04-24 16:13:59,111 - INFO - Paper 56843191 ROUGE-1 F1: 0.4639
2025-04-24 16:13:59,111 - INFO - Paper 56843191 ROUGE-2 F1: 0.1309
2025-04-24 16:13:59,111 - INFO - Paper 56843191 ROUGE-L F1: 0.2056
2025-04-24 16:13:59,141 - INFO - Successfully processed paper 56843191
2025-04-24 16:13:59,141 - INFO - Processing paper 84030160
2025-04-24 16:13:59,146 - INFO - Paper 84030160: 248 sentences, Summary: 29 sentences
2025-04-24 16:13:59,146 - INFO - Encoding 248 paper sentences
2025-04-24 16:13:59,379 - INFO - Using default tokenizer.
2025-04-24 16:13:59,545 - INFO - Paper 84030160 ROUGE-1 F1: 0.6339
2025-04-24 16:13:59,545 - INFO - Paper 84030160 ROUGE-2 F1: 0.3881
2025-04-24 16:13:59,545 - INFO - Paper 84030160 ROUGE-L F1: 0.4724
2025-04-24 16:13:59,593 - INFO - Successfully processed paper 84030160
2025-04-24 16:13:59,593 - INFO - Processing paper 85853580
2025-04-24 16:13:59,597 - INFO - Paper 85853580: 183 sentences, Summary: 21 sentences
2025-04-24 16:13:59,597 - INFO - Encoding 183 paper sentences
2025-04-24 16:13:59,790 - INFO - Using default tokenizer.
2025-04-24 16:13:59,878 - INFO - Paper 85853580 ROUGE-1 F1: 0.4834
2025-04-24 16:13:59,878 - INFO - Paper 85853580 ROUGE-2 F1: 0.1312
2025-04-24 16:13:59,878 - INFO - Paper 85853580 ROUGE-L F1: 0.1993
2025-04-24 16:13:59,909 - INFO - Successfully processed paper 85853580
2025-04-24 16:13:59,909 - INFO - Processing paper 7570292
2025-04-24 16:13:59,917 - INFO - Paper 7570292: 381 sentences, Summary: 18 sentences
2025-04-24 16:13:59,917 - INFO - Encoding 381 paper sentences
2025-04-24 16:14:00,134 - INFO - Using default tokenizer.
2025-04-24 16:14:00,167 - INFO - Paper 7570292 ROUGE-1 F1: 0.4755
2025-04-24 16:14:00,168 - INFO - Paper 7570292 ROUGE-2 F1: 0.1385
2025-04-24 16:14:00,168 - INFO - Paper 7570292 ROUGE-L F1: 0.2761
2025-04-24 16:14:00,199 - INFO - Successfully processed paper 7570292
2025-04-24 16:14:00,199 - INFO - Processing paper 26668230
2025-04-24 16:14:00,207 - INFO - Paper 26668230: 415 sentences, Summary: 34 sentences
2025-04-24 16:14:00,208 - INFO - Encoding 415 paper sentences
2025-04-24 16:14:00,545 - INFO - Using default tokenizer.
2025-04-24 16:14:00,720 - INFO - Paper 26668230 ROUGE-1 F1: 0.6710
2025-04-24 16:14:00,720 - INFO - Paper 26668230 ROUGE-2 F1: 0.2814
2025-04-24 16:14:00,720 - INFO - Paper 26668230 ROUGE-L F1: 0.3519
2025-04-24 16:14:00,752 - INFO - Successfully processed paper 26668230
2025-04-24 16:14:00,752 - INFO - Processing paper 58884367
2025-04-24 16:14:00,756 - INFO - Paper 58884367: 193 sentences, Summary: 23 sentences
2025-04-24 16:14:00,756 - INFO - Encoding 193 paper sentences
2025-04-24 16:14:00,966 - INFO - Using default tokenizer.
2025-04-24 16:14:01,048 - INFO - Paper 58884367 ROUGE-1 F1: 0.3586
2025-04-24 16:14:01,048 - INFO - Paper 58884367 ROUGE-2 F1: 0.0550
2025-04-24 16:14:01,048 - INFO - Paper 58884367 ROUGE-L F1: 0.1610
2025-04-24 16:14:01,079 - INFO - Successfully processed paper 58884367
2025-04-24 16:14:01,080 - INFO - Processing paper 65123124
2025-04-24 16:14:01,087 - INFO - Paper 65123124: 405 sentences, Summary: 31 sentences
2025-04-24 16:14:01,087 - INFO - Encoding 405 paper sentences
2025-04-24 16:14:01,424 - INFO - Using default tokenizer.
2025-04-24 16:14:01,539 - INFO - Paper 65123124 ROUGE-1 F1: 0.6041
2025-04-24 16:14:01,539 - INFO - Paper 65123124 ROUGE-2 F1: 0.2978
2025-04-24 16:14:01,539 - INFO - Paper 65123124 ROUGE-L F1: 0.3752
2025-04-24 16:14:01,572 - INFO - Successfully processed paper 65123124
2025-04-24 16:14:01,572 - INFO - Processing paper 78841597
2025-04-24 16:14:01,581 - INFO - Paper 78841597: 438 sentences, Summary: 25 sentences
2025-04-24 16:14:01,581 - INFO - Encoding 438 paper sentences
2025-04-24 16:14:01,828 - INFO - Using default tokenizer.
2025-04-24 16:14:01,929 - INFO - Paper 78841597 ROUGE-1 F1: 0.6216
2025-04-24 16:14:01,929 - INFO - Paper 78841597 ROUGE-2 F1: 0.3192
2025-04-24 16:14:01,929 - INFO - Paper 78841597 ROUGE-L F1: 0.4017
2025-04-24 16:14:01,961 - INFO - Successfully processed paper 78841597
2025-04-24 16:14:01,961 - INFO - Processing paper 33126132
2025-04-24 16:14:01,968 - INFO - Paper 33126132: 373 sentences, Summary: 38 sentences
2025-04-24 16:14:01,968 - INFO - Encoding 373 paper sentences
2025-04-24 16:14:02,352 - INFO - Using default tokenizer.
2025-04-24 16:14:02,651 - INFO - Paper 33126132 ROUGE-1 F1: 0.6300
2025-04-24 16:14:02,651 - INFO - Paper 33126132 ROUGE-2 F1: 0.3350
2025-04-24 16:14:02,651 - INFO - Paper 33126132 ROUGE-L F1: 0.3931
2025-04-24 16:14:02,688 - INFO - Successfully processed paper 33126132
2025-04-24 16:14:02,688 - INFO - Processing paper 8784223
2025-04-24 16:14:02,694 - INFO - Paper 8784223: 305 sentences, Summary: 41 sentences
2025-04-24 16:14:02,694 - INFO - Encoding 305 paper sentences
2025-04-24 16:14:03,001 - INFO - Using default tokenizer.
2025-04-24 16:14:03,215 - INFO - Paper 8784223 ROUGE-1 F1: 0.6122
2025-04-24 16:14:03,215 - INFO - Paper 8784223 ROUGE-2 F1: 0.2148
2025-04-24 16:14:03,215 - INFO - Paper 8784223 ROUGE-L F1: 0.3079
2025-04-24 16:14:03,248 - INFO - Successfully processed paper 8784223
2025-04-24 16:14:03,248 - INFO - Processing paper 57983162
2025-04-24 16:14:03,252 - INFO - Paper 57983162: 204 sentences, Summary: 44 sentences
2025-04-24 16:14:03,253 - INFO - Encoding 204 paper sentences
2025-04-24 16:14:03,552 - INFO - Using default tokenizer.
2025-04-24 16:14:03,762 - INFO - Paper 57983162 ROUGE-1 F1: 0.5309
2025-04-24 16:14:03,762 - INFO - Paper 57983162 ROUGE-2 F1: 0.1438
2025-04-24 16:14:03,762 - INFO - Paper 57983162 ROUGE-L F1: 0.2048
2025-04-24 16:14:03,797 - INFO - Successfully processed paper 57983162
2025-04-24 16:14:03,797 - INFO - Processing paper 9563928
2025-04-24 16:14:03,801 - INFO - Paper 9563928: 149 sentences, Summary: 55 sentences
2025-04-24 16:14:03,801 - INFO - Encoding 149 paper sentences
2025-04-24 16:14:04,149 - INFO - Using default tokenizer.
2025-04-24 16:14:04,632 - INFO - Paper 9563928 ROUGE-1 F1: 0.6765
2025-04-24 16:14:04,632 - INFO - Paper 9563928 ROUGE-2 F1: 0.4132
2025-04-24 16:14:04,632 - INFO - Paper 9563928 ROUGE-L F1: 0.4518
2025-04-24 16:14:04,670 - INFO - Successfully processed paper 9563928
2025-04-24 16:14:04,670 - INFO - Processing paper 94646863
2025-04-24 16:14:04,676 - INFO - Paper 94646863: 254 sentences, Summary: 26 sentences
2025-04-24 16:14:04,676 - INFO - Encoding 254 paper sentences
2025-04-24 16:14:04,909 - INFO - Using default tokenizer.
2025-04-24 16:14:04,995 - INFO - Paper 94646863 ROUGE-1 F1: 0.5754
2025-04-24 16:14:04,995 - INFO - Paper 94646863 ROUGE-2 F1: 0.2539
2025-04-24 16:14:04,995 - INFO - Paper 94646863 ROUGE-L F1: 0.3700
2025-04-24 16:14:05,029 - INFO - Successfully processed paper 94646863
2025-04-24 16:14:05,029 - INFO - Processing paper 17350626
2025-04-24 16:14:05,033 - INFO - Paper 17350626: 173 sentences, Summary: 61 sentences
2025-04-24 16:14:05,033 - INFO - Encoding 173 paper sentences
2025-04-24 16:14:05,402 - INFO - Using default tokenizer.
2025-04-24 16:14:05,695 - INFO - Paper 17350626 ROUGE-1 F1: 0.4580
2025-04-24 16:14:05,695 - INFO - Paper 17350626 ROUGE-2 F1: 0.1243
2025-04-24 16:14:05,695 - INFO - Paper 17350626 ROUGE-L F1: 0.2067
2025-04-24 16:14:05,732 - INFO - Successfully processed paper 17350626
2025-04-24 16:14:05,733 - INFO - Processing paper 49439664
2025-04-24 16:14:05,742 - INFO - Paper 49439664: 542 sentences, Summary: 14 sentences
2025-04-24 16:14:05,742 - INFO - Encoding 542 paper sentences
2025-04-24 16:14:05,931 - INFO - Using default tokenizer.
2025-04-24 16:14:05,949 - INFO - Paper 49439664 ROUGE-1 F1: 0.6469
2025-04-24 16:14:05,949 - INFO - Paper 49439664 ROUGE-2 F1: 0.2505
2025-04-24 16:14:05,949 - INFO - Paper 49439664 ROUGE-L F1: 0.4355
2025-04-24 16:14:05,984 - INFO - Successfully processed paper 49439664
2025-04-24 16:14:05,984 - INFO - Processing paper 2852538
2025-04-24 16:14:05,990 - INFO - Paper 2852538: 267 sentences, Summary: 48 sentences
2025-04-24 16:14:05,990 - INFO - Encoding 267 paper sentences
2025-04-24 16:14:06,333 - INFO - Using default tokenizer.
2025-04-24 16:14:06,697 - INFO - Paper 2852538 ROUGE-1 F1: 0.6487
2025-04-24 16:14:06,697 - INFO - Paper 2852538 ROUGE-2 F1: 0.2977
2025-04-24 16:14:06,697 - INFO - Paper 2852538 ROUGE-L F1: 0.3558
2025-04-24 16:14:06,733 - INFO - Successfully processed paper 2852538
2025-04-24 16:14:06,733 - INFO - Processing paper 74156567
2025-04-24 16:14:06,742 - INFO - Paper 74156567: 487 sentences, Summary: 64 sentences
2025-04-24 16:14:06,743 - INFO - Encoding 487 paper sentences
2025-04-24 16:14:07,217 - INFO - Using default tokenizer.
2025-04-24 16:14:07,816 - INFO - Paper 74156567 ROUGE-1 F1: 0.7551
2025-04-24 16:14:07,816 - INFO - Paper 74156567 ROUGE-2 F1: 0.4887
2025-04-24 16:14:07,816 - INFO - Paper 74156567 ROUGE-L F1: 0.5376
2025-04-24 16:14:07,857 - INFO - Successfully processed paper 74156567
2025-04-24 16:14:07,858 - INFO - Processing paper 19173630
2025-04-24 16:14:07,862 - INFO - Paper 19173630: 155 sentences, Summary: 79 sentences
2025-04-24 16:14:07,862 - INFO - Encoding 155 paper sentences
2025-04-24 16:14:08,317 - INFO - Using default tokenizer.
2025-04-24 16:14:08,871 - INFO - Paper 19173630 ROUGE-1 F1: 0.4414
2025-04-24 16:14:08,871 - INFO - Paper 19173630 ROUGE-2 F1: 0.0966
2025-04-24 16:14:08,871 - INFO - Paper 19173630 ROUGE-L F1: 0.1798
2025-04-24 16:14:08,914 - INFO - Successfully processed paper 19173630
2025-04-24 16:14:08,914 - INFO - Processing paper 78861774
2025-04-24 16:14:08,919 - INFO - Paper 78861774: 237 sentences, Summary: 39 sentences
2025-04-24 16:14:08,919 - INFO - Encoding 237 paper sentences
2025-04-24 16:14:09,194 - INFO - Using default tokenizer.
2025-04-24 16:14:09,377 - INFO - Paper 78861774 ROUGE-1 F1: 0.6265
2025-04-24 16:14:09,377 - INFO - Paper 78861774 ROUGE-2 F1: 0.2900
2025-04-24 16:14:09,377 - INFO - Paper 78861774 ROUGE-L F1: 0.3903
2025-04-24 16:14:09,414 - INFO - Successfully processed paper 78861774
2025-04-24 16:14:09,415 - INFO - Processing paper 202387
2025-04-24 16:14:09,431 - INFO - Paper 202387: 655 sentences, Summary: 44 sentences
2025-04-24 16:14:09,431 - INFO - Encoding 655 paper sentences
2025-04-24 16:14:09,918 - INFO - Using default tokenizer.
2025-04-24 16:14:10,297 - INFO - Paper 202387 ROUGE-1 F1: 0.6987
2025-04-24 16:14:10,297 - INFO - Paper 202387 ROUGE-2 F1: 0.3571
2025-04-24 16:14:10,297 - INFO - Paper 202387 ROUGE-L F1: 0.4132
2025-04-24 16:14:10,338 - INFO - Successfully processed paper 202387
2025-04-24 16:14:10,339 - INFO - Processing paper 85933068
2025-04-24 16:14:10,342 - INFO - Paper 85933068: 163 sentences, Summary: 14 sentences
2025-04-24 16:14:10,342 - INFO - Encoding 163 paper sentences
2025-04-24 16:14:10,496 - INFO - Using default tokenizer.
2025-04-24 16:14:10,528 - INFO - Paper 85933068 ROUGE-1 F1: 0.5164
2025-04-24 16:14:10,528 - INFO - Paper 85933068 ROUGE-2 F1: 0.1570
2025-04-24 16:14:10,528 - INFO - Paper 85933068 ROUGE-L F1: 0.2598
2025-04-24 16:14:10,565 - INFO - Successfully processed paper 85933068
2025-04-24 16:14:10,566 - INFO - Processing paper 81057283
2025-04-24 16:14:10,568 - INFO - Paper 81057283: 82 sentences, Summary: 30 sentences
2025-04-24 16:14:10,568 - INFO - Encoding 82 paper sentences
2025-04-24 16:14:10,742 - INFO - Using default tokenizer.
2025-04-24 16:14:10,891 - INFO - Paper 81057283 ROUGE-1 F1: 0.7055
2025-04-24 16:14:10,891 - INFO - Paper 81057283 ROUGE-2 F1: 0.4307
2025-04-24 16:14:10,891 - INFO - Paper 81057283 ROUGE-L F1: 0.4897
2025-04-24 16:14:10,930 - INFO - Successfully processed paper 81057283
2025-04-24 16:14:10,930 - INFO - Processing paper 31183232
2025-04-24 16:14:10,935 - INFO - Paper 31183232: 282 sentences, Summary: 17 sentences
2025-04-24 16:14:10,935 - INFO - Encoding 282 paper sentences
2025-04-24 16:14:11,121 - INFO - Using default tokenizer.
2025-04-24 16:14:11,180 - INFO - Paper 31183232 ROUGE-1 F1: 0.6952
2025-04-24 16:14:11,180 - INFO - Paper 31183232 ROUGE-2 F1: 0.4194
2025-04-24 16:14:11,180 - INFO - Paper 31183232 ROUGE-L F1: 0.4927
2025-04-24 16:14:11,245 - INFO - Successfully processed paper 31183232
2025-04-24 16:14:11,245 - INFO - Processing paper 17754953
2025-04-24 16:14:11,252 - INFO - Paper 17754953: 342 sentences, Summary: 59 sentences
2025-04-24 16:14:11,252 - INFO - Encoding 342 paper sentences
2025-04-24 16:14:11,686 - INFO - Using default tokenizer.
2025-04-24 16:14:12,206 - INFO - Paper 17754953 ROUGE-1 F1: 0.7786
2025-04-24 16:14:12,206 - INFO - Paper 17754953 ROUGE-2 F1: 0.5270
2025-04-24 16:14:12,206 - INFO - Paper 17754953 ROUGE-L F1: 0.5960
2025-04-24 16:14:12,245 - INFO - Successfully processed paper 17754953
2025-04-24 16:14:12,245 - INFO - Processing paper 33015723
2025-04-24 16:14:12,254 - INFO - Paper 33015723: 345 sentences, Summary: 8 sentences
2025-04-24 16:14:12,254 - INFO - Encoding 345 paper sentences
2025-04-24 16:14:12,428 - INFO - Using default tokenizer.
2025-04-24 16:14:12,437 - INFO - Paper 33015723 ROUGE-1 F1: 0.4702
2025-04-24 16:14:12,437 - INFO - Paper 33015723 ROUGE-2 F1: 0.0667
2025-04-24 16:14:12,437 - INFO - Paper 33015723 ROUGE-L F1: 0.2384
2025-04-24 16:14:12,476 - INFO - Successfully processed paper 33015723
2025-04-24 16:14:12,476 - INFO - Processing paper 76635514
2025-04-24 16:14:12,480 - INFO - Paper 76635514: 173 sentences, Summary: 44 sentences
2025-04-24 16:14:12,480 - INFO - Encoding 173 paper sentences
2025-04-24 16:14:12,771 - INFO - Using default tokenizer.
2025-04-24 16:14:13,148 - INFO - Paper 76635514 ROUGE-1 F1: 0.7383
2025-04-24 16:14:13,148 - INFO - Paper 76635514 ROUGE-2 F1: 0.5319
2025-04-24 16:14:13,148 - INFO - Paper 76635514 ROUGE-L F1: 0.5880
2025-04-24 16:14:13,190 - INFO - Successfully processed paper 76635514
2025-04-24 16:14:13,190 - INFO - Processing paper 11636296
2025-04-24 16:14:13,194 - INFO - Paper 11636296: 206 sentences, Summary: 29 sentences
2025-04-24 16:14:13,194 - INFO - Encoding 206 paper sentences
2025-04-24 16:14:13,407 - INFO - Using default tokenizer.
2025-04-24 16:14:13,521 - INFO - Paper 11636296 ROUGE-1 F1: 0.5785
2025-04-24 16:14:13,521 - INFO - Paper 11636296 ROUGE-2 F1: 0.2743
2025-04-24 16:14:13,521 - INFO - Paper 11636296 ROUGE-L F1: 0.3831
2025-04-24 16:14:13,562 - INFO - Successfully processed paper 11636296
2025-04-24 16:14:13,563 - INFO - Processing paper 85123331
2025-04-24 16:14:13,574 - INFO - Paper 85123331: 639 sentences, Summary: 40 sentences
2025-04-24 16:14:13,574 - INFO - Encoding 639 paper sentences
2025-04-24 16:14:13,955 - INFO - Using default tokenizer.
2025-04-24 16:14:14,120 - INFO - Paper 85123331 ROUGE-1 F1: 0.7887
2025-04-24 16:14:14,120 - INFO - Paper 85123331 ROUGE-2 F1: 0.6545
2025-04-24 16:14:14,120 - INFO - Paper 85123331 ROUGE-L F1: 0.6874
2025-04-24 16:14:14,161 - INFO - Successfully processed paper 85123331
2025-04-24 16:14:14,162 - INFO - Processing paper 49333267
2025-04-24 16:14:14,169 - INFO - Paper 49333267: 312 sentences, Summary: 60 sentences
2025-04-24 16:14:14,170 - INFO - Encoding 312 paper sentences
2025-04-24 16:14:14,607 - INFO - Using default tokenizer.
2025-04-24 16:14:15,188 - INFO - Paper 49333267 ROUGE-1 F1: 0.7601
2025-04-24 16:14:15,189 - INFO - Paper 49333267 ROUGE-2 F1: 0.4753
2025-04-24 16:14:15,189 - INFO - Paper 49333267 ROUGE-L F1: 0.5314
2025-04-24 16:14:15,232 - INFO - Successfully processed paper 49333267
2025-04-24 16:14:15,232 - INFO - Processing paper 10587146
2025-04-24 16:14:15,239 - INFO - Paper 10587146: 307 sentences, Summary: 62 sentences
2025-04-24 16:14:15,239 - INFO - Encoding 307 paper sentences
2025-04-24 16:14:15,683 - INFO - Using default tokenizer.
2025-04-24 16:14:16,337 - INFO - Paper 10587146 ROUGE-1 F1: 0.7030
2025-04-24 16:14:16,337 - INFO - Paper 10587146 ROUGE-2 F1: 0.3654
2025-04-24 16:14:16,337 - INFO - Paper 10587146 ROUGE-L F1: 0.4090
2025-04-24 16:14:16,379 - INFO - Successfully processed paper 10587146
2025-04-24 16:14:16,379 - INFO - Processing paper 28727146
2025-04-24 16:14:16,386 - INFO - Paper 28727146: 292 sentences, Summary: 51 sentences
2025-04-24 16:14:16,386 - INFO - Encoding 292 paper sentences
2025-04-24 16:14:16,815 - INFO - Using default tokenizer.
2025-04-24 16:14:17,367 - INFO - Paper 28727146 ROUGE-1 F1: 0.6763
2025-04-24 16:14:17,368 - INFO - Paper 28727146 ROUGE-2 F1: 0.3930
2025-04-24 16:14:17,368 - INFO - Paper 28727146 ROUGE-L F1: 0.4254
2025-04-24 16:14:17,411 - INFO - Successfully processed paper 28727146
2025-04-24 16:14:17,411 - INFO - Processing paper 57114772
2025-04-24 16:14:17,427 - INFO - Paper 57114772: 611 sentences, Summary: 45 sentences
2025-04-24 16:14:17,427 - INFO - Encoding 611 paper sentences
2025-04-24 16:14:17,891 - INFO - Using default tokenizer.
2025-04-24 16:14:18,309 - INFO - Paper 57114772 ROUGE-1 F1: 0.7076
2025-04-24 16:14:18,310 - INFO - Paper 57114772 ROUGE-2 F1: 0.4084
2025-04-24 16:14:18,310 - INFO - Paper 57114772 ROUGE-L F1: 0.4232
2025-04-24 16:14:18,355 - INFO - Successfully processed paper 57114772
2025-04-24 16:14:18,355 - INFO - Processing paper 94730041
2025-04-24 16:14:18,360 - INFO - Paper 94730041: 218 sentences, Summary: 25 sentences
2025-04-24 16:14:18,360 - INFO - Encoding 218 paper sentences
2025-04-24 16:14:18,592 - INFO - Using default tokenizer.
2025-04-24 16:14:18,692 - INFO - Paper 94730041 ROUGE-1 F1: 0.5591
2025-04-24 16:14:18,692 - INFO - Paper 94730041 ROUGE-2 F1: 0.1469
2025-04-24 16:14:18,692 - INFO - Paper 94730041 ROUGE-L F1: 0.2433
2025-04-24 16:14:18,735 - INFO - Successfully processed paper 94730041
2025-04-24 16:14:18,735 - INFO - Processing paper 61298922
2025-04-24 16:14:18,748 - INFO - Paper 61298922: 596 sentences, Summary: 64 sentences
2025-04-24 16:14:18,748 - INFO - Encoding 596 paper sentences
2025-04-24 16:14:19,272 - INFO - Using default tokenizer.
2025-04-24 16:14:19,849 - INFO - Paper 61298922 ROUGE-1 F1: 0.7492
2025-04-24 16:14:19,849 - INFO - Paper 61298922 ROUGE-2 F1: 0.4379
2025-04-24 16:14:19,849 - INFO - Paper 61298922 ROUGE-L F1: 0.4909
2025-04-24 16:14:19,895 - INFO - Successfully processed paper 61298922
2025-04-24 16:14:19,896 - INFO - Processing paper 36051826
2025-04-24 16:14:19,906 - INFO - Paper 36051826: 551 sentences, Summary: 59 sentences
2025-04-24 16:14:19,906 - INFO - Encoding 551 paper sentences
2025-04-24 16:14:20,375 - INFO - Using default tokenizer.
2025-04-24 16:14:20,808 - INFO - Paper 36051826 ROUGE-1 F1: 0.7254
2025-04-24 16:14:20,808 - INFO - Paper 36051826 ROUGE-2 F1: 0.4118
2025-04-24 16:14:20,808 - INFO - Paper 36051826 ROUGE-L F1: 0.4559
2025-04-24 16:14:20,852 - INFO - Successfully processed paper 36051826
2025-04-24 16:14:20,852 - INFO - Processing paper 7912651
2025-04-24 16:14:20,859 - INFO - Paper 7912651: 434 sentences, Summary: 27 sentences
2025-04-24 16:14:20,860 - INFO - Encoding 434 paper sentences
2025-04-24 16:14:21,157 - INFO - Using default tokenizer.
2025-04-24 16:14:21,357 - INFO - Paper 7912651 ROUGE-1 F1: 0.7434
2025-04-24 16:14:21,357 - INFO - Paper 7912651 ROUGE-2 F1: 0.5455
2025-04-24 16:14:21,357 - INFO - Paper 7912651 ROUGE-L F1: 0.6118
2025-04-24 16:14:21,401 - INFO - Successfully processed paper 7912651
2025-04-24 16:14:21,401 - INFO - Processing paper 74164301
2025-04-24 16:14:21,405 - INFO - Paper 74164301: 208 sentences, Summary: 24 sentences
2025-04-24 16:14:21,405 - INFO - Encoding 208 paper sentences
2025-04-24 16:14:21,620 - INFO - Using default tokenizer.
2025-04-24 16:14:21,700 - INFO - Paper 74164301 ROUGE-1 F1: 0.5608
2025-04-24 16:14:21,700 - INFO - Paper 74164301 ROUGE-2 F1: 0.2071
2025-04-24 16:14:21,700 - INFO - Paper 74164301 ROUGE-L F1: 0.2852
2025-04-24 16:14:21,744 - INFO - Successfully processed paper 74164301
2025-04-24 16:14:21,745 - INFO - Processing paper 72788236
2025-04-24 16:14:21,749 - INFO - Paper 72788236: 246 sentences, Summary: 18 sentences
2025-04-24 16:14:21,749 - INFO - Encoding 246 paper sentences
2025-04-24 16:14:21,957 - INFO - Using default tokenizer.
2025-04-24 16:14:22,017 - INFO - Paper 72788236 ROUGE-1 F1: 0.4938
2025-04-24 16:14:22,017 - INFO - Paper 72788236 ROUGE-2 F1: 0.1440
2025-04-24 16:14:22,017 - INFO - Paper 72788236 ROUGE-L F1: 0.2447
2025-04-24 16:14:22,062 - INFO - Successfully processed paper 72788236
2025-04-24 16:14:22,062 - INFO - Processing paper 93025332
2025-04-24 16:14:22,068 - INFO - Paper 93025332: 302 sentences, Summary: 56 sentences
2025-04-24 16:14:22,068 - INFO - Encoding 302 paper sentences
2025-04-24 16:14:22,439 - INFO - Using default tokenizer.
2025-04-24 16:14:22,925 - INFO - Paper 93025332 ROUGE-1 F1: 0.8093
2025-04-24 16:14:22,925 - INFO - Paper 93025332 ROUGE-2 F1: 0.6747
2025-04-24 16:14:22,925 - INFO - Paper 93025332 ROUGE-L F1: 0.7081
2025-04-24 16:14:22,974 - INFO - Successfully processed paper 93025332
2025-04-24 16:14:22,974 - INFO - Processing paper 43650136
2025-04-24 16:14:22,978 - INFO - Paper 43650136: 185 sentences, Summary: 34 sentences
2025-04-24 16:14:22,978 - INFO - Encoding 185 paper sentences
2025-04-24 16:14:23,244 - INFO - Using default tokenizer.
2025-04-24 16:14:23,497 - INFO - Paper 43650136 ROUGE-1 F1: 0.4989
2025-04-24 16:14:23,497 - INFO - Paper 43650136 ROUGE-2 F1: 0.1499
2025-04-24 16:14:23,497 - INFO - Paper 43650136 ROUGE-L F1: 0.2123
2025-04-24 16:14:23,546 - INFO - Successfully processed paper 43650136
2025-04-24 16:14:23,547 - INFO - Skipping 18000122 - not in valid IDs
2025-04-24 16:14:23,547 - INFO - Processing paper 62769214
2025-04-24 16:14:23,550 - INFO - Paper 62769214: 152 sentences, Summary: 25 sentences
2025-04-24 16:14:23,550 - INFO - Encoding 152 paper sentences
2025-04-24 16:14:23,720 - INFO - Using default tokenizer.
2025-04-24 16:14:23,788 - INFO - Paper 62769214 ROUGE-1 F1: 0.4747
2025-04-24 16:14:23,788 - INFO - Paper 62769214 ROUGE-2 F1: 0.0869
2025-04-24 16:14:23,788 - INFO - Paper 62769214 ROUGE-L F1: 0.2291
2025-04-24 16:14:23,839 - INFO - Successfully processed paper 62769214
2025-04-24 16:14:23,839 - INFO - Processing paper 52492536
2025-04-24 16:14:23,843 - INFO - Paper 52492536: 222 sentences, Summary: 34 sentences
2025-04-24 16:14:23,844 - INFO - Encoding 222 paper sentences
2025-04-24 16:14:24,094 - INFO - Using default tokenizer.
2025-04-24 16:14:24,192 - INFO - Paper 52492536 ROUGE-1 F1: 0.4590
2025-04-24 16:14:24,193 - INFO - Paper 52492536 ROUGE-2 F1: 0.1054
2025-04-24 16:14:24,193 - INFO - Paper 52492536 ROUGE-L F1: 0.2036
2025-04-24 16:14:24,239 - INFO - Successfully processed paper 52492536
2025-04-24 16:14:24,240 - INFO - Processing paper 53935450
2025-04-24 16:14:24,248 - INFO - Paper 53935450: 425 sentences, Summary: 57 sentences
2025-04-24 16:14:24,248 - INFO - Encoding 425 paper sentences
2025-04-24 16:14:24,639 - INFO - Using default tokenizer.
2025-04-24 16:14:25,222 - INFO - Paper 53935450 ROUGE-1 F1: 0.6757
2025-04-24 16:14:25,222 - INFO - Paper 53935450 ROUGE-2 F1: 0.3363
2025-04-24 16:14:25,223 - INFO - Paper 53935450 ROUGE-L F1: 0.3739
2025-04-24 16:14:25,273 - INFO - Successfully processed paper 53935450
2025-04-24 16:14:25,273 - INFO - Processing paper 7120002
2025-04-24 16:14:25,277 - INFO - Paper 7120002: 199 sentences, Summary: 23 sentences
2025-04-24 16:14:25,277 - INFO - Encoding 199 paper sentences
2025-04-24 16:14:25,469 - INFO - Using default tokenizer.
2025-04-24 16:14:25,538 - INFO - Paper 7120002 ROUGE-1 F1: 0.6168
2025-04-24 16:14:25,538 - INFO - Paper 7120002 ROUGE-2 F1: 0.2321
2025-04-24 16:14:25,538 - INFO - Paper 7120002 ROUGE-L F1: 0.3474
2025-04-24 16:14:25,585 - INFO - Successfully processed paper 7120002
2025-04-24 16:14:25,585 - INFO - Processing paper 30995172
2025-04-24 16:14:25,594 - INFO - Paper 30995172: 472 sentences, Summary: 52 sentences
2025-04-24 16:14:25,594 - INFO - Encoding 472 paper sentences
2025-04-24 16:14:25,992 - INFO - Using default tokenizer.
2025-04-24 16:14:26,464 - INFO - Paper 30995172 ROUGE-1 F1: 0.7631
2025-04-24 16:14:26,464 - INFO - Paper 30995172 ROUGE-2 F1: 0.5485
2025-04-24 16:14:26,464 - INFO - Paper 30995172 ROUGE-L F1: 0.5994
2025-04-24 16:14:26,531 - INFO - Successfully processed paper 30995172
2025-04-24 16:14:26,531 - INFO - Processing paper 97703387
2025-04-24 16:14:26,534 - INFO - Paper 97703387: 161 sentences, Summary: 34 sentences
2025-04-24 16:14:26,534 - INFO - Encoding 161 paper sentences
2025-04-24 16:14:26,783 - INFO - Using default tokenizer.
2025-04-24 16:14:27,021 - INFO - Paper 97703387 ROUGE-1 F1: 0.7789
2025-04-24 16:14:27,021 - INFO - Paper 97703387 ROUGE-2 F1: 0.5940
2025-04-24 16:14:27,021 - INFO - Paper 97703387 ROUGE-L F1: 0.6506
2025-04-24 16:14:27,072 - INFO - Successfully processed paper 97703387
2025-04-24 16:14:27,073 - INFO - Processing paper 53721399
2025-04-24 16:14:27,076 - INFO - Paper 53721399: 177 sentences, Summary: 30 sentences
2025-04-24 16:14:27,076 - INFO - Encoding 177 paper sentences
2025-04-24 16:14:27,286 - INFO - Using default tokenizer.
2025-04-24 16:14:27,391 - INFO - Paper 53721399 ROUGE-1 F1: 0.5828
2025-04-24 16:14:27,391 - INFO - Paper 53721399 ROUGE-2 F1: 0.2272
2025-04-24 16:14:27,391 - INFO - Paper 53721399 ROUGE-L F1: 0.3311
2025-04-24 16:14:27,441 - INFO - Successfully processed paper 53721399
2025-04-24 16:14:27,442 - INFO - Processing paper 16124640
2025-04-24 16:14:27,447 - INFO - Paper 16124640: 264 sentences, Summary: 35 sentences
2025-04-24 16:14:27,447 - INFO - Encoding 264 paper sentences
2025-04-24 16:14:27,729 - INFO - Using default tokenizer.
2025-04-24 16:14:27,902 - INFO - Paper 16124640 ROUGE-1 F1: 0.5238
2025-04-24 16:14:27,902 - INFO - Paper 16124640 ROUGE-2 F1: 0.1435
2025-04-24 16:14:27,902 - INFO - Paper 16124640 ROUGE-L F1: 0.2241
2025-04-24 16:14:27,966 - INFO - Successfully processed paper 16124640
2025-04-24 16:14:27,966 - INFO - Processing paper 69976012
2025-04-24 16:14:27,974 - INFO - Paper 69976012: 442 sentences, Summary: 28 sentences
2025-04-24 16:14:27,974 - INFO - Encoding 442 paper sentences
2025-04-24 16:14:28,285 - INFO - Using default tokenizer.
2025-04-24 16:14:28,373 - INFO - Paper 69976012 ROUGE-1 F1: 0.6165
2025-04-24 16:14:28,373 - INFO - Paper 69976012 ROUGE-2 F1: 0.2482
2025-04-24 16:14:28,373 - INFO - Paper 69976012 ROUGE-L F1: 0.3229
2025-04-24 16:14:28,426 - INFO - Successfully processed paper 69976012
2025-04-24 16:14:28,427 - INFO - Processing paper 74547298
2025-04-24 16:14:28,430 - INFO - Paper 74547298: 154 sentences, Summary: 27 sentences
2025-04-24 16:14:28,430 - INFO - Encoding 154 paper sentences
2025-04-24 16:14:28,648 - INFO - Using default tokenizer.
2025-04-24 16:14:28,952 - INFO - Paper 74547298 ROUGE-1 F1: 0.6772
2025-04-24 16:14:28,952 - INFO - Paper 74547298 ROUGE-2 F1: 0.3976
2025-04-24 16:14:28,952 - INFO - Paper 74547298 ROUGE-L F1: 0.4791
2025-04-24 16:14:29,007 - INFO - Successfully processed paper 74547298
2025-04-24 16:14:29,007 - INFO - Processing paper 7255717
2025-04-24 16:14:29,012 - INFO - Paper 7255717: 257 sentences, Summary: 41 sentences
2025-04-24 16:14:29,012 - INFO - Encoding 257 paper sentences
2025-04-24 16:14:29,322 - INFO - Using default tokenizer.
2025-04-24 16:14:29,477 - INFO - Paper 7255717 ROUGE-1 F1: 0.4801
2025-04-24 16:14:29,477 - INFO - Paper 7255717 ROUGE-2 F1: 0.1030
2025-04-24 16:14:29,477 - INFO - Paper 7255717 ROUGE-L F1: 0.2058
2025-04-24 16:14:29,527 - INFO - Successfully processed paper 7255717
2025-04-24 16:14:29,527 - INFO - Processing paper 29962756
2025-04-24 16:14:29,533 - INFO - Paper 29962756: 335 sentences, Summary: 15 sentences
2025-04-24 16:14:29,533 - INFO - Encoding 335 paper sentences
2025-04-24 16:14:29,687 - INFO - Using default tokenizer.
2025-04-24 16:14:29,708 - INFO - Paper 29962756 ROUGE-1 F1: 0.4733
2025-04-24 16:14:29,708 - INFO - Paper 29962756 ROUGE-2 F1: 0.1839
2025-04-24 16:14:29,708 - INFO - Paper 29962756 ROUGE-L F1: 0.2901
2025-04-24 16:14:29,758 - INFO - Successfully processed paper 29962756
2025-04-24 16:14:29,758 - INFO - Processing paper 31303819
2025-04-24 16:14:29,763 - INFO - Paper 31303819: 249 sentences, Summary: 28 sentences
2025-04-24 16:14:29,763 - INFO - Encoding 249 paper sentences
2025-04-24 16:14:30,003 - INFO - Using default tokenizer.
2025-04-24 16:14:30,141 - INFO - Paper 31303819 ROUGE-1 F1: 0.6867
2025-04-24 16:14:30,141 - INFO - Paper 31303819 ROUGE-2 F1: 0.3586
2025-04-24 16:14:30,141 - INFO - Paper 31303819 ROUGE-L F1: 0.4241
2025-04-24 16:14:30,194 - INFO - Successfully processed paper 31303819
2025-04-24 16:14:30,194 - INFO - Processing paper 29981772
2025-04-24 16:14:30,196 - INFO - Paper 29981772: 87 sentences, Summary: 11 sentences
2025-04-24 16:14:30,196 - INFO - Encoding 87 paper sentences
2025-04-24 16:14:30,289 - INFO - Using default tokenizer.
2025-04-24 16:14:30,304 - INFO - Paper 29981772 ROUGE-1 F1: 0.4428
2025-04-24 16:14:30,304 - INFO - Paper 29981772 ROUGE-2 F1: 0.1200
2025-04-24 16:14:30,304 - INFO - Paper 29981772 ROUGE-L F1: 0.2438
2025-04-24 16:14:30,355 - INFO - Successfully processed paper 29981772
2025-04-24 16:14:30,355 - INFO - Processing paper 15643187
2025-04-24 16:14:30,361 - INFO - Paper 15643187: 288 sentences, Summary: 35 sentences
2025-04-24 16:14:30,361 - INFO - Encoding 288 paper sentences
2025-04-24 16:14:30,644 - INFO - Using default tokenizer.
2025-04-24 16:14:30,739 - INFO - Paper 15643187 ROUGE-1 F1: 0.4546
2025-04-24 16:14:30,739 - INFO - Paper 15643187 ROUGE-2 F1: 0.1004
2025-04-24 16:14:30,739 - INFO - Paper 15643187 ROUGE-L F1: 0.2092
2025-04-24 16:14:30,792 - INFO - Successfully processed paper 15643187
2025-04-24 16:14:30,792 - INFO - Skipping 95858167 - not in valid IDs
2025-04-24 16:14:30,793 - INFO - Skipping 70176908 - not in valid IDs
2025-04-24 16:14:30,793 - INFO - Processing paper 18322264
2025-04-24 16:14:30,797 - INFO - Paper 18322264: 225 sentences, Summary: 22 sentences
2025-04-24 16:14:30,797 - INFO - Encoding 225 paper sentences
2025-04-24 16:14:30,997 - INFO - Using default tokenizer.
2025-04-24 16:14:31,058 - INFO - Paper 18322264 ROUGE-1 F1: 0.5553
2025-04-24 16:14:31,058 - INFO - Paper 18322264 ROUGE-2 F1: 0.1885
2025-04-24 16:14:31,058 - INFO - Paper 18322264 ROUGE-L F1: 0.2942
2025-04-24 16:14:31,109 - INFO - Successfully processed paper 18322264
2025-04-24 16:14:31,110 - INFO - Processing paper 30748495
2025-04-24 16:14:31,115 - INFO - Paper 30748495: 282 sentences, Summary: 20 sentences
2025-04-24 16:14:31,115 - INFO - Encoding 282 paper sentences
2025-04-24 16:14:31,319 - INFO - Using default tokenizer.
2025-04-24 16:14:31,380 - INFO - Paper 30748495 ROUGE-1 F1: 0.5916
2025-04-24 16:14:31,380 - INFO - Paper 30748495 ROUGE-2 F1: 0.1969
2025-04-24 16:14:31,380 - INFO - Paper 30748495 ROUGE-L F1: 0.2759
2025-04-24 16:14:31,433 - INFO - Successfully processed paper 30748495
2025-04-24 16:14:31,434 - INFO - Skipping 963444 - not in valid IDs
2025-04-24 16:14:31,434 - INFO - Processing paper 48091191
2025-04-24 16:14:31,439 - INFO - Paper 48091191: 176 sentences, Summary: 40 sentences
2025-04-24 16:14:31,440 - INFO - Encoding 176 paper sentences
2025-04-24 16:14:31,710 - INFO - Using default tokenizer.
2025-04-24 16:14:32,016 - INFO - Paper 48091191 ROUGE-1 F1: 0.7082
2025-04-24 16:14:32,016 - INFO - Paper 48091191 ROUGE-2 F1: 0.4158
2025-04-24 16:14:32,016 - INFO - Paper 48091191 ROUGE-L F1: 0.4590
2025-04-24 16:14:32,068 - INFO - Successfully processed paper 48091191
2025-04-24 16:14:32,069 - INFO - Processing paper 39353178
2025-04-24 16:14:32,072 - INFO - Paper 39353178: 155 sentences, Summary: 34 sentences
2025-04-24 16:14:32,072 - INFO - Encoding 155 paper sentences
2025-04-24 16:14:32,306 - INFO - Using default tokenizer.
2025-04-24 16:14:32,546 - INFO - Paper 39353178 ROUGE-1 F1: 0.5277
2025-04-24 16:14:32,546 - INFO - Paper 39353178 ROUGE-2 F1: 0.1307
2025-04-24 16:14:32,546 - INFO - Paper 39353178 ROUGE-L F1: 0.2117
2025-04-24 16:14:32,604 - INFO - Successfully processed paper 39353178
2025-04-24 16:14:32,604 - INFO - Processing paper 60516406
2025-04-24 16:14:32,608 - INFO - Paper 60516406: 181 sentences, Summary: 35 sentences
2025-04-24 16:14:32,608 - INFO - Encoding 181 paper sentences
2025-04-24 16:14:32,886 - INFO - Using default tokenizer.
2025-04-24 16:14:33,043 - INFO - Paper 60516406 ROUGE-1 F1: 0.4304
2025-04-24 16:14:33,043 - INFO - Paper 60516406 ROUGE-2 F1: 0.1051
2025-04-24 16:14:33,044 - INFO - Paper 60516406 ROUGE-L F1: 0.1759
2025-04-24 16:14:33,096 - INFO - Successfully processed paper 60516406
2025-04-24 16:14:33,096 - INFO - Processing paper 30789903
2025-04-24 16:14:33,099 - INFO - Paper 30789903: 209 sentences, Summary: 21 sentences
2025-04-24 16:14:33,099 - INFO - Encoding 209 paper sentences
2025-04-24 16:14:33,274 - INFO - Using default tokenizer.
2025-04-24 16:14:33,375 - INFO - Paper 30789903 ROUGE-1 F1: 0.5949
2025-04-24 16:14:33,375 - INFO - Paper 30789903 ROUGE-2 F1: 0.2637
2025-04-24 16:14:33,375 - INFO - Paper 30789903 ROUGE-L F1: 0.3812
2025-04-24 16:14:33,430 - INFO - Successfully processed paper 30789903
2025-04-24 16:14:33,430 - INFO - Processing paper 18521109
2025-04-24 16:14:33,434 - INFO - Paper 18521109: 220 sentences, Summary: 35 sentences
2025-04-24 16:14:33,434 - INFO - Encoding 220 paper sentences
2025-04-24 16:14:33,667 - INFO - Using default tokenizer.
2025-04-24 16:14:33,835 - INFO - Paper 18521109 ROUGE-1 F1: 0.5707
2025-04-24 16:14:33,835 - INFO - Paper 18521109 ROUGE-2 F1: 0.1355
2025-04-24 16:14:33,835 - INFO - Paper 18521109 ROUGE-L F1: 0.2210
2025-04-24 16:14:33,926 - INFO - Successfully processed paper 18521109
2025-04-24 16:14:33,926 - INFO - Processing paper 36197895
2025-04-24 16:14:33,944 - INFO - Paper 36197895: 755 sentences, Summary: 55 sentences
2025-04-24 16:14:33,944 - INFO - Encoding 755 paper sentences
2025-04-24 16:14:34,441 - INFO - Using default tokenizer.
2025-04-24 16:14:34,923 - INFO - Paper 36197895 ROUGE-1 F1: 0.7455
2025-04-24 16:14:34,924 - INFO - Paper 36197895 ROUGE-2 F1: 0.5116
2025-04-24 16:14:34,924 - INFO - Paper 36197895 ROUGE-L F1: 0.5656
2025-04-24 16:14:34,980 - INFO - Successfully processed paper 36197895
2025-04-24 16:14:34,980 - INFO - Processing paper 24753674
2025-04-24 16:14:34,987 - INFO - Paper 24753674: 334 sentences, Summary: 36 sentences
2025-04-24 16:14:34,987 - INFO - Encoding 334 paper sentences
2025-04-24 16:14:35,326 - INFO - Using default tokenizer.
2025-04-24 16:14:35,553 - INFO - Paper 24753674 ROUGE-1 F1: 0.5185
2025-04-24 16:14:35,553 - INFO - Paper 24753674 ROUGE-2 F1: 0.1415
2025-04-24 16:14:35,553 - INFO - Paper 24753674 ROUGE-L F1: 0.2017
2025-04-24 16:14:35,610 - INFO - Successfully processed paper 24753674
2025-04-24 16:14:35,610 - INFO - Processing paper 5681713
2025-04-24 16:14:35,620 - INFO - Paper 5681713: 580 sentences, Summary: 9 sentences
2025-04-24 16:14:35,620 - INFO - Encoding 580 paper sentences
2025-04-24 16:14:35,886 - INFO - Using default tokenizer.
2025-04-24 16:14:35,905 - INFO - Paper 5681713 ROUGE-1 F1: 0.6122
2025-04-24 16:14:35,905 - INFO - Paper 5681713 ROUGE-2 F1: 0.4295
2025-04-24 16:14:35,905 - INFO - Paper 5681713 ROUGE-L F1: 0.5241
2025-04-24 16:14:35,996 - INFO - Successfully processed paper 5681713
2025-04-24 16:14:35,997 - INFO - Processing paper 21919380
2025-04-24 16:14:36,001 - INFO - Paper 21919380: 216 sentences, Summary: 18 sentences
2025-04-24 16:14:36,001 - INFO - Encoding 216 paper sentences
2025-04-24 16:14:36,166 - INFO - Using default tokenizer.
2025-04-24 16:14:36,224 - INFO - Paper 21919380 ROUGE-1 F1: 0.2942
2025-04-24 16:14:36,224 - INFO - Paper 21919380 ROUGE-2 F1: 0.0309
2025-04-24 16:14:36,224 - INFO - Paper 21919380 ROUGE-L F1: 0.1352
2025-04-24 16:14:36,279 - INFO - Successfully processed paper 21919380
2025-04-24 16:14:36,279 - INFO - Processing paper 11354749
2025-04-24 16:14:36,283 - INFO - Paper 11354749: 145 sentences, Summary: 45 sentences
2025-04-24 16:14:36,283 - INFO - Encoding 145 paper sentences
2025-04-24 16:14:36,590 - INFO - Using default tokenizer.
2025-04-24 16:14:36,899 - INFO - Paper 11354749 ROUGE-1 F1: 0.6433
2025-04-24 16:14:36,899 - INFO - Paper 11354749 ROUGE-2 F1: 0.4016
2025-04-24 16:14:36,899 - INFO - Paper 11354749 ROUGE-L F1: 0.4692
2025-04-24 16:14:36,960 - INFO - Successfully processed paper 11354749
2025-04-24 16:14:36,961 - INFO - Processing paper 60253398
2025-04-24 16:14:36,971 - INFO - Paper 60253398: 517 sentences, Summary: 62 sentences
2025-04-24 16:14:36,971 - INFO - Encoding 517 paper sentences
2025-04-24 16:14:37,504 - INFO - Using default tokenizer.
2025-04-24 16:14:38,150 - INFO - Paper 60253398 ROUGE-1 F1: 0.7603
2025-04-24 16:14:38,150 - INFO - Paper 60253398 ROUGE-2 F1: 0.4871
2025-04-24 16:14:38,150 - INFO - Paper 60253398 ROUGE-L F1: 0.5377
2025-04-24 16:14:38,208 - INFO - Successfully processed paper 60253398
2025-04-24 16:14:38,208 - INFO - Processing paper 2774914
2025-04-24 16:14:38,213 - INFO - Paper 2774914: 259 sentences, Summary: 15 sentences
2025-04-24 16:14:38,213 - INFO - Encoding 259 paper sentences
2025-04-24 16:14:38,385 - INFO - Using default tokenizer.
2025-04-24 16:14:38,413 - INFO - Paper 2774914 ROUGE-1 F1: 0.4497
2025-04-24 16:14:38,413 - INFO - Paper 2774914 ROUGE-2 F1: 0.0875
2025-04-24 16:14:38,413 - INFO - Paper 2774914 ROUGE-L F1: 0.2349
2025-04-24 16:14:38,468 - INFO - Successfully processed paper 2774914
2025-04-24 16:14:38,468 - INFO - Processing paper 8455503
2025-04-24 16:14:38,476 - INFO - Paper 8455503: 429 sentences, Summary: 58 sentences
2025-04-24 16:14:38,476 - INFO - Encoding 429 paper sentences
2025-04-24 16:14:38,910 - INFO - Using default tokenizer.
2025-04-24 16:14:39,522 - INFO - Paper 8455503 ROUGE-1 F1: 0.8130
2025-04-24 16:14:39,522 - INFO - Paper 8455503 ROUGE-2 F1: 0.6088
2025-04-24 16:14:39,522 - INFO - Paper 8455503 ROUGE-L F1: 0.6160
2025-04-24 16:14:39,579 - INFO - Successfully processed paper 8455503
2025-04-24 16:14:39,579 - INFO - Processing paper 99440206
2025-04-24 16:14:39,583 - INFO - Paper 99440206: 145 sentences, Summary: 8 sentences
2025-04-24 16:14:39,583 - INFO - Encoding 145 paper sentences
2025-04-24 16:14:39,697 - INFO - Using default tokenizer.
2025-04-24 16:14:39,712 - INFO - Paper 99440206 ROUGE-1 F1: 0.4907
2025-04-24 16:14:39,712 - INFO - Paper 99440206 ROUGE-2 F1: 0.1442
2025-04-24 16:14:39,713 - INFO - Paper 99440206 ROUGE-L F1: 0.2917
2025-04-24 16:14:39,795 - INFO - Successfully processed paper 99440206
2025-04-24 16:14:39,796 - INFO - Processing paper 8984509
2025-04-24 16:14:39,804 - INFO - Paper 8984509: 421 sentences, Summary: 57 sentences
2025-04-24 16:14:39,804 - INFO - Encoding 421 paper sentences
2025-04-24 16:14:40,263 - INFO - Using default tokenizer.
2025-04-24 16:14:40,805 - INFO - Paper 8984509 ROUGE-1 F1: 0.7358
2025-04-24 16:14:40,805 - INFO - Paper 8984509 ROUGE-2 F1: 0.4347
2025-04-24 16:14:40,805 - INFO - Paper 8984509 ROUGE-L F1: 0.5007
2025-04-24 16:14:40,866 - INFO - Successfully processed paper 8984509
2025-04-24 16:14:40,866 - INFO - Skipping 81034618 - not in valid IDs
2025-04-24 16:14:40,866 - INFO - Processing paper 86508243
2025-04-24 16:14:40,874 - INFO - Paper 86508243: 315 sentences, Summary: 61 sentences
2025-04-24 16:14:40,874 - INFO - Encoding 315 paper sentences
2025-04-24 16:14:41,285 - INFO - Using default tokenizer.
2025-04-24 16:14:41,559 - INFO - Paper 86508243 ROUGE-1 F1: 0.5302
2025-04-24 16:14:41,559 - INFO - Paper 86508243 ROUGE-2 F1: 0.1376
2025-04-24 16:14:41,559 - INFO - Paper 86508243 ROUGE-L F1: 0.2150
2025-04-24 16:14:41,634 - INFO - Successfully processed paper 86508243
2025-04-24 16:14:41,634 - INFO - Skipping 4741660 - not in valid IDs
2025-04-24 16:14:41,634 - INFO - Processing paper 97592875
2025-04-24 16:14:41,644 - INFO - Paper 97592875: 589 sentences, Summary: 11 sentences
2025-04-24 16:14:41,644 - INFO - Encoding 589 paper sentences
2025-04-24 16:14:41,911 - INFO - Using default tokenizer.
2025-04-24 16:14:41,922 - INFO - Paper 97592875 ROUGE-1 F1: 0.4171
2025-04-24 16:14:41,922 - INFO - Paper 97592875 ROUGE-2 F1: 0.0690
2025-04-24 16:14:41,922 - INFO - Paper 97592875 ROUGE-L F1: 0.2171
2025-04-24 16:14:41,980 - INFO - Successfully processed paper 97592875
2025-04-24 16:14:41,980 - INFO - Processing paper 45186835
2025-04-24 16:14:41,987 - INFO - Paper 45186835: 337 sentences, Summary: 22 sentences
2025-04-24 16:14:41,987 - INFO - Encoding 337 paper sentences
2025-04-24 16:14:42,249 - INFO - Using default tokenizer.
2025-04-24 16:14:42,342 - INFO - Paper 45186835 ROUGE-1 F1: 0.6302
2025-04-24 16:14:42,342 - INFO - Paper 45186835 ROUGE-2 F1: 0.3795
2025-04-24 16:14:42,342 - INFO - Paper 45186835 ROUGE-L F1: 0.4273
2025-04-24 16:14:42,400 - INFO - Successfully processed paper 45186835
2025-04-24 16:14:42,400 - INFO - Processing paper 24312671
2025-04-24 16:14:42,407 - INFO - Paper 24312671: 389 sentences, Summary: 23 sentences
2025-04-24 16:14:42,407 - INFO - Encoding 389 paper sentences
2025-04-24 16:14:42,680 - INFO - Using default tokenizer.
2025-04-24 16:14:42,753 - INFO - Paper 24312671 ROUGE-1 F1: 0.6346
2025-04-24 16:14:42,753 - INFO - Paper 24312671 ROUGE-2 F1: 0.3230
2025-04-24 16:14:42,753 - INFO - Paper 24312671 ROUGE-L F1: 0.4284
2025-04-24 16:14:42,811 - INFO - Successfully processed paper 24312671
2025-04-24 16:14:42,811 - INFO - Skipping 74971632 - not in valid IDs
2025-04-24 16:14:42,811 - INFO - Processing paper 49139111
2025-04-24 16:14:42,816 - INFO - Paper 49139111: 231 sentences, Summary: 49 sentences
2025-04-24 16:14:42,816 - INFO - Encoding 231 paper sentences
2025-04-24 16:14:43,184 - INFO - Using default tokenizer.
2025-04-24 16:14:43,544 - INFO - Paper 49139111 ROUGE-1 F1: 0.5931
2025-04-24 16:14:43,544 - INFO - Paper 49139111 ROUGE-2 F1: 0.1881
2025-04-24 16:14:43,544 - INFO - Paper 49139111 ROUGE-L F1: 0.2645
2025-04-24 16:14:43,609 - INFO - Successfully processed paper 49139111
2025-04-24 16:14:43,610 - INFO - Processing paper 32560739
2025-04-24 16:14:43,619 - INFO - Paper 32560739: 417 sentences, Summary: 11 sentences
2025-04-24 16:14:43,619 - INFO - Encoding 417 paper sentences
2025-04-24 16:14:43,848 - INFO - Using default tokenizer.
2025-04-24 16:14:43,881 - INFO - Paper 32560739 ROUGE-1 F1: 0.6049
2025-04-24 16:14:43,881 - INFO - Paper 32560739 ROUGE-2 F1: 0.2663
2025-04-24 16:14:43,881 - INFO - Paper 32560739 ROUGE-L F1: 0.3549
2025-04-24 16:14:43,980 - INFO - Successfully processed paper 32560739
2025-04-24 16:14:43,980 - INFO - Processing paper 73414525
2025-04-24 16:14:43,983 - INFO - Paper 73414525: 125 sentences, Summary: 33 sentences
2025-04-24 16:14:43,983 - INFO - Encoding 125 paper sentences
2025-04-24 16:14:44,243 - INFO - Using default tokenizer.
2025-04-24 16:14:44,491 - INFO - Paper 73414525 ROUGE-1 F1: 0.5035
2025-04-24 16:14:44,491 - INFO - Paper 73414525 ROUGE-2 F1: 0.1215
2025-04-24 16:14:44,491 - INFO - Paper 73414525 ROUGE-L F1: 0.2097
2025-04-24 16:14:44,551 - INFO - Successfully processed paper 73414525
2025-04-24 16:14:44,551 - INFO - Processing paper 97980035
2025-04-24 16:14:44,561 - INFO - Paper 97980035: 335 sentences, Summary: 22 sentences
2025-04-24 16:14:44,561 - INFO - Encoding 335 paper sentences
2025-04-24 16:14:44,774 - INFO - Using default tokenizer.
2025-04-24 16:14:44,856 - INFO - Paper 97980035 ROUGE-1 F1: 0.6513
2025-04-24 16:14:44,856 - INFO - Paper 97980035 ROUGE-2 F1: 0.3842
2025-04-24 16:14:44,856 - INFO - Paper 97980035 ROUGE-L F1: 0.4817
2025-04-24 16:14:44,915 - INFO - Successfully processed paper 97980035
2025-04-24 16:14:44,916 - INFO - Processing paper 12625177
2025-04-24 16:14:44,930 - INFO - Paper 12625177: 538 sentences, Summary: 47 sentences
2025-04-24 16:14:44,930 - INFO - Encoding 538 paper sentences
2025-04-24 16:14:45,326 - INFO - Using default tokenizer.
2025-04-24 16:14:45,648 - INFO - Paper 12625177 ROUGE-1 F1: 0.6957
2025-04-24 16:14:45,648 - INFO - Paper 12625177 ROUGE-2 F1: 0.4409
2025-04-24 16:14:45,649 - INFO - Paper 12625177 ROUGE-L F1: 0.4998
2025-04-24 16:14:45,719 - INFO - Successfully processed paper 12625177
2025-04-24 16:14:45,719 - INFO - Processing paper 36278339
2025-04-24 16:14:45,723 - INFO - Paper 36278339: 204 sentences, Summary: 21 sentences
2025-04-24 16:14:45,723 - INFO - Encoding 204 paper sentences
2025-04-24 16:14:45,925 - INFO - Using default tokenizer.
2025-04-24 16:14:45,989 - INFO - Paper 36278339 ROUGE-1 F1: 0.5550
2025-04-24 16:14:45,990 - INFO - Paper 36278339 ROUGE-2 F1: 0.2182
2025-04-24 16:14:45,990 - INFO - Paper 36278339 ROUGE-L F1: 0.3308
2025-04-24 16:14:46,050 - INFO - Successfully processed paper 36278339
2025-04-24 16:14:46,050 - INFO - Processing paper 91633253
2025-04-24 16:14:46,053 - INFO - Paper 91633253: 149 sentences, Summary: 37 sentences
2025-04-24 16:14:46,053 - INFO - Encoding 149 paper sentences
2025-04-24 16:14:46,308 - INFO - Using default tokenizer.
2025-04-24 16:14:46,507 - INFO - Paper 91633253 ROUGE-1 F1: 0.7978
2025-04-24 16:14:46,507 - INFO - Paper 91633253 ROUGE-2 F1: 0.5793
2025-04-24 16:14:46,507 - INFO - Paper 91633253 ROUGE-L F1: 0.6431
2025-04-24 16:14:46,583 - INFO - Successfully processed paper 91633253
2025-04-24 16:14:46,583 - INFO - Processing paper 6799048
2025-04-24 16:14:46,589 - INFO - Paper 6799048: 281 sentences, Summary: 13 sentences
2025-04-24 16:14:46,589 - INFO - Encoding 281 paper sentences
2025-04-24 16:14:46,785 - INFO - Using default tokenizer.
2025-04-24 16:14:46,809 - INFO - Paper 6799048 ROUGE-1 F1: 0.4488
2025-04-24 16:14:46,810 - INFO - Paper 6799048 ROUGE-2 F1: 0.0638
2025-04-24 16:14:46,810 - INFO - Paper 6799048 ROUGE-L F1: 0.1908
2025-04-24 16:14:46,871 - INFO - Successfully processed paper 6799048
2025-04-24 16:14:46,871 - INFO - Processing paper 5180208
2025-04-24 16:14:46,875 - INFO - Paper 5180208: 195 sentences, Summary: 15 sentences
2025-04-24 16:14:46,875 - INFO - Encoding 195 paper sentences
2025-04-24 16:14:47,047 - INFO - Using default tokenizer.
2025-04-24 16:14:47,101 - INFO - Paper 5180208 ROUGE-1 F1: 0.5664
2025-04-24 16:14:47,101 - INFO - Paper 5180208 ROUGE-2 F1: 0.2120
2025-04-24 16:14:47,101 - INFO - Paper 5180208 ROUGE-L F1: 0.3102
2025-04-24 16:14:47,172 - INFO - Successfully processed paper 5180208
2025-04-24 16:14:47,172 - INFO - Processing paper 597051
2025-04-24 16:14:47,178 - INFO - Paper 597051: 270 sentences, Summary: 55 sentences
2025-04-24 16:14:47,178 - INFO - Encoding 270 paper sentences
2025-04-24 16:14:47,532 - INFO - Using default tokenizer.
2025-04-24 16:14:47,898 - INFO - Paper 597051 ROUGE-1 F1: 0.5384
2025-04-24 16:14:47,899 - INFO - Paper 597051 ROUGE-2 F1: 0.1434
2025-04-24 16:14:47,899 - INFO - Paper 597051 ROUGE-L F1: 0.2171
2025-04-24 16:14:47,988 - INFO - Successfully processed paper 597051
2025-04-24 16:14:47,988 - INFO - Processing paper 23313716
2025-04-24 16:14:47,997 - INFO - Paper 23313716: 467 sentences, Summary: 60 sentences
2025-04-24 16:14:47,997 - INFO - Encoding 467 paper sentences
2025-04-24 16:14:48,452 - INFO - Using default tokenizer.
2025-04-24 16:14:48,976 - INFO - Paper 23313716 ROUGE-1 F1: 0.7645
2025-04-24 16:14:48,976 - INFO - Paper 23313716 ROUGE-2 F1: 0.5230
2025-04-24 16:14:48,977 - INFO - Paper 23313716 ROUGE-L F1: 0.5743
2025-04-24 16:14:49,052 - INFO - Successfully processed paper 23313716
2025-04-24 16:14:49,052 - INFO - Processing paper 88969640
2025-04-24 16:14:49,057 - INFO - Paper 88969640: 272 sentences, Summary: 18 sentences
2025-04-24 16:14:49,057 - INFO - Encoding 272 paper sentences
2025-04-24 16:14:49,307 - INFO - Using default tokenizer.
2025-04-24 16:14:49,361 - INFO - Paper 88969640 ROUGE-1 F1: 0.5142
2025-04-24 16:14:49,361 - INFO - Paper 88969640 ROUGE-2 F1: 0.1710
2025-04-24 16:14:49,361 - INFO - Paper 88969640 ROUGE-L F1: 0.2701
2025-04-24 16:14:49,423 - INFO - Successfully processed paper 88969640
2025-04-24 16:14:49,423 - INFO - Processing paper 83267919
2025-04-24 16:14:49,429 - INFO - Paper 83267919: 304 sentences, Summary: 51 sentences
2025-04-24 16:14:49,429 - INFO - Encoding 304 paper sentences
2025-04-24 16:14:49,795 - INFO - Using default tokenizer.
2025-04-24 16:14:50,377 - INFO - Paper 83267919 ROUGE-1 F1: 0.6624
2025-04-24 16:14:50,377 - INFO - Paper 83267919 ROUGE-2 F1: 0.3379
2025-04-24 16:14:50,377 - INFO - Paper 83267919 ROUGE-L F1: 0.4009
2025-04-24 16:14:50,465 - INFO - Successfully processed paper 83267919
2025-04-24 16:14:50,465 - INFO - Processing paper 73424952
2025-04-24 16:14:50,558 - INFO - Paper 73424952: 6418 sentences, Summary: 6 sentences
2025-04-24 16:14:50,558 - INFO - Encoding 6418 paper sentences
2025-04-24 16:14:52,222 - INFO - Using default tokenizer.
2025-04-24 16:14:52,228 - INFO - Paper 73424952 ROUGE-1 F1: 0.2879
2025-04-24 16:14:52,228 - INFO - Paper 73424952 ROUGE-2 F1: 0.0863
2025-04-24 16:14:52,228 - INFO - Paper 73424952 ROUGE-L F1: 0.1634
2025-04-24 16:14:52,304 - INFO - Successfully processed paper 73424952
2025-04-24 16:14:52,304 - INFO - Processing paper 66912872
2025-04-24 16:14:52,322 - INFO - Paper 66912872: 349 sentences, Summary: 54 sentences
2025-04-24 16:14:52,322 - INFO - Encoding 349 paper sentences
2025-04-24 16:14:52,748 - INFO - Using default tokenizer.
2025-04-24 16:14:53,292 - INFO - Paper 66912872 ROUGE-1 F1: 0.7339
2025-04-24 16:14:53,292 - INFO - Paper 66912872 ROUGE-2 F1: 0.4368
2025-04-24 16:14:53,292 - INFO - Paper 66912872 ROUGE-L F1: 0.4785
2025-04-24 16:14:53,370 - INFO - Successfully processed paper 66912872
2025-04-24 16:14:53,371 - INFO - Processing paper 2899329
2025-04-24 16:14:53,383 - INFO - Paper 2899329: 280 sentences, Summary: 48 sentences
2025-04-24 16:14:53,383 - INFO - Encoding 280 paper sentences
2025-04-24 16:14:53,724 - INFO - Using default tokenizer.
2025-04-24 16:14:54,126 - INFO - Paper 2899329 ROUGE-1 F1: 0.5861
2025-04-24 16:14:54,127 - INFO - Paper 2899329 ROUGE-2 F1: 0.1618
2025-04-24 16:14:54,127 - INFO - Paper 2899329 ROUGE-L F1: 0.2476
2025-04-24 16:14:54,204 - INFO - Successfully processed paper 2899329
2025-04-24 16:14:54,205 - INFO - Processing paper 56196
2025-04-24 16:14:54,210 - INFO - Paper 56196: 262 sentences, Summary: 41 sentences
2025-04-24 16:14:54,210 - INFO - Encoding 262 paper sentences
2025-04-24 16:14:54,524 - INFO - Using default tokenizer.
2025-04-24 16:14:54,748 - INFO - Paper 56196 ROUGE-1 F1: 0.5801
2025-04-24 16:14:54,748 - INFO - Paper 56196 ROUGE-2 F1: 0.2488
2025-04-24 16:14:54,748 - INFO - Paper 56196 ROUGE-L F1: 0.3350
2025-04-24 16:14:54,832 - INFO - Successfully processed paper 56196
2025-04-24 16:14:54,833 - INFO - Processing paper 30189879
2025-04-24 16:14:54,838 - INFO - Paper 30189879: 232 sentences, Summary: 34 sentences
2025-04-24 16:14:54,838 - INFO - Encoding 232 paper sentences
2025-04-24 16:14:55,100 - INFO - Using default tokenizer.
2025-04-24 16:14:55,264 - INFO - Paper 30189879 ROUGE-1 F1: 0.6314
2025-04-24 16:14:55,264 - INFO - Paper 30189879 ROUGE-2 F1: 0.2966
2025-04-24 16:14:55,264 - INFO - Paper 30189879 ROUGE-L F1: 0.4008
2025-04-24 16:14:55,329 - INFO - Successfully processed paper 30189879
2025-04-24 16:14:55,330 - INFO - Processing paper 91451160
2025-04-24 16:14:55,344 - INFO - Paper 91451160: 677 sentences, Summary: 39 sentences
2025-04-24 16:14:55,344 - INFO - Encoding 677 paper sentences
2025-04-24 16:14:55,765 - INFO - Using default tokenizer.
2025-04-24 16:14:55,982 - INFO - Paper 91451160 ROUGE-1 F1: 0.7398
2025-04-24 16:14:55,982 - INFO - Paper 91451160 ROUGE-2 F1: 0.5082
2025-04-24 16:14:55,982 - INFO - Paper 91451160 ROUGE-L F1: 0.5718
2025-04-24 16:14:56,103 - INFO - Successfully processed paper 91451160
2025-04-24 16:14:56,103 - INFO - Processing paper 66403710
2025-04-24 16:14:56,107 - INFO - Paper 66403710: 211 sentences, Summary: 16 sentences
2025-04-24 16:14:56,107 - INFO - Encoding 211 paper sentences
2025-04-24 16:14:56,279 - INFO - Using default tokenizer.
2025-04-24 16:14:56,322 - INFO - Paper 66403710 ROUGE-1 F1: 0.4520
2025-04-24 16:14:56,322 - INFO - Paper 66403710 ROUGE-2 F1: 0.0975
2025-04-24 16:14:56,322 - INFO - Paper 66403710 ROUGE-L F1: 0.1919
2025-04-24 16:14:56,387 - INFO - Successfully processed paper 66403710
2025-04-24 16:14:56,387 - INFO - Processing paper 55410278
2025-04-24 16:14:56,390 - INFO - Paper 55410278: 131 sentences, Summary: 39 sentences
2025-04-24 16:14:56,390 - INFO - Encoding 131 paper sentences
2025-04-24 16:14:56,641 - INFO - Using default tokenizer.
2025-04-24 16:14:56,765 - INFO - Paper 55410278 ROUGE-1 F1: 0.5195
2025-04-24 16:14:56,765 - INFO - Paper 55410278 ROUGE-2 F1: 0.1734
2025-04-24 16:14:56,765 - INFO - Paper 55410278 ROUGE-L F1: 0.2697
2025-04-24 16:14:56,856 - INFO - Successfully processed paper 55410278
2025-04-24 16:14:56,856 - INFO - Skipping 43514018 - not in valid IDs
2025-04-24 16:14:56,856 - INFO - Processing paper 21050319
2025-04-24 16:14:56,870 - INFO - Paper 21050319: 369 sentences, Summary: 50 sentences
2025-04-24 16:14:56,870 - INFO - Encoding 369 paper sentences
2025-04-24 16:14:57,233 - INFO - Using default tokenizer.
2025-04-24 16:14:57,561 - INFO - Paper 21050319 ROUGE-1 F1: 0.7731
2025-04-24 16:14:57,561 - INFO - Paper 21050319 ROUGE-2 F1: 0.5764
2025-04-24 16:14:57,561 - INFO - Paper 21050319 ROUGE-L F1: 0.6238
2025-04-24 16:14:57,638 - INFO - Successfully processed paper 21050319
2025-04-24 16:14:57,639 - INFO - Processing paper 24169489
2025-04-24 16:14:57,650 - INFO - Paper 24169489: 559 sentences, Summary: 51 sentences
2025-04-24 16:14:57,651 - INFO - Encoding 559 paper sentences
2025-04-24 16:14:58,062 - INFO - Using default tokenizer.
2025-04-24 16:14:58,460 - INFO - Paper 24169489 ROUGE-1 F1: 0.7899
2025-04-24 16:14:58,460 - INFO - Paper 24169489 ROUGE-2 F1: 0.6099
2025-04-24 16:14:58,461 - INFO - Paper 24169489 ROUGE-L F1: 0.6530
2025-04-24 16:14:58,561 - INFO - Successfully processed paper 24169489
2025-04-24 16:14:58,561 - INFO - Processing paper 15757806
2025-04-24 16:14:58,566 - INFO - Paper 15757806: 251 sentences, Summary: 39 sentences
2025-04-24 16:14:58,566 - INFO - Encoding 251 paper sentences
2025-04-24 16:14:58,846 - INFO - Using default tokenizer.
2025-04-24 16:14:59,085 - INFO - Paper 15757806 ROUGE-1 F1: 0.5798
2025-04-24 16:14:59,085 - INFO - Paper 15757806 ROUGE-2 F1: 0.1554
2025-04-24 16:14:59,086 - INFO - Paper 15757806 ROUGE-L F1: 0.2572
2025-04-24 16:14:59,154 - INFO - Successfully processed paper 15757806
2025-04-24 16:14:59,154 - INFO - Processing paper 21542239
2025-04-24 16:14:59,159 - INFO - Paper 21542239: 270 sentences, Summary: 28 sentences
2025-04-24 16:14:59,160 - INFO - Encoding 270 paper sentences
2025-04-24 16:14:59,413 - INFO - Using default tokenizer.
2025-04-24 16:14:59,504 - INFO - Paper 21542239 ROUGE-1 F1: 0.5112
2025-04-24 16:14:59,505 - INFO - Paper 21542239 ROUGE-2 F1: 0.1379
2025-04-24 16:14:59,505 - INFO - Paper 21542239 ROUGE-L F1: 0.2324
2025-04-24 16:14:59,587 - INFO - Successfully processed paper 21542239
2025-04-24 16:14:59,587 - INFO - Processing paper 48074885
2025-04-24 16:14:59,593 - INFO - Paper 48074885: 110 sentences, Summary: 27 sentences
2025-04-24 16:14:59,593 - INFO - Encoding 110 paper sentences
2025-04-24 16:14:59,776 - INFO - Using default tokenizer.
2025-04-24 16:14:59,860 - INFO - Paper 48074885 ROUGE-1 F1: 0.3455
2025-04-24 16:14:59,860 - INFO - Paper 48074885 ROUGE-2 F1: 0.0489
2025-04-24 16:14:59,860 - INFO - Paper 48074885 ROUGE-L F1: 0.1408
2025-04-24 16:14:59,928 - INFO - Successfully processed paper 48074885
2025-04-24 16:14:59,928 - INFO - Processing paper 63511892
2025-04-24 16:14:59,934 - INFO - Paper 63511892: 295 sentences, Summary: 17 sentences
2025-04-24 16:14:59,934 - INFO - Encoding 295 paper sentences
2025-04-24 16:15:00,176 - INFO - Using default tokenizer.
2025-04-24 16:15:00,231 - INFO - Paper 63511892 ROUGE-1 F1: 0.5855
2025-04-24 16:15:00,231 - INFO - Paper 63511892 ROUGE-2 F1: 0.3843
2025-04-24 16:15:00,231 - INFO - Paper 63511892 ROUGE-L F1: 0.4409
2025-04-24 16:15:00,299 - INFO - Successfully processed paper 63511892
2025-04-24 16:15:00,299 - INFO - Processing paper 57228237
2025-04-24 16:15:00,308 - INFO - Paper 57228237: 501 sentences, Summary: 19 sentences
2025-04-24 16:15:00,308 - INFO - Encoding 501 paper sentences
2025-04-24 16:15:00,625 - INFO - Using default tokenizer.
2025-04-24 16:15:00,707 - INFO - Paper 57228237 ROUGE-1 F1: 0.5670
2025-04-24 16:15:00,707 - INFO - Paper 57228237 ROUGE-2 F1: 0.2630
2025-04-24 16:15:00,707 - INFO - Paper 57228237 ROUGE-L F1: 0.3487
2025-04-24 16:15:00,789 - INFO - Successfully processed paper 57228237
2025-04-24 16:15:00,789 - INFO - Processing paper 75962230
2025-04-24 16:15:00,797 - INFO - Paper 75962230: 344 sentences, Summary: 47 sentences
2025-04-24 16:15:00,797 - INFO - Encoding 344 paper sentences
2025-04-24 16:15:01,162 - INFO - Using default tokenizer.
2025-04-24 16:15:01,621 - INFO - Paper 75962230 ROUGE-1 F1: 0.7333
2025-04-24 16:15:01,621 - INFO - Paper 75962230 ROUGE-2 F1: 0.4994
2025-04-24 16:15:01,621 - INFO - Paper 75962230 ROUGE-L F1: 0.5563
2025-04-24 16:15:01,694 - INFO - Successfully processed paper 75962230
2025-04-24 16:15:01,694 - INFO - Processing paper 39674358
2025-04-24 16:15:01,702 - INFO - Paper 39674358: 359 sentences, Summary: 58 sentences
2025-04-24 16:15:01,702 - INFO - Encoding 359 paper sentences
2025-04-24 16:15:02,147 - INFO - Using default tokenizer.
2025-04-24 16:15:02,628 - INFO - Paper 39674358 ROUGE-1 F1: 0.8482
2025-04-24 16:15:02,628 - INFO - Paper 39674358 ROUGE-2 F1: 0.6994
2025-04-24 16:15:02,628 - INFO - Paper 39674358 ROUGE-L F1: 0.7336
2025-04-24 16:15:02,747 - INFO - Successfully processed paper 39674358
2025-04-24 16:15:02,747 - INFO - Processing paper 5550259
2025-04-24 16:15:02,759 - INFO - Paper 5550259: 657 sentences, Summary: 53 sentences
2025-04-24 16:15:02,759 - INFO - Encoding 657 paper sentences
2025-04-24 16:15:03,245 - INFO - Using default tokenizer.
2025-04-24 16:15:03,677 - INFO - Paper 5550259 ROUGE-1 F1: 0.6754
2025-04-24 16:15:03,677 - INFO - Paper 5550259 ROUGE-2 F1: 0.3412
2025-04-24 16:15:03,677 - INFO - Paper 5550259 ROUGE-L F1: 0.4088
2025-04-24 16:15:03,760 - INFO - Successfully processed paper 5550259
2025-04-24 16:15:03,761 - INFO - Processing paper 59485457
2025-04-24 16:15:03,771 - INFO - Paper 59485457: 272 sentences, Summary: 30 sentences
2025-04-24 16:15:03,771 - INFO - Encoding 272 paper sentences
2025-04-24 16:15:04,008 - INFO - Using default tokenizer.
2025-04-24 16:15:04,093 - INFO - Paper 59485457 ROUGE-1 F1: 0.4958
2025-04-24 16:15:04,093 - INFO - Paper 59485457 ROUGE-2 F1: 0.1322
2025-04-24 16:15:04,093 - INFO - Paper 59485457 ROUGE-L F1: 0.2149
2025-04-24 16:15:04,166 - INFO - Successfully processed paper 59485457
2025-04-24 16:15:04,166 - INFO - Processing paper 31543932
2025-04-24 16:15:04,171 - INFO - Paper 31543932: 256 sentences, Summary: 8 sentences
2025-04-24 16:15:04,171 - INFO - Encoding 256 paper sentences
2025-04-24 16:15:04,313 - INFO - Using default tokenizer.
2025-04-24 16:15:04,332 - INFO - Paper 31543932 ROUGE-1 F1: 0.4635
2025-04-24 16:15:04,332 - INFO - Paper 31543932 ROUGE-2 F1: 0.1022
2025-04-24 16:15:04,332 - INFO - Paper 31543932 ROUGE-L F1: 0.2413
2025-04-24 16:15:04,405 - INFO - Successfully processed paper 31543932
2025-04-24 16:15:04,405 - INFO - Processing paper 43687503
2025-04-24 16:15:04,412 - INFO - Paper 43687503: 364 sentences, Summary: 26 sentences
2025-04-24 16:15:04,412 - INFO - Encoding 364 paper sentences
2025-04-24 16:15:04,709 - INFO - Using default tokenizer.
2025-04-24 16:15:04,766 - INFO - Paper 43687503 ROUGE-1 F1: 0.4384
2025-04-24 16:15:04,766 - INFO - Paper 43687503 ROUGE-2 F1: 0.0938
2025-04-24 16:15:04,766 - INFO - Paper 43687503 ROUGE-L F1: 0.2055
2025-04-24 16:15:04,853 - INFO - Successfully processed paper 43687503
2025-04-24 16:15:04,854 - INFO - Processing paper 18304114
2025-04-24 16:15:04,857 - INFO - Paper 18304114: 198 sentences, Summary: 14 sentences
2025-04-24 16:15:04,857 - INFO - Encoding 198 paper sentences
2025-04-24 16:15:05,010 - INFO - Using default tokenizer.
2025-04-24 16:15:05,030 - INFO - Paper 18304114 ROUGE-1 F1: 0.4074
2025-04-24 16:15:05,030 - INFO - Paper 18304114 ROUGE-2 F1: 0.0496
2025-04-24 16:15:05,030 - INFO - Paper 18304114 ROUGE-L F1: 0.1646
2025-04-24 16:15:05,100 - INFO - Successfully processed paper 18304114
2025-04-24 16:15:05,100 - INFO - Processing paper 63755811
2025-04-24 16:15:05,105 - INFO - Paper 63755811: 235 sentences, Summary: 21 sentences
2025-04-24 16:15:05,105 - INFO - Encoding 235 paper sentences
2025-04-24 16:15:05,325 - INFO - Using default tokenizer.
2025-04-24 16:15:05,391 - INFO - Paper 63755811 ROUGE-1 F1: 0.5656
2025-04-24 16:15:05,392 - INFO - Paper 63755811 ROUGE-2 F1: 0.3384
2025-04-24 16:15:05,392 - INFO - Paper 63755811 ROUGE-L F1: 0.4194
2025-04-24 16:15:05,462 - INFO - Successfully processed paper 63755811
2025-04-24 16:15:05,463 - INFO - Processing paper 93460473
2025-04-24 16:15:05,466 - INFO - Paper 93460473: 188 sentences, Summary: 27 sentences
2025-04-24 16:15:05,467 - INFO - Encoding 188 paper sentences
2025-04-24 16:15:05,686 - INFO - Using default tokenizer.
2025-04-24 16:15:05,796 - INFO - Paper 93460473 ROUGE-1 F1: 0.6020
2025-04-24 16:15:05,796 - INFO - Paper 93460473 ROUGE-2 F1: 0.3121
2025-04-24 16:15:05,796 - INFO - Paper 93460473 ROUGE-L F1: 0.4323
2025-04-24 16:15:05,884 - INFO - Successfully processed paper 93460473
2025-04-24 16:15:05,884 - INFO - Processing paper 70691684
2025-04-24 16:15:05,889 - INFO - Paper 70691684: 204 sentences, Summary: 10 sentences
2025-04-24 16:15:05,889 - INFO - Encoding 204 paper sentences
2025-04-24 16:15:06,066 - INFO - Using default tokenizer.
2025-04-24 16:15:06,100 - INFO - Paper 70691684 ROUGE-1 F1: 0.4215
2025-04-24 16:15:06,100 - INFO - Paper 70691684 ROUGE-2 F1: 0.1169
2025-04-24 16:15:06,100 - INFO - Paper 70691684 ROUGE-L F1: 0.2182
2025-04-24 16:15:06,172 - INFO - Successfully processed paper 70691684
2025-04-24 16:15:06,172 - INFO - Processing paper 87827594
2025-04-24 16:15:06,177 - INFO - Paper 87827594: 225 sentences, Summary: 30 sentences
2025-04-24 16:15:06,177 - INFO - Encoding 225 paper sentences
2025-04-24 16:15:06,450 - INFO - Using default tokenizer.
2025-04-24 16:15:06,623 - INFO - Paper 87827594 ROUGE-1 F1: 0.5908
2025-04-24 16:15:06,623 - INFO - Paper 87827594 ROUGE-2 F1: 0.1485
2025-04-24 16:15:06,624 - INFO - Paper 87827594 ROUGE-L F1: 0.2290
2025-04-24 16:15:06,731 - INFO - Successfully processed paper 87827594
2025-04-24 16:15:06,731 - INFO - Processing paper 56472821
2025-04-24 16:15:06,743 - INFO - Paper 56472821: 716 sentences, Summary: 23 sentences
2025-04-24 16:15:06,743 - INFO - Encoding 716 paper sentences
2025-04-24 16:15:07,055 - INFO - Using default tokenizer.
2025-04-24 16:15:07,114 - INFO - Paper 56472821 ROUGE-1 F1: 0.5655
2025-04-24 16:15:07,114 - INFO - Paper 56472821 ROUGE-2 F1: 0.2973
2025-04-24 16:15:07,114 - INFO - Paper 56472821 ROUGE-L F1: 0.3940
2025-04-24 16:15:07,189 - INFO - Successfully processed paper 56472821
2025-04-24 16:15:07,189 - INFO - Processing paper 30621133
2025-04-24 16:15:07,193 - INFO - Paper 30621133: 203 sentences, Summary: 39 sentences
2025-04-24 16:15:07,193 - INFO - Encoding 203 paper sentences
2025-04-24 16:15:07,463 - INFO - Using default tokenizer.
2025-04-24 16:15:07,701 - INFO - Paper 30621133 ROUGE-1 F1: 0.6767
2025-04-24 16:15:07,701 - INFO - Paper 30621133 ROUGE-2 F1: 0.3175
2025-04-24 16:15:07,701 - INFO - Paper 30621133 ROUGE-L F1: 0.3383
2025-04-24 16:15:07,786 - INFO - Successfully processed paper 30621133
2025-04-24 16:15:07,786 - INFO - Skipping 1050101 - not in valid IDs
2025-04-24 16:15:07,786 - INFO - Skipping 70140653 - not in valid IDs
2025-04-24 16:15:07,786 - INFO - Processing paper 79512250
2025-04-24 16:15:07,790 - INFO - Paper 79512250: 222 sentences, Summary: 15 sentences
2025-04-24 16:15:07,790 - INFO - Encoding 222 paper sentences
2025-04-24 16:15:07,932 - INFO - Using default tokenizer.
2025-04-24 16:15:07,963 - INFO - Paper 79512250 ROUGE-1 F1: 0.5796
2025-04-24 16:15:07,963 - INFO - Paper 79512250 ROUGE-2 F1: 0.2173
2025-04-24 16:15:07,963 - INFO - Paper 79512250 ROUGE-L F1: 0.3439
2025-04-24 16:15:08,072 - INFO - Successfully processed paper 79512250
2025-04-24 16:15:08,073 - INFO - Processing paper 7590139
2025-04-24 16:15:08,079 - INFO - Paper 7590139: 339 sentences, Summary: 30 sentences
2025-04-24 16:15:08,079 - INFO - Encoding 339 paper sentences
2025-04-24 16:15:08,357 - INFO - Using default tokenizer.
2025-04-24 16:15:08,426 - INFO - Paper 7590139 ROUGE-1 F1: 0.4563
2025-04-24 16:15:08,426 - INFO - Paper 7590139 ROUGE-2 F1: 0.0814
2025-04-24 16:15:08,426 - INFO - Paper 7590139 ROUGE-L F1: 0.2021
2025-04-24 16:15:08,502 - INFO - Successfully processed paper 7590139
2025-04-24 16:15:08,502 - INFO - Processing paper 13040160
2025-04-24 16:15:08,506 - INFO - Paper 13040160: 168 sentences, Summary: 37 sentences
2025-04-24 16:15:08,506 - INFO - Encoding 168 paper sentences
2025-04-24 16:15:08,771 - INFO - Using default tokenizer.
2025-04-24 16:15:09,150 - INFO - Paper 13040160 ROUGE-1 F1: 0.7157
2025-04-24 16:15:09,150 - INFO - Paper 13040160 ROUGE-2 F1: 0.4820
2025-04-24 16:15:09,150 - INFO - Paper 13040160 ROUGE-L F1: 0.5259
2025-04-24 16:15:09,241 - INFO - Successfully processed paper 13040160
2025-04-24 16:15:09,241 - INFO - Processing paper 45795840
2025-04-24 16:15:09,250 - INFO - Paper 45795840: 488 sentences, Summary: 70 sentences
2025-04-24 16:15:09,250 - INFO - Encoding 488 paper sentences
2025-04-24 16:15:09,757 - INFO - Using default tokenizer.
2025-04-24 16:15:10,453 - INFO - Paper 45795840 ROUGE-1 F1: 0.8057
2025-04-24 16:15:10,453 - INFO - Paper 45795840 ROUGE-2 F1: 0.5823
2025-04-24 16:15:10,453 - INFO - Paper 45795840 ROUGE-L F1: 0.6448
2025-04-24 16:15:10,539 - INFO - Successfully processed paper 45795840
2025-04-24 16:15:10,539 - INFO - Processing paper 50438213
2025-04-24 16:15:10,548 - INFO - Paper 50438213: 475 sentences, Summary: 16 sentences
2025-04-24 16:15:10,548 - INFO - Encoding 475 paper sentences
2025-04-24 16:15:10,840 - INFO - Using default tokenizer.
2025-04-24 16:15:10,892 - INFO - Paper 50438213 ROUGE-1 F1: 0.5000
2025-04-24 16:15:10,892 - INFO - Paper 50438213 ROUGE-2 F1: 0.1259
2025-04-24 16:15:10,892 - INFO - Paper 50438213 ROUGE-L F1: 0.2174
2025-04-24 16:15:10,967 - INFO - Successfully processed paper 50438213
2025-04-24 16:15:10,968 - INFO - Processing paper 13793499
2025-04-24 16:15:10,974 - INFO - Paper 13793499: 314 sentences, Summary: 50 sentences
2025-04-24 16:15:10,974 - INFO - Encoding 314 paper sentences
2025-04-24 16:15:11,317 - INFO - Using default tokenizer.
2025-04-24 16:15:11,803 - INFO - Paper 13793499 ROUGE-1 F1: 0.7307
2025-04-24 16:15:11,803 - INFO - Paper 13793499 ROUGE-2 F1: 0.4860
2025-04-24 16:15:11,803 - INFO - Paper 13793499 ROUGE-L F1: 0.5424
2025-04-24 16:15:11,910 - INFO - Successfully processed paper 13793499
2025-04-24 16:15:11,911 - INFO - Processing paper 41840073
2025-04-24 16:15:11,916 - INFO - Paper 41840073: 254 sentences, Summary: 58 sentences
2025-04-24 16:15:11,916 - INFO - Encoding 254 paper sentences
2025-04-24 16:15:12,336 - INFO - Using default tokenizer.
2025-04-24 16:15:12,845 - INFO - Paper 41840073 ROUGE-1 F1: 0.7044
2025-04-24 16:15:12,845 - INFO - Paper 41840073 ROUGE-2 F1: 0.4114
2025-04-24 16:15:12,845 - INFO - Paper 41840073 ROUGE-L F1: 0.4674
2025-04-24 16:15:12,934 - INFO - Successfully processed paper 41840073
2025-04-24 16:15:12,934 - INFO - Processing paper 31194274
2025-04-24 16:15:12,940 - INFO - Paper 31194274: 240 sentences, Summary: 39 sentences
2025-04-24 16:15:12,940 - INFO - Encoding 240 paper sentences
2025-04-24 16:15:13,218 - INFO - Using default tokenizer.
2025-04-24 16:15:13,643 - INFO - Paper 31194274 ROUGE-1 F1: 0.7671
2025-04-24 16:15:13,643 - INFO - Paper 31194274 ROUGE-2 F1: 0.5826
2025-04-24 16:15:13,643 - INFO - Paper 31194274 ROUGE-L F1: 0.6045
2025-04-24 16:15:13,736 - INFO - Successfully processed paper 31194274
2025-04-24 16:15:13,736 - INFO - Processing paper 28037079
2025-04-24 16:15:13,742 - INFO - Paper 28037079: 331 sentences, Summary: 51 sentences
2025-04-24 16:15:13,742 - INFO - Encoding 331 paper sentences
2025-04-24 16:15:14,150 - INFO - Using default tokenizer.
2025-04-24 16:15:14,543 - INFO - Paper 28037079 ROUGE-1 F1: 0.6890
2025-04-24 16:15:14,543 - INFO - Paper 28037079 ROUGE-2 F1: 0.3504
2025-04-24 16:15:14,543 - INFO - Paper 28037079 ROUGE-L F1: 0.4283
2025-04-24 16:15:14,669 - INFO - Successfully processed paper 28037079
2025-04-24 16:15:14,669 - INFO - Processing paper 96831204
2025-04-24 16:15:14,673 - INFO - Paper 96831204: 210 sentences, Summary: 19 sentences
2025-04-24 16:15:14,673 - INFO - Encoding 210 paper sentences
2025-04-24 16:15:14,876 - INFO - Using default tokenizer.
2025-04-24 16:15:14,945 - INFO - Paper 96831204 ROUGE-1 F1: 0.5159
2025-04-24 16:15:14,945 - INFO - Paper 96831204 ROUGE-2 F1: 0.1401
2025-04-24 16:15:14,945 - INFO - Paper 96831204 ROUGE-L F1: 0.2487
2025-04-24 16:15:15,022 - INFO - Successfully processed paper 96831204
2025-04-24 16:15:15,022 - INFO - Processing paper 13187019
2025-04-24 16:15:15,024 - INFO - Paper 13187019: 90 sentences, Summary: 34 sentences
2025-04-24 16:15:15,024 - INFO - Encoding 90 paper sentences
2025-04-24 16:15:15,246 - INFO - Using default tokenizer.
2025-04-24 16:15:15,527 - INFO - Paper 13187019 ROUGE-1 F1: 0.6623
2025-04-24 16:15:15,527 - INFO - Paper 13187019 ROUGE-2 F1: 0.3886
2025-04-24 16:15:15,527 - INFO - Paper 13187019 ROUGE-L F1: 0.4238
2025-04-24 16:15:15,624 - INFO - Successfully processed paper 13187019
2025-04-24 16:15:15,624 - INFO - Processing paper 40771210
2025-04-24 16:15:15,633 - INFO - Paper 40771210: 387 sentences, Summary: 56 sentences
2025-04-24 16:15:15,633 - INFO - Encoding 387 paper sentences
2025-04-24 16:15:16,080 - INFO - Using default tokenizer.
2025-04-24 16:15:16,491 - INFO - Paper 40771210 ROUGE-1 F1: 0.6261
2025-04-24 16:15:16,491 - INFO - Paper 40771210 ROUGE-2 F1: 0.2713
2025-04-24 16:15:16,491 - INFO - Paper 40771210 ROUGE-L F1: 0.3298
2025-04-24 16:15:16,584 - INFO - Successfully processed paper 40771210
2025-04-24 16:15:16,585 - INFO - Processing paper 35973587
2025-04-24 16:15:16,590 - INFO - Paper 35973587: 120 sentences, Summary: 37 sentences
2025-04-24 16:15:16,590 - INFO - Encoding 120 paper sentences
2025-04-24 16:15:16,824 - INFO - Using default tokenizer.
2025-04-24 16:15:17,023 - INFO - Paper 35973587 ROUGE-1 F1: 0.4378
2025-04-24 16:15:17,023 - INFO - Paper 35973587 ROUGE-2 F1: 0.0865
2025-04-24 16:15:17,023 - INFO - Paper 35973587 ROUGE-L F1: 0.1926
2025-04-24 16:15:17,123 - INFO - Successfully processed paper 35973587
2025-04-24 16:15:17,123 - INFO - Skipping 72992946 - not in valid IDs
2025-04-24 16:15:17,124 - INFO - Skipping 53851426 - not in valid IDs
2025-04-24 16:15:17,124 - INFO - Processing paper 96217072
2025-04-24 16:15:17,126 - INFO - Paper 96217072: 120 sentences, Summary: 16 sentences
2025-04-24 16:15:17,126 - INFO - Encoding 120 paper sentences
2025-04-24 16:15:17,257 - INFO - Using default tokenizer.
2025-04-24 16:15:17,305 - INFO - Paper 96217072 ROUGE-1 F1: 0.5912
2025-04-24 16:15:17,305 - INFO - Paper 96217072 ROUGE-2 F1: 0.2446
2025-04-24 16:15:17,305 - INFO - Paper 96217072 ROUGE-L F1: 0.3296
2025-04-24 16:15:17,417 - INFO - Successfully processed paper 96217072
2025-04-24 16:15:17,417 - INFO - Processing paper 5225266
2025-04-24 16:15:17,423 - INFO - Paper 5225266: 283 sentences, Summary: 65 sentences
2025-04-24 16:15:17,423 - INFO - Encoding 283 paper sentences
2025-04-24 16:15:17,846 - INFO - Using default tokenizer.
2025-04-24 16:15:18,362 - INFO - Paper 5225266 ROUGE-1 F1: 0.7581
2025-04-24 16:15:18,362 - INFO - Paper 5225266 ROUGE-2 F1: 0.5234
2025-04-24 16:15:18,362 - INFO - Paper 5225266 ROUGE-L F1: 0.5616
2025-04-24 16:15:18,455 - INFO - Successfully processed paper 5225266
2025-04-24 16:15:18,455 - INFO - Processing paper 43018598
2025-04-24 16:15:18,471 - INFO - Paper 43018598: 433 sentences, Summary: 57 sentences
2025-04-24 16:15:18,471 - INFO - Encoding 433 paper sentences
2025-04-24 16:15:18,891 - INFO - Using default tokenizer.
2025-04-24 16:15:19,432 - INFO - Paper 43018598 ROUGE-1 F1: 0.7226
2025-04-24 16:15:19,432 - INFO - Paper 43018598 ROUGE-2 F1: 0.3935
2025-04-24 16:15:19,432 - INFO - Paper 43018598 ROUGE-L F1: 0.4392
2025-04-24 16:15:19,524 - INFO - Successfully processed paper 43018598
2025-04-24 16:15:19,524 - INFO - Processing paper 38469042
2025-04-24 16:15:19,528 - INFO - Paper 38469042: 176 sentences, Summary: 47 sentences
2025-04-24 16:15:19,528 - INFO - Encoding 176 paper sentences
2025-04-24 16:15:19,823 - INFO - Using default tokenizer.
2025-04-24 16:15:20,139 - INFO - Paper 38469042 ROUGE-1 F1: 0.7377
2025-04-24 16:15:20,139 - INFO - Paper 38469042 ROUGE-2 F1: 0.4479
2025-04-24 16:15:20,139 - INFO - Paper 38469042 ROUGE-L F1: 0.5217
2025-04-24 16:15:20,233 - INFO - Successfully processed paper 38469042
2025-04-24 16:15:20,234 - INFO - Processing paper 80770343
2025-04-24 16:15:20,239 - INFO - Paper 80770343: 207 sentences, Summary: 59 sentences
2025-04-24 16:15:20,239 - INFO - Encoding 207 paper sentences
2025-04-24 16:15:20,625 - INFO - Using default tokenizer.
2025-04-24 16:15:20,973 - INFO - Paper 80770343 ROUGE-1 F1: 0.4741
2025-04-24 16:15:20,973 - INFO - Paper 80770343 ROUGE-2 F1: 0.1209
2025-04-24 16:15:20,973 - INFO - Paper 80770343 ROUGE-L F1: 0.2160
2025-04-24 16:15:21,069 - INFO - Successfully processed paper 80770343
2025-04-24 16:15:21,069 - INFO - Processing paper 90525296
2025-04-24 16:15:21,083 - INFO - Paper 90525296: 403 sentences, Summary: 49 sentences
2025-04-24 16:15:21,083 - INFO - Encoding 403 paper sentences
2025-04-24 16:15:21,502 - INFO - Using default tokenizer.
2025-04-24 16:15:22,038 - INFO - Paper 90525296 ROUGE-1 F1: 0.7453
2025-04-24 16:15:22,038 - INFO - Paper 90525296 ROUGE-2 F1: 0.4404
2025-04-24 16:15:22,038 - INFO - Paper 90525296 ROUGE-L F1: 0.4855
2025-04-24 16:15:22,154 - INFO - Successfully processed paper 90525296
2025-04-24 16:15:22,154 - INFO - Processing paper 47397989
2025-04-24 16:15:22,159 - INFO - Paper 47397989: 208 sentences, Summary: 29 sentences
2025-04-24 16:15:22,159 - INFO - Encoding 208 paper sentences
2025-04-24 16:15:22,385 - INFO - Using default tokenizer.
2025-04-24 16:15:22,479 - INFO - Paper 47397989 ROUGE-1 F1: 0.3926
2025-04-24 16:15:22,479 - INFO - Paper 47397989 ROUGE-2 F1: 0.1030
2025-04-24 16:15:22,479 - INFO - Paper 47397989 ROUGE-L F1: 0.1938
2025-04-24 16:15:22,560 - INFO - Successfully processed paper 47397989
2025-04-24 16:15:22,560 - INFO - Processing paper 70481957
2025-04-24 16:15:22,563 - INFO - Paper 70481957: 139 sentences, Summary: 10 sentences
2025-04-24 16:15:22,563 - INFO - Encoding 139 paper sentences
2025-04-24 16:15:22,684 - INFO - Using default tokenizer.
2025-04-24 16:15:22,711 - INFO - Paper 70481957 ROUGE-1 F1: 0.3828
2025-04-24 16:15:22,711 - INFO - Paper 70481957 ROUGE-2 F1: 0.0519
2025-04-24 16:15:22,711 - INFO - Paper 70481957 ROUGE-L F1: 0.1690
2025-04-24 16:15:22,795 - INFO - Successfully processed paper 70481957
2025-04-24 16:15:22,796 - INFO - Processing paper 40883301
2025-04-24 16:15:22,800 - INFO - Paper 40883301: 172 sentences, Summary: 59 sentences
2025-04-24 16:15:22,800 - INFO - Encoding 172 paper sentences
2025-04-24 16:15:23,193 - INFO - Using default tokenizer.
2025-04-24 16:15:23,563 - INFO - Paper 40883301 ROUGE-1 F1: 0.5086
2025-04-24 16:15:23,563 - INFO - Paper 40883301 ROUGE-2 F1: 0.1437
2025-04-24 16:15:23,563 - INFO - Paper 40883301 ROUGE-L F1: 0.2322
2025-04-24 16:15:23,654 - INFO - Successfully processed paper 40883301
2025-04-24 16:15:23,654 - INFO - Processing paper 34187605
2025-04-24 16:15:23,659 - INFO - Paper 34187605: 252 sentences, Summary: 15 sentences
2025-04-24 16:15:23,659 - INFO - Encoding 252 paper sentences
2025-04-24 16:15:23,879 - INFO - Using default tokenizer.
2025-04-24 16:15:23,927 - INFO - Paper 34187605 ROUGE-1 F1: 0.4668
2025-04-24 16:15:23,927 - INFO - Paper 34187605 ROUGE-2 F1: 0.1023
2025-04-24 16:15:23,927 - INFO - Paper 34187605 ROUGE-L F1: 0.2194
2025-04-24 16:15:24,010 - INFO - Successfully processed paper 34187605
2025-04-24 16:15:24,011 - INFO - Processing paper 93598871
2025-04-24 16:15:24,017 - INFO - Paper 93598871: 298 sentences, Summary: 21 sentences
2025-04-24 16:15:24,017 - INFO - Encoding 298 paper sentences
2025-04-24 16:15:24,256 - INFO - Using default tokenizer.
2025-04-24 16:15:24,347 - INFO - Paper 93598871 ROUGE-1 F1: 0.4861
2025-04-24 16:15:24,347 - INFO - Paper 93598871 ROUGE-2 F1: 0.1222
2025-04-24 16:15:24,347 - INFO - Paper 93598871 ROUGE-L F1: 0.2126
2025-04-24 16:15:24,440 - INFO - Successfully processed paper 93598871
2025-04-24 16:15:24,441 - INFO - Processing paper 73180675
2025-04-24 16:15:24,447 - INFO - Paper 73180675: 216 sentences, Summary: 74 sentences
2025-04-24 16:15:24,447 - INFO - Encoding 216 paper sentences
2025-04-24 16:15:24,913 - INFO - Using default tokenizer.
2025-04-24 16:15:25,635 - INFO - Paper 73180675 ROUGE-1 F1: 0.4703
2025-04-24 16:15:25,635 - INFO - Paper 73180675 ROUGE-2 F1: 0.1632
2025-04-24 16:15:25,635 - INFO - Paper 73180675 ROUGE-L F1: 0.2342
2025-04-24 16:15:25,784 - INFO - Successfully processed paper 73180675
2025-04-24 16:15:25,785 - INFO - Processing paper 46416317
2025-04-24 16:15:25,790 - INFO - Paper 46416317: 258 sentences, Summary: 27 sentences
2025-04-24 16:15:25,790 - INFO - Encoding 258 paper sentences
2025-04-24 16:15:26,050 - INFO - Using default tokenizer.
2025-04-24 16:15:26,151 - INFO - Paper 46416317 ROUGE-1 F1: 0.4423
2025-04-24 16:15:26,152 - INFO - Paper 46416317 ROUGE-2 F1: 0.0948
2025-04-24 16:15:26,152 - INFO - Paper 46416317 ROUGE-L F1: 0.2065
2025-04-24 16:15:26,236 - INFO - Successfully processed paper 46416317
2025-04-24 16:15:26,236 - INFO - Processing paper 82387857
2025-04-24 16:15:26,250 - INFO - Paper 82387857: 739 sentences, Summary: 36 sentences
2025-04-24 16:15:26,250 - INFO - Encoding 739 paper sentences
2025-04-24 16:15:26,675 - INFO - Using default tokenizer.
2025-04-24 16:15:26,861 - INFO - Paper 82387857 ROUGE-1 F1: 0.7073
2025-04-24 16:15:26,861 - INFO - Paper 82387857 ROUGE-2 F1: 0.4176
2025-04-24 16:15:26,861 - INFO - Paper 82387857 ROUGE-L F1: 0.4749
2025-04-24 16:15:26,957 - INFO - Successfully processed paper 82387857
2025-04-24 16:15:26,958 - INFO - Processing paper 55048906
2025-04-24 16:15:26,965 - INFO - Paper 55048906: 156 sentences, Summary: 31 sentences
2025-04-24 16:15:26,965 - INFO - Encoding 156 paper sentences
2025-04-24 16:15:27,195 - INFO - Using default tokenizer.
2025-04-24 16:15:27,276 - INFO - Paper 55048906 ROUGE-1 F1: 0.4641
2025-04-24 16:15:27,276 - INFO - Paper 55048906 ROUGE-2 F1: 0.1214
2025-04-24 16:15:27,277 - INFO - Paper 55048906 ROUGE-L F1: 0.2199
2025-04-24 16:15:27,361 - INFO - Successfully processed paper 55048906
2025-04-24 16:15:27,362 - INFO - Processing paper 80004741
2025-04-24 16:15:27,366 - INFO - Paper 80004741: 260 sentences, Summary: 11 sentences
2025-04-24 16:15:27,366 - INFO - Encoding 260 paper sentences
2025-04-24 16:15:27,554 - INFO - Using default tokenizer.
2025-04-24 16:15:27,565 - INFO - Paper 80004741 ROUGE-1 F1: 0.4475
2025-04-24 16:15:27,565 - INFO - Paper 80004741 ROUGE-2 F1: 0.0889
2025-04-24 16:15:27,565 - INFO - Paper 80004741 ROUGE-L F1: 0.2210
2025-04-24 16:15:27,649 - INFO - Successfully processed paper 80004741
2025-04-24 16:15:27,649 - INFO - Processing paper 87041789
2025-04-24 16:15:27,668 - INFO - Paper 87041789: 812 sentences, Summary: 50 sentences
2025-04-24 16:15:27,668 - INFO - Encoding 812 paper sentences
2025-04-24 16:15:28,195 - INFO - Using default tokenizer.
2025-04-24 16:15:28,675 - INFO - Paper 87041789 ROUGE-1 F1: 0.6869
2025-04-24 16:15:28,675 - INFO - Paper 87041789 ROUGE-2 F1: 0.3818
2025-04-24 16:15:28,675 - INFO - Paper 87041789 ROUGE-L F1: 0.4297
2025-04-24 16:15:28,759 - INFO - Successfully processed paper 87041789
2025-04-24 16:15:28,759 - INFO - Processing paper 21532550
2025-04-24 16:15:28,764 - INFO - Paper 21532550: 244 sentences, Summary: 10 sentences
2025-04-24 16:15:28,764 - INFO - Encoding 244 paper sentences
2025-04-24 16:15:28,916 - INFO - Using default tokenizer.
2025-04-24 16:15:28,939 - INFO - Paper 21532550 ROUGE-1 F1: 0.4831
2025-04-24 16:15:28,939 - INFO - Paper 21532550 ROUGE-2 F1: 0.1165
2025-04-24 16:15:28,939 - INFO - Paper 21532550 ROUGE-L F1: 0.2247
2025-04-24 16:15:29,035 - INFO - Successfully processed paper 21532550
2025-04-24 16:15:29,035 - INFO - Skipping 59963771 - not in valid IDs
2025-04-24 16:15:29,035 - INFO - Processing paper 26105266
2025-04-24 16:15:29,039 - INFO - Paper 26105266: 164 sentences, Summary: 62 sentences
2025-04-24 16:15:29,039 - INFO - Encoding 164 paper sentences
2025-04-24 16:15:29,405 - INFO - Using default tokenizer.
2025-04-24 16:15:29,769 - INFO - Paper 26105266 ROUGE-1 F1: 0.4790
2025-04-24 16:15:29,769 - INFO - Paper 26105266 ROUGE-2 F1: 0.1244
2025-04-24 16:15:29,769 - INFO - Paper 26105266 ROUGE-L F1: 0.2031
2025-04-24 16:15:29,868 - INFO - Successfully processed paper 26105266
2025-04-24 16:15:29,868 - INFO - Processing paper 32338938
2025-04-24 16:15:29,885 - INFO - Paper 32338938: 383 sentences, Summary: 50 sentences
2025-04-24 16:15:29,885 - INFO - Encoding 383 paper sentences
2025-04-24 16:15:30,287 - INFO - Using default tokenizer.
2025-04-24 16:15:30,727 - INFO - Paper 32338938 ROUGE-1 F1: 0.7252
2025-04-24 16:15:30,727 - INFO - Paper 32338938 ROUGE-2 F1: 0.4784
2025-04-24 16:15:30,727 - INFO - Paper 32338938 ROUGE-L F1: 0.5266
2025-04-24 16:15:30,828 - INFO - Successfully processed paper 32338938
2025-04-24 16:15:30,829 - INFO - Processing paper 63531440
2025-04-24 16:15:30,838 - INFO - Paper 63531440: 223 sentences, Summary: 12 sentences
2025-04-24 16:15:30,838 - INFO - Encoding 223 paper sentences
2025-04-24 16:15:31,004 - INFO - Using default tokenizer.
2025-04-24 16:15:31,038 - INFO - Paper 63531440 ROUGE-1 F1: 0.4793
2025-04-24 16:15:31,038 - INFO - Paper 63531440 ROUGE-2 F1: 0.1157
2025-04-24 16:15:31,038 - INFO - Paper 63531440 ROUGE-L F1: 0.2130
2025-04-24 16:15:31,123 - INFO - Successfully processed paper 63531440
2025-04-24 16:15:31,124 - INFO - Processing paper 26473847
2025-04-24 16:15:31,128 - INFO - Paper 26473847: 216 sentences, Summary: 32 sentences
2025-04-24 16:15:31,128 - INFO - Encoding 216 paper sentences
2025-04-24 16:15:31,355 - INFO - Using default tokenizer.
2025-04-24 16:15:31,449 - INFO - Paper 26473847 ROUGE-1 F1: 0.4277
2025-04-24 16:15:31,449 - INFO - Paper 26473847 ROUGE-2 F1: 0.0885
2025-04-24 16:15:31,449 - INFO - Paper 26473847 ROUGE-L F1: 0.2130
2025-04-24 16:15:31,579 - INFO - Successfully processed paper 26473847
2025-04-24 16:15:31,580 - INFO - Processing paper 54139177
2025-04-24 16:15:31,587 - INFO - Paper 54139177: 408 sentences, Summary: 24 sentences
2025-04-24 16:15:31,587 - INFO - Encoding 408 paper sentences
2025-04-24 16:15:31,902 - INFO - Using default tokenizer.
2025-04-24 16:15:31,999 - INFO - Paper 54139177 ROUGE-1 F1: 0.6860
2025-04-24 16:15:32,000 - INFO - Paper 54139177 ROUGE-2 F1: 0.4411
2025-04-24 16:15:32,000 - INFO - Paper 54139177 ROUGE-L F1: 0.5000
2025-04-24 16:15:32,110 - INFO - Successfully processed paper 54139177
2025-04-24 16:15:32,111 - INFO - Processing paper 98238949
2025-04-24 16:15:32,116 - INFO - Paper 98238949: 230 sentences, Summary: 24 sentences
2025-04-24 16:15:32,116 - INFO - Encoding 230 paper sentences
2025-04-24 16:15:32,312 - INFO - Using default tokenizer.
2025-04-24 16:15:32,394 - INFO - Paper 98238949 ROUGE-1 F1: 0.5803
2025-04-24 16:15:32,394 - INFO - Paper 98238949 ROUGE-2 F1: 0.2367
2025-04-24 16:15:32,394 - INFO - Paper 98238949 ROUGE-L F1: 0.3233
2025-04-24 16:15:32,504 - INFO - Successfully processed paper 98238949
2025-04-24 16:15:32,505 - INFO - Processing paper 47798365
2025-04-24 16:15:32,514 - INFO - Paper 47798365: 215 sentences, Summary: 8 sentences
2025-04-24 16:15:32,514 - INFO - Encoding 215 paper sentences
2025-04-24 16:15:32,661 - INFO - Using default tokenizer.
2025-04-24 16:15:32,669 - INFO - Paper 47798365 ROUGE-1 F1: 0.4286
2025-04-24 16:15:32,669 - INFO - Paper 47798365 ROUGE-2 F1: 0.0616
2025-04-24 16:15:32,669 - INFO - Paper 47798365 ROUGE-L F1: 0.2041
2025-04-24 16:15:32,781 - INFO - Successfully processed paper 47798365
2025-04-24 16:15:32,782 - INFO - Skipping 8240954 - not in valid IDs
2025-04-24 16:15:32,783 - INFO - Processing paper 68399070
2025-04-24 16:15:32,802 - INFO - Paper 68399070: 330 sentences, Summary: 68 sentences
2025-04-24 16:15:32,803 - INFO - Encoding 330 paper sentences
2025-04-24 16:15:33,238 - INFO - Using default tokenizer.
2025-04-24 16:15:33,744 - INFO - Paper 68399070 ROUGE-1 F1: 0.5534
2025-04-24 16:15:33,745 - INFO - Paper 68399070 ROUGE-2 F1: 0.1502
2025-04-24 16:15:33,745 - INFO - Paper 68399070 ROUGE-L F1: 0.2338
2025-04-24 16:15:33,860 - INFO - Successfully processed paper 68399070
2025-04-24 16:15:33,860 - INFO - Processing paper 76514111
2025-04-24 16:15:33,865 - INFO - Paper 76514111: 91 sentences, Summary: 25 sentences
2025-04-24 16:15:33,865 - INFO - Encoding 91 paper sentences
2025-04-24 16:15:34,026 - INFO - Using default tokenizer.
2025-04-24 16:15:34,090 - INFO - Paper 76514111 ROUGE-1 F1: 0.3695
2025-04-24 16:15:34,090 - INFO - Paper 76514111 ROUGE-2 F1: 0.0931
2025-04-24 16:15:34,090 - INFO - Paper 76514111 ROUGE-L F1: 0.2208
2025-04-24 16:15:34,189 - INFO - Successfully processed paper 76514111
2025-04-24 16:15:34,189 - INFO - Processing paper 69537377
2025-04-24 16:15:34,191 - INFO - Paper 69537377: 94 sentences, Summary: 11 sentences
2025-04-24 16:15:34,191 - INFO - Encoding 94 paper sentences
2025-04-24 16:15:34,289 - INFO - Using default tokenizer.
2025-04-24 16:15:34,310 - INFO - Paper 69537377 ROUGE-1 F1: 0.5469
2025-04-24 16:15:34,310 - INFO - Paper 69537377 ROUGE-2 F1: 0.1804
2025-04-24 16:15:34,310 - INFO - Paper 69537377 ROUGE-L F1: 0.3516
2025-04-24 16:15:34,424 - INFO - Successfully processed paper 69537377
2025-04-24 16:15:34,424 - INFO - Processing paper 91637218
2025-04-24 16:15:34,429 - INFO - Paper 91637218: 266 sentences, Summary: 29 sentences
2025-04-24 16:15:34,429 - INFO - Encoding 266 paper sentences
2025-04-24 16:15:34,668 - INFO - Using default tokenizer.
2025-04-24 16:15:34,798 - INFO - Paper 91637218 ROUGE-1 F1: 0.6125
2025-04-24 16:15:34,798 - INFO - Paper 91637218 ROUGE-2 F1: 0.1963
2025-04-24 16:15:34,798 - INFO - Paper 91637218 ROUGE-L F1: 0.3116
2025-04-24 16:15:34,912 - INFO - Successfully processed paper 91637218
2025-04-24 16:15:34,913 - INFO - Processing paper 25710556
2025-04-24 16:15:34,929 - INFO - Paper 25710556: 280 sentences, Summary: 77 sentences
2025-04-24 16:15:34,929 - INFO - Encoding 280 paper sentences
2025-04-24 16:15:35,439 - INFO - Using default tokenizer.
2025-04-24 16:15:36,081 - INFO - Paper 25710556 ROUGE-1 F1: 0.5256
2025-04-24 16:15:36,081 - INFO - Paper 25710556 ROUGE-2 F1: 0.1488
2025-04-24 16:15:36,081 - INFO - Paper 25710556 ROUGE-L F1: 0.2295
2025-04-24 16:15:36,199 - INFO - Successfully processed paper 25710556
2025-04-24 16:15:36,199 - INFO - Processing paper 23242120
2025-04-24 16:15:36,208 - INFO - Paper 23242120: 231 sentences, Summary: 18 sentences
2025-04-24 16:15:36,208 - INFO - Encoding 231 paper sentences
2025-04-24 16:15:36,433 - INFO - Using default tokenizer.
2025-04-24 16:15:36,486 - INFO - Paper 23242120 ROUGE-1 F1: 0.4845
2025-04-24 16:15:36,486 - INFO - Paper 23242120 ROUGE-2 F1: 0.0981
2025-04-24 16:15:36,486 - INFO - Paper 23242120 ROUGE-L F1: 0.1885
2025-04-24 16:15:36,603 - INFO - Successfully processed paper 23242120
2025-04-24 16:15:36,603 - INFO - Processing paper 88049354
2025-04-24 16:15:36,608 - INFO - Paper 88049354: 255 sentences, Summary: 35 sentences
2025-04-24 16:15:36,608 - INFO - Encoding 255 paper sentences
2025-04-24 16:15:36,853 - INFO - Using default tokenizer.
2025-04-24 16:15:36,960 - INFO - Paper 88049354 ROUGE-1 F1: 0.4297
2025-04-24 16:15:36,960 - INFO - Paper 88049354 ROUGE-2 F1: 0.1100
2025-04-24 16:15:36,960 - INFO - Paper 88049354 ROUGE-L F1: 0.2068
2025-04-24 16:15:37,066 - INFO - Successfully processed paper 88049354
2025-04-24 16:15:37,067 - INFO - Processing paper 8264189
2025-04-24 16:15:37,078 - INFO - Paper 8264189: 266 sentences, Summary: 39 sentences
2025-04-24 16:15:37,078 - INFO - Encoding 266 paper sentences
2025-04-24 16:15:37,384 - INFO - Using default tokenizer.
2025-04-24 16:15:37,587 - INFO - Paper 8264189 ROUGE-1 F1: 0.6298
2025-04-24 16:15:37,587 - INFO - Paper 8264189 ROUGE-2 F1: 0.2154
2025-04-24 16:15:37,587 - INFO - Paper 8264189 ROUGE-L F1: 0.2909
2025-04-24 16:15:37,691 - INFO - Successfully processed paper 8264189
2025-04-24 16:15:37,692 - INFO - Processing paper 59320034
2025-04-24 16:15:37,702 - INFO - Paper 59320034: 260 sentences, Summary: 26 sentences
2025-04-24 16:15:37,702 - INFO - Encoding 260 paper sentences
2025-04-24 16:15:37,999 - INFO - Using default tokenizer.
2025-04-24 16:15:38,164 - INFO - Paper 59320034 ROUGE-1 F1: 0.5307
2025-04-24 16:15:38,164 - INFO - Paper 59320034 ROUGE-2 F1: 0.1931
2025-04-24 16:15:38,164 - INFO - Paper 59320034 ROUGE-L F1: 0.2744
2025-04-24 16:15:38,275 - INFO - Successfully processed paper 59320034
2025-04-24 16:15:38,276 - INFO - Processing paper 69467563
2025-04-24 16:15:38,282 - INFO - Paper 69467563: 322 sentences, Summary: 44 sentences
2025-04-24 16:15:38,282 - INFO - Encoding 322 paper sentences
2025-04-24 16:15:38,633 - INFO - Using default tokenizer.
2025-04-24 16:15:39,000 - INFO - Paper 69467563 ROUGE-1 F1: 0.6182
2025-04-24 16:15:39,000 - INFO - Paper 69467563 ROUGE-2 F1: 0.3314
2025-04-24 16:15:39,000 - INFO - Paper 69467563 ROUGE-L F1: 0.4038
2025-04-24 16:15:39,103 - INFO - Successfully processed paper 69467563
2025-04-24 16:15:39,104 - INFO - Processing paper 22127536
2025-04-24 16:15:39,106 - INFO - Paper 22127536: 110 sentences, Summary: 18 sentences
2025-04-24 16:15:39,106 - INFO - Encoding 110 paper sentences
2025-04-24 16:15:39,244 - INFO - Using default tokenizer.
2025-04-24 16:15:39,306 - INFO - Paper 22127536 ROUGE-1 F1: 0.6390
2025-04-24 16:15:39,306 - INFO - Paper 22127536 ROUGE-2 F1: 0.3497
2025-04-24 16:15:39,307 - INFO - Paper 22127536 ROUGE-L F1: 0.4362
2025-04-24 16:15:39,399 - INFO - Successfully processed paper 22127536
2025-04-24 16:15:39,399 - INFO - Processing paper 1055799
2025-04-24 16:15:39,408 - INFO - Paper 1055799: 458 sentences, Summary: 18 sentences
2025-04-24 16:15:39,408 - INFO - Encoding 458 paper sentences
2025-04-24 16:15:39,738 - INFO - Using default tokenizer.
2025-04-24 16:15:39,794 - INFO - Paper 1055799 ROUGE-1 F1: 0.5412
2025-04-24 16:15:39,795 - INFO - Paper 1055799 ROUGE-2 F1: 0.1350
2025-04-24 16:15:39,795 - INFO - Paper 1055799 ROUGE-L F1: 0.2439
2025-04-24 16:15:39,885 - INFO - Successfully processed paper 1055799
2025-04-24 16:15:39,885 - INFO - Processing paper 44148071
2025-04-24 16:15:39,900 - INFO - Paper 44148071: 812 sentences, Summary: 35 sentences
2025-04-24 16:15:39,900 - INFO - Encoding 812 paper sentences
2025-04-24 16:15:40,427 - INFO - Using default tokenizer.
2025-04-24 16:15:40,642 - INFO - Paper 44148071 ROUGE-1 F1: 0.5845
2025-04-24 16:15:40,643 - INFO - Paper 44148071 ROUGE-2 F1: 0.1962
2025-04-24 16:15:40,643 - INFO - Paper 44148071 ROUGE-L F1: 0.2441
2025-04-24 16:15:40,747 - INFO - Successfully processed paper 44148071
2025-04-24 16:15:40,747 - INFO - Processing paper 10374612
2025-04-24 16:15:40,755 - INFO - Paper 10374612: 375 sentences, Summary: 29 sentences
2025-04-24 16:15:40,755 - INFO - Encoding 375 paper sentences
2025-04-24 16:15:41,033 - INFO - Using default tokenizer.
2025-04-24 16:15:41,208 - INFO - Paper 10374612 ROUGE-1 F1: 0.7593
2025-04-24 16:15:41,208 - INFO - Paper 10374612 ROUGE-2 F1: 0.5626
2025-04-24 16:15:41,208 - INFO - Paper 10374612 ROUGE-L F1: 0.6262
2025-04-24 16:15:41,324 - INFO - Successfully processed paper 10374612
2025-04-24 16:15:41,324 - INFO - Processing paper 16280529
2025-04-24 16:15:41,325 - INFO - Paper 16280529: 36 sentences, Summary: 21 sentences
2025-04-24 16:15:41,325 - INFO - Encoding 36 paper sentences
2025-04-24 16:15:41,498 - INFO - Using default tokenizer.
2025-04-24 16:15:41,587 - INFO - Paper 16280529 ROUGE-1 F1: 0.4153
2025-04-24 16:15:41,587 - INFO - Paper 16280529 ROUGE-2 F1: 0.0620
2025-04-24 16:15:41,587 - INFO - Paper 16280529 ROUGE-L F1: 0.1840
2025-04-24 16:15:41,694 - INFO - Successfully processed paper 16280529
2025-04-24 16:15:41,695 - INFO - Processing paper 97932426
2025-04-24 16:15:41,698 - INFO - Paper 97932426: 139 sentences, Summary: 30 sentences
2025-04-24 16:15:41,698 - INFO - Encoding 139 paper sentences
2025-04-24 16:15:41,939 - INFO - Using default tokenizer.
2025-04-24 16:15:42,079 - INFO - Paper 97932426 ROUGE-1 F1: 0.5723
2025-04-24 16:15:42,079 - INFO - Paper 97932426 ROUGE-2 F1: 0.2462
2025-04-24 16:15:42,079 - INFO - Paper 97932426 ROUGE-L F1: 0.3796
2025-04-24 16:15:42,195 - INFO - Successfully processed paper 97932426
2025-04-24 16:15:42,196 - INFO - Processing paper 66226432
2025-04-24 16:15:42,200 - INFO - Paper 66226432: 242 sentences, Summary: 19 sentences
2025-04-24 16:15:42,200 - INFO - Encoding 242 paper sentences
2025-04-24 16:15:42,403 - INFO - Using default tokenizer.
2025-04-24 16:15:42,463 - INFO - Paper 66226432 ROUGE-1 F1: 0.5011
2025-04-24 16:15:42,463 - INFO - Paper 66226432 ROUGE-2 F1: 0.1211
2025-04-24 16:15:42,463 - INFO - Paper 66226432 ROUGE-L F1: 0.1912
2025-04-24 16:15:42,573 - INFO - Successfully processed paper 66226432
2025-04-24 16:15:42,574 - INFO - Processing paper 58308538
2025-04-24 16:15:42,582 - INFO - Paper 58308538: 146 sentences, Summary: 47 sentences
2025-04-24 16:15:42,582 - INFO - Encoding 146 paper sentences
2025-04-24 16:15:42,882 - INFO - Using default tokenizer.
2025-04-24 16:15:43,160 - INFO - Paper 58308538 ROUGE-1 F1: 0.5496
2025-04-24 16:15:43,160 - INFO - Paper 58308538 ROUGE-2 F1: 0.1954
2025-04-24 16:15:43,160 - INFO - Paper 58308538 ROUGE-L F1: 0.2948
2025-04-24 16:15:43,252 - INFO - Successfully processed paper 58308538
2025-04-24 16:15:43,253 - INFO - Processing paper 45765062
2025-04-24 16:15:43,262 - INFO - Paper 45765062: 494 sentences, Summary: 53 sentences
2025-04-24 16:15:43,262 - INFO - Encoding 494 paper sentences
2025-04-24 16:15:43,693 - INFO - Using default tokenizer.
2025-04-24 16:15:44,135 - INFO - Paper 45765062 ROUGE-1 F1: 0.7419
2025-04-24 16:15:44,135 - INFO - Paper 45765062 ROUGE-2 F1: 0.4549
2025-04-24 16:15:44,135 - INFO - Paper 45765062 ROUGE-L F1: 0.5065
2025-04-24 16:15:44,249 - INFO - Successfully processed paper 45765062
2025-04-24 16:15:44,249 - INFO - Processing paper 6827132
2025-04-24 16:15:44,256 - INFO - Paper 6827132: 379 sentences, Summary: 37 sentences
2025-04-24 16:15:44,256 - INFO - Encoding 379 paper sentences
2025-04-24 16:15:44,631 - INFO - Using default tokenizer.
2025-04-24 16:15:44,990 - INFO - Paper 6827132 ROUGE-1 F1: 0.6343
2025-04-24 16:15:44,990 - INFO - Paper 6827132 ROUGE-2 F1: 0.3457
2025-04-24 16:15:44,991 - INFO - Paper 6827132 ROUGE-L F1: 0.4099
2025-04-24 16:15:45,104 - INFO - Successfully processed paper 6827132
2025-04-24 16:15:45,105 - INFO - Processing paper 24000799
2025-04-24 16:15:45,109 - INFO - Paper 24000799: 204 sentences, Summary: 20 sentences
2025-04-24 16:15:45,109 - INFO - Encoding 204 paper sentences
2025-04-24 16:15:45,281 - INFO - Using default tokenizer.
2025-04-24 16:15:45,323 - INFO - Paper 24000799 ROUGE-1 F1: 0.5940
2025-04-24 16:15:45,323 - INFO - Paper 24000799 ROUGE-2 F1: 0.2186
2025-04-24 16:15:45,323 - INFO - Paper 24000799 ROUGE-L F1: 0.3460
2025-04-24 16:15:45,442 - INFO - Successfully processed paper 24000799
2025-04-24 16:15:45,442 - INFO - Processing paper 12239056
2025-04-24 16:15:45,449 - INFO - Paper 12239056: 329 sentences, Summary: 75 sentences
2025-04-24 16:15:45,449 - INFO - Encoding 329 paper sentences
2025-04-24 16:15:45,923 - INFO - Using default tokenizer.
2025-04-24 16:15:46,434 - INFO - Paper 12239056 ROUGE-1 F1: 0.5832
2025-04-24 16:15:46,434 - INFO - Paper 12239056 ROUGE-2 F1: 0.1328
2025-04-24 16:15:46,434 - INFO - Paper 12239056 ROUGE-L F1: 0.2166
2025-04-24 16:15:46,543 - INFO - Successfully processed paper 12239056
2025-04-24 16:15:46,543 - INFO - Processing paper 11112277
2025-04-24 16:15:46,548 - INFO - Paper 11112277: 263 sentences, Summary: 51 sentences
2025-04-24 16:15:46,548 - INFO - Encoding 263 paper sentences
2025-04-24 16:15:46,901 - INFO - Using default tokenizer.
2025-04-24 16:15:47,464 - INFO - Paper 11112277 ROUGE-1 F1: 0.6216
2025-04-24 16:15:47,464 - INFO - Paper 11112277 ROUGE-2 F1: 0.2186
2025-04-24 16:15:47,464 - INFO - Paper 11112277 ROUGE-L F1: 0.2814
2025-04-24 16:15:47,576 - INFO - Successfully processed paper 11112277
2025-04-24 16:15:47,576 - INFO - Processing paper 66357293
2025-04-24 16:15:47,604 - INFO - Paper 66357293: 751 sentences, Summary: 57 sentences
2025-04-24 16:15:47,604 - INFO - Encoding 751 paper sentences
2025-04-24 16:15:48,119 - INFO - Using default tokenizer.
2025-04-24 16:15:48,625 - INFO - Paper 66357293 ROUGE-1 F1: 0.6853
2025-04-24 16:15:48,625 - INFO - Paper 66357293 ROUGE-2 F1: 0.3263
2025-04-24 16:15:48,625 - INFO - Paper 66357293 ROUGE-L F1: 0.3994
2025-04-24 16:15:48,738 - INFO - Successfully processed paper 66357293
2025-04-24 16:15:48,738 - INFO - Processing paper 57613420
2025-04-24 16:15:48,751 - INFO - Paper 57613420: 681 sentences, Summary: 12 sentences
2025-04-24 16:15:48,751 - INFO - Encoding 681 paper sentences
2025-04-24 16:15:49,006 - INFO - Using default tokenizer.
2025-04-24 16:15:49,022 - INFO - Paper 57613420 ROUGE-1 F1: 0.5896
2025-04-24 16:15:49,022 - INFO - Paper 57613420 ROUGE-2 F1: 0.3690
2025-04-24 16:15:49,022 - INFO - Paper 57613420 ROUGE-L F1: 0.4444
2025-04-24 16:15:49,166 - INFO - Successfully processed paper 57613420
2025-04-24 16:15:49,167 - INFO - Processing paper 92451519
2025-04-24 16:15:49,171 - INFO - Paper 92451519: 234 sentences, Summary: 17 sentences
2025-04-24 16:15:49,171 - INFO - Encoding 234 paper sentences
2025-04-24 16:15:49,376 - INFO - Using default tokenizer.
2025-04-24 16:15:49,414 - INFO - Paper 92451519 ROUGE-1 F1: 0.5316
2025-04-24 16:15:49,414 - INFO - Paper 92451519 ROUGE-2 F1: 0.2305
2025-04-24 16:15:49,414 - INFO - Paper 92451519 ROUGE-L F1: 0.3075
2025-04-24 16:15:49,539 - INFO - Successfully processed paper 92451519
2025-04-24 16:15:49,539 - INFO - Processing paper 11790475
2025-04-24 16:15:49,549 - INFO - Paper 11790475: 393 sentences, Summary: 11 sentences
2025-04-24 16:15:49,549 - INFO - Encoding 393 paper sentences
2025-04-24 16:15:49,848 - INFO - Using default tokenizer.
2025-04-24 16:15:49,881 - INFO - Paper 11790475 ROUGE-1 F1: 0.6027
2025-04-24 16:15:49,881 - INFO - Paper 11790475 ROUGE-2 F1: 0.2556
2025-04-24 16:15:49,881 - INFO - Paper 11790475 ROUGE-L F1: 0.3358
2025-04-24 16:15:49,998 - INFO - Successfully processed paper 11790475
2025-04-24 16:15:49,999 - INFO - Processing paper 79305631
2025-04-24 16:15:50,003 - INFO - Paper 79305631: 222 sentences, Summary: 59 sentences
2025-04-24 16:15:50,003 - INFO - Encoding 222 paper sentences
2025-04-24 16:15:50,404 - INFO - Using default tokenizer.
2025-04-24 16:15:50,951 - INFO - Paper 79305631 ROUGE-1 F1: 0.7246
2025-04-24 16:15:50,952 - INFO - Paper 79305631 ROUGE-2 F1: 0.4205
2025-04-24 16:15:50,952 - INFO - Paper 79305631 ROUGE-L F1: 0.4863
2025-04-24 16:15:51,060 - INFO - Successfully processed paper 79305631
2025-04-24 16:15:51,061 - INFO - Processing paper 37479343
2025-04-24 16:15:51,073 - INFO - Paper 37479343: 576 sentences, Summary: 60 sentences
2025-04-24 16:15:51,073 - INFO - Encoding 576 paper sentences
2025-04-24 16:15:51,636 - INFO - Using default tokenizer.
2025-04-24 16:15:52,297 - INFO - Paper 37479343 ROUGE-1 F1: 0.7068
2025-04-24 16:15:52,297 - INFO - Paper 37479343 ROUGE-2 F1: 0.3933
2025-04-24 16:15:52,297 - INFO - Paper 37479343 ROUGE-L F1: 0.4470
2025-04-24 16:15:52,415 - INFO - Successfully processed paper 37479343
2025-04-24 16:15:52,415 - INFO - Processing paper 32533290
2025-04-24 16:15:52,423 - INFO - Paper 32533290: 158 sentences, Summary: 65 sentences
2025-04-24 16:15:52,423 - INFO - Encoding 158 paper sentences
2025-04-24 16:15:52,802 - INFO - Using default tokenizer.
2025-04-24 16:15:53,175 - INFO - Paper 32533290 ROUGE-1 F1: 0.5048
2025-04-24 16:15:53,175 - INFO - Paper 32533290 ROUGE-2 F1: 0.1309
2025-04-24 16:15:53,175 - INFO - Paper 32533290 ROUGE-L F1: 0.2153
2025-04-24 16:15:53,283 - INFO - Successfully processed paper 32533290
2025-04-24 16:15:53,284 - INFO - Processing paper 62302416
2025-04-24 16:15:53,291 - INFO - Paper 62302416: 363 sentences, Summary: 35 sentences
2025-04-24 16:15:53,291 - INFO - Encoding 363 paper sentences
2025-04-24 16:15:53,662 - INFO - Using default tokenizer.
2025-04-24 16:15:53,796 - INFO - Paper 62302416 ROUGE-1 F1: 0.4861
2025-04-24 16:15:53,796 - INFO - Paper 62302416 ROUGE-2 F1: 0.0980
2025-04-24 16:15:53,796 - INFO - Paper 62302416 ROUGE-L F1: 0.1869
2025-04-24 16:15:53,937 - INFO - Successfully processed paper 62302416
2025-04-24 16:15:53,937 - INFO - Processing paper 65062778
2025-04-24 16:15:53,948 - INFO - Paper 65062778: 113 sentences, Summary: 11 sentences
2025-04-24 16:15:53,948 - INFO - Encoding 113 paper sentences
2025-04-24 16:15:54,095 - INFO - Using default tokenizer.
2025-04-24 16:15:54,126 - INFO - Paper 65062778 ROUGE-1 F1: 0.4642
2025-04-24 16:15:54,126 - INFO - Paper 65062778 ROUGE-2 F1: 0.1844
2025-04-24 16:15:54,126 - INFO - Paper 65062778 ROUGE-L F1: 0.2555
2025-04-24 16:15:54,249 - INFO - Successfully processed paper 65062778
2025-04-24 16:15:54,249 - INFO - Processing paper 82220044
2025-04-24 16:15:54,258 - INFO - Paper 82220044: 450 sentences, Summary: 39 sentences
2025-04-24 16:15:54,258 - INFO - Encoding 450 paper sentences
2025-04-24 16:15:54,614 - INFO - Using default tokenizer.
2025-04-24 16:15:54,859 - INFO - Paper 82220044 ROUGE-1 F1: 0.7355
2025-04-24 16:15:54,859 - INFO - Paper 82220044 ROUGE-2 F1: 0.4846
2025-04-24 16:15:54,859 - INFO - Paper 82220044 ROUGE-L F1: 0.5346
2025-04-24 16:15:54,974 - INFO - Successfully processed paper 82220044
2025-04-24 16:15:54,975 - INFO - Processing paper 39570633
2025-04-24 16:15:54,978 - INFO - Paper 39570633: 177 sentences, Summary: 20 sentences
2025-04-24 16:15:54,978 - INFO - Encoding 177 paper sentences
2025-04-24 16:15:55,134 - INFO - Using default tokenizer.
2025-04-24 16:15:55,191 - INFO - Paper 39570633 ROUGE-1 F1: 0.5206
2025-04-24 16:15:55,191 - INFO - Paper 39570633 ROUGE-2 F1: 0.1251
2025-04-24 16:15:55,191 - INFO - Paper 39570633 ROUGE-L F1: 0.2379
2025-04-24 16:15:55,316 - INFO - Successfully processed paper 39570633
2025-04-24 16:15:55,316 - INFO - Processing paper 71225651
2025-04-24 16:15:55,320 - INFO - Paper 71225651: 177 sentences, Summary: 24 sentences
2025-04-24 16:15:55,320 - INFO - Encoding 177 paper sentences
2025-04-24 16:15:55,517 - INFO - Using default tokenizer.
2025-04-24 16:15:55,598 - INFO - Paper 71225651 ROUGE-1 F1: 0.3606
2025-04-24 16:15:55,598 - INFO - Paper 71225651 ROUGE-2 F1: 0.0700
2025-04-24 16:15:55,598 - INFO - Paper 71225651 ROUGE-L F1: 0.1748
2025-04-24 16:15:55,709 - INFO - Successfully processed paper 71225651
2025-04-24 16:15:55,709 - INFO - Processing paper 72529720
2025-04-24 16:15:55,723 - INFO - Paper 72529720: 391 sentences, Summary: 77 sentences
2025-04-24 16:15:55,723 - INFO - Encoding 391 paper sentences
2025-04-24 16:15:56,240 - INFO - Using default tokenizer.
2025-04-24 16:15:56,729 - INFO - Paper 72529720 ROUGE-1 F1: 0.5602
2025-04-24 16:15:56,729 - INFO - Paper 72529720 ROUGE-2 F1: 0.1344
2025-04-24 16:15:56,729 - INFO - Paper 72529720 ROUGE-L F1: 0.2203
2025-04-24 16:15:56,841 - INFO - Successfully processed paper 72529720
2025-04-24 16:15:56,841 - INFO - Processing paper 27321339
2025-04-24 16:15:56,849 - INFO - Paper 27321339: 383 sentences, Summary: 34 sentences
2025-04-24 16:15:56,849 - INFO - Encoding 383 paper sentences
2025-04-24 16:15:57,171 - INFO - Using default tokenizer.
2025-04-24 16:15:57,372 - INFO - Paper 27321339 ROUGE-1 F1: 0.5773
2025-04-24 16:15:57,372 - INFO - Paper 27321339 ROUGE-2 F1: 0.1724
2025-04-24 16:15:57,372 - INFO - Paper 27321339 ROUGE-L F1: 0.2583
2025-04-24 16:15:57,488 - INFO - Successfully processed paper 27321339
2025-04-24 16:15:57,489 - INFO - Processing paper 99878837
2025-04-24 16:15:57,493 - INFO - Paper 99878837: 221 sentences, Summary: 26 sentences
2025-04-24 16:15:57,493 - INFO - Encoding 221 paper sentences
2025-04-24 16:15:57,710 - INFO - Using default tokenizer.
2025-04-24 16:15:57,804 - INFO - Paper 99878837 ROUGE-1 F1: 0.6248
2025-04-24 16:15:57,804 - INFO - Paper 99878837 ROUGE-2 F1: 0.3617
2025-04-24 16:15:57,804 - INFO - Paper 99878837 ROUGE-L F1: 0.4389
2025-04-24 16:15:57,928 - INFO - Successfully processed paper 99878837
2025-04-24 16:15:57,928 - INFO - Processing paper 6777051
2025-04-24 16:15:57,935 - INFO - Paper 6777051: 386 sentences, Summary: 34 sentences
2025-04-24 16:15:57,935 - INFO - Encoding 386 paper sentences
2025-04-24 16:15:58,234 - INFO - Using default tokenizer.
2025-04-24 16:15:58,423 - INFO - Paper 6777051 ROUGE-1 F1: 0.6319
2025-04-24 16:15:58,423 - INFO - Paper 6777051 ROUGE-2 F1: 0.3133
2025-04-24 16:15:58,423 - INFO - Paper 6777051 ROUGE-L F1: 0.4136
2025-04-24 16:15:58,537 - INFO - Successfully processed paper 6777051
2025-04-24 16:15:58,537 - INFO - Processing paper 66099843
2025-04-24 16:15:58,542 - INFO - Paper 66099843: 197 sentences, Summary: 33 sentences
2025-04-24 16:15:58,542 - INFO - Encoding 197 paper sentences
2025-04-24 16:15:58,809 - INFO - Using default tokenizer.
2025-04-24 16:15:58,942 - INFO - Paper 66099843 ROUGE-1 F1: 0.5716
2025-04-24 16:15:58,942 - INFO - Paper 66099843 ROUGE-2 F1: 0.2926
2025-04-24 16:15:58,942 - INFO - Paper 66099843 ROUGE-L F1: 0.3787
2025-04-24 16:15:59,067 - INFO - Successfully processed paper 66099843
2025-04-24 16:15:59,067 - INFO - Processing paper 82626355
2025-04-24 16:15:59,089 - INFO - Paper 82626355: 772 sentences, Summary: 57 sentences
2025-04-24 16:15:59,089 - INFO - Encoding 772 paper sentences
2025-04-24 16:15:59,622 - INFO - Using default tokenizer.
2025-04-24 16:16:00,241 - INFO - Paper 82626355 ROUGE-1 F1: 0.7187
2025-04-24 16:16:00,241 - INFO - Paper 82626355 ROUGE-2 F1: 0.4221
2025-04-24 16:16:00,241 - INFO - Paper 82626355 ROUGE-L F1: 0.4583
2025-04-24 16:16:00,356 - INFO - Successfully processed paper 82626355
2025-04-24 16:16:00,357 - INFO - Processing paper 1873334
2025-04-24 16:16:00,372 - INFO - Paper 1873334: 384 sentences, Summary: 67 sentences
2025-04-24 16:16:00,372 - INFO - Encoding 384 paper sentences
2025-04-24 16:16:00,876 - INFO - Using default tokenizer.
2025-04-24 16:16:01,487 - INFO - Paper 1873334 ROUGE-1 F1: 0.7606
2025-04-24 16:16:01,487 - INFO - Paper 1873334 ROUGE-2 F1: 0.4481
2025-04-24 16:16:01,487 - INFO - Paper 1873334 ROUGE-L F1: 0.4988
2025-04-24 16:16:01,600 - INFO - Successfully processed paper 1873334
2025-04-24 16:16:01,600 - INFO - Processing paper 51458146
2025-04-24 16:16:01,607 - INFO - Paper 51458146: 352 sentences, Summary: 27 sentences
2025-04-24 16:16:01,607 - INFO - Encoding 352 paper sentences
2025-04-24 16:16:01,872 - INFO - Using default tokenizer.
2025-04-24 16:16:01,975 - INFO - Paper 51458146 ROUGE-1 F1: 0.6185
2025-04-24 16:16:01,976 - INFO - Paper 51458146 ROUGE-2 F1: 0.3132
2025-04-24 16:16:01,976 - INFO - Paper 51458146 ROUGE-L F1: 0.4095
2025-04-24 16:16:02,103 - INFO - Successfully processed paper 51458146
2025-04-24 16:16:02,104 - INFO - Skipping 27264933 - not in valid IDs
2025-04-24 16:16:02,104 - INFO - Processing paper 40774761
2025-04-24 16:16:02,114 - INFO - Paper 40774761: 429 sentences, Summary: 5 sentences
2025-04-24 16:16:02,114 - INFO - Encoding 429 paper sentences
2025-04-24 16:16:02,309 - INFO - Using default tokenizer.
2025-04-24 16:16:02,319 - INFO - Paper 40774761 ROUGE-1 F1: 0.4000
2025-04-24 16:16:02,319 - INFO - Paper 40774761 ROUGE-2 F1: 0.1176
2025-04-24 16:16:02,319 - INFO - Paper 40774761 ROUGE-L F1: 0.2215
2025-04-24 16:16:02,433 - INFO - Successfully processed paper 40774761
2025-04-24 16:16:02,434 - INFO - Processing paper 1907968
2025-04-24 16:16:02,436 - INFO - Paper 1907968: 90 sentences, Summary: 35 sentences
2025-04-24 16:16:02,436 - INFO - Encoding 90 paper sentences
2025-04-24 16:16:02,653 - INFO - Using default tokenizer.
2025-04-24 16:16:02,767 - INFO - Paper 1907968 ROUGE-1 F1: 0.4224
2025-04-24 16:16:02,767 - INFO - Paper 1907968 ROUGE-2 F1: 0.1042
2025-04-24 16:16:02,768 - INFO - Paper 1907968 ROUGE-L F1: 0.1872
2025-04-24 16:16:02,894 - INFO - Successfully processed paper 1907968
2025-04-24 16:16:02,894 - INFO - Processing paper 71546396
2025-04-24 16:16:02,903 - INFO - Paper 71546396: 478 sentences, Summary: 51 sentences
2025-04-24 16:16:02,903 - INFO - Encoding 478 paper sentences
2025-04-24 16:16:03,338 - INFO - Using default tokenizer.
2025-04-24 16:16:03,901 - INFO - Paper 71546396 ROUGE-1 F1: 0.6844
2025-04-24 16:16:03,901 - INFO - Paper 71546396 ROUGE-2 F1: 0.3540
2025-04-24 16:16:03,901 - INFO - Paper 71546396 ROUGE-L F1: 0.4019
2025-04-24 16:16:04,016 - INFO - Successfully processed paper 71546396
2025-04-24 16:16:04,016 - INFO - Processing paper 80421460
2025-04-24 16:16:04,025 - INFO - Paper 80421460: 465 sentences, Summary: 43 sentences
2025-04-24 16:16:04,025 - INFO - Encoding 465 paper sentences
2025-04-24 16:16:04,435 - INFO - Using default tokenizer.
2025-04-24 16:16:04,757 - INFO - Paper 80421460 ROUGE-1 F1: 0.7117
2025-04-24 16:16:04,758 - INFO - Paper 80421460 ROUGE-2 F1: 0.4612
2025-04-24 16:16:04,758 - INFO - Paper 80421460 ROUGE-L F1: 0.4933
2025-04-24 16:16:04,877 - INFO - Successfully processed paper 80421460
2025-04-24 16:16:04,877 - INFO - Skipping 79091650 - not in valid IDs
2025-04-24 16:16:04,877 - INFO - Processing paper 24824894
2025-04-24 16:16:04,883 - INFO - Paper 24824894: 319 sentences, Summary: 53 sentences
2025-04-24 16:16:04,883 - INFO - Encoding 319 paper sentences
2025-04-24 16:16:05,310 - INFO - Using default tokenizer.
2025-04-24 16:16:05,810 - INFO - Paper 24824894 ROUGE-1 F1: 0.6651
2025-04-24 16:16:05,810 - INFO - Paper 24824894 ROUGE-2 F1: 0.3309
2025-04-24 16:16:05,811 - INFO - Paper 24824894 ROUGE-L F1: 0.3875
2025-04-24 16:16:05,931 - INFO - Successfully processed paper 24824894
2025-04-24 16:16:05,932 - INFO - Processing paper 47698609
2025-04-24 16:16:05,934 - INFO - Paper 47698609: 98 sentences, Summary: 25 sentences
2025-04-24 16:16:05,934 - INFO - Encoding 98 paper sentences
2025-04-24 16:16:06,153 - INFO - Using default tokenizer.
2025-04-24 16:16:06,294 - INFO - Paper 47698609 ROUGE-1 F1: 0.5600
2025-04-24 16:16:06,294 - INFO - Paper 47698609 ROUGE-2 F1: 0.1395
2025-04-24 16:16:06,294 - INFO - Paper 47698609 ROUGE-L F1: 0.2163
2025-04-24 16:16:06,438 - INFO - Successfully processed paper 47698609
2025-04-24 16:16:06,438 - INFO - Processing paper 25766140
2025-04-24 16:16:06,447 - INFO - Paper 25766140: 440 sentences, Summary: 52 sentences
2025-04-24 16:16:06,447 - INFO - Encoding 440 paper sentences
2025-04-24 16:16:06,917 - INFO - Using default tokenizer.
2025-04-24 16:16:07,367 - INFO - Paper 25766140 ROUGE-1 F1: 0.7270
2025-04-24 16:16:07,367 - INFO - Paper 25766140 ROUGE-2 F1: 0.4169
2025-04-24 16:16:07,367 - INFO - Paper 25766140 ROUGE-L F1: 0.4640
2025-04-24 16:16:07,487 - INFO - Successfully processed paper 25766140
2025-04-24 16:16:07,487 - INFO - Processing paper 8799962
2025-04-24 16:16:07,494 - INFO - Paper 8799962: 303 sentences, Summary: 16 sentences
2025-04-24 16:16:07,494 - INFO - Encoding 303 paper sentences
2025-04-24 16:16:07,724 - INFO - Using default tokenizer.
2025-04-24 16:16:07,778 - INFO - Paper 8799962 ROUGE-1 F1: 0.5386
2025-04-24 16:16:07,778 - INFO - Paper 8799962 ROUGE-2 F1: 0.1521
2025-04-24 16:16:07,778 - INFO - Paper 8799962 ROUGE-L F1: 0.2521
2025-04-24 16:16:07,931 - INFO - Successfully processed paper 8799962
2025-04-24 16:16:07,931 - INFO - Skipping 74374635 - not in valid IDs
2025-04-24 16:16:07,931 - INFO - Processing paper 65756728
2025-04-24 16:16:07,938 - INFO - Paper 65756728: 317 sentences, Summary: 43 sentences
2025-04-24 16:16:07,938 - INFO - Encoding 317 paper sentences
2025-04-24 16:16:08,283 - INFO - Using default tokenizer.
2025-04-24 16:16:08,665 - INFO - Paper 65756728 ROUGE-1 F1: 0.6240
2025-04-24 16:16:08,665 - INFO - Paper 65756728 ROUGE-2 F1: 0.1995
2025-04-24 16:16:08,665 - INFO - Paper 65756728 ROUGE-L F1: 0.2724
2025-04-24 16:16:08,781 - INFO - Successfully processed paper 65756728
2025-04-24 16:16:08,782 - INFO - Processing paper 49519055
2025-04-24 16:16:08,790 - INFO - Paper 49519055: 443 sentences, Summary: 12 sentences
2025-04-24 16:16:08,790 - INFO - Encoding 443 paper sentences
2025-04-24 16:16:08,967 - INFO - Using default tokenizer.
2025-04-24 16:16:08,986 - INFO - Paper 49519055 ROUGE-1 F1: 0.4389
2025-04-24 16:16:08,986 - INFO - Paper 49519055 ROUGE-2 F1: 0.1164
2025-04-24 16:16:08,986 - INFO - Paper 49519055 ROUGE-L F1: 0.2112
2025-04-24 16:16:09,108 - INFO - Successfully processed paper 49519055
2025-04-24 16:16:09,108 - INFO - Processing paper 4830217
2025-04-24 16:16:09,118 - INFO - Paper 4830217: 453 sentences, Summary: 43 sentences
2025-04-24 16:16:09,118 - INFO - Encoding 453 paper sentences
2025-04-24 16:16:09,509 - INFO - Using default tokenizer.
2025-04-24 16:16:09,966 - INFO - Paper 4830217 ROUGE-1 F1: 0.8156
2025-04-24 16:16:09,966 - INFO - Paper 4830217 ROUGE-2 F1: 0.6268
2025-04-24 16:16:09,966 - INFO - Paper 4830217 ROUGE-L F1: 0.6568
2025-04-24 16:16:10,092 - INFO - Successfully processed paper 4830217
2025-04-24 16:16:10,092 - INFO - Processing paper 66681632
2025-04-24 16:16:10,099 - INFO - Paper 66681632: 345 sentences, Summary: 37 sentences
2025-04-24 16:16:10,099 - INFO - Encoding 345 paper sentences
2025-04-24 16:16:10,396 - INFO - Using default tokenizer.
2025-04-24 16:16:10,503 - INFO - Paper 66681632 ROUGE-1 F1: 0.4869
2025-04-24 16:16:10,503 - INFO - Paper 66681632 ROUGE-2 F1: 0.1169
2025-04-24 16:16:10,503 - INFO - Paper 66681632 ROUGE-L F1: 0.2164
2025-04-24 16:16:10,634 - INFO - Successfully processed paper 66681632
2025-04-24 16:16:10,634 - INFO - Processing paper 60887948
2025-04-24 16:16:10,638 - INFO - Paper 60887948: 222 sentences, Summary: 29 sentences
2025-04-24 16:16:10,639 - INFO - Encoding 222 paper sentences
2025-04-24 16:16:10,890 - INFO - Using default tokenizer.
2025-04-24 16:16:11,026 - INFO - Paper 60887948 ROUGE-1 F1: 0.6204
2025-04-24 16:16:11,026 - INFO - Paper 60887948 ROUGE-2 F1: 0.2500
2025-04-24 16:16:11,026 - INFO - Paper 60887948 ROUGE-L F1: 0.3338
2025-04-24 16:16:11,150 - INFO - Successfully processed paper 60887948
2025-04-24 16:16:11,150 - INFO - Processing paper 21145042
2025-04-24 16:16:11,165 - INFO - Paper 21145042: 546 sentences, Summary: 62 sentences
2025-04-24 16:16:11,165 - INFO - Encoding 546 paper sentences
2025-04-24 16:16:11,674 - INFO - Using default tokenizer.
2025-04-24 16:16:12,112 - INFO - Paper 21145042 ROUGE-1 F1: 0.6156
2025-04-24 16:16:12,112 - INFO - Paper 21145042 ROUGE-2 F1: 0.2883
2025-04-24 16:16:12,112 - INFO - Paper 21145042 ROUGE-L F1: 0.3440
2025-04-24 16:16:12,305 - INFO - Successfully processed paper 21145042
2025-04-24 16:16:12,305 - INFO - Processing paper 10218080
2025-04-24 16:16:12,311 - INFO - Paper 10218080: 274 sentences, Summary: 15 sentences
2025-04-24 16:16:12,311 - INFO - Encoding 274 paper sentences
2025-04-24 16:16:12,561 - INFO - Using default tokenizer.
2025-04-24 16:16:12,609 - INFO - Paper 10218080 ROUGE-1 F1: 0.5197
2025-04-24 16:16:12,609 - INFO - Paper 10218080 ROUGE-2 F1: 0.1635
2025-04-24 16:16:12,609 - INFO - Paper 10218080 ROUGE-L F1: 0.2217
2025-04-24 16:16:12,740 - INFO - Successfully processed paper 10218080
2025-04-24 16:16:12,740 - INFO - Processing paper 6726365
2025-04-24 16:16:12,747 - INFO - Paper 6726365: 336 sentences, Summary: 28 sentences
2025-04-24 16:16:12,747 - INFO - Encoding 336 paper sentences
2025-04-24 16:16:13,012 - INFO - Using default tokenizer.
2025-04-24 16:16:13,143 - INFO - Paper 6726365 ROUGE-1 F1: 0.3712
2025-04-24 16:16:13,143 - INFO - Paper 6726365 ROUGE-2 F1: 0.0728
2025-04-24 16:16:13,143 - INFO - Paper 6726365 ROUGE-L F1: 0.1606
2025-04-24 16:16:13,264 - INFO - Successfully processed paper 6726365
2025-04-24 16:16:13,265 - INFO - Processing paper 98781755
2025-04-24 16:16:13,269 - INFO - Paper 98781755: 243 sentences, Summary: 14 sentences
2025-04-24 16:16:13,269 - INFO - Encoding 243 paper sentences
2025-04-24 16:16:13,437 - INFO - Using default tokenizer.
2025-04-24 16:16:13,482 - INFO - Paper 98781755 ROUGE-1 F1: 0.5515
2025-04-24 16:16:13,482 - INFO - Paper 98781755 ROUGE-2 F1: 0.2248
2025-04-24 16:16:13,482 - INFO - Paper 98781755 ROUGE-L F1: 0.3351
2025-04-24 16:16:13,614 - INFO - Successfully processed paper 98781755
2025-04-24 16:16:13,614 - INFO - Processing paper 72922440
2025-04-24 16:16:13,620 - INFO - Paper 72922440: 285 sentences, Summary: 45 sentences
2025-04-24 16:16:13,620 - INFO - Encoding 285 paper sentences
2025-04-24 16:16:13,942 - INFO - Using default tokenizer.
2025-04-24 16:16:14,117 - INFO - Paper 72922440 ROUGE-1 F1: 0.5579
2025-04-24 16:16:14,117 - INFO - Paper 72922440 ROUGE-2 F1: 0.1406
2025-04-24 16:16:14,117 - INFO - Paper 72922440 ROUGE-L F1: 0.2471
2025-04-24 16:16:14,260 - INFO - Successfully processed paper 72922440
2025-04-24 16:16:14,260 - INFO - Processing paper 97381495
2025-04-24 16:16:14,271 - INFO - Paper 97381495: 546 sentences, Summary: 58 sentences
2025-04-24 16:16:14,271 - INFO - Encoding 546 paper sentences
2025-04-24 16:16:14,727 - INFO - Using default tokenizer.
2025-04-24 16:16:15,186 - INFO - Paper 97381495 ROUGE-1 F1: 0.8227
2025-04-24 16:16:15,187 - INFO - Paper 97381495 ROUGE-2 F1: 0.6443
2025-04-24 16:16:15,187 - INFO - Paper 97381495 ROUGE-L F1: 0.6677
2025-04-24 16:16:15,308 - INFO - Successfully processed paper 97381495
2025-04-24 16:16:15,309 - INFO - Processing paper 70889889
2025-04-24 16:16:15,312 - INFO - Paper 70889889: 158 sentences, Summary: 41 sentences
2025-04-24 16:16:15,312 - INFO - Encoding 158 paper sentences
2025-04-24 16:16:15,586 - INFO - Using default tokenizer.
2025-04-24 16:16:15,755 - INFO - Paper 70889889 ROUGE-1 F1: 0.4148
2025-04-24 16:16:15,755 - INFO - Paper 70889889 ROUGE-2 F1: 0.0856
2025-04-24 16:16:15,755 - INFO - Paper 70889889 ROUGE-L F1: 0.1835
2025-04-24 16:16:15,890 - INFO - Successfully processed paper 70889889
2025-04-24 16:16:15,890 - INFO - Processing paper 39382584
2025-04-24 16:16:15,894 - INFO - Paper 39382584: 218 sentences, Summary: 44 sentences
2025-04-24 16:16:15,894 - INFO - Encoding 218 paper sentences
2025-04-24 16:16:16,217 - INFO - Using default tokenizer.
2025-04-24 16:16:16,326 - INFO - Paper 39382584 ROUGE-1 F1: 0.4483
2025-04-24 16:16:16,326 - INFO - Paper 39382584 ROUGE-2 F1: 0.1135
2025-04-24 16:16:16,326 - INFO - Paper 39382584 ROUGE-L F1: 0.2299
2025-04-24 16:16:16,452 - INFO - Successfully processed paper 39382584
2025-04-24 16:16:16,452 - INFO - Processing paper 26277001
2025-04-24 16:16:16,463 - INFO - Paper 26277001: 458 sentences, Summary: 31 sentences
2025-04-24 16:16:16,463 - INFO - Encoding 458 paper sentences
2025-04-24 16:16:16,776 - INFO - Using default tokenizer.
2025-04-24 16:16:16,894 - INFO - Paper 26277001 ROUGE-1 F1: 0.7286
2025-04-24 16:16:16,895 - INFO - Paper 26277001 ROUGE-2 F1: 0.4165
2025-04-24 16:16:16,895 - INFO - Paper 26277001 ROUGE-L F1: 0.4635
2025-04-24 16:16:17,030 - INFO - Successfully processed paper 26277001
2025-04-24 16:16:17,030 - INFO - Processing paper 36679338
2025-04-24 16:16:17,037 - INFO - Paper 36679338: 360 sentences, Summary: 10 sentences
2025-04-24 16:16:17,037 - INFO - Encoding 360 paper sentences
2025-04-24 16:16:17,221 - INFO - Using default tokenizer.
2025-04-24 16:16:17,237 - INFO - Paper 36679338 ROUGE-1 F1: 0.4989
2025-04-24 16:16:17,237 - INFO - Paper 36679338 ROUGE-2 F1: 0.2371
2025-04-24 16:16:17,237 - INFO - Paper 36679338 ROUGE-L F1: 0.3430
2025-04-24 16:16:17,362 - INFO - Successfully processed paper 36679338
2025-04-24 16:16:17,362 - INFO - Processing paper 87411149
2025-04-24 16:16:17,378 - INFO - Paper 87411149: 694 sentences, Summary: 60 sentences
2025-04-24 16:16:17,378 - INFO - Encoding 694 paper sentences
2025-04-24 16:16:17,924 - INFO - Using default tokenizer.
2025-04-24 16:16:18,440 - INFO - Paper 87411149 ROUGE-1 F1: 0.7932
2025-04-24 16:16:18,440 - INFO - Paper 87411149 ROUGE-2 F1: 0.5702
2025-04-24 16:16:18,440 - INFO - Paper 87411149 ROUGE-L F1: 0.6174
2025-04-24 16:16:18,566 - INFO - Successfully processed paper 87411149
2025-04-24 16:16:18,566 - INFO - Processing paper 16027177
2025-04-24 16:16:18,574 - INFO - Paper 16027177: 386 sentences, Summary: 62 sentences
2025-04-24 16:16:18,574 - INFO - Encoding 386 paper sentences
2025-04-24 16:16:19,036 - INFO - Using default tokenizer.
2025-04-24 16:16:19,620 - INFO - Paper 16027177 ROUGE-1 F1: 0.5987
2025-04-24 16:16:19,620 - INFO - Paper 16027177 ROUGE-2 F1: 0.2090
2025-04-24 16:16:19,620 - INFO - Paper 16027177 ROUGE-L F1: 0.3015
2025-04-24 16:16:19,752 - INFO - Successfully processed paper 16027177
2025-04-24 16:16:19,752 - INFO - Processing paper 75952682
2025-04-24 16:16:19,796 - INFO - Paper 75952682: 2122 sentences, Summary: 36 sentences
2025-04-24 16:16:19,796 - INFO - Encoding 2122 paper sentences
2025-04-24 16:16:20,830 - INFO - Using default tokenizer.
2025-04-24 16:16:20,943 - INFO - Paper 75952682 ROUGE-1 F1: 0.4637
2025-04-24 16:16:20,943 - INFO - Paper 75952682 ROUGE-2 F1: 0.0969
2025-04-24 16:16:20,943 - INFO - Paper 75952682 ROUGE-L F1: 0.2202
2025-04-24 16:16:21,072 - INFO - Successfully processed paper 75952682
2025-04-24 16:16:21,073 - INFO - Processing paper 42045072
2025-04-24 16:16:21,077 - INFO - Paper 42045072: 207 sentences, Summary: 28 sentences
2025-04-24 16:16:21,077 - INFO - Encoding 207 paper sentences
2025-04-24 16:16:21,299 - INFO - Using default tokenizer.
2025-04-24 16:16:21,363 - INFO - Paper 42045072 ROUGE-1 F1: 0.3961
2025-04-24 16:16:21,363 - INFO - Paper 42045072 ROUGE-2 F1: 0.0698
2025-04-24 16:16:21,363 - INFO - Paper 42045072 ROUGE-L F1: 0.1850
2025-04-24 16:16:21,501 - INFO - Successfully processed paper 42045072
2025-04-24 16:16:21,501 - INFO - Processing paper 86423785
2025-04-24 16:16:21,505 - INFO - Paper 86423785: 220 sentences, Summary: 23 sentences
2025-04-24 16:16:21,505 - INFO - Encoding 220 paper sentences
2025-04-24 16:16:21,698 - INFO - Using default tokenizer.
2025-04-24 16:16:21,798 - INFO - Paper 86423785 ROUGE-1 F1: 0.6523
2025-04-24 16:16:21,798 - INFO - Paper 86423785 ROUGE-2 F1: 0.3086
2025-04-24 16:16:21,798 - INFO - Paper 86423785 ROUGE-L F1: 0.4165
2025-04-24 16:16:21,922 - INFO - Successfully processed paper 86423785
2025-04-24 16:16:21,922 - INFO - Processing paper 50388820
2025-04-24 16:16:21,932 - INFO - Paper 50388820: 519 sentences, Summary: 64 sentences
2025-04-24 16:16:21,932 - INFO - Encoding 519 paper sentences
2025-04-24 16:16:22,450 - INFO - Using default tokenizer.
2025-04-24 16:16:23,011 - INFO - Paper 50388820 ROUGE-1 F1: 0.7296
2025-04-24 16:16:23,011 - INFO - Paper 50388820 ROUGE-2 F1: 0.4156
2025-04-24 16:16:23,011 - INFO - Paper 50388820 ROUGE-L F1: 0.4708
2025-04-24 16:16:23,172 - INFO - Successfully processed paper 50388820
2025-04-24 16:16:23,172 - INFO - Processing paper 82821959
2025-04-24 16:16:23,180 - INFO - Paper 82821959: 406 sentences, Summary: 36 sentences
2025-04-24 16:16:23,180 - INFO - Encoding 406 paper sentences
2025-04-24 16:16:23,535 - INFO - Using default tokenizer.
2025-04-24 16:16:23,731 - INFO - Paper 82821959 ROUGE-1 F1: 0.6581
2025-04-24 16:16:23,731 - INFO - Paper 82821959 ROUGE-2 F1: 0.3944
2025-04-24 16:16:23,732 - INFO - Paper 82821959 ROUGE-L F1: 0.4599
2025-04-24 16:16:23,858 - INFO - Successfully processed paper 82821959
2025-04-24 16:16:23,858 - INFO - Processing paper 92908954
2025-04-24 16:16:23,865 - INFO - Paper 92908954: 377 sentences, Summary: 33 sentences
2025-04-24 16:16:23,865 - INFO - Encoding 377 paper sentences
2025-04-24 16:16:24,184 - INFO - Using default tokenizer.
2025-04-24 16:16:24,507 - INFO - Paper 92908954 ROUGE-1 F1: 0.7147
2025-04-24 16:16:24,507 - INFO - Paper 92908954 ROUGE-2 F1: 0.4966
2025-04-24 16:16:24,507 - INFO - Paper 92908954 ROUGE-L F1: 0.5484
2025-04-24 16:16:24,653 - INFO - Successfully processed paper 92908954
2025-04-24 16:16:24,653 - INFO - Processing paper 11481096
2025-04-24 16:16:24,657 - INFO - Paper 11481096: 222 sentences, Summary: 14 sentences
2025-04-24 16:16:24,657 - INFO - Encoding 222 paper sentences
2025-04-24 16:16:24,803 - INFO - Using default tokenizer.
2025-04-24 16:16:24,837 - INFO - Paper 11481096 ROUGE-1 F1: 0.5825
2025-04-24 16:16:24,837 - INFO - Paper 11481096 ROUGE-2 F1: 0.1937
2025-04-24 16:16:24,837 - INFO - Paper 11481096 ROUGE-L F1: 0.2982
2025-04-24 16:16:24,964 - INFO - Successfully processed paper 11481096
2025-04-24 16:16:24,964 - INFO - Processing paper 65102009
2025-04-24 16:16:24,970 - INFO - Paper 65102009: 312 sentences, Summary: 33 sentences
2025-04-24 16:16:24,970 - INFO - Encoding 312 paper sentences
2025-04-24 16:16:25,270 - INFO - Using default tokenizer.
2025-04-24 16:16:25,410 - INFO - Paper 65102009 ROUGE-1 F1: 0.5986
2025-04-24 16:16:25,410 - INFO - Paper 65102009 ROUGE-2 F1: 0.2651
2025-04-24 16:16:25,410 - INFO - Paper 65102009 ROUGE-L F1: 0.3583
2025-04-24 16:16:25,550 - INFO - Successfully processed paper 65102009
2025-04-24 16:16:25,550 - INFO - Processing paper 19050347
2025-04-24 16:16:25,557 - INFO - Paper 19050347: 114 sentences, Summary: 31 sentences
2025-04-24 16:16:25,557 - INFO - Encoding 114 paper sentences
2025-04-24 16:16:25,782 - INFO - Using default tokenizer.
2025-04-24 16:16:25,909 - INFO - Paper 19050347 ROUGE-1 F1: 0.4592
2025-04-24 16:16:25,909 - INFO - Paper 19050347 ROUGE-2 F1: 0.0847
2025-04-24 16:16:25,909 - INFO - Paper 19050347 ROUGE-L F1: 0.1888
2025-04-24 16:16:26,094 - INFO - Successfully processed paper 19050347
2025-04-24 16:16:26,094 - INFO - Processing paper 90011197
2025-04-24 16:16:26,105 - INFO - Paper 90011197: 450 sentences, Summary: 18 sentences
2025-04-24 16:16:26,105 - INFO - Encoding 450 paper sentences
2025-04-24 16:16:26,397 - INFO - Using default tokenizer.
2025-04-24 16:16:26,423 - INFO - Paper 90011197 ROUGE-1 F1: 0.3252
2025-04-24 16:16:26,423 - INFO - Paper 90011197 ROUGE-2 F1: 0.0246
2025-04-24 16:16:26,423 - INFO - Paper 90011197 ROUGE-L F1: 0.1503
2025-04-24 16:16:26,564 - INFO - Successfully processed paper 90011197
2025-04-24 16:16:26,564 - INFO - Processing paper 33714440
2025-04-24 16:16:26,568 - INFO - Paper 33714440: 164 sentences, Summary: 57 sentences
2025-04-24 16:16:26,568 - INFO - Encoding 164 paper sentences
2025-04-24 16:16:26,898 - INFO - Using default tokenizer.
2025-04-24 16:16:27,541 - INFO - Paper 33714440 ROUGE-1 F1: 0.6983
2025-04-24 16:16:27,541 - INFO - Paper 33714440 ROUGE-2 F1: 0.4221
2025-04-24 16:16:27,541 - INFO - Paper 33714440 ROUGE-L F1: 0.4783
2025-04-24 16:16:27,691 - INFO - Successfully processed paper 33714440
2025-04-24 16:16:27,692 - INFO - Processing paper 23942242
2025-04-24 16:16:27,697 - INFO - Paper 23942242: 240 sentences, Summary: 43 sentences
2025-04-24 16:16:27,697 - INFO - Encoding 240 paper sentences
2025-04-24 16:16:27,997 - INFO - Using default tokenizer.
2025-04-24 16:16:28,478 - INFO - Paper 23942242 ROUGE-1 F1: 0.7077
2025-04-24 16:16:28,478 - INFO - Paper 23942242 ROUGE-2 F1: 0.3989
2025-04-24 16:16:28,478 - INFO - Paper 23942242 ROUGE-L F1: 0.4472
2025-04-24 16:16:28,624 - INFO - Successfully processed paper 23942242
2025-04-24 16:16:28,624 - INFO - Processing paper 7415123
2025-04-24 16:16:28,628 - INFO - Paper 7415123: 168 sentences, Summary: 26 sentences
2025-04-24 16:16:28,628 - INFO - Encoding 168 paper sentences
2025-04-24 16:16:28,851 - INFO - Using default tokenizer.
2025-04-24 16:16:28,988 - INFO - Paper 7415123 ROUGE-1 F1: 0.5669
2025-04-24 16:16:28,988 - INFO - Paper 7415123 ROUGE-2 F1: 0.2351
2025-04-24 16:16:28,988 - INFO - Paper 7415123 ROUGE-L F1: 0.2792
2025-04-24 16:16:29,162 - INFO - Successfully processed paper 7415123
2025-04-24 16:16:29,162 - INFO - Processing paper 61603670
2025-04-24 16:16:29,170 - INFO - Paper 61603670: 399 sentences, Summary: 49 sentences
2025-04-24 16:16:29,170 - INFO - Encoding 399 paper sentences
2025-04-24 16:16:29,563 - INFO - Using default tokenizer.
2025-04-24 16:16:29,878 - INFO - Paper 61603670 ROUGE-1 F1: 0.7513
2025-04-24 16:16:29,878 - INFO - Paper 61603670 ROUGE-2 F1: 0.5471
2025-04-24 16:16:29,878 - INFO - Paper 61603670 ROUGE-L F1: 0.6036
2025-04-24 16:16:30,019 - INFO - Successfully processed paper 61603670
2025-04-24 16:16:30,020 - INFO - Processing paper 51450104
2025-04-24 16:16:30,029 - INFO - Paper 51450104: 155 sentences, Summary: 20 sentences
2025-04-24 16:16:30,029 - INFO - Encoding 155 paper sentences
2025-04-24 16:16:30,213 - INFO - Using default tokenizer.
2025-04-24 16:16:30,281 - INFO - Paper 51450104 ROUGE-1 F1: 0.5281
2025-04-24 16:16:30,281 - INFO - Paper 51450104 ROUGE-2 F1: 0.2083
2025-04-24 16:16:30,281 - INFO - Paper 51450104 ROUGE-L F1: 0.3056
2025-04-24 16:16:30,430 - INFO - Successfully processed paper 51450104
2025-04-24 16:16:30,430 - INFO - Processing paper 46342402
2025-04-24 16:16:30,438 - INFO - Paper 46342402: 236 sentences, Summary: 41 sentences
2025-04-24 16:16:30,438 - INFO - Encoding 236 paper sentences
2025-04-24 16:16:30,784 - INFO - Using default tokenizer.
2025-04-24 16:16:30,959 - INFO - Paper 46342402 ROUGE-1 F1: 0.4651
2025-04-24 16:16:30,959 - INFO - Paper 46342402 ROUGE-2 F1: 0.1015
2025-04-24 16:16:30,959 - INFO - Paper 46342402 ROUGE-L F1: 0.1901
2025-04-24 16:16:31,123 - INFO - Successfully processed paper 46342402
2025-04-24 16:16:31,124 - INFO - Processing paper 12711637
2025-04-24 16:16:31,134 - INFO - Paper 12711637: 103 sentences, Summary: 15 sentences
2025-04-24 16:16:31,134 - INFO - Encoding 103 paper sentences
2025-04-24 16:16:31,252 - INFO - Using default tokenizer.
2025-04-24 16:16:31,298 - INFO - Paper 12711637 ROUGE-1 F1: 0.6052
2025-04-24 16:16:31,298 - INFO - Paper 12711637 ROUGE-2 F1: 0.2318
2025-04-24 16:16:31,298 - INFO - Paper 12711637 ROUGE-L F1: 0.3247
2025-04-24 16:16:31,442 - INFO - Successfully processed paper 12711637
2025-04-24 16:16:31,442 - INFO - Processing paper 61580548
2025-04-24 16:16:31,448 - INFO - Paper 61580548: 302 sentences, Summary: 36 sentences
2025-04-24 16:16:31,448 - INFO - Encoding 302 paper sentences
2025-04-24 16:16:31,713 - INFO - Using default tokenizer.
2025-04-24 16:16:31,886 - INFO - Paper 61580548 ROUGE-1 F1: 0.5910
2025-04-24 16:16:31,886 - INFO - Paper 61580548 ROUGE-2 F1: 0.2388
2025-04-24 16:16:31,886 - INFO - Paper 61580548 ROUGE-L F1: 0.3346
2025-04-24 16:16:32,051 - INFO - Successfully processed paper 61580548
2025-04-24 16:16:32,052 - INFO - Processing paper 15084340
2025-04-24 16:16:32,076 - INFO - Paper 15084340: 267 sentences, Summary: 50 sentences
2025-04-24 16:16:32,076 - INFO - Encoding 267 paper sentences
2025-04-24 16:16:32,464 - INFO - Using default tokenizer.
2025-04-24 16:16:33,209 - INFO - Paper 15084340 ROUGE-1 F1: 0.7308
2025-04-24 16:16:33,209 - INFO - Paper 15084340 ROUGE-2 F1: 0.5406
2025-04-24 16:16:33,209 - INFO - Paper 15084340 ROUGE-L F1: 0.5563
2025-04-24 16:16:33,374 - INFO - Successfully processed paper 15084340
2025-04-24 16:16:33,375 - INFO - Processing paper 69013017
2025-04-24 16:16:33,386 - INFO - Paper 69013017: 198 sentences, Summary: 62 sentences
2025-04-24 16:16:33,386 - INFO - Encoding 198 paper sentences
2025-04-24 16:16:33,773 - INFO - Using default tokenizer.
2025-04-24 16:16:34,105 - INFO - Paper 69013017 ROUGE-1 F1: 0.5009
2025-04-24 16:16:34,105 - INFO - Paper 69013017 ROUGE-2 F1: 0.1149
2025-04-24 16:16:34,105 - INFO - Paper 69013017 ROUGE-L F1: 0.2167
2025-04-24 16:16:34,244 - INFO - Successfully processed paper 69013017
2025-04-24 16:16:34,244 - INFO - Processing paper 87885377
2025-04-24 16:16:34,248 - INFO - Paper 87885377: 207 sentences, Summary: 38 sentences
2025-04-24 16:16:34,248 - INFO - Encoding 207 paper sentences
2025-04-24 16:16:34,497 - INFO - Using default tokenizer.
2025-04-24 16:16:34,714 - INFO - Paper 87885377 ROUGE-1 F1: 0.6557
2025-04-24 16:16:34,714 - INFO - Paper 87885377 ROUGE-2 F1: 0.2953
2025-04-24 16:16:34,714 - INFO - Paper 87885377 ROUGE-L F1: 0.3619
2025-04-24 16:16:34,859 - INFO - Successfully processed paper 87885377
2025-04-24 16:16:34,860 - INFO - Processing paper 69119323
2025-04-24 16:16:34,863 - INFO - Paper 69119323: 198 sentences, Summary: 14 sentences
2025-04-24 16:16:34,863 - INFO - Encoding 198 paper sentences
2025-04-24 16:16:35,014 - INFO - Using default tokenizer.
2025-04-24 16:16:35,038 - INFO - Paper 69119323 ROUGE-1 F1: 0.4159
2025-04-24 16:16:35,038 - INFO - Paper 69119323 ROUGE-2 F1: 0.0399
2025-04-24 16:16:35,039 - INFO - Paper 69119323 ROUGE-L F1: 0.1700
2025-04-24 16:16:35,183 - INFO - Successfully processed paper 69119323
2025-04-24 16:16:35,184 - INFO - Processing paper 15765418
2025-04-24 16:16:35,189 - INFO - Paper 15765418: 284 sentences, Summary: 18 sentences
2025-04-24 16:16:35,189 - INFO - Encoding 284 paper sentences
2025-04-24 16:16:35,430 - INFO - Using default tokenizer.
2025-04-24 16:16:35,488 - INFO - Paper 15765418 ROUGE-1 F1: 0.4498
2025-04-24 16:16:35,489 - INFO - Paper 15765418 ROUGE-2 F1: 0.0902
2025-04-24 16:16:35,489 - INFO - Paper 15765418 ROUGE-L F1: 0.2030
2025-04-24 16:16:35,641 - INFO - Successfully processed paper 15765418
2025-04-24 16:16:35,641 - INFO - Processing paper 47686356
2025-04-24 16:16:35,646 - INFO - Paper 47686356: 270 sentences, Summary: 28 sentences
2025-04-24 16:16:35,646 - INFO - Encoding 270 paper sentences
2025-04-24 16:16:35,889 - INFO - Using default tokenizer.
2025-04-24 16:16:36,019 - INFO - Paper 47686356 ROUGE-1 F1: 0.3049
2025-04-24 16:16:36,019 - INFO - Paper 47686356 ROUGE-2 F1: 0.0363
2025-04-24 16:16:36,019 - INFO - Paper 47686356 ROUGE-L F1: 0.1358
2025-04-24 16:16:36,167 - INFO - Successfully processed paper 47686356
2025-04-24 16:16:36,167 - INFO - Processing paper 42443464
2025-04-24 16:16:36,171 - INFO - Paper 42443464: 171 sentences, Summary: 24 sentences
2025-04-24 16:16:36,171 - INFO - Encoding 171 paper sentences
2025-04-24 16:16:36,404 - INFO - Using default tokenizer.
2025-04-24 16:16:36,530 - INFO - Paper 42443464 ROUGE-1 F1: 0.5955
2025-04-24 16:16:36,531 - INFO - Paper 42443464 ROUGE-2 F1: 0.1967
2025-04-24 16:16:36,531 - INFO - Paper 42443464 ROUGE-L F1: 0.2697
2025-04-24 16:16:36,689 - INFO - Successfully processed paper 42443464
2025-04-24 16:16:36,689 - INFO - Processing paper 77737945
2025-04-24 16:16:36,698 - INFO - Paper 77737945: 184 sentences, Summary: 20 sentences
2025-04-24 16:16:36,698 - INFO - Encoding 184 paper sentences
2025-04-24 16:16:36,908 - INFO - Using default tokenizer.
2025-04-24 16:16:36,964 - INFO - Paper 77737945 ROUGE-1 F1: 0.4764
2025-04-24 16:16:36,964 - INFO - Paper 77737945 ROUGE-2 F1: 0.0969
2025-04-24 16:16:36,964 - INFO - Paper 77737945 ROUGE-L F1: 0.2232
2025-04-24 16:16:37,110 - INFO - Successfully processed paper 77737945
2025-04-24 16:16:37,110 - INFO - Processing paper 83248182
2025-04-24 16:16:37,115 - INFO - Paper 83248182: 260 sentences, Summary: 11 sentences
2025-04-24 16:16:37,115 - INFO - Encoding 260 paper sentences
2025-04-24 16:16:37,334 - INFO - Using default tokenizer.
2025-04-24 16:16:37,356 - INFO - Paper 83248182 ROUGE-1 F1: 0.3103
2025-04-24 16:16:37,356 - INFO - Paper 83248182 ROUGE-2 F1: 0.0231
2025-04-24 16:16:37,356 - INFO - Paper 83248182 ROUGE-L F1: 0.1418
2025-04-24 16:16:37,509 - INFO - Successfully processed paper 83248182
2025-04-24 16:16:37,510 - INFO - Processing paper 66302705
2025-04-24 16:16:37,517 - INFO - Paper 66302705: 377 sentences, Summary: 54 sentences
2025-04-24 16:16:37,517 - INFO - Encoding 377 paper sentences
2025-04-24 16:16:37,941 - INFO - Using default tokenizer.
2025-04-24 16:16:38,527 - INFO - Paper 66302705 ROUGE-1 F1: 0.6356
2025-04-24 16:16:38,527 - INFO - Paper 66302705 ROUGE-2 F1: 0.2504
2025-04-24 16:16:38,527 - INFO - Paper 66302705 ROUGE-L F1: 0.3203
2025-04-24 16:16:38,681 - INFO - Successfully processed paper 66302705
2025-04-24 16:16:38,681 - INFO - Processing paper 18958324
2025-04-24 16:16:38,689 - INFO - Paper 18958324: 387 sentences, Summary: 50 sentences
2025-04-24 16:16:38,689 - INFO - Encoding 387 paper sentences
2025-04-24 16:16:39,065 - INFO - Using default tokenizer.
2025-04-24 16:16:39,392 - INFO - Paper 18958324 ROUGE-1 F1: 0.5418
2025-04-24 16:16:39,392 - INFO - Paper 18958324 ROUGE-2 F1: 0.1419
2025-04-24 16:16:39,392 - INFO - Paper 18958324 ROUGE-L F1: 0.2075
2025-04-24 16:16:39,549 - INFO - Successfully processed paper 18958324
2025-04-24 16:16:39,549 - INFO - Skipping 74977893 - not in valid IDs
2025-04-24 16:16:39,549 - INFO - Processing paper 48141212
2025-04-24 16:16:39,557 - INFO - Paper 48141212: 390 sentences, Summary: 57 sentences
2025-04-24 16:16:39,557 - INFO - Encoding 390 paper sentences
2025-04-24 16:16:39,948 - INFO - Using default tokenizer.
2025-04-24 16:16:40,529 - INFO - Paper 48141212 ROUGE-1 F1: 0.7844
2025-04-24 16:16:40,529 - INFO - Paper 48141212 ROUGE-2 F1: 0.5537
2025-04-24 16:16:40,529 - INFO - Paper 48141212 ROUGE-L F1: 0.5983
2025-04-24 16:16:40,685 - INFO - Successfully processed paper 48141212
2025-04-24 16:16:40,685 - INFO - Processing paper 16973657
2025-04-24 16:16:40,690 - INFO - Paper 16973657: 239 sentences, Summary: 18 sentences
2025-04-24 16:16:40,690 - INFO - Encoding 239 paper sentences
2025-04-24 16:16:40,894 - INFO - Using default tokenizer.
2025-04-24 16:16:40,965 - INFO - Paper 16973657 ROUGE-1 F1: 0.5477
2025-04-24 16:16:40,965 - INFO - Paper 16973657 ROUGE-2 F1: 0.1973
2025-04-24 16:16:40,965 - INFO - Paper 16973657 ROUGE-L F1: 0.2626
2025-04-24 16:16:41,110 - INFO - Successfully processed paper 16973657
2025-04-24 16:16:41,110 - INFO - Skipping 63993374 - not in valid IDs
2025-04-24 16:16:41,111 - INFO - Processing paper 84655302
2025-04-24 16:16:41,120 - INFO - Paper 84655302: 457 sentences, Summary: 51 sentences
2025-04-24 16:16:41,120 - INFO - Encoding 457 paper sentences
2025-04-24 16:16:41,555 - INFO - Using default tokenizer.
2025-04-24 16:16:42,021 - INFO - Paper 84655302 ROUGE-1 F1: 0.7492
2025-04-24 16:16:42,021 - INFO - Paper 84655302 ROUGE-2 F1: 0.4371
2025-04-24 16:16:42,021 - INFO - Paper 84655302 ROUGE-L F1: 0.5016
2025-04-24 16:16:42,207 - INFO - Successfully processed paper 84655302
2025-04-24 16:16:42,207 - INFO - Processing paper 64175585
2025-04-24 16:16:42,230 - INFO - Paper 64175585: 653 sentences, Summary: 42 sentences
2025-04-24 16:16:42,230 - INFO - Encoding 653 paper sentences
2025-04-24 16:16:42,608 - INFO - Using default tokenizer.
2025-04-24 16:16:42,889 - INFO - Paper 64175585 ROUGE-1 F1: 0.6541
2025-04-24 16:16:42,889 - INFO - Paper 64175585 ROUGE-2 F1: 0.2927
2025-04-24 16:16:42,889 - INFO - Paper 64175585 ROUGE-L F1: 0.3719
2025-04-24 16:16:43,055 - INFO - Successfully processed paper 64175585
2025-04-24 16:16:43,056 - INFO - Processing paper 59277766
2025-04-24 16:16:43,069 - INFO - Paper 59277766: 335 sentences, Summary: 38 sentences
2025-04-24 16:16:43,069 - INFO - Encoding 335 paper sentences
2025-04-24 16:16:43,338 - INFO - Using default tokenizer.
2025-04-24 16:16:43,568 - INFO - Paper 59277766 ROUGE-1 F1: 0.7290
2025-04-24 16:16:43,568 - INFO - Paper 59277766 ROUGE-2 F1: 0.4608
2025-04-24 16:16:43,568 - INFO - Paper 59277766 ROUGE-L F1: 0.5295
2025-04-24 16:16:43,722 - INFO - Successfully processed paper 59277766
2025-04-24 16:16:43,723 - INFO - Processing paper 93060618
2025-04-24 16:16:43,728 - INFO - Paper 93060618: 274 sentences, Summary: 27 sentences
2025-04-24 16:16:43,728 - INFO - Encoding 274 paper sentences
2025-04-24 16:16:43,938 - INFO - Using default tokenizer.
2025-04-24 16:16:43,976 - INFO - Paper 93060618 ROUGE-1 F1: 0.4108
2025-04-24 16:16:43,976 - INFO - Paper 93060618 ROUGE-2 F1: 0.1087
2025-04-24 16:16:43,976 - INFO - Paper 93060618 ROUGE-L F1: 0.2425
2025-04-24 16:16:44,124 - INFO - Successfully processed paper 93060618
2025-04-24 16:16:44,125 - INFO - Processing paper 47723293
2025-04-24 16:16:44,138 - INFO - Paper 47723293: 252 sentences, Summary: 37 sentences
2025-04-24 16:16:44,138 - INFO - Encoding 252 paper sentences
2025-04-24 16:16:44,398 - INFO - Using default tokenizer.
2025-04-24 16:16:44,511 - INFO - Paper 47723293 ROUGE-1 F1: 0.4763
2025-04-24 16:16:44,511 - INFO - Paper 47723293 ROUGE-2 F1: 0.1294
2025-04-24 16:16:44,511 - INFO - Paper 47723293 ROUGE-L F1: 0.2257
2025-04-24 16:16:44,661 - INFO - Successfully processed paper 47723293
2025-04-24 16:16:44,661 - INFO - Processing paper 75389943
2025-04-24 16:16:44,666 - INFO - Paper 75389943: 270 sentences, Summary: 25 sentences
2025-04-24 16:16:44,667 - INFO - Encoding 270 paper sentences
2025-04-24 16:16:44,919 - INFO - Using default tokenizer.
2025-04-24 16:16:45,026 - INFO - Paper 75389943 ROUGE-1 F1: 0.5821
2025-04-24 16:16:45,026 - INFO - Paper 75389943 ROUGE-2 F1: 0.2458
2025-04-24 16:16:45,026 - INFO - Paper 75389943 ROUGE-L F1: 0.3532
2025-04-24 16:16:45,214 - INFO - Successfully processed paper 75389943
2025-04-24 16:16:45,214 - INFO - Processing paper 11006232
2025-04-24 16:16:45,224 - INFO - Paper 11006232: 454 sentences, Summary: 34 sentences
2025-04-24 16:16:45,224 - INFO - Encoding 454 paper sentences
2025-04-24 16:16:45,525 - INFO - Using default tokenizer.
2025-04-24 16:16:45,657 - INFO - Paper 11006232 ROUGE-1 F1: 0.6921
2025-04-24 16:16:45,657 - INFO - Paper 11006232 ROUGE-2 F1: 0.4876
2025-04-24 16:16:45,657 - INFO - Paper 11006232 ROUGE-L F1: 0.5603
2025-04-24 16:16:45,809 - INFO - Successfully processed paper 11006232
2025-04-24 16:16:45,810 - INFO - Processing paper 65595064
2025-04-24 16:16:45,829 - INFO - Paper 65595064: 375 sentences, Summary: 50 sentences
2025-04-24 16:16:45,829 - INFO - Encoding 375 paper sentences
2025-04-24 16:16:46,217 - INFO - Using default tokenizer.
2025-04-24 16:16:46,722 - INFO - Paper 65595064 ROUGE-1 F1: 0.7091
2025-04-24 16:16:46,722 - INFO - Paper 65595064 ROUGE-2 F1: 0.4037
2025-04-24 16:16:46,722 - INFO - Paper 65595064 ROUGE-L F1: 0.4705
2025-04-24 16:16:46,891 - INFO - Successfully processed paper 65595064
2025-04-24 16:16:46,892 - INFO - Processing paper 91812941
2025-04-24 16:16:46,903 - INFO - Paper 91812941: 330 sentences, Summary: 29 sentences
2025-04-24 16:16:46,903 - INFO - Encoding 330 paper sentences
2025-04-24 16:16:47,201 - INFO - Using default tokenizer.
2025-04-24 16:16:47,293 - INFO - Paper 91812941 ROUGE-1 F1: 0.5815
2025-04-24 16:16:47,293 - INFO - Paper 91812941 ROUGE-2 F1: 0.1748
2025-04-24 16:16:47,293 - INFO - Paper 91812941 ROUGE-L F1: 0.3066
2025-04-24 16:16:47,447 - INFO - Successfully processed paper 91812941
2025-04-24 16:16:47,447 - INFO - Processing paper 78412080
2025-04-24 16:16:47,455 - INFO - Paper 78412080: 381 sentences, Summary: 53 sentences
2025-04-24 16:16:47,455 - INFO - Encoding 381 paper sentences
2025-04-24 16:16:47,851 - INFO - Using default tokenizer.
2025-04-24 16:16:48,419 - INFO - Paper 78412080 ROUGE-1 F1: 0.6976
2025-04-24 16:16:48,419 - INFO - Paper 78412080 ROUGE-2 F1: 0.4115
2025-04-24 16:16:48,419 - INFO - Paper 78412080 ROUGE-L F1: 0.4525
2025-04-24 16:16:48,586 - INFO - Successfully processed paper 78412080
2025-04-24 16:16:48,587 - INFO - Processing paper 33427271
2025-04-24 16:16:48,593 - INFO - Paper 33427271: 313 sentences, Summary: 18 sentences
2025-04-24 16:16:48,593 - INFO - Encoding 313 paper sentences
2025-04-24 16:16:48,840 - INFO - Using default tokenizer.
2025-04-24 16:16:48,908 - INFO - Paper 33427271 ROUGE-1 F1: 0.6198
2025-04-24 16:16:48,908 - INFO - Paper 33427271 ROUGE-2 F1: 0.2946
2025-04-24 16:16:48,908 - INFO - Paper 33427271 ROUGE-L F1: 0.3408
2025-04-24 16:16:49,062 - INFO - Successfully processed paper 33427271
2025-04-24 16:16:49,062 - INFO - Processing paper 11684235
2025-04-24 16:16:49,074 - INFO - Paper 11684235: 282 sentences, Summary: 19 sentences
2025-04-24 16:16:49,074 - INFO - Encoding 282 paper sentences
2025-04-24 16:16:49,287 - INFO - Using default tokenizer.
2025-04-24 16:16:49,386 - INFO - Paper 11684235 ROUGE-1 F1: 0.6146
2025-04-24 16:16:49,386 - INFO - Paper 11684235 ROUGE-2 F1: 0.2887
2025-04-24 16:16:49,386 - INFO - Paper 11684235 ROUGE-L F1: 0.3906
2025-04-24 16:16:49,587 - INFO - Successfully processed paper 11684235
2025-04-24 16:16:49,588 - INFO - Processing paper 11313245
2025-04-24 16:16:49,599 - INFO - Paper 11313245: 510 sentences, Summary: 63 sentences
2025-04-24 16:16:49,599 - INFO - Encoding 510 paper sentences
2025-04-24 16:16:50,080 - INFO - Using default tokenizer.
2025-04-24 16:16:50,754 - INFO - Paper 11313245 ROUGE-1 F1: 0.7759
2025-04-24 16:16:50,755 - INFO - Paper 11313245 ROUGE-2 F1: 0.5397
2025-04-24 16:16:50,755 - INFO - Paper 11313245 ROUGE-L F1: 0.6084
2025-04-24 16:16:50,928 - INFO - Successfully processed paper 11313245
2025-04-24 16:16:50,928 - INFO - Processing paper 30877354
2025-04-24 16:16:50,932 - INFO - Paper 30877354: 157 sentences, Summary: 28 sentences
2025-04-24 16:16:50,932 - INFO - Encoding 157 paper sentences
2025-04-24 16:16:51,126 - INFO - Using default tokenizer.
2025-04-24 16:16:51,198 - INFO - Paper 30877354 ROUGE-1 F1: 0.4954
2025-04-24 16:16:51,198 - INFO - Paper 30877354 ROUGE-2 F1: 0.1430
2025-04-24 16:16:51,198 - INFO - Paper 30877354 ROUGE-L F1: 0.2508
2025-04-24 16:16:51,352 - INFO - Successfully processed paper 30877354
2025-04-24 16:16:51,352 - INFO - Processing paper 22744554
2025-04-24 16:16:51,357 - INFO - Paper 22744554: 216 sentences, Summary: 49 sentences
2025-04-24 16:16:51,357 - INFO - Encoding 216 paper sentences
2025-04-24 16:16:51,682 - INFO - Using default tokenizer.
2025-04-24 16:16:52,051 - INFO - Paper 22744554 ROUGE-1 F1: 0.6302
2025-04-24 16:16:52,052 - INFO - Paper 22744554 ROUGE-2 F1: 0.2708
2025-04-24 16:16:52,052 - INFO - Paper 22744554 ROUGE-L F1: 0.3508
2025-04-24 16:16:52,233 - INFO - Successfully processed paper 22744554
2025-04-24 16:16:52,234 - INFO - Processing paper 22030520
2025-04-24 16:16:52,255 - INFO - Paper 22030520: 451 sentences, Summary: 71 sentences
2025-04-24 16:16:52,255 - INFO - Encoding 451 paper sentences
2025-04-24 16:16:52,774 - INFO - Using default tokenizer.
2025-04-24 16:16:53,379 - INFO - Paper 22030520 ROUGE-1 F1: 0.7397
2025-04-24 16:16:53,379 - INFO - Paper 22030520 ROUGE-2 F1: 0.4304
2025-04-24 16:16:53,380 - INFO - Paper 22030520 ROUGE-L F1: 0.4843
2025-04-24 16:16:53,546 - INFO - Successfully processed paper 22030520
2025-04-24 16:16:53,546 - INFO - Processing paper 75937139
2025-04-24 16:16:53,552 - INFO - Paper 75937139: 332 sentences, Summary: 39 sentences
2025-04-24 16:16:53,552 - INFO - Encoding 332 paper sentences
2025-04-24 16:16:53,840 - INFO - Using default tokenizer.
2025-04-24 16:16:54,049 - INFO - Paper 75937139 ROUGE-1 F1: 0.6006
2025-04-24 16:16:54,049 - INFO - Paper 75937139 ROUGE-2 F1: 0.2141
2025-04-24 16:16:54,049 - INFO - Paper 75937139 ROUGE-L F1: 0.2474
2025-04-24 16:16:54,216 - INFO - Successfully processed paper 75937139
2025-04-24 16:16:54,216 - INFO - Processing paper 1540690
2025-04-24 16:16:54,220 - INFO - Paper 1540690: 212 sentences, Summary: 20 sentences
2025-04-24 16:16:54,220 - INFO - Encoding 212 paper sentences
2025-04-24 16:16:54,422 - INFO - Using default tokenizer.
2025-04-24 16:16:54,482 - INFO - Paper 1540690 ROUGE-1 F1: 0.5536
2025-04-24 16:16:54,482 - INFO - Paper 1540690 ROUGE-2 F1: 0.1857
2025-04-24 16:16:54,482 - INFO - Paper 1540690 ROUGE-L F1: 0.2857
2025-04-24 16:16:54,652 - INFO - Successfully processed paper 1540690
2025-04-24 16:16:54,652 - INFO - Processing paper 4536127
2025-04-24 16:16:54,660 - INFO - Paper 4536127: 385 sentences, Summary: 64 sentences
2025-04-24 16:16:54,660 - INFO - Encoding 385 paper sentences
2025-04-24 16:16:55,119 - INFO - Using default tokenizer.
2025-04-24 16:16:55,688 - INFO - Paper 4536127 ROUGE-1 F1: 0.7474
2025-04-24 16:16:55,688 - INFO - Paper 4536127 ROUGE-2 F1: 0.4412
2025-04-24 16:16:55,688 - INFO - Paper 4536127 ROUGE-L F1: 0.5002
2025-04-24 16:16:55,854 - INFO - Successfully processed paper 4536127
2025-04-24 16:16:55,854 - INFO - Processing paper 16057781
2025-04-24 16:16:55,859 - INFO - Paper 16057781: 270 sentences, Summary: 35 sentences
2025-04-24 16:16:55,859 - INFO - Encoding 270 paper sentences
2025-04-24 16:16:56,132 - INFO - Using default tokenizer.
2025-04-24 16:16:56,327 - INFO - Paper 16057781 ROUGE-1 F1: 0.5621
2025-04-24 16:16:56,327 - INFO - Paper 16057781 ROUGE-2 F1: 0.2183
2025-04-24 16:16:56,327 - INFO - Paper 16057781 ROUGE-L F1: 0.2992
2025-04-24 16:16:56,488 - INFO - Successfully processed paper 16057781
2025-04-24 16:16:56,489 - INFO - Processing paper 263861
2025-04-24 16:16:56,496 - INFO - Paper 263861: 371 sentences, Summary: 61 sentences
2025-04-24 16:16:56,497 - INFO - Encoding 371 paper sentences
2025-04-24 16:16:56,927 - INFO - Using default tokenizer.
2025-04-24 16:16:57,567 - INFO - Paper 263861 ROUGE-1 F1: 0.7696
2025-04-24 16:16:57,568 - INFO - Paper 263861 ROUGE-2 F1: 0.5576
2025-04-24 16:16:57,568 - INFO - Paper 263861 ROUGE-L F1: 0.6067
2025-04-24 16:16:57,736 - INFO - Successfully processed paper 263861
2025-04-24 16:16:57,736 - INFO - Processing paper 90600191
2025-04-24 16:16:57,741 - INFO - Paper 90600191: 234 sentences, Summary: 29 sentences
2025-04-24 16:16:57,741 - INFO - Encoding 234 paper sentences
2025-04-24 16:16:57,985 - INFO - Using default tokenizer.
2025-04-24 16:16:58,120 - INFO - Paper 90600191 ROUGE-1 F1: 0.5091
2025-04-24 16:16:58,121 - INFO - Paper 90600191 ROUGE-2 F1: 0.1841
2025-04-24 16:16:58,121 - INFO - Paper 90600191 ROUGE-L F1: 0.2713
2025-04-24 16:16:58,282 - INFO - Successfully processed paper 90600191
2025-04-24 16:16:58,283 - INFO - Processing paper 81262575
2025-04-24 16:16:58,284 - INFO - Paper 81262575: 56 sentences, Summary: 18 sentences
2025-04-24 16:16:58,284 - INFO - Encoding 56 paper sentences
2025-04-24 16:16:58,414 - INFO - Using default tokenizer.
2025-04-24 16:16:58,485 - INFO - Paper 81262575 ROUGE-1 F1: 0.3685
2025-04-24 16:16:58,485 - INFO - Paper 81262575 ROUGE-2 F1: 0.1019
2025-04-24 16:16:58,485 - INFO - Paper 81262575 ROUGE-L F1: 0.1881
2025-04-24 16:16:58,648 - INFO - Successfully processed paper 81262575
2025-04-24 16:16:58,648 - INFO - Processing paper 35704901
2025-04-24 16:16:58,652 - INFO - Paper 35704901: 229 sentences, Summary: 13 sentences
2025-04-24 16:16:58,652 - INFO - Encoding 229 paper sentences
2025-04-24 16:16:58,790 - INFO - Using default tokenizer.
2025-04-24 16:16:58,826 - INFO - Paper 35704901 ROUGE-1 F1: 0.5584
2025-04-24 16:16:58,826 - INFO - Paper 35704901 ROUGE-2 F1: 0.2161
2025-04-24 16:16:58,826 - INFO - Paper 35704901 ROUGE-L F1: 0.3187
2025-04-24 16:16:59,003 - INFO - Successfully processed paper 35704901
2025-04-24 16:16:59,004 - INFO - Processing paper 85839366
2025-04-24 16:16:59,013 - INFO - Paper 85839366: 443 sentences, Summary: 66 sentences
2025-04-24 16:16:59,013 - INFO - Encoding 443 paper sentences
2025-04-24 16:16:59,498 - INFO - Using default tokenizer.
2025-04-24 16:16:59,971 - INFO - Paper 85839366 ROUGE-1 F1: 0.6799
2025-04-24 16:16:59,971 - INFO - Paper 85839366 ROUGE-2 F1: 0.4000
2025-04-24 16:16:59,971 - INFO - Paper 85839366 ROUGE-L F1: 0.4731
2025-04-24 16:17:00,159 - INFO - Successfully processed paper 85839366
2025-04-24 16:17:00,159 - INFO - Processing paper 69694249
2025-04-24 16:17:00,167 - INFO - Paper 69694249: 450 sentences, Summary: 22 sentences
2025-04-24 16:17:00,167 - INFO - Encoding 450 paper sentences
2025-04-24 16:17:00,493 - INFO - Using default tokenizer.
2025-04-24 16:17:00,584 - INFO - Paper 69694249 ROUGE-1 F1: 0.5751
2025-04-24 16:17:00,584 - INFO - Paper 69694249 ROUGE-2 F1: 0.2546
2025-04-24 16:17:00,584 - INFO - Paper 69694249 ROUGE-L F1: 0.3432
2025-04-24 16:17:00,748 - INFO - Successfully processed paper 69694249
2025-04-24 16:17:00,748 - INFO - Processing paper 44210578
2025-04-24 16:17:00,751 - INFO - Paper 44210578: 100 sentences, Summary: 30 sentences
2025-04-24 16:17:00,751 - INFO - Encoding 100 paper sentences
2025-04-24 16:17:00,956 - INFO - Using default tokenizer.
2025-04-24 16:17:01,083 - INFO - Paper 44210578 ROUGE-1 F1: 0.6120
2025-04-24 16:17:01,083 - INFO - Paper 44210578 ROUGE-2 F1: 0.2273
2025-04-24 16:17:01,083 - INFO - Paper 44210578 ROUGE-L F1: 0.3083
2025-04-24 16:17:01,292 - INFO - Successfully processed paper 44210578
2025-04-24 16:17:01,293 - INFO - Processing paper 39038842
2025-04-24 16:17:01,310 - INFO - Paper 39038842: 420 sentences, Summary: 59 sentences
2025-04-24 16:17:01,310 - INFO - Encoding 420 paper sentences
2025-04-24 16:17:01,730 - INFO - Using default tokenizer.
2025-04-24 16:17:02,298 - INFO - Paper 39038842 ROUGE-1 F1: 0.7414
2025-04-24 16:17:02,298 - INFO - Paper 39038842 ROUGE-2 F1: 0.4365
2025-04-24 16:17:02,298 - INFO - Paper 39038842 ROUGE-L F1: 0.4897
2025-04-24 16:17:02,489 - INFO - Successfully processed paper 39038842
2025-04-24 16:17:02,489 - INFO - Processing paper 81780960
2025-04-24 16:17:02,501 - INFO - Paper 81780960: 410 sentences, Summary: 50 sentences
2025-04-24 16:17:02,501 - INFO - Encoding 410 paper sentences
2025-04-24 16:17:02,918 - INFO - Using default tokenizer.
2025-04-24 16:17:03,472 - INFO - Paper 81780960 ROUGE-1 F1: 0.7328
2025-04-24 16:17:03,472 - INFO - Paper 81780960 ROUGE-2 F1: 0.4458
2025-04-24 16:17:03,472 - INFO - Paper 81780960 ROUGE-L F1: 0.5016
2025-04-24 16:17:03,675 - INFO - Successfully processed paper 81780960
2025-04-24 16:17:03,676 - INFO - Processing paper 5674972
2025-04-24 16:17:03,683 - INFO - Paper 5674972: 375 sentences, Summary: 21 sentences
2025-04-24 16:17:03,683 - INFO - Encoding 375 paper sentences
2025-04-24 16:17:03,916 - INFO - Using default tokenizer.
2025-04-24 16:17:03,987 - INFO - Paper 5674972 ROUGE-1 F1: 0.4854
2025-04-24 16:17:03,988 - INFO - Paper 5674972 ROUGE-2 F1: 0.1572
2025-04-24 16:17:03,988 - INFO - Paper 5674972 ROUGE-L F1: 0.2824
2025-04-24 16:17:04,244 - INFO - Successfully processed paper 5674972
2025-04-24 16:17:04,244 - INFO - Processing paper 81535007
2025-04-24 16:17:04,249 - INFO - Paper 81535007: 266 sentences, Summary: 16 sentences
2025-04-24 16:17:04,249 - INFO - Encoding 266 paper sentences
2025-04-24 16:17:04,458 - INFO - Using default tokenizer.
2025-04-24 16:17:04,515 - INFO - Paper 81535007 ROUGE-1 F1: 0.4919
2025-04-24 16:17:04,515 - INFO - Paper 81535007 ROUGE-2 F1: 0.1256
2025-04-24 16:17:04,515 - INFO - Paper 81535007 ROUGE-L F1: 0.2088
2025-04-24 16:17:04,681 - INFO - Successfully processed paper 81535007
2025-04-24 16:17:04,682 - INFO - Processing paper 68642594
2025-04-24 16:17:04,704 - INFO - Paper 68642594: 615 sentences, Summary: 38 sentences
2025-04-24 16:17:04,704 - INFO - Encoding 615 paper sentences
2025-04-24 16:17:05,069 - INFO - Using default tokenizer.
2025-04-24 16:17:05,301 - INFO - Paper 68642594 ROUGE-1 F1: 0.3328
2025-04-24 16:17:05,301 - INFO - Paper 68642594 ROUGE-2 F1: 0.0438
2025-04-24 16:17:05,301 - INFO - Paper 68642594 ROUGE-L F1: 0.1445
2025-04-24 16:17:05,512 - INFO - Successfully processed paper 68642594
2025-04-24 16:17:05,514 - INFO - Processing paper 11418476
2025-04-24 16:17:05,541 - INFO - Paper 11418476: 290 sentences, Summary: 40 sentences
2025-04-24 16:17:05,541 - INFO - Encoding 290 paper sentences
2025-04-24 16:17:05,880 - INFO - Using default tokenizer.
2025-04-24 16:17:06,067 - INFO - Paper 11418476 ROUGE-1 F1: 0.6469
2025-04-24 16:17:06,067 - INFO - Paper 11418476 ROUGE-2 F1: 0.2689
2025-04-24 16:17:06,067 - INFO - Paper 11418476 ROUGE-L F1: 0.3241
2025-04-24 16:17:06,249 - INFO - Successfully processed paper 11418476
2025-04-24 16:17:06,249 - INFO - Processing paper 30905451
2025-04-24 16:17:06,255 - INFO - Paper 30905451: 270 sentences, Summary: 15 sentences
2025-04-24 16:17:06,255 - INFO - Encoding 270 paper sentences
2025-04-24 16:17:06,452 - INFO - Using default tokenizer.
2025-04-24 16:17:06,489 - INFO - Paper 30905451 ROUGE-1 F1: 0.6599
2025-04-24 16:17:06,489 - INFO - Paper 30905451 ROUGE-2 F1: 0.3120
2025-04-24 16:17:06,489 - INFO - Paper 30905451 ROUGE-L F1: 0.4390
2025-04-24 16:17:06,656 - INFO - Successfully processed paper 30905451
2025-04-24 16:17:06,656 - INFO - Processing paper 24928430
2025-04-24 16:17:06,670 - INFO - Paper 24928430: 747 sentences, Summary: 33 sentences
2025-04-24 16:17:06,670 - INFO - Encoding 747 paper sentences
2025-04-24 16:17:07,185 - INFO - Using default tokenizer.
2025-04-24 16:17:07,349 - INFO - Paper 24928430 ROUGE-1 F1: 0.6600
2025-04-24 16:17:07,349 - INFO - Paper 24928430 ROUGE-2 F1: 0.3098
2025-04-24 16:17:07,350 - INFO - Paper 24928430 ROUGE-L F1: 0.4170
2025-04-24 16:17:07,519 - INFO - Successfully processed paper 24928430
2025-04-24 16:17:07,520 - INFO - Processing paper 17980043
2025-04-24 16:17:07,531 - INFO - Paper 17980043: 212 sentences, Summary: 12 sentences
2025-04-24 16:17:07,531 - INFO - Encoding 212 paper sentences
2025-04-24 16:17:07,703 - INFO - Using default tokenizer.
2025-04-24 16:17:07,726 - INFO - Paper 17980043 ROUGE-1 F1: 0.5131
2025-04-24 16:17:07,726 - INFO - Paper 17980043 ROUGE-2 F1: 0.1203
2025-04-24 16:17:07,726 - INFO - Paper 17980043 ROUGE-L F1: 0.2397
2025-04-24 16:17:07,887 - INFO - Successfully processed paper 17980043
2025-04-24 16:17:07,887 - INFO - Processing paper 93195231
2025-04-24 16:17:07,898 - INFO - Paper 93195231: 222 sentences, Summary: 62 sentences
2025-04-24 16:17:07,898 - INFO - Encoding 222 paper sentences
2025-04-24 16:17:08,284 - INFO - Using default tokenizer.
2025-04-24 16:17:08,956 - INFO - Paper 93195231 ROUGE-1 F1: 0.6771
2025-04-24 16:17:08,956 - INFO - Paper 93195231 ROUGE-2 F1: 0.2787
2025-04-24 16:17:08,956 - INFO - Paper 93195231 ROUGE-L F1: 0.3265
2025-04-24 16:17:09,149 - INFO - Successfully processed paper 93195231
2025-04-24 16:17:09,150 - INFO - Processing paper 32248697
2025-04-24 16:17:09,154 - INFO - Paper 32248697: 196 sentences, Summary: 24 sentences
2025-04-24 16:17:09,154 - INFO - Encoding 196 paper sentences
2025-04-24 16:17:09,371 - INFO - Using default tokenizer.
2025-04-24 16:17:09,472 - INFO - Paper 32248697 ROUGE-1 F1: 0.5473
2025-04-24 16:17:09,472 - INFO - Paper 32248697 ROUGE-2 F1: 0.1862
2025-04-24 16:17:09,472 - INFO - Paper 32248697 ROUGE-L F1: 0.2745
2025-04-24 16:17:09,635 - INFO - Successfully processed paper 32248697
2025-04-24 16:17:09,636 - INFO - Processing paper 50524744
2025-04-24 16:17:09,666 - INFO - Paper 50524744: 749 sentences, Summary: 53 sentences
2025-04-24 16:17:09,666 - INFO - Encoding 749 paper sentences
2025-04-24 16:17:10,147 - INFO - Using default tokenizer.
2025-04-24 16:17:10,669 - INFO - Paper 50524744 ROUGE-1 F1: 0.7844
2025-04-24 16:17:10,670 - INFO - Paper 50524744 ROUGE-2 F1: 0.5820
2025-04-24 16:17:10,670 - INFO - Paper 50524744 ROUGE-L F1: 0.6302
2025-04-24 16:17:10,842 - INFO - Successfully processed paper 50524744
2025-04-24 16:17:10,842 - INFO - Processing paper 37796162
2025-04-24 16:17:10,847 - INFO - Paper 37796162: 238 sentences, Summary: 11 sentences
2025-04-24 16:17:10,847 - INFO - Encoding 238 paper sentences
2025-04-24 16:17:11,037 - INFO - Using default tokenizer.
2025-04-24 16:17:11,060 - INFO - Paper 37796162 ROUGE-1 F1: 0.4962
2025-04-24 16:17:11,060 - INFO - Paper 37796162 ROUGE-2 F1: 0.1849
2025-04-24 16:17:11,060 - INFO - Paper 37796162 ROUGE-L F1: 0.3233
2025-04-24 16:17:11,238 - INFO - Successfully processed paper 37796162
2025-04-24 16:17:11,238 - INFO - Skipping 76854692 - not in valid IDs
2025-04-24 16:17:11,239 - INFO - Processing paper 81001972
2025-04-24 16:17:11,258 - INFO - Paper 81001972: 511 sentences, Summary: 48 sentences
2025-04-24 16:17:11,258 - INFO - Encoding 511 paper sentences
2025-04-24 16:17:11,649 - INFO - Using default tokenizer.
2025-04-24 16:17:12,035 - INFO - Paper 81001972 ROUGE-1 F1: 0.7272
2025-04-24 16:17:12,035 - INFO - Paper 81001972 ROUGE-2 F1: 0.4130
2025-04-24 16:17:12,035 - INFO - Paper 81001972 ROUGE-L F1: 0.4831
2025-04-24 16:17:12,236 - INFO - Successfully processed paper 81001972
2025-04-24 16:17:12,236 - INFO - Processing paper 89581601
2025-04-24 16:17:12,240 - INFO - Paper 89581601: 185 sentences, Summary: 27 sentences
2025-04-24 16:17:12,240 - INFO - Encoding 185 paper sentences
2025-04-24 16:17:12,460 - INFO - Using default tokenizer.
2025-04-24 16:17:12,559 - INFO - Paper 89581601 ROUGE-1 F1: 0.5640
2025-04-24 16:17:12,559 - INFO - Paper 89581601 ROUGE-2 F1: 0.1796
2025-04-24 16:17:12,559 - INFO - Paper 89581601 ROUGE-L F1: 0.2367
2025-04-24 16:17:12,726 - INFO - Successfully processed paper 89581601
2025-04-24 16:17:12,727 - INFO - Processing paper 45612165
2025-04-24 16:17:12,739 - INFO - Paper 45612165: 270 sentences, Summary: 46 sentences
2025-04-24 16:17:12,739 - INFO - Encoding 270 paper sentences
2025-04-24 16:17:13,095 - INFO - Using default tokenizer.
2025-04-24 16:17:13,412 - INFO - Paper 45612165 ROUGE-1 F1: 0.5330
2025-04-24 16:17:13,412 - INFO - Paper 45612165 ROUGE-2 F1: 0.0965
2025-04-24 16:17:13,412 - INFO - Paper 45612165 ROUGE-L F1: 0.1802
2025-04-24 16:17:13,589 - INFO - Successfully processed paper 45612165
2025-04-24 16:17:13,590 - INFO - Processing paper 91325283
2025-04-24 16:17:13,600 - INFO - Paper 91325283: 244 sentences, Summary: 40 sentences
2025-04-24 16:17:13,600 - INFO - Encoding 244 paper sentences
2025-04-24 16:17:13,906 - INFO - Using default tokenizer.
2025-04-24 16:17:14,082 - INFO - Paper 91325283 ROUGE-1 F1: 0.6111
2025-04-24 16:17:14,082 - INFO - Paper 91325283 ROUGE-2 F1: 0.2753
2025-04-24 16:17:14,082 - INFO - Paper 91325283 ROUGE-L F1: 0.3768
2025-04-24 16:17:14,261 - INFO - Successfully processed paper 91325283
2025-04-24 16:17:14,262 - INFO - Skipping 96599676 - not in valid IDs
2025-04-24 16:17:14,262 - INFO - Processing paper 5262509
2025-04-24 16:17:14,270 - INFO - Paper 5262509: 494 sentences, Summary: 7 sentences
2025-04-24 16:17:14,270 - INFO - Encoding 494 paper sentences
2025-04-24 16:17:14,476 - INFO - Using default tokenizer.
2025-04-24 16:17:14,486 - INFO - Paper 5262509 ROUGE-1 F1: 0.3951
2025-04-24 16:17:14,486 - INFO - Paper 5262509 ROUGE-2 F1: 0.1468
2025-04-24 16:17:14,486 - INFO - Paper 5262509 ROUGE-L F1: 0.2249
2025-04-24 16:17:14,651 - INFO - Successfully processed paper 5262509
2025-04-24 16:17:14,651 - INFO - Processing paper 4647896
2025-04-24 16:17:14,654 - INFO - Paper 4647896: 147 sentences, Summary: 16 sentences
2025-04-24 16:17:14,654 - INFO - Encoding 147 paper sentences
2025-04-24 16:17:14,799 - INFO - Using default tokenizer.
2025-04-24 16:17:14,845 - INFO - Paper 4647896 ROUGE-1 F1: 0.6020
2025-04-24 16:17:14,845 - INFO - Paper 4647896 ROUGE-2 F1: 0.2992
2025-04-24 16:17:14,845 - INFO - Paper 4647896 ROUGE-L F1: 0.4082
2025-04-24 16:17:15,106 - INFO - Successfully processed paper 4647896
2025-04-24 16:17:15,107 - INFO - Processing paper 92615357
2025-04-24 16:17:15,117 - INFO - Paper 92615357: 501 sentences, Summary: 56 sentences
2025-04-24 16:17:15,117 - INFO - Encoding 501 paper sentences
2025-04-24 16:17:15,607 - INFO - Using default tokenizer.
2025-04-24 16:17:16,067 - INFO - Paper 92615357 ROUGE-1 F1: 0.7441
2025-04-24 16:17:16,067 - INFO - Paper 92615357 ROUGE-2 F1: 0.4497
2025-04-24 16:17:16,067 - INFO - Paper 92615357 ROUGE-L F1: 0.5374
2025-04-24 16:17:16,246 - INFO - Successfully processed paper 92615357
2025-04-24 16:17:16,247 - INFO - Processing paper 75865335
2025-04-24 16:17:16,280 - INFO - Paper 75865335: 484 sentences, Summary: 39 sentences
2025-04-24 16:17:16,280 - INFO - Encoding 484 paper sentences
2025-04-24 16:17:16,664 - INFO - Using default tokenizer.
2025-04-24 16:17:16,817 - INFO - Paper 75865335 ROUGE-1 F1: 0.5378
2025-04-24 16:17:16,817 - INFO - Paper 75865335 ROUGE-2 F1: 0.1430
2025-04-24 16:17:16,817 - INFO - Paper 75865335 ROUGE-L F1: 0.2273
2025-04-24 16:17:16,991 - INFO - Successfully processed paper 75865335
2025-04-24 16:17:16,991 - INFO - Processing paper 57956236
2025-04-24 16:17:16,998 - INFO - Paper 57956236: 314 sentences, Summary: 61 sentences
2025-04-24 16:17:16,998 - INFO - Encoding 314 paper sentences
2025-04-24 16:17:17,418 - INFO - Using default tokenizer.
2025-04-24 16:17:17,755 - INFO - Paper 57956236 ROUGE-1 F1: 0.5315
2025-04-24 16:17:17,755 - INFO - Paper 57956236 ROUGE-2 F1: 0.1391
2025-04-24 16:17:17,755 - INFO - Paper 57956236 ROUGE-L F1: 0.2406
2025-04-24 16:17:17,933 - INFO - Successfully processed paper 57956236
2025-04-24 16:17:17,933 - INFO - Processing paper 91929013
2025-04-24 16:17:17,937 - INFO - Paper 91929013: 207 sentences, Summary: 26 sentences
2025-04-24 16:17:17,937 - INFO - Encoding 207 paper sentences
2025-04-24 16:17:18,173 - INFO - Using default tokenizer.
2025-04-24 16:17:18,298 - INFO - Paper 91929013 ROUGE-1 F1: 0.5482
2025-04-24 16:17:18,298 - INFO - Paper 91929013 ROUGE-2 F1: 0.1887
2025-04-24 16:17:18,298 - INFO - Paper 91929013 ROUGE-L F1: 0.2940
2025-04-24 16:17:18,466 - INFO - Successfully processed paper 91929013
2025-04-24 16:17:18,466 - INFO - Processing paper 11791786
2025-04-24 16:17:18,476 - INFO - Paper 11791786: 520 sentences, Summary: 57 sentences
2025-04-24 16:17:18,476 - INFO - Encoding 520 paper sentences
2025-04-24 16:17:18,894 - INFO - Using default tokenizer.
2025-04-24 16:17:19,385 - INFO - Paper 11791786 ROUGE-1 F1: 0.7168
2025-04-24 16:17:19,385 - INFO - Paper 11791786 ROUGE-2 F1: 0.4017
2025-04-24 16:17:19,385 - INFO - Paper 11791786 ROUGE-L F1: 0.4518
2025-04-24 16:17:19,560 - INFO - Successfully processed paper 11791786
2025-04-24 16:17:19,561 - INFO - Processing paper 89853012
2025-04-24 16:17:19,571 - INFO - Paper 89853012: 220 sentences, Summary: 46 sentences
2025-04-24 16:17:19,572 - INFO - Encoding 220 paper sentences
2025-04-24 16:17:19,871 - INFO - Using default tokenizer.
2025-04-24 16:17:20,088 - INFO - Paper 89853012 ROUGE-1 F1: 0.3748
2025-04-24 16:17:20,088 - INFO - Paper 89853012 ROUGE-2 F1: 0.0526
2025-04-24 16:17:20,088 - INFO - Paper 89853012 ROUGE-L F1: 0.1494
2025-04-24 16:17:20,286 - INFO - Successfully processed paper 89853012
2025-04-24 16:17:20,287 - INFO - Processing paper 94015576
2025-04-24 16:17:20,291 - INFO - Paper 94015576: 257 sentences, Summary: 13 sentences
2025-04-24 16:17:20,291 - INFO - Encoding 257 paper sentences
2025-04-24 16:17:20,487 - INFO - Using default tokenizer.
2025-04-24 16:17:20,525 - INFO - Paper 94015576 ROUGE-1 F1: 0.4741
2025-04-24 16:17:20,525 - INFO - Paper 94015576 ROUGE-2 F1: 0.1066
2025-04-24 16:17:20,525 - INFO - Paper 94015576 ROUGE-L F1: 0.2040
2025-04-24 16:17:20,747 - INFO - Successfully processed paper 94015576
2025-04-24 16:17:20,747 - INFO - Processing paper 76874430
2025-04-24 16:17:20,787 - INFO - Paper 76874430: 931 sentences, Summary: 64 sentences
2025-04-24 16:17:20,787 - INFO - Encoding 931 paper sentences
2025-04-24 16:17:21,379 - INFO - Using default tokenizer.
2025-04-24 16:17:21,972 - INFO - Paper 76874430 ROUGE-1 F1: 0.7256
2025-04-24 16:17:21,972 - INFO - Paper 76874430 ROUGE-2 F1: 0.4242
2025-04-24 16:17:21,972 - INFO - Paper 76874430 ROUGE-L F1: 0.4737
2025-04-24 16:17:22,167 - INFO - Successfully processed paper 76874430
2025-04-24 16:17:22,168 - INFO - Processing paper 4784102
2025-04-24 16:17:22,215 - INFO - Paper 4784102: 846 sentences, Summary: 16 sentences
2025-04-24 16:17:22,216 - INFO - Encoding 846 paper sentences
2025-04-24 16:17:22,618 - INFO - Using default tokenizer.
2025-04-24 16:17:22,689 - INFO - Paper 4784102 ROUGE-1 F1: 0.5815
2025-04-24 16:17:22,690 - INFO - Paper 4784102 ROUGE-2 F1: 0.3018
2025-04-24 16:17:22,690 - INFO - Paper 4784102 ROUGE-L F1: 0.3863
2025-04-24 16:17:22,871 - INFO - Successfully processed paper 4784102
2025-04-24 16:17:22,872 - INFO - Processing paper 42200029
2025-04-24 16:17:22,876 - INFO - Paper 42200029: 182 sentences, Summary: 56 sentences
2025-04-24 16:17:22,876 - INFO - Encoding 182 paper sentences
2025-04-24 16:17:23,199 - INFO - Using default tokenizer.
2025-04-24 16:17:23,743 - INFO - Paper 42200029 ROUGE-1 F1: 0.7532
2025-04-24 16:17:23,743 - INFO - Paper 42200029 ROUGE-2 F1: 0.4939
2025-04-24 16:17:23,743 - INFO - Paper 42200029 ROUGE-L F1: 0.5342
2025-04-24 16:17:23,919 - INFO - Successfully processed paper 42200029
2025-04-24 16:17:23,919 - INFO - Skipping 70719243 - not in valid IDs
2025-04-24 16:17:23,919 - INFO - Processing paper 87068449
2025-04-24 16:17:23,924 - INFO - Paper 87068449: 294 sentences, Summary: 16 sentences
2025-04-24 16:17:23,924 - INFO - Encoding 294 paper sentences
2025-04-24 16:17:24,105 - INFO - Using default tokenizer.
2025-04-24 16:17:24,154 - INFO - Paper 87068449 ROUGE-1 F1: 0.5824
2025-04-24 16:17:24,154 - INFO - Paper 87068449 ROUGE-2 F1: 0.2186
2025-04-24 16:17:24,154 - INFO - Paper 87068449 ROUGE-L F1: 0.2949
2025-04-24 16:17:24,322 - INFO - Successfully processed paper 87068449
2025-04-24 16:17:24,323 - INFO - Processing paper 26515037
2025-04-24 16:17:24,326 - INFO - Paper 26515037: 171 sentences, Summary: 25 sentences
2025-04-24 16:17:24,326 - INFO - Encoding 171 paper sentences
2025-04-24 16:17:24,559 - INFO - Using default tokenizer.
2025-04-24 16:17:24,656 - INFO - Paper 26515037 ROUGE-1 F1: 0.4855
2025-04-24 16:17:24,656 - INFO - Paper 26515037 ROUGE-2 F1: 0.1654
2025-04-24 16:17:24,656 - INFO - Paper 26515037 ROUGE-L F1: 0.2510
2025-04-24 16:17:24,836 - INFO - Successfully processed paper 26515037
2025-04-24 16:17:24,836 - INFO - Processing paper 66006367
2025-04-24 16:17:24,847 - INFO - Paper 66006367: 652 sentences, Summary: 22 sentences
2025-04-24 16:17:24,847 - INFO - Encoding 652 paper sentences
2025-04-24 16:17:25,196 - INFO - Using default tokenizer.
2025-04-24 16:17:25,260 - INFO - Paper 66006367 ROUGE-1 F1: 0.5385
2025-04-24 16:17:25,260 - INFO - Paper 66006367 ROUGE-2 F1: 0.1410
2025-04-24 16:17:25,260 - INFO - Paper 66006367 ROUGE-L F1: 0.2484
2025-04-24 16:17:25,431 - INFO - Successfully processed paper 66006367
2025-04-24 16:17:25,431 - INFO - Processing paper 52208833
2025-04-24 16:17:25,437 - INFO - Paper 52208833: 280 sentences, Summary: 42 sentences
2025-04-24 16:17:25,437 - INFO - Encoding 280 paper sentences
2025-04-24 16:17:25,789 - INFO - Using default tokenizer.
2025-04-24 16:17:26,048 - INFO - Paper 52208833 ROUGE-1 F1: 0.6422
2025-04-24 16:17:26,048 - INFO - Paper 52208833 ROUGE-2 F1: 0.2469
2025-04-24 16:17:26,048 - INFO - Paper 52208833 ROUGE-L F1: 0.3169
2025-04-24 16:17:26,226 - INFO - Successfully processed paper 52208833
2025-04-24 16:17:26,226 - INFO - Processing paper 87460557
2025-04-24 16:17:26,237 - INFO - Paper 87460557: 806 sentences, Summary: 27 sentences
2025-04-24 16:17:26,237 - INFO - Encoding 806 paper sentences
2025-04-24 16:17:26,581 - INFO - Using default tokenizer.
2025-04-24 16:17:26,701 - INFO - Paper 87460557 ROUGE-1 F1: 0.6677
2025-04-24 16:17:26,701 - INFO - Paper 87460557 ROUGE-2 F1: 0.4506
2025-04-24 16:17:26,701 - INFO - Paper 87460557 ROUGE-L F1: 0.5294
2025-04-24 16:17:26,881 - INFO - Successfully processed paper 87460557
2025-04-24 16:17:26,882 - INFO - Processing paper 8151447
2025-04-24 16:17:26,887 - INFO - Paper 8151447: 265 sentences, Summary: 49 sentences
2025-04-24 16:17:26,887 - INFO - Encoding 265 paper sentences
2025-04-24 16:17:27,256 - INFO - Using default tokenizer.
2025-04-24 16:17:27,646 - INFO - Paper 8151447 ROUGE-1 F1: 0.6687
2025-04-24 16:17:27,646 - INFO - Paper 8151447 ROUGE-2 F1: 0.3803
2025-04-24 16:17:27,646 - INFO - Paper 8151447 ROUGE-L F1: 0.4472
2025-04-24 16:17:27,828 - INFO - Successfully processed paper 8151447
2025-04-24 16:17:27,829 - INFO - Processing paper 96747724
2025-04-24 16:17:27,852 - INFO - Paper 96747724: 458 sentences, Summary: 50 sentences
2025-04-24 16:17:27,852 - INFO - Encoding 458 paper sentences
2025-04-24 16:17:28,260 - INFO - Using default tokenizer.
2025-04-24 16:17:28,705 - INFO - Paper 96747724 ROUGE-1 F1: 0.7461
2025-04-24 16:17:28,705 - INFO - Paper 96747724 ROUGE-2 F1: 0.4663
2025-04-24 16:17:28,705 - INFO - Paper 96747724 ROUGE-L F1: 0.5046
2025-04-24 16:17:28,885 - INFO - Successfully processed paper 96747724
2025-04-24 16:17:28,885 - INFO - Processing paper 8363020
2025-04-24 16:17:28,891 - INFO - Paper 8363020: 294 sentences, Summary: 45 sentences
2025-04-24 16:17:28,891 - INFO - Encoding 294 paper sentences
2025-04-24 16:17:29,251 - INFO - Using default tokenizer.
2025-04-24 16:17:29,621 - INFO - Paper 8363020 ROUGE-1 F1: 0.6247
2025-04-24 16:17:29,621 - INFO - Paper 8363020 ROUGE-2 F1: 0.2404
2025-04-24 16:17:29,621 - INFO - Paper 8363020 ROUGE-L F1: 0.2871
2025-04-24 16:17:29,813 - INFO - Successfully processed paper 8363020
2025-04-24 16:17:29,814 - INFO - Processing paper 93544751
2025-04-24 16:17:29,830 - INFO - Paper 93544751: 386 sentences, Summary: 24 sentences
2025-04-24 16:17:29,830 - INFO - Encoding 386 paper sentences
2025-04-24 16:17:30,150 - INFO - Using default tokenizer.
2025-04-24 16:17:30,266 - INFO - Paper 93544751 ROUGE-1 F1: 0.5531
2025-04-24 16:17:30,266 - INFO - Paper 93544751 ROUGE-2 F1: 0.1909
2025-04-24 16:17:30,266 - INFO - Paper 93544751 ROUGE-L F1: 0.3052
2025-04-24 16:17:30,474 - INFO - Successfully processed paper 93544751
2025-04-24 16:17:30,474 - INFO - Processing paper 11542688
2025-04-24 16:17:30,485 - INFO - Paper 11542688: 525 sentences, Summary: 37 sentences
2025-04-24 16:17:30,486 - INFO - Encoding 525 paper sentences
2025-04-24 16:17:30,852 - INFO - Using default tokenizer.
2025-04-24 16:17:31,067 - INFO - Paper 11542688 ROUGE-1 F1: 0.7386
2025-04-24 16:17:31,067 - INFO - Paper 11542688 ROUGE-2 F1: 0.5056
2025-04-24 16:17:31,067 - INFO - Paper 11542688 ROUGE-L F1: 0.5667
2025-04-24 16:17:31,253 - INFO - Successfully processed paper 11542688
2025-04-24 16:17:31,253 - INFO - Processing paper 26955055
2025-04-24 16:17:31,259 - INFO - Paper 26955055: 260 sentences, Summary: 21 sentences
2025-04-24 16:17:31,259 - INFO - Encoding 260 paper sentences
2025-04-24 16:17:31,527 - INFO - Using default tokenizer.
2025-04-24 16:17:31,622 - INFO - Paper 26955055 ROUGE-1 F1: 0.4259
2025-04-24 16:17:31,622 - INFO - Paper 26955055 ROUGE-2 F1: 0.0685
2025-04-24 16:17:31,622 - INFO - Paper 26955055 ROUGE-L F1: 0.1718
2025-04-24 16:17:31,796 - INFO - Successfully processed paper 26955055
2025-04-24 16:17:31,796 - INFO - Processing paper 58874274
2025-04-24 16:17:31,805 - INFO - Paper 58874274: 481 sentences, Summary: 15 sentences
2025-04-24 16:17:31,805 - INFO - Encoding 481 paper sentences
2025-04-24 16:17:32,054 - INFO - Using default tokenizer.
2025-04-24 16:17:32,117 - INFO - Paper 58874274 ROUGE-1 F1: 0.5084
2025-04-24 16:17:32,117 - INFO - Paper 58874274 ROUGE-2 F1: 0.2447
2025-04-24 16:17:32,117 - INFO - Paper 58874274 ROUGE-L F1: 0.3382
2025-04-24 16:17:32,307 - INFO - Successfully processed paper 58874274
2025-04-24 16:17:32,307 - INFO - Processing paper 81916449
2025-04-24 16:17:32,312 - INFO - Paper 81916449: 290 sentences, Summary: 24 sentences
2025-04-24 16:17:32,313 - INFO - Encoding 290 paper sentences
2025-04-24 16:17:32,559 - INFO - Using default tokenizer.
2025-04-24 16:17:32,649 - INFO - Paper 81916449 ROUGE-1 F1: 0.5660
2025-04-24 16:17:32,650 - INFO - Paper 81916449 ROUGE-2 F1: 0.2898
2025-04-24 16:17:32,650 - INFO - Paper 81916449 ROUGE-L F1: 0.3612
2025-04-24 16:17:32,822 - INFO - Successfully processed paper 81916449
2025-04-24 16:17:32,823 - INFO - Processing paper 17539393
2025-04-24 16:17:32,831 - INFO - Paper 17539393: 466 sentences, Summary: 73 sentences
2025-04-24 16:17:32,832 - INFO - Encoding 466 paper sentences
2025-04-24 16:17:33,335 - INFO - Using default tokenizer.
2025-04-24 16:17:33,928 - INFO - Paper 17539393 ROUGE-1 F1: 0.7497
2025-04-24 16:17:33,928 - INFO - Paper 17539393 ROUGE-2 F1: 0.4650
2025-04-24 16:17:33,928 - INFO - Paper 17539393 ROUGE-L F1: 0.5287
2025-04-24 16:17:34,151 - INFO - Successfully processed paper 17539393
2025-04-24 16:17:34,151 - INFO - Processing paper 29703573
2025-04-24 16:17:34,155 - INFO - Paper 29703573: 186 sentences, Summary: 49 sentences
2025-04-24 16:17:34,156 - INFO - Encoding 186 paper sentences
2025-04-24 16:17:34,504 - INFO - Using default tokenizer.
2025-04-24 16:17:35,053 - INFO - Paper 29703573 ROUGE-1 F1: 0.6295
2025-04-24 16:17:35,053 - INFO - Paper 29703573 ROUGE-2 F1: 0.2862
2025-04-24 16:17:35,053 - INFO - Paper 29703573 ROUGE-L F1: 0.3176
2025-04-24 16:17:35,241 - INFO - Successfully processed paper 29703573
2025-04-24 16:17:35,241 - INFO - Processing paper 99341732
2025-04-24 16:17:35,252 - INFO - Paper 99341732: 563 sentences, Summary: 60 sentences
2025-04-24 16:17:35,252 - INFO - Encoding 563 paper sentences
2025-04-24 16:17:35,748 - INFO - Using default tokenizer.
2025-04-24 16:17:36,269 - INFO - Paper 99341732 ROUGE-1 F1: 0.7333
2025-04-24 16:17:36,270 - INFO - Paper 99341732 ROUGE-2 F1: 0.4433
2025-04-24 16:17:36,270 - INFO - Paper 99341732 ROUGE-L F1: 0.5167
2025-04-24 16:17:36,452 - INFO - Successfully processed paper 99341732
2025-04-24 16:17:36,452 - INFO - Processing paper 37775721
2025-04-24 16:17:36,456 - INFO - Paper 37775721: 94 sentences, Summary: 10 sentences
2025-04-24 16:17:36,456 - INFO - Encoding 94 paper sentences
2025-04-24 16:17:36,570 - INFO - Using default tokenizer.
2025-04-24 16:17:36,583 - INFO - Paper 37775721 ROUGE-1 F1: 0.5635
2025-04-24 16:17:36,584 - INFO - Paper 37775721 ROUGE-2 F1: 0.2908
2025-04-24 16:17:36,584 - INFO - Paper 37775721 ROUGE-L F1: 0.4162
2025-04-24 16:17:36,762 - INFO - Successfully processed paper 37775721
2025-04-24 16:17:36,763 - INFO - Processing paper 77684000
2025-04-24 16:17:36,771 - INFO - Paper 77684000: 185 sentences, Summary: 32 sentences
2025-04-24 16:17:36,771 - INFO - Encoding 185 paper sentences
2025-04-24 16:17:37,049 - INFO - Using default tokenizer.
2025-04-24 16:17:37,216 - INFO - Paper 77684000 ROUGE-1 F1: 0.6124
2025-04-24 16:17:37,216 - INFO - Paper 77684000 ROUGE-2 F1: 0.3183
2025-04-24 16:17:37,216 - INFO - Paper 77684000 ROUGE-L F1: 0.4235
2025-04-24 16:17:37,398 - INFO - Successfully processed paper 77684000
2025-04-24 16:17:37,398 - INFO - Processing paper 518237
2025-04-24 16:17:37,413 - INFO - Paper 518237: 318 sentences, Summary: 62 sentences
2025-04-24 16:17:37,413 - INFO - Encoding 318 paper sentences
2025-04-24 16:17:37,848 - INFO - Using default tokenizer.
2025-04-24 16:17:38,342 - INFO - Paper 518237 ROUGE-1 F1: 0.6656
2025-04-24 16:17:38,342 - INFO - Paper 518237 ROUGE-2 F1: 0.2538
2025-04-24 16:17:38,342 - INFO - Paper 518237 ROUGE-L F1: 0.3044
2025-04-24 16:17:38,549 - INFO - Successfully processed paper 518237
2025-04-24 16:17:38,550 - INFO - Processing paper 27086937
2025-04-24 16:17:38,574 - INFO - Paper 27086937: 308 sentences, Summary: 13 sentences
2025-04-24 16:17:38,574 - INFO - Encoding 308 paper sentences
2025-04-24 16:17:38,820 - INFO - Using default tokenizer.
2025-04-24 16:17:38,862 - INFO - Paper 27086937 ROUGE-1 F1: 0.3815
2025-04-24 16:17:38,862 - INFO - Paper 27086937 ROUGE-2 F1: 0.0425
2025-04-24 16:17:38,862 - INFO - Paper 27086937 ROUGE-L F1: 0.1483
2025-04-24 16:17:39,039 - INFO - Successfully processed paper 27086937
2025-04-24 16:17:39,039 - INFO - Processing paper 37135417
2025-04-24 16:17:39,048 - INFO - Paper 37135417: 467 sentences, Summary: 48 sentences
2025-04-24 16:17:39,048 - INFO - Encoding 467 paper sentences
2025-04-24 16:17:39,461 - INFO - Using default tokenizer.
2025-04-24 16:17:39,798 - INFO - Paper 37135417 ROUGE-1 F1: 0.7263
2025-04-24 16:17:39,798 - INFO - Paper 37135417 ROUGE-2 F1: 0.3439
2025-04-24 16:17:39,798 - INFO - Paper 37135417 ROUGE-L F1: 0.4302
2025-04-24 16:17:39,990 - INFO - Successfully processed paper 37135417
2025-04-24 16:17:39,990 - INFO - Processing paper 2905851
2025-04-24 16:17:39,995 - INFO - Paper 2905851: 264 sentences, Summary: 21 sentences
2025-04-24 16:17:39,996 - INFO - Encoding 264 paper sentences
2025-04-24 16:17:40,226 - INFO - Using default tokenizer.
2025-04-24 16:17:40,295 - INFO - Paper 2905851 ROUGE-1 F1: 0.6190
2025-04-24 16:17:40,295 - INFO - Paper 2905851 ROUGE-2 F1: 0.2695
2025-04-24 16:17:40,295 - INFO - Paper 2905851 ROUGE-L F1: 0.3501
2025-04-24 16:17:40,495 - INFO - Successfully processed paper 2905851
2025-04-24 16:17:40,496 - INFO - Processing paper 69481324
2025-04-24 16:17:40,500 - INFO - Paper 69481324: 214 sentences, Summary: 21 sentences
2025-04-24 16:17:40,500 - INFO - Encoding 214 paper sentences
2025-04-24 16:17:40,716 - INFO - Using default tokenizer.
2025-04-24 16:17:40,829 - INFO - Paper 69481324 ROUGE-1 F1: 0.5917
2025-04-24 16:17:40,829 - INFO - Paper 69481324 ROUGE-2 F1: 0.2188
2025-04-24 16:17:40,829 - INFO - Paper 69481324 ROUGE-L F1: 0.3206
2025-04-24 16:17:41,047 - INFO - Successfully processed paper 69481324
2025-04-24 16:17:41,048 - INFO - Processing paper 75779006
2025-04-24 16:17:41,068 - INFO - Paper 75779006: 172 sentences, Summary: 43 sentences
2025-04-24 16:17:41,068 - INFO - Encoding 172 paper sentences
2025-04-24 16:17:41,362 - INFO - Using default tokenizer.
2025-04-24 16:17:41,717 - INFO - Paper 75779006 ROUGE-1 F1: 0.7872
2025-04-24 16:17:41,717 - INFO - Paper 75779006 ROUGE-2 F1: 0.6236
2025-04-24 16:17:41,717 - INFO - Paper 75779006 ROUGE-L F1: 0.6718
2025-04-24 16:17:41,920 - INFO - Successfully processed paper 75779006
2025-04-24 16:17:41,920 - INFO - Processing paper 11836666
2025-04-24 16:17:41,926 - INFO - Paper 11836666: 248 sentences, Summary: 24 sentences
2025-04-24 16:17:41,926 - INFO - Encoding 248 paper sentences
2025-04-24 16:17:42,143 - INFO - Using default tokenizer.
2025-04-24 16:17:42,235 - INFO - Paper 11836666 ROUGE-1 F1: 0.4770
2025-04-24 16:17:42,235 - INFO - Paper 11836666 ROUGE-2 F1: 0.1140
2025-04-24 16:17:42,235 - INFO - Paper 11836666 ROUGE-L F1: 0.2023
2025-04-24 16:17:42,421 - INFO - Successfully processed paper 11836666
2025-04-24 16:17:42,422 - INFO - Processing paper 27051635
2025-04-24 16:17:42,425 - INFO - Paper 27051635: 180 sentences, Summary: 24 sentences
2025-04-24 16:17:42,426 - INFO - Encoding 180 paper sentences
2025-04-24 16:17:42,613 - INFO - Using default tokenizer.
2025-04-24 16:17:42,699 - INFO - Paper 27051635 ROUGE-1 F1: 0.5810
2025-04-24 16:17:42,699 - INFO - Paper 27051635 ROUGE-2 F1: 0.3358
2025-04-24 16:17:42,699 - INFO - Paper 27051635 ROUGE-L F1: 0.3724
2025-04-24 16:17:42,884 - INFO - Successfully processed paper 27051635
2025-04-24 16:17:42,885 - INFO - Processing paper 24510148
2025-04-24 16:17:42,890 - INFO - Paper 24510148: 305 sentences, Summary: 19 sentences
2025-04-24 16:17:42,890 - INFO - Encoding 305 paper sentences
2025-04-24 16:17:43,079 - INFO - Using default tokenizer.
2025-04-24 16:17:43,151 - INFO - Paper 24510148 ROUGE-1 F1: 0.6284
2025-04-24 16:17:43,151 - INFO - Paper 24510148 ROUGE-2 F1: 0.3431
2025-04-24 16:17:43,151 - INFO - Paper 24510148 ROUGE-L F1: 0.4134
2025-04-24 16:17:43,383 - INFO - Successfully processed paper 24510148
2025-04-24 16:17:43,383 - INFO - Processing paper 27300559
2025-04-24 16:17:43,392 - INFO - Paper 27300559: 471 sentences, Summary: 28 sentences
2025-04-24 16:17:43,392 - INFO - Encoding 471 paper sentences
2025-04-24 16:17:43,661 - INFO - Using default tokenizer.
2025-04-24 16:17:43,773 - INFO - Paper 27300559 ROUGE-1 F1: 0.7093
2025-04-24 16:17:43,773 - INFO - Paper 27300559 ROUGE-2 F1: 0.4709
2025-04-24 16:17:43,773 - INFO - Paper 27300559 ROUGE-L F1: 0.5455
2025-04-24 16:17:43,961 - INFO - Successfully processed paper 27300559
2025-04-24 16:17:43,961 - INFO - Processing paper 51116334
2025-04-24 16:17:43,966 - INFO - Paper 51116334: 187 sentences, Summary: 59 sentences
2025-04-24 16:17:43,966 - INFO - Encoding 187 paper sentences
2025-04-24 16:17:44,340 - INFO - Using default tokenizer.
2025-04-24 16:17:44,731 - INFO - Paper 51116334 ROUGE-1 F1: 0.5380
2025-04-24 16:17:44,731 - INFO - Paper 51116334 ROUGE-2 F1: 0.1325
2025-04-24 16:17:44,731 - INFO - Paper 51116334 ROUGE-L F1: 0.2272
2025-04-24 16:17:44,934 - INFO - Successfully processed paper 51116334
2025-04-24 16:17:44,934 - INFO - Processing paper 93980002
2025-04-24 16:17:44,940 - INFO - Paper 93980002: 266 sentences, Summary: 16 sentences
2025-04-24 16:17:44,940 - INFO - Encoding 266 paper sentences
2025-04-24 16:17:45,151 - INFO - Using default tokenizer.
2025-04-24 16:17:45,207 - INFO - Paper 93980002 ROUGE-1 F1: 0.7306
2025-04-24 16:17:45,207 - INFO - Paper 93980002 ROUGE-2 F1: 0.4858
2025-04-24 16:17:45,207 - INFO - Paper 93980002 ROUGE-L F1: 0.5806
2025-04-24 16:17:45,387 - INFO - Successfully processed paper 93980002
2025-04-24 16:17:45,388 - INFO - Processing paper 3913778
2025-04-24 16:17:45,395 - INFO - Paper 3913778: 349 sentences, Summary: 41 sentences
2025-04-24 16:17:45,395 - INFO - Encoding 349 paper sentences
2025-04-24 16:17:45,709 - INFO - Using default tokenizer.
2025-04-24 16:17:46,148 - INFO - Paper 3913778 ROUGE-1 F1: 0.7374
2025-04-24 16:17:46,148 - INFO - Paper 3913778 ROUGE-2 F1: 0.4922
2025-04-24 16:17:46,148 - INFO - Paper 3913778 ROUGE-L F1: 0.5318
2025-04-24 16:17:46,339 - INFO - Successfully processed paper 3913778
2025-04-24 16:17:46,340 - INFO - Processing paper 63188694
2025-04-24 16:17:46,346 - INFO - Paper 63188694: 322 sentences, Summary: 59 sentences
2025-04-24 16:17:46,346 - INFO - Encoding 322 paper sentences
2025-04-24 16:17:46,729 - INFO - Using default tokenizer.
2025-04-24 16:17:47,313 - INFO - Paper 63188694 ROUGE-1 F1: 0.7486
2025-04-24 16:17:47,313 - INFO - Paper 63188694 ROUGE-2 F1: 0.4643
2025-04-24 16:17:47,313 - INFO - Paper 63188694 ROUGE-L F1: 0.4802
2025-04-24 16:17:47,509 - INFO - Successfully processed paper 63188694
2025-04-24 16:17:47,509 - INFO - Processing paper 72744034
2025-04-24 16:17:47,516 - INFO - Paper 72744034: 347 sentences, Summary: 37 sentences
2025-04-24 16:17:47,516 - INFO - Encoding 347 paper sentences
2025-04-24 16:17:47,823 - INFO - Using default tokenizer.
2025-04-24 16:17:48,071 - INFO - Paper 72744034 ROUGE-1 F1: 0.7339
2025-04-24 16:17:48,072 - INFO - Paper 72744034 ROUGE-2 F1: 0.5393
2025-04-24 16:17:48,072 - INFO - Paper 72744034 ROUGE-L F1: 0.5900
2025-04-24 16:17:48,264 - INFO - Successfully processed paper 72744034
2025-04-24 16:17:48,265 - INFO - Processing paper 4216862
2025-04-24 16:17:48,270 - INFO - Paper 4216862: 289 sentences, Summary: 13 sentences
2025-04-24 16:17:48,270 - INFO - Encoding 289 paper sentences
2025-04-24 16:17:48,467 - INFO - Using default tokenizer.
2025-04-24 16:17:48,480 - INFO - Paper 4216862 ROUGE-1 F1: 0.4041
2025-04-24 16:17:48,480 - INFO - Paper 4216862 ROUGE-2 F1: 0.0874
2025-04-24 16:17:48,480 - INFO - Paper 4216862 ROUGE-L F1: 0.2455
2025-04-24 16:17:48,661 - INFO - Successfully processed paper 4216862
2025-04-24 16:17:48,661 - INFO - Processing paper 46507565
2025-04-24 16:17:48,682 - INFO - Paper 46507565: 550 sentences, Summary: 63 sentences
2025-04-24 16:17:48,682 - INFO - Encoding 550 paper sentences
2025-04-24 16:17:49,137 - INFO - Using default tokenizer.
2025-04-24 16:17:49,609 - INFO - Paper 46507565 ROUGE-1 F1: 0.7521
2025-04-24 16:17:49,609 - INFO - Paper 46507565 ROUGE-2 F1: 0.4860
2025-04-24 16:17:49,609 - INFO - Paper 46507565 ROUGE-L F1: 0.5354
2025-04-24 16:17:49,835 - INFO - Successfully processed paper 46507565
2025-04-24 16:17:49,836 - INFO - Processing paper 22546727
2025-04-24 16:17:49,841 - INFO - Paper 22546727: 283 sentences, Summary: 8 sentences
2025-04-24 16:17:49,841 - INFO - Encoding 283 paper sentences
2025-04-24 16:17:49,983 - INFO - Using default tokenizer.
2025-04-24 16:17:49,993 - INFO - Paper 22546727 ROUGE-1 F1: 0.5714
2025-04-24 16:17:49,993 - INFO - Paper 22546727 ROUGE-2 F1: 0.3399
2025-04-24 16:17:49,993 - INFO - Paper 22546727 ROUGE-L F1: 0.4481
2025-04-24 16:17:50,204 - INFO - Successfully processed paper 22546727
2025-04-24 16:17:50,204 - INFO - Processing paper 14819310
2025-04-24 16:17:50,216 - INFO - Paper 14819310: 586 sentences, Summary: 62 sentences
2025-04-24 16:17:50,227 - INFO - Encoding 586 paper sentences
2025-04-24 16:17:50,714 - INFO - Using default tokenizer.
2025-04-24 16:17:51,211 - INFO - Paper 14819310 ROUGE-1 F1: 0.7530
2025-04-24 16:17:51,211 - INFO - Paper 14819310 ROUGE-2 F1: 0.4645
2025-04-24 16:17:51,211 - INFO - Paper 14819310 ROUGE-L F1: 0.5201
2025-04-24 16:17:51,402 - INFO - Successfully processed paper 14819310
2025-04-24 16:17:51,402 - INFO - Processing paper 63758896
2025-04-24 16:17:51,407 - INFO - Paper 63758896: 261 sentences, Summary: 14 sentences
2025-04-24 16:17:51,407 - INFO - Encoding 261 paper sentences
2025-04-24 16:17:51,561 - INFO - Using default tokenizer.
2025-04-24 16:17:51,594 - INFO - Paper 63758896 ROUGE-1 F1: 0.5233
2025-04-24 16:17:51,594 - INFO - Paper 63758896 ROUGE-2 F1: 0.1931
2025-04-24 16:17:51,594 - INFO - Paper 63758896 ROUGE-L F1: 0.2707
2025-04-24 16:17:51,779 - INFO - Successfully processed paper 63758896
2025-04-24 16:17:51,779 - INFO - Processing paper 47257042
2025-04-24 16:17:51,785 - INFO - Paper 47257042: 336 sentences, Summary: 16 sentences
2025-04-24 16:17:51,785 - INFO - Encoding 336 paper sentences
2025-04-24 16:17:51,993 - INFO - Using default tokenizer.
2025-04-24 16:17:52,033 - INFO - Paper 47257042 ROUGE-1 F1: 0.5600
2025-04-24 16:17:52,033 - INFO - Paper 47257042 ROUGE-2 F1: 0.1881
2025-04-24 16:17:52,033 - INFO - Paper 47257042 ROUGE-L F1: 0.3062
2025-04-24 16:17:52,250 - INFO - Successfully processed paper 47257042
2025-04-24 16:17:52,250 - INFO - Processing paper 4206973
2025-04-24 16:17:52,255 - INFO - Paper 4206973: 253 sentences, Summary: 6 sentences
2025-04-24 16:17:52,255 - INFO - Encoding 253 paper sentences
2025-04-24 16:17:52,393 - INFO - Using default tokenizer.
2025-04-24 16:17:52,409 - INFO - Paper 4206973 ROUGE-1 F1: 0.4218
2025-04-24 16:17:52,409 - INFO - Paper 4206973 ROUGE-2 F1: 0.0957
2025-04-24 16:17:52,409 - INFO - Paper 4206973 ROUGE-L F1: 0.1814
2025-04-24 16:17:52,594 - INFO - Successfully processed paper 4206973
2025-04-24 16:17:52,594 - INFO - Processing paper 43791696
2025-04-24 16:17:52,603 - INFO - Paper 43791696: 391 sentences, Summary: 17 sentences
2025-04-24 16:17:52,603 - INFO - Encoding 391 paper sentences
2025-04-24 16:17:52,876 - INFO - Using default tokenizer.
2025-04-24 16:17:52,918 - INFO - Paper 43791696 ROUGE-1 F1: 0.4299
2025-04-24 16:17:52,919 - INFO - Paper 43791696 ROUGE-2 F1: 0.0873
2025-04-24 16:17:52,919 - INFO - Paper 43791696 ROUGE-L F1: 0.1769
2025-04-24 16:17:53,110 - INFO - Successfully processed paper 43791696
2025-04-24 16:17:53,110 - INFO - Processing paper 11773091
2025-04-24 16:17:53,121 - INFO - Paper 11773091: 494 sentences, Summary: 58 sentences
2025-04-24 16:17:53,121 - INFO - Encoding 494 paper sentences
2025-04-24 16:17:53,588 - INFO - Using default tokenizer.
2025-04-24 16:17:54,068 - INFO - Paper 11773091 ROUGE-1 F1: 0.5355
2025-04-24 16:17:54,069 - INFO - Paper 11773091 ROUGE-2 F1: 0.3023
2025-04-24 16:17:54,069 - INFO - Paper 11773091 ROUGE-L F1: 0.3692
2025-04-24 16:17:54,271 - INFO - Successfully processed paper 11773091
2025-04-24 16:17:54,271 - INFO - Processing paper 3953515
2025-04-24 16:17:54,277 - INFO - Paper 3953515: 269 sentences, Summary: 36 sentences
2025-04-24 16:17:54,277 - INFO - Encoding 269 paper sentences
2025-04-24 16:17:54,573 - INFO - Using default tokenizer.
2025-04-24 16:17:54,739 - INFO - Paper 3953515 ROUGE-1 F1: 0.5168
2025-04-24 16:17:54,739 - INFO - Paper 3953515 ROUGE-2 F1: 0.1597
2025-04-24 16:17:54,739 - INFO - Paper 3953515 ROUGE-L F1: 0.2334
2025-04-24 16:17:54,937 - INFO - Successfully processed paper 3953515
2025-04-24 16:17:54,937 - INFO - Processing paper 88655260
2025-04-24 16:17:54,945 - INFO - Paper 88655260: 390 sentences, Summary: 54 sentences
2025-04-24 16:17:54,945 - INFO - Encoding 390 paper sentences
2025-04-24 16:17:55,351 - INFO - Using default tokenizer.
2025-04-24 16:17:55,968 - INFO - Paper 88655260 ROUGE-1 F1: 0.7445
2025-04-24 16:17:55,968 - INFO - Paper 88655260 ROUGE-2 F1: 0.4264
2025-04-24 16:17:55,968 - INFO - Paper 88655260 ROUGE-L F1: 0.4814
2025-04-24 16:17:56,180 - INFO - Successfully processed paper 88655260
2025-04-24 16:17:56,180 - INFO - Processing paper 87208689
2025-04-24 16:17:56,190 - INFO - Paper 87208689: 405 sentences, Summary: 60 sentences
2025-04-24 16:17:56,190 - INFO - Encoding 405 paper sentences
2025-04-24 16:17:56,629 - INFO - Using default tokenizer.
2025-04-24 16:17:57,161 - INFO - Paper 87208689 ROUGE-1 F1: 0.6544
2025-04-24 16:17:57,161 - INFO - Paper 87208689 ROUGE-2 F1: 0.3252
2025-04-24 16:17:57,161 - INFO - Paper 87208689 ROUGE-L F1: 0.3848
2025-04-24 16:17:57,363 - INFO - Successfully processed paper 87208689
2025-04-24 16:17:57,363 - INFO - Processing paper 29474820
2025-04-24 16:17:57,367 - INFO - Paper 29474820: 180 sentences, Summary: 63 sentences
2025-04-24 16:17:57,367 - INFO - Encoding 180 paper sentences
2025-04-24 16:17:57,738 - INFO - Using default tokenizer.
2025-04-24 16:17:58,418 - INFO - Paper 29474820 ROUGE-1 F1: 0.7110
2025-04-24 16:17:58,418 - INFO - Paper 29474820 ROUGE-2 F1: 0.4343
2025-04-24 16:17:58,418 - INFO - Paper 29474820 ROUGE-L F1: 0.4985
2025-04-24 16:17:58,619 - INFO - Successfully processed paper 29474820
2025-04-24 16:17:58,619 - INFO - Processing paper 99668388
2025-04-24 16:17:58,622 - INFO - Paper 99668388: 110 sentences, Summary: 16 sentences
2025-04-24 16:17:58,622 - INFO - Encoding 110 paper sentences
2025-04-24 16:17:58,748 - INFO - Using default tokenizer.
2025-04-24 16:17:58,770 - INFO - Paper 99668388 ROUGE-1 F1: 0.5573
2025-04-24 16:17:58,770 - INFO - Paper 99668388 ROUGE-2 F1: 0.2490
2025-04-24 16:17:58,770 - INFO - Paper 99668388 ROUGE-L F1: 0.3817
2025-04-24 16:17:58,959 - INFO - Successfully processed paper 99668388
2025-04-24 16:17:58,959 - INFO - Processing paper 89628084
2025-04-24 16:17:58,965 - INFO - Paper 89628084: 299 sentences, Summary: 63 sentences
2025-04-24 16:17:58,965 - INFO - Encoding 299 paper sentences
2025-04-24 16:17:59,374 - INFO - Using default tokenizer.
2025-04-24 16:17:59,986 - INFO - Paper 89628084 ROUGE-1 F1: 0.6900
2025-04-24 16:17:59,986 - INFO - Paper 89628084 ROUGE-2 F1: 0.3435
2025-04-24 16:17:59,986 - INFO - Paper 89628084 ROUGE-L F1: 0.3967
2025-04-24 16:18:00,179 - INFO - Successfully processed paper 89628084
2025-04-24 16:18:00,180 - INFO - Processing paper 62056200
2025-04-24 16:18:00,184 - INFO - Paper 62056200: 243 sentences, Summary: 12 sentences
2025-04-24 16:18:00,184 - INFO - Encoding 243 paper sentences
2025-04-24 16:18:00,362 - INFO - Using default tokenizer.
2025-04-24 16:18:00,386 - INFO - Paper 62056200 ROUGE-1 F1: 0.5124
2025-04-24 16:18:00,386 - INFO - Paper 62056200 ROUGE-2 F1: 0.1915
2025-04-24 16:18:00,386 - INFO - Paper 62056200 ROUGE-L F1: 0.3428
2025-04-24 16:18:00,587 - INFO - Successfully processed paper 62056200
2025-04-24 16:18:00,587 - INFO - Processing paper 187460
2025-04-24 16:18:00,594 - INFO - Paper 187460: 390 sentences, Summary: 26 sentences
2025-04-24 16:18:00,594 - INFO - Encoding 390 paper sentences
2025-04-24 16:18:00,856 - INFO - Using default tokenizer.
2025-04-24 16:18:01,005 - INFO - Paper 187460 ROUGE-1 F1: 0.7578
2025-04-24 16:18:01,005 - INFO - Paper 187460 ROUGE-2 F1: 0.5421
2025-04-24 16:18:01,005 - INFO - Paper 187460 ROUGE-L F1: 0.5912
2025-04-24 16:18:01,203 - INFO - Successfully processed paper 187460
2025-04-24 16:18:01,203 - INFO - Skipping 73705154 - not in valid IDs
2025-04-24 16:18:01,203 - INFO - Processing paper 23426061
2025-04-24 16:18:01,207 - INFO - Paper 23426061: 209 sentences, Summary: 41 sentences
2025-04-24 16:18:01,207 - INFO - Encoding 209 paper sentences
2025-04-24 16:18:01,477 - INFO - Using default tokenizer.
2025-04-24 16:18:01,634 - INFO - Paper 23426061 ROUGE-1 F1: 0.3844
2025-04-24 16:18:01,634 - INFO - Paper 23426061 ROUGE-2 F1: 0.0486
2025-04-24 16:18:01,634 - INFO - Paper 23426061 ROUGE-L F1: 0.1767
2025-04-24 16:18:01,806 - INFO - Successfully processed paper 23426061
2025-04-24 16:18:01,806 - INFO - Processing paper 58793266
2025-04-24 16:18:01,810 - INFO - Paper 58793266: 165 sentences, Summary: 32 sentences
2025-04-24 16:18:01,810 - INFO - Encoding 165 paper sentences
2025-04-24 16:18:02,069 - INFO - Using default tokenizer.
2025-04-24 16:18:02,238 - INFO - Paper 58793266 ROUGE-1 F1: 0.5003
2025-04-24 16:18:02,238 - INFO - Paper 58793266 ROUGE-2 F1: 0.0917
2025-04-24 16:18:02,238 - INFO - Paper 58793266 ROUGE-L F1: 0.1805
2025-04-24 16:18:02,439 - INFO - Successfully processed paper 58793266
2025-04-24 16:18:02,439 - INFO - Processing paper 80262838
2025-04-24 16:18:02,444 - INFO - Paper 80262838: 183 sentences, Summary: 26 sentences
2025-04-24 16:18:02,444 - INFO - Encoding 183 paper sentences
2025-04-24 16:18:02,661 - INFO - Using default tokenizer.
2025-04-24 16:18:02,723 - INFO - Paper 80262838 ROUGE-1 F1: 0.4846
2025-04-24 16:18:02,723 - INFO - Paper 80262838 ROUGE-2 F1: 0.0791
2025-04-24 16:18:02,723 - INFO - Paper 80262838 ROUGE-L F1: 0.1930
2025-04-24 16:18:02,966 - INFO - Successfully processed paper 80262838
2025-04-24 16:18:02,966 - INFO - Processing paper 3855110
2025-04-24 16:18:03,005 - INFO - Paper 3855110: 1631 sentences, Summary: 20 sentences
2025-04-24 16:18:03,005 - INFO - Encoding 1631 paper sentences
2025-04-24 16:18:03,522 - INFO - Using default tokenizer.
2025-04-24 16:18:03,611 - INFO - Paper 3855110 ROUGE-1 F1: 0.6580
2025-04-24 16:18:03,611 - INFO - Paper 3855110 ROUGE-2 F1: 0.3770
2025-04-24 16:18:03,611 - INFO - Paper 3855110 ROUGE-L F1: 0.4263
2025-04-24 16:18:03,806 - INFO - Successfully processed paper 3855110
2025-04-24 16:18:03,806 - INFO - Processing paper 98757756
2025-04-24 16:18:03,812 - INFO - Paper 98757756: 288 sentences, Summary: 53 sentences
2025-04-24 16:18:03,812 - INFO - Encoding 288 paper sentences
2025-04-24 16:18:04,185 - INFO - Using default tokenizer.
2025-04-24 16:18:04,731 - INFO - Paper 98757756 ROUGE-1 F1: 0.7204
2025-04-24 16:18:04,731 - INFO - Paper 98757756 ROUGE-2 F1: 0.4151
2025-04-24 16:18:04,731 - INFO - Paper 98757756 ROUGE-L F1: 0.4749
2025-04-24 16:18:04,946 - INFO - Successfully processed paper 98757756
2025-04-24 16:18:04,947 - INFO - Processing paper 53269747
2025-04-24 16:18:04,988 - INFO - Paper 53269747: 561 sentences, Summary: 24 sentences
2025-04-24 16:18:04,988 - INFO - Encoding 561 paper sentences
2025-04-24 16:18:05,312 - INFO - Using default tokenizer.
2025-04-24 16:18:05,417 - INFO - Paper 53269747 ROUGE-1 F1: 0.6803
2025-04-24 16:18:05,417 - INFO - Paper 53269747 ROUGE-2 F1: 0.4106
2025-04-24 16:18:05,417 - INFO - Paper 53269747 ROUGE-L F1: 0.4830
2025-04-24 16:18:05,619 - INFO - Successfully processed paper 53269747
2025-04-24 16:18:05,619 - INFO - Processing paper 4728464
2025-04-24 16:18:05,624 - INFO - Paper 4728464: 221 sentences, Summary: 34 sentences
2025-04-24 16:18:05,624 - INFO - Encoding 221 paper sentences
2025-04-24 16:18:05,870 - INFO - Using default tokenizer.
2025-04-24 16:18:05,974 - INFO - Paper 4728464 ROUGE-1 F1: 0.4346
2025-04-24 16:18:05,974 - INFO - Paper 4728464 ROUGE-2 F1: 0.1068
2025-04-24 16:18:05,974 - INFO - Paper 4728464 ROUGE-L F1: 0.1998
2025-04-24 16:18:06,164 - INFO - Successfully processed paper 4728464
2025-04-24 16:18:06,164 - INFO - Processing paper 61558513
2025-04-24 16:18:06,169 - INFO - Paper 61558513: 228 sentences, Summary: 35 sentences
2025-04-24 16:18:06,169 - INFO - Encoding 228 paper sentences
2025-04-24 16:18:06,448 - INFO - Using default tokenizer.
2025-04-24 16:18:06,633 - INFO - Paper 61558513 ROUGE-1 F1: 0.6150
2025-04-24 16:18:06,633 - INFO - Paper 61558513 ROUGE-2 F1: 0.2684
2025-04-24 16:18:06,633 - INFO - Paper 61558513 ROUGE-L F1: 0.3532
2025-04-24 16:18:06,832 - INFO - Successfully processed paper 61558513
2025-04-24 16:18:06,833 - INFO - Processing paper 62996279
2025-04-24 16:18:06,836 - INFO - Paper 62996279: 204 sentences, Summary: 15 sentences
2025-04-24 16:18:06,836 - INFO - Encoding 204 paper sentences
2025-04-24 16:18:06,971 - INFO - Using default tokenizer.
2025-04-24 16:18:07,003 - INFO - Paper 62996279 ROUGE-1 F1: 0.5623
2025-04-24 16:18:07,003 - INFO - Paper 62996279 ROUGE-2 F1: 0.3429
2025-04-24 16:18:07,003 - INFO - Paper 62996279 ROUGE-L F1: 0.4121
2025-04-24 16:18:07,202 - INFO - Successfully processed paper 62996279
2025-04-24 16:18:07,203 - INFO - Skipping 13237217 - not in valid IDs
2025-04-24 16:18:07,203 - INFO - Processing paper 29796623
2025-04-24 16:18:07,212 - INFO - Paper 29796623: 205 sentences, Summary: 37 sentences
2025-04-24 16:18:07,212 - INFO - Encoding 205 paper sentences
2025-04-24 16:18:07,514 - INFO - Using default tokenizer.
2025-04-24 16:18:07,784 - INFO - Paper 29796623 ROUGE-1 F1: 0.7205
2025-04-24 16:18:07,784 - INFO - Paper 29796623 ROUGE-2 F1: 0.4974
2025-04-24 16:18:07,784 - INFO - Paper 29796623 ROUGE-L F1: 0.5404
2025-04-24 16:18:08,031 - INFO - Successfully processed paper 29796623
2025-04-24 16:18:08,032 - INFO - Processing paper 45043151
2025-04-24 16:18:08,047 - INFO - Paper 45043151: 263 sentences, Summary: 42 sentences
2025-04-24 16:18:08,047 - INFO - Encoding 263 paper sentences
2025-04-24 16:18:08,382 - INFO - Using default tokenizer.
2025-04-24 16:18:08,492 - INFO - Paper 45043151 ROUGE-1 F1: 0.4400
2025-04-24 16:18:08,492 - INFO - Paper 45043151 ROUGE-2 F1: 0.1119
2025-04-24 16:18:08,492 - INFO - Paper 45043151 ROUGE-L F1: 0.2150
2025-04-24 16:18:08,716 - INFO - Successfully processed paper 45043151
2025-04-24 16:18:08,717 - INFO - Processing paper 70335565
2025-04-24 16:18:08,723 - INFO - Paper 70335565: 165 sentences, Summary: 35 sentences
2025-04-24 16:18:08,723 - INFO - Encoding 165 paper sentences
2025-04-24 16:18:09,001 - INFO - Using default tokenizer.
2025-04-24 16:18:09,196 - INFO - Paper 70335565 ROUGE-1 F1: 0.8264
2025-04-24 16:18:09,196 - INFO - Paper 70335565 ROUGE-2 F1: 0.6691
2025-04-24 16:18:09,196 - INFO - Paper 70335565 ROUGE-L F1: 0.7190
2025-04-24 16:18:09,414 - INFO - Successfully processed paper 70335565
2025-04-24 16:18:09,414 - INFO - Processing paper 38867178
2025-04-24 16:18:09,419 - INFO - Paper 38867178: 279 sentences, Summary: 13 sentences
2025-04-24 16:18:09,419 - INFO - Encoding 279 paper sentences
2025-04-24 16:18:09,604 - INFO - Using default tokenizer.
2025-04-24 16:18:09,625 - INFO - Paper 38867178 ROUGE-1 F1: 0.4706
2025-04-24 16:18:09,625 - INFO - Paper 38867178 ROUGE-2 F1: 0.1142
2025-04-24 16:18:09,625 - INFO - Paper 38867178 ROUGE-L F1: 0.2392
2025-04-24 16:18:09,815 - INFO - Successfully processed paper 38867178
2025-04-24 16:18:09,815 - INFO - Processing paper 41161677
2025-04-24 16:18:09,837 - INFO - Paper 41161677: 870 sentences, Summary: 45 sentences
2025-04-24 16:18:09,837 - INFO - Encoding 870 paper sentences
2025-04-24 16:18:10,321 - INFO - Using default tokenizer.
2025-04-24 16:18:10,542 - INFO - Paper 41161677 ROUGE-1 F1: 0.6567
2025-04-24 16:18:10,542 - INFO - Paper 41161677 ROUGE-2 F1: 0.3978
2025-04-24 16:18:10,542 - INFO - Paper 41161677 ROUGE-L F1: 0.4766
2025-04-24 16:18:10,759 - INFO - Successfully processed paper 41161677
2025-04-24 16:18:10,759 - INFO - Processing paper 75442340
2025-04-24 16:18:10,763 - INFO - Paper 75442340: 169 sentences, Summary: 24 sentences
2025-04-24 16:18:10,763 - INFO - Encoding 169 paper sentences
2025-04-24 16:18:10,986 - INFO - Using default tokenizer.
2025-04-24 16:18:11,135 - INFO - Paper 75442340 ROUGE-1 F1: 0.5222
2025-04-24 16:18:11,135 - INFO - Paper 75442340 ROUGE-2 F1: 0.1089
2025-04-24 16:18:11,135 - INFO - Paper 75442340 ROUGE-L F1: 0.1974
2025-04-24 16:18:11,364 - INFO - Successfully processed paper 75442340
2025-04-24 16:18:11,365 - INFO - Skipping 58600020 - not in valid IDs
2025-04-24 16:18:11,365 - INFO - Processing paper 67744436
2025-04-24 16:18:11,371 - INFO - Paper 67744436: 179 sentences, Summary: 74 sentences
2025-04-24 16:18:11,371 - INFO - Encoding 179 paper sentences
2025-04-24 16:18:11,829 - INFO - Using default tokenizer.
2025-04-24 16:18:12,480 - INFO - Paper 67744436 ROUGE-1 F1: 0.5064
2025-04-24 16:18:12,480 - INFO - Paper 67744436 ROUGE-2 F1: 0.1513
2025-04-24 16:18:12,480 - INFO - Paper 67744436 ROUGE-L F1: 0.2181
2025-04-24 16:18:12,715 - INFO - Successfully processed paper 67744436
2025-04-24 16:18:12,716 - INFO - Processing paper 20550713
2025-04-24 16:18:12,740 - INFO - Paper 20550713: 635 sentences, Summary: 10 sentences
2025-04-24 16:18:12,740 - INFO - Encoding 635 paper sentences
2025-04-24 16:18:13,060 - INFO - Using default tokenizer.
2025-04-24 16:18:13,071 - INFO - Paper 20550713 ROUGE-1 F1: 0.3901
2025-04-24 16:18:13,072 - INFO - Paper 20550713 ROUGE-2 F1: 0.0773
2025-04-24 16:18:13,072 - INFO - Paper 20550713 ROUGE-L F1: 0.2033
2025-04-24 16:18:13,292 - INFO - Successfully processed paper 20550713
2025-04-24 16:18:13,292 - INFO - Processing paper 78339451
2025-04-24 16:18:13,296 - INFO - Paper 78339451: 164 sentences, Summary: 28 sentences
2025-04-24 16:18:13,297 - INFO - Encoding 164 paper sentences
2025-04-24 16:18:13,490 - INFO - Using default tokenizer.
2025-04-24 16:18:13,559 - INFO - Paper 78339451 ROUGE-1 F1: 0.5140
2025-04-24 16:18:13,559 - INFO - Paper 78339451 ROUGE-2 F1: 0.2086
2025-04-24 16:18:13,559 - INFO - Paper 78339451 ROUGE-L F1: 0.3226
2025-04-24 16:18:13,827 - INFO - Successfully processed paper 78339451
2025-04-24 16:18:13,828 - INFO - Processing paper 61360879
2025-04-24 16:18:13,833 - INFO - Paper 61360879: 189 sentences, Summary: 28 sentences
2025-04-24 16:18:13,833 - INFO - Encoding 189 paper sentences
2025-04-24 16:18:14,092 - INFO - Using default tokenizer.
2025-04-24 16:18:14,245 - INFO - Paper 61360879 ROUGE-1 F1: 0.5836
2025-04-24 16:18:14,245 - INFO - Paper 61360879 ROUGE-2 F1: 0.2008
2025-04-24 16:18:14,245 - INFO - Paper 61360879 ROUGE-L F1: 0.2451
2025-04-24 16:18:14,475 - INFO - Successfully processed paper 61360879
2025-04-24 16:18:14,476 - INFO - Processing paper 41467472
2025-04-24 16:18:14,486 - INFO - Paper 41467472: 272 sentences, Summary: 6 sentences
2025-04-24 16:18:14,486 - INFO - Encoding 272 paper sentences
2025-04-24 16:18:14,663 - INFO - Using default tokenizer.
2025-04-24 16:18:14,671 - INFO - Paper 41467472 ROUGE-1 F1: 0.3754
2025-04-24 16:18:14,671 - INFO - Paper 41467472 ROUGE-2 F1: 0.0962
2025-04-24 16:18:14,672 - INFO - Paper 41467472 ROUGE-L F1: 0.1911
2025-04-24 16:18:14,893 - INFO - Successfully processed paper 41467472
2025-04-24 16:18:14,893 - INFO - Processing paper 45518901
2025-04-24 16:18:14,922 - INFO - Paper 45518901: 473 sentences, Summary: 65 sentences
2025-04-24 16:18:14,922 - INFO - Encoding 473 paper sentences
2025-04-24 16:18:15,436 - INFO - Using default tokenizer.
2025-04-24 16:18:15,929 - INFO - Paper 45518901 ROUGE-1 F1: 0.6279
2025-04-24 16:18:15,930 - INFO - Paper 45518901 ROUGE-2 F1: 0.2999
2025-04-24 16:18:15,930 - INFO - Paper 45518901 ROUGE-L F1: 0.3683
2025-04-24 16:18:16,166 - INFO - Successfully processed paper 45518901
2025-04-24 16:18:16,166 - INFO - Processing paper 88548359
2025-04-24 16:18:16,175 - INFO - Paper 88548359: 306 sentences, Summary: 20 sentences
2025-04-24 16:18:16,175 - INFO - Encoding 306 paper sentences
2025-04-24 16:18:16,379 - INFO - Using default tokenizer.
2025-04-24 16:18:16,445 - INFO - Paper 88548359 ROUGE-1 F1: 0.6157
2025-04-24 16:18:16,445 - INFO - Paper 88548359 ROUGE-2 F1: 0.3344
2025-04-24 16:18:16,445 - INFO - Paper 88548359 ROUGE-L F1: 0.4090
2025-04-24 16:18:16,666 - INFO - Successfully processed paper 88548359
2025-04-24 16:18:16,666 - INFO - Processing paper 79471009
2025-04-24 16:18:16,673 - INFO - Paper 79471009: 271 sentences, Summary: 31 sentences
2025-04-24 16:18:16,673 - INFO - Encoding 271 paper sentences
2025-04-24 16:18:16,951 - INFO - Using default tokenizer.
2025-04-24 16:18:17,118 - INFO - Paper 79471009 ROUGE-1 F1: 0.6357
2025-04-24 16:18:17,118 - INFO - Paper 79471009 ROUGE-2 F1: 0.2419
2025-04-24 16:18:17,119 - INFO - Paper 79471009 ROUGE-L F1: 0.3318
2025-04-24 16:18:17,433 - INFO - Successfully processed paper 79471009
2025-04-24 16:18:17,433 - INFO - Skipping 93106503 - not in valid IDs
2025-04-24 16:18:17,433 - INFO - Processing paper 35377831
2025-04-24 16:18:17,452 - INFO - Paper 35377831: 504 sentences, Summary: 62 sentences
2025-04-24 16:18:17,452 - INFO - Encoding 504 paper sentences
2025-04-24 16:18:17,916 - INFO - Using default tokenizer.
2025-04-24 16:18:18,538 - INFO - Paper 35377831 ROUGE-1 F1: 0.8228
2025-04-24 16:18:18,538 - INFO - Paper 35377831 ROUGE-2 F1: 0.6117
2025-04-24 16:18:18,538 - INFO - Paper 35377831 ROUGE-L F1: 0.6456
2025-04-24 16:18:18,790 - INFO - Successfully processed paper 35377831
2025-04-24 16:18:18,791 - INFO - Skipping 81623492 - not in valid IDs
2025-04-24 16:18:18,791 - INFO - Processing paper 66883240
2025-04-24 16:18:18,810 - INFO - Paper 66883240: 476 sentences, Summary: 38 sentences
2025-04-24 16:18:18,810 - INFO - Encoding 476 paper sentences
2025-04-24 16:18:19,191 - INFO - Using default tokenizer.
2025-04-24 16:18:19,401 - INFO - Paper 66883240 ROUGE-1 F1: 0.6111
2025-04-24 16:18:19,401 - INFO - Paper 66883240 ROUGE-2 F1: 0.2649
2025-04-24 16:18:19,401 - INFO - Paper 66883240 ROUGE-L F1: 0.3588
2025-04-24 16:18:19,624 - INFO - Successfully processed paper 66883240
2025-04-24 16:18:19,625 - INFO - Processing paper 7157784
2025-04-24 16:18:19,635 - INFO - Paper 7157784: 199 sentences, Summary: 24 sentences
2025-04-24 16:18:19,635 - INFO - Encoding 199 paper sentences
2025-04-24 16:18:19,877 - INFO - Using default tokenizer.
2025-04-24 16:18:19,971 - INFO - Paper 7157784 ROUGE-1 F1: 0.5177
2025-04-24 16:18:19,971 - INFO - Paper 7157784 ROUGE-2 F1: 0.1165
2025-04-24 16:18:19,971 - INFO - Paper 7157784 ROUGE-L F1: 0.1998
2025-04-24 16:18:20,197 - INFO - Successfully processed paper 7157784
2025-04-24 16:18:20,197 - INFO - Processing paper 38830210
2025-04-24 16:18:20,204 - INFO - Paper 38830210: 250 sentences, Summary: 15 sentences
2025-04-24 16:18:20,204 - INFO - Encoding 250 paper sentences
2025-04-24 16:18:20,411 - INFO - Using default tokenizer.
2025-04-24 16:18:20,460 - INFO - Paper 38830210 ROUGE-1 F1: 0.5155
2025-04-24 16:18:20,461 - INFO - Paper 38830210 ROUGE-2 F1: 0.1844
2025-04-24 16:18:20,461 - INFO - Paper 38830210 ROUGE-L F1: 0.2772
2025-04-24 16:18:20,728 - INFO - Successfully processed paper 38830210
2025-04-24 16:18:20,729 - INFO - Processing paper 47469397
2025-04-24 16:18:20,743 - INFO - Paper 47469397: 244 sentences, Summary: 25 sentences
2025-04-24 16:18:20,743 - INFO - Encoding 244 paper sentences
2025-04-24 16:18:20,965 - INFO - Using default tokenizer.
2025-04-24 16:18:21,054 - INFO - Paper 47469397 ROUGE-1 F1: 0.6230
2025-04-24 16:18:21,054 - INFO - Paper 47469397 ROUGE-2 F1: 0.2770
2025-04-24 16:18:21,054 - INFO - Paper 47469397 ROUGE-L F1: 0.3392
2025-04-24 16:18:21,300 - INFO - Successfully processed paper 47469397
2025-04-24 16:18:21,301 - INFO - Processing paper 82043898
2025-04-24 16:18:21,341 - INFO - Paper 82043898: 489 sentences, Summary: 34 sentences
2025-04-24 16:18:21,341 - INFO - Encoding 489 paper sentences
2025-04-24 16:18:21,704 - INFO - Using default tokenizer.
2025-04-24 16:18:21,910 - INFO - Paper 82043898 ROUGE-1 F1: 0.7138
2025-04-24 16:18:21,910 - INFO - Paper 82043898 ROUGE-2 F1: 0.5132
2025-04-24 16:18:21,910 - INFO - Paper 82043898 ROUGE-L F1: 0.5701
2025-04-24 16:18:22,146 - INFO - Successfully processed paper 82043898
2025-04-24 16:18:22,147 - INFO - Processing paper 82314288
2025-04-24 16:18:22,155 - INFO - Paper 82314288: 327 sentences, Summary: 46 sentences
2025-04-24 16:18:22,155 - INFO - Encoding 327 paper sentences
2025-04-24 16:18:22,522 - INFO - Using default tokenizer.
2025-04-24 16:18:22,693 - INFO - Paper 82314288 ROUGE-1 F1: 0.5139
2025-04-24 16:18:22,694 - INFO - Paper 82314288 ROUGE-2 F1: 0.1633
2025-04-24 16:18:22,694 - INFO - Paper 82314288 ROUGE-L F1: 0.2343
2025-04-24 16:18:22,944 - INFO - Successfully processed paper 82314288
2025-04-24 16:18:22,944 - INFO - Processing paper 45538669
2025-04-24 16:18:22,958 - INFO - Paper 45538669: 265 sentences, Summary: 49 sentences
2025-04-24 16:18:22,959 - INFO - Encoding 265 paper sentences
2025-04-24 16:18:23,297 - INFO - Using default tokenizer.
2025-04-24 16:18:23,494 - INFO - Paper 45538669 ROUGE-1 F1: 0.5221
2025-04-24 16:18:23,494 - INFO - Paper 45538669 ROUGE-2 F1: 0.1485
2025-04-24 16:18:23,494 - INFO - Paper 45538669 ROUGE-L F1: 0.2243
2025-04-24 16:18:23,732 - INFO - Successfully processed paper 45538669
2025-04-24 16:18:23,733 - INFO - Processing paper 67696398
2025-04-24 16:18:23,746 - INFO - Paper 67696398: 477 sentences, Summary: 49 sentences
2025-04-24 16:18:23,746 - INFO - Encoding 477 paper sentences
2025-04-24 16:18:24,130 - INFO - Using default tokenizer.
2025-04-24 16:18:24,515 - INFO - Paper 67696398 ROUGE-1 F1: 0.8309
2025-04-24 16:18:24,515 - INFO - Paper 67696398 ROUGE-2 F1: 0.6787
2025-04-24 16:18:24,515 - INFO - Paper 67696398 ROUGE-L F1: 0.7238
2025-04-24 16:18:24,788 - INFO - Successfully processed paper 67696398
2025-04-24 16:18:24,788 - INFO - Processing paper 37263635
2025-04-24 16:18:24,799 - INFO - Paper 37263635: 341 sentences, Summary: 48 sentences
2025-04-24 16:18:24,799 - INFO - Encoding 341 paper sentences
2025-04-24 16:18:25,178 - INFO - Using default tokenizer.
2025-04-24 16:18:25,486 - INFO - Paper 37263635 ROUGE-1 F1: 0.8010
2025-04-24 16:18:25,486 - INFO - Paper 37263635 ROUGE-2 F1: 0.6258
2025-04-24 16:18:25,486 - INFO - Paper 37263635 ROUGE-L F1: 0.6814
2025-04-24 16:18:25,719 - INFO - Successfully processed paper 37263635
2025-04-24 16:18:25,719 - INFO - Processing paper 17409856
2025-04-24 16:18:25,727 - INFO - Paper 17409856: 226 sentences, Summary: 31 sentences
2025-04-24 16:18:25,727 - INFO - Encoding 226 paper sentences
2025-04-24 16:18:25,987 - INFO - Using default tokenizer.
2025-04-24 16:18:26,136 - INFO - Paper 17409856 ROUGE-1 F1: 0.6029
2025-04-24 16:18:26,136 - INFO - Paper 17409856 ROUGE-2 F1: 0.2720
2025-04-24 16:18:26,136 - INFO - Paper 17409856 ROUGE-L F1: 0.3479
2025-04-24 16:18:26,370 - INFO - Successfully processed paper 17409856
2025-04-24 16:18:26,371 - INFO - Processing paper 69502658
2025-04-24 16:18:26,406 - INFO - Paper 69502658: 480 sentences, Summary: 32 sentences
2025-04-24 16:18:26,406 - INFO - Encoding 480 paper sentences
2025-04-24 16:18:26,734 - INFO - Using default tokenizer.
2025-04-24 16:18:26,848 - INFO - Paper 69502658 ROUGE-1 F1: 0.6731
2025-04-24 16:18:26,848 - INFO - Paper 69502658 ROUGE-2 F1: 0.3848
2025-04-24 16:18:26,848 - INFO - Paper 69502658 ROUGE-L F1: 0.4649
2025-04-24 16:18:27,095 - INFO - Successfully processed paper 69502658
2025-04-24 16:18:27,096 - INFO - Processing paper 91200961
2025-04-24 16:18:27,119 - INFO - Paper 91200961: 230 sentences, Summary: 83 sentences
2025-04-24 16:18:27,120 - INFO - Encoding 230 paper sentences
2025-04-24 16:18:27,609 - INFO - Using default tokenizer.
2025-04-24 16:18:28,242 - INFO - Paper 91200961 ROUGE-1 F1: 0.5937
2025-04-24 16:18:28,242 - INFO - Paper 91200961 ROUGE-2 F1: 0.1965
2025-04-24 16:18:28,242 - INFO - Paper 91200961 ROUGE-L F1: 0.2511
2025-04-24 16:18:28,468 - INFO - Successfully processed paper 91200961
2025-04-24 16:18:28,469 - INFO - Processing paper 3517250
2025-04-24 16:18:28,481 - INFO - Paper 3517250: 161 sentences, Summary: 15 sentences
2025-04-24 16:18:28,482 - INFO - Encoding 161 paper sentences
2025-04-24 16:18:28,676 - INFO - Using default tokenizer.
2025-04-24 16:18:28,708 - INFO - Paper 3517250 ROUGE-1 F1: 0.4890
2025-04-24 16:18:28,708 - INFO - Paper 3517250 ROUGE-2 F1: 0.1447
2025-04-24 16:18:28,708 - INFO - Paper 3517250 ROUGE-L F1: 0.2382
2025-04-24 16:18:28,935 - INFO - Successfully processed paper 3517250
2025-04-24 16:18:28,936 - INFO - Processing paper 80719489
2025-04-24 16:18:28,955 - INFO - Paper 80719489: 212 sentences, Summary: 69 sentences
2025-04-24 16:18:28,955 - INFO - Encoding 212 paper sentences
2025-04-24 16:18:29,382 - INFO - Using default tokenizer.
2025-04-24 16:18:29,784 - INFO - Paper 80719489 ROUGE-1 F1: 0.5118
2025-04-24 16:18:29,784 - INFO - Paper 80719489 ROUGE-2 F1: 0.1450
2025-04-24 16:18:29,784 - INFO - Paper 80719489 ROUGE-L F1: 0.2344
2025-04-24 16:18:30,062 - INFO - Successfully processed paper 80719489
2025-04-24 16:18:30,062 - INFO - Processing paper 96002700
2025-04-24 16:18:30,077 - INFO - Paper 96002700: 615 sentences, Summary: 42 sentences
2025-04-24 16:18:30,077 - INFO - Encoding 615 paper sentences
2025-04-24 16:18:30,478 - INFO - Using default tokenizer.
2025-04-24 16:18:30,762 - INFO - Paper 96002700 ROUGE-1 F1: 0.5828
2025-04-24 16:18:30,762 - INFO - Paper 96002700 ROUGE-2 F1: 0.2794
2025-04-24 16:18:30,762 - INFO - Paper 96002700 ROUGE-L F1: 0.3624
2025-04-24 16:18:31,012 - INFO - Successfully processed paper 96002700
2025-04-24 16:18:31,012 - INFO - Processing paper 51254358
2025-04-24 16:18:31,027 - INFO - Paper 51254358: 407 sentences, Summary: 50 sentences
2025-04-24 16:18:31,027 - INFO - Encoding 407 paper sentences
2025-04-24 16:18:31,422 - INFO - Using default tokenizer.
2025-04-24 16:18:31,857 - INFO - Paper 51254358 ROUGE-1 F1: 0.6930
2025-04-24 16:18:31,857 - INFO - Paper 51254358 ROUGE-2 F1: 0.3521
2025-04-24 16:18:31,857 - INFO - Paper 51254358 ROUGE-L F1: 0.3958
2025-04-24 16:18:32,193 - INFO - Successfully processed paper 51254358
2025-04-24 16:18:32,194 - INFO - Processing paper 93218559
2025-04-24 16:18:32,200 - INFO - Paper 93218559: 250 sentences, Summary: 8 sentences
2025-04-24 16:18:32,200 - INFO - Encoding 250 paper sentences
2025-04-24 16:18:32,360 - INFO - Using default tokenizer.
2025-04-24 16:18:32,376 - INFO - Paper 93218559 ROUGE-1 F1: 0.3505
2025-04-24 16:18:32,377 - INFO - Paper 93218559 ROUGE-2 F1: 0.0563
2025-04-24 16:18:32,377 - INFO - Paper 93218559 ROUGE-L F1: 0.1963
2025-04-24 16:18:32,610 - INFO - Successfully processed paper 93218559
2025-04-24 16:18:32,610 - INFO - Processing paper 42731227
2025-04-24 16:18:32,617 - INFO - Paper 42731227: 260 sentences, Summary: 9 sentences
2025-04-24 16:18:32,617 - INFO - Encoding 260 paper sentences
2025-04-24 16:18:32,805 - INFO - Using default tokenizer.
2025-04-24 16:18:32,845 - INFO - Paper 42731227 ROUGE-1 F1: 0.4554
2025-04-24 16:18:32,845 - INFO - Paper 42731227 ROUGE-2 F1: 0.1736
2025-04-24 16:18:32,845 - INFO - Paper 42731227 ROUGE-L F1: 0.2636
2025-04-24 16:18:33,066 - INFO - Successfully processed paper 42731227
2025-04-24 16:18:33,067 - INFO - Processing paper 22528856
2025-04-24 16:18:33,073 - INFO - Paper 22528856: 348 sentences, Summary: 13 sentences
2025-04-24 16:18:33,073 - INFO - Encoding 348 paper sentences
2025-04-24 16:18:33,307 - INFO - Using default tokenizer.
2025-04-24 16:18:33,336 - INFO - Paper 22528856 ROUGE-1 F1: 0.4486
2025-04-24 16:18:33,336 - INFO - Paper 22528856 ROUGE-2 F1: 0.0893
2025-04-24 16:18:33,336 - INFO - Paper 22528856 ROUGE-L F1: 0.2055
2025-04-24 16:18:33,567 - INFO - Successfully processed paper 22528856
2025-04-24 16:18:33,567 - INFO - Processing paper 68635574
2025-04-24 16:18:33,578 - INFO - Paper 68635574: 429 sentences, Summary: 16 sentences
2025-04-24 16:18:33,578 - INFO - Encoding 429 paper sentences
2025-04-24 16:18:33,875 - INFO - Using default tokenizer.
2025-04-24 16:18:33,913 - INFO - Paper 68635574 ROUGE-1 F1: 0.5682
2025-04-24 16:18:33,913 - INFO - Paper 68635574 ROUGE-2 F1: 0.1738
2025-04-24 16:18:33,913 - INFO - Paper 68635574 ROUGE-L F1: 0.2614
2025-04-24 16:18:34,126 - INFO - Successfully processed paper 68635574
2025-04-24 16:18:34,128 - INFO - Overall statistics:
2025-04-24 16:18:34,128 - INFO - Papers processed: 488
2025-04-24 16:18:34,128 - INFO - Total summary sentences: 17092
2025-04-24 16:18:34,128 - INFO - Total paper sentences: 166034
2025-04-24 16:18:34,128 - INFO - Average similarity: 0.6819
2025-04-24 16:18:34,128 - INFO - Average ROUGE-1 F1: 0.5871
2025-04-24 16:18:34,128 - INFO - Average ROUGE-2 F1: 0.2670
2025-04-24 16:18:34,128 - INFO - Average ROUGE-L F1: 0.3495
2025-04-24 16:18:34,128 - INFO - Processing complete. Processed 488 papers.
