2025-05-04 04:57:51,259 - INFO - Modified output path: ./jaehyeok/datasets/mapping_gold_summary_t0.692_m3.json
2025-05-04 04:57:51,259 - INFO - Loading model: all-MiniLM-L6-v2
2025-05-04 04:57:51,270 - INFO - Use pytorch device_name: cuda:0
2025-05-04 04:57:51,270 - INFO - Load pretrained SentenceTransformer: all-MiniLM-L6-v2
2025-05-04 04:57:53,991 - INFO - Loading papers from ./papers/postprocessed/full_texts/
2025-05-04 04:57:53,992 - INFO - Found 522 paper files
2025-05-04 04:57:54,036 - INFO - Successfully loaded 522 papers
2025-05-04 04:57:54,036 - INFO - Loading gold summaries from ./abstractive_summaries/id_summary_map.json
2025-05-04 04:57:54,043 - INFO - Loaded 530 gold summaries
2025-05-04 04:57:54,043 - INFO - Loading existing results from ./jaehyeok/datasets/mapping_gold_summary_t0.692_m3.json
2025-05-04 04:57:54,043 - INFO - No existing results file found, creating new one
2025-05-04 04:57:54,044 - INFO - Loaded 488 valid paper IDs
2025-05-04 04:57:54,044 - INFO - Using similarity threshold: 0.692, max sentences per summary: 3
2025-05-04 04:57:54,044 - INFO - Processing paper 41840073
2025-05-04 04:57:54,066 - INFO - Paper 41840073: 254 sentences, Summary: 58 sentences
2025-05-04 04:57:54,066 - INFO - Encoding 254 paper sentences
2025-05-04 04:57:54,851 - INFO - Using default tokenizer.
2025-05-04 04:57:55,759 - INFO - Paper 41840073 ROUGE-1 F1: 0.5833
2025-05-04 04:57:55,759 - INFO - Paper 41840073 ROUGE-2 F1: 0.3422
2025-05-04 04:57:55,759 - INFO - Paper 41840073 ROUGE-L F1: 0.3778
2025-05-04 04:57:55,761 - INFO - Successfully processed paper 41840073, matched 92 sentences
2025-05-04 04:57:55,761 - INFO - Processing paper 37775721
2025-05-04 04:57:55,764 - INFO - Paper 37775721: 94 sentences, Summary: 10 sentences
2025-05-04 04:57:55,764 - INFO - Encoding 94 paper sentences
2025-05-04 04:57:55,890 - INFO - Using default tokenizer.
2025-05-04 04:57:55,918 - INFO - Paper 37775721 ROUGE-1 F1: 0.5230
2025-05-04 04:57:55,918 - INFO - Paper 37775721 ROUGE-2 F1: 0.2847
2025-05-04 04:57:55,918 - INFO - Paper 37775721 ROUGE-L F1: 0.3573
2025-05-04 04:57:55,920 - INFO - Successfully processed paper 37775721, matched 17 sentences
2025-05-04 04:57:55,921 - INFO - Processing paper 34524227
2025-05-04 04:57:55,934 - INFO - Paper 34524227: 408 sentences, Summary: 6 sentences
2025-05-04 04:57:55,934 - INFO - Encoding 408 paper sentences
2025-05-04 04:57:56,126 - INFO - Using default tokenizer.
2025-05-04 04:57:56,140 - INFO - Paper 34524227 ROUGE-1 F1: 0.5450
2025-05-04 04:57:56,140 - INFO - Paper 34524227 ROUGE-2 F1: 0.4171
2025-05-04 04:57:56,140 - INFO - Paper 34524227 ROUGE-L F1: 0.4900
2025-05-04 04:57:56,143 - INFO - Successfully processed paper 34524227, matched 12 sentences
2025-05-04 04:57:56,143 - INFO - Processing paper 82626355
2025-05-04 04:57:56,168 - INFO - Paper 82626355: 772 sentences, Summary: 57 sentences
2025-05-04 04:57:56,168 - INFO - Encoding 772 paper sentences
2025-05-04 04:57:57,206 - INFO - Using default tokenizer.
2025-05-04 04:57:58,473 - INFO - Paper 82626355 ROUGE-1 F1: 0.5288
2025-05-04 04:57:58,474 - INFO - Paper 82626355 ROUGE-2 F1: 0.3143
2025-05-04 04:57:58,474 - INFO - Paper 82626355 ROUGE-L F1: 0.3451
2025-05-04 04:57:58,478 - INFO - Successfully processed paper 82626355, matched 113 sentences
2025-05-04 04:57:58,478 - INFO - Processing paper 45518901
2025-05-04 04:57:58,488 - INFO - Paper 45518901: 473 sentences, Summary: 65 sentences
2025-05-04 04:57:58,488 - INFO - Encoding 473 paper sentences
2025-05-04 04:57:59,364 - INFO - Using default tokenizer.
2025-05-04 04:58:00,276 - INFO - Paper 45518901 ROUGE-1 F1: 0.5242
2025-05-04 04:58:00,276 - INFO - Paper 45518901 ROUGE-2 F1: 0.2385
2025-05-04 04:58:00,276 - INFO - Paper 45518901 ROUGE-L F1: 0.3097
2025-05-04 04:58:00,282 - INFO - Successfully processed paper 45518901, matched 102 sentences
2025-05-04 04:58:00,282 - INFO - Processing paper 26277001
2025-05-04 04:58:00,294 - INFO - Paper 26277001: 458 sentences, Summary: 31 sentences
2025-05-04 04:58:00,294 - INFO - Encoding 458 paper sentences
2025-05-04 04:58:00,771 - INFO - Using default tokenizer.
2025-05-04 04:58:01,020 - INFO - Paper 26277001 ROUGE-1 F1: 0.5593
2025-05-04 04:58:01,020 - INFO - Paper 26277001 ROUGE-2 F1: 0.3473
2025-05-04 04:58:01,020 - INFO - Paper 26277001 ROUGE-L F1: 0.3870
2025-05-04 04:58:01,027 - INFO - Successfully processed paper 26277001, matched 52 sentences
2025-05-04 04:58:01,028 - INFO - Processing paper 35973587
2025-05-04 04:58:01,031 - INFO - Paper 35973587: 120 sentences, Summary: 37 sentences
2025-05-04 04:58:01,031 - INFO - Encoding 120 paper sentences
2025-05-04 04:58:01,337 - INFO - Using default tokenizer.
2025-05-04 04:58:01,619 - INFO - Paper 35973587 ROUGE-1 F1: 0.3971
2025-05-04 04:58:01,619 - INFO - Paper 35973587 ROUGE-2 F1: 0.0811
2025-05-04 04:58:01,619 - INFO - Paper 35973587 ROUGE-L F1: 0.1766
2025-05-04 04:58:01,627 - INFO - Successfully processed paper 35973587, matched 50 sentences
2025-05-04 04:58:01,627 - INFO - Processing paper 50524744
2025-05-04 04:58:01,642 - INFO - Paper 50524744: 749 sentences, Summary: 53 sentences
2025-05-04 04:58:01,642 - INFO - Encoding 749 paper sentences
2025-05-04 04:58:02,594 - INFO - Using default tokenizer.
2025-05-04 04:58:03,726 - INFO - Paper 50524744 ROUGE-1 F1: 0.5989
2025-05-04 04:58:03,726 - INFO - Paper 50524744 ROUGE-2 F1: 0.4326
2025-05-04 04:58:03,726 - INFO - Paper 50524744 ROUGE-L F1: 0.4580
2025-05-04 04:58:03,742 - INFO - Successfully processed paper 50524744, matched 99 sentences
2025-05-04 04:58:03,743 - INFO - Processing paper 66006367
2025-05-04 04:58:03,766 - INFO - Paper 66006367: 652 sentences, Summary: 22 sentences
2025-05-04 04:58:03,766 - INFO - Encoding 652 paper sentences
2025-05-04 04:58:04,274 - INFO - Using default tokenizer.
2025-05-04 04:58:04,393 - INFO - Paper 66006367 ROUGE-1 F1: 0.4830
2025-05-04 04:58:04,393 - INFO - Paper 66006367 ROUGE-2 F1: 0.1618
2025-05-04 04:58:04,393 - INFO - Paper 66006367 ROUGE-L F1: 0.2249
2025-05-04 04:58:04,407 - INFO - Successfully processed paper 66006367, matched 36 sentences
2025-05-04 04:58:04,407 - INFO - Processing paper 29796623
2025-05-04 04:58:04,412 - INFO - Paper 29796623: 205 sentences, Summary: 37 sentences
2025-05-04 04:58:04,412 - INFO - Encoding 205 paper sentences
2025-05-04 04:58:04,821 - INFO - Using default tokenizer.
2025-05-04 04:58:05,236 - INFO - Paper 29796623 ROUGE-1 F1: 0.6148
2025-05-04 04:58:05,236 - INFO - Paper 29796623 ROUGE-2 F1: 0.4228
2025-05-04 04:58:05,236 - INFO - Paper 29796623 ROUGE-L F1: 0.4660
2025-05-04 04:58:05,247 - INFO - Successfully processed paper 29796623, matched 52 sentences
2025-05-04 04:58:05,247 - INFO - Processing paper 83267919
2025-05-04 04:58:05,254 - INFO - Paper 83267919: 304 sentences, Summary: 51 sentences
2025-05-04 04:58:05,254 - INFO - Encoding 304 paper sentences
2025-05-04 04:58:05,815 - INFO - Using default tokenizer.
2025-05-04 04:58:06,552 - INFO - Paper 83267919 ROUGE-1 F1: 0.6794
2025-05-04 04:58:06,553 - INFO - Paper 83267919 ROUGE-2 F1: 0.3412
2025-05-04 04:58:06,553 - INFO - Paper 83267919 ROUGE-L F1: 0.3897
2025-05-04 04:58:06,566 - INFO - Successfully processed paper 83267919, matched 61 sentences
2025-05-04 04:58:06,566 - INFO - Processing paper 97923725
2025-05-04 04:58:06,576 - INFO - Paper 97923725: 461 sentences, Summary: 36 sentences
2025-05-04 04:58:06,576 - INFO - Encoding 461 paper sentences
2025-05-04 04:58:07,161 - INFO - Using default tokenizer.
2025-05-04 04:58:07,530 - INFO - Paper 97923725 ROUGE-1 F1: 0.5486
2025-05-04 04:58:07,530 - INFO - Paper 97923725 ROUGE-2 F1: 0.2138
2025-05-04 04:58:07,530 - INFO - Paper 97923725 ROUGE-L F1: 0.2793
2025-05-04 04:58:07,543 - INFO - Successfully processed paper 97923725, matched 51 sentences
2025-05-04 04:58:07,543 - INFO - Processing paper 27300559
2025-05-04 04:58:07,553 - INFO - Paper 27300559: 471 sentences, Summary: 28 sentences
2025-05-04 04:58:07,553 - INFO - Encoding 471 paper sentences
2025-05-04 04:58:07,985 - INFO - Using default tokenizer.
2025-05-04 04:58:08,249 - INFO - Paper 27300559 ROUGE-1 F1: 0.5251
2025-05-04 04:58:08,249 - INFO - Paper 27300559 ROUGE-2 F1: 0.3432
2025-05-04 04:58:08,249 - INFO - Paper 27300559 ROUGE-L F1: 0.3936
2025-05-04 04:58:08,262 - INFO - Successfully processed paper 27300559, matched 58 sentences
2025-05-04 04:58:08,263 - INFO - Processing paper 46507565
2025-05-04 04:58:08,275 - INFO - Paper 46507565: 550 sentences, Summary: 63 sentences
2025-05-04 04:58:08,275 - INFO - Encoding 550 paper sentences
2025-05-04 04:58:09,145 - INFO - Using default tokenizer.
2025-05-04 04:58:10,264 - INFO - Paper 46507565 ROUGE-1 F1: 0.5693
2025-05-04 04:58:10,264 - INFO - Paper 46507565 ROUGE-2 F1: 0.3620
2025-05-04 04:58:10,265 - INFO - Paper 46507565 ROUGE-L F1: 0.3931
2025-05-04 04:58:10,281 - INFO - Successfully processed paper 46507565, matched 132 sentences
2025-05-04 04:58:10,281 - INFO - Processing paper 4216862
2025-05-04 04:58:10,287 - INFO - Paper 4216862: 289 sentences, Summary: 13 sentences
2025-05-04 04:58:10,287 - INFO - Encoding 289 paper sentences
2025-05-04 04:58:10,541 - INFO - Using default tokenizer.
2025-05-04 04:58:10,556 - INFO - Paper 4216862 ROUGE-1 F1: 0.3940
2025-05-04 04:58:10,556 - INFO - Paper 4216862 ROUGE-2 F1: 0.0852
2025-05-04 04:58:10,556 - INFO - Paper 4216862 ROUGE-L F1: 0.2394
2025-05-04 04:58:10,573 - INFO - Successfully processed paper 4216862, matched 14 sentences
2025-05-04 04:58:10,574 - INFO - Processing paper 27321339
2025-05-04 04:58:10,582 - INFO - Paper 27321339: 383 sentences, Summary: 34 sentences
2025-05-04 04:58:10,583 - INFO - Encoding 383 paper sentences
2025-05-04 04:58:11,081 - INFO - Using default tokenizer.
2025-05-04 04:58:11,335 - INFO - Paper 27321339 ROUGE-1 F1: 0.5565
2025-05-04 04:58:11,335 - INFO - Paper 27321339 ROUGE-2 F1: 0.1666
2025-05-04 04:58:11,335 - INFO - Paper 27321339 ROUGE-L F1: 0.2567
2025-05-04 04:58:11,353 - INFO - Successfully processed paper 27321339, matched 40 sentences
2025-05-04 04:58:11,353 - INFO - Skipping 76854692 - not in valid IDs
2025-05-04 04:58:11,353 - INFO - Processing paper 8455503
2025-05-04 04:58:11,362 - INFO - Paper 8455503: 429 sentences, Summary: 58 sentences
2025-05-04 04:58:11,362 - INFO - Encoding 429 paper sentences
2025-05-04 04:58:12,079 - INFO - Using default tokenizer.
2025-05-04 04:58:13,355 - INFO - Paper 8455503 ROUGE-1 F1: 0.6318
2025-05-04 04:58:13,356 - INFO - Paper 8455503 ROUGE-2 F1: 0.4648
2025-05-04 04:58:13,356 - INFO - Paper 8455503 ROUGE-L F1: 0.4732
2025-05-04 04:58:13,375 - INFO - Successfully processed paper 8455503, matched 115 sentences
2025-05-04 04:58:13,375 - INFO - Processing paper 8087311
2025-05-04 04:58:13,381 - INFO - Paper 8087311: 253 sentences, Summary: 28 sentences
2025-05-04 04:58:13,381 - INFO - Encoding 253 paper sentences
2025-05-04 04:58:13,695 - INFO - Using default tokenizer.
2025-05-04 04:58:13,835 - INFO - Paper 8087311 ROUGE-1 F1: 0.6417
2025-05-04 04:58:13,835 - INFO - Paper 8087311 ROUGE-2 F1: 0.3453
2025-05-04 04:58:13,835 - INFO - Paper 8087311 ROUGE-L F1: 0.4438
2025-05-04 04:58:13,856 - INFO - Successfully processed paper 8087311, matched 42 sentences
2025-05-04 04:58:13,856 - INFO - Processing paper 96747724
2025-05-04 04:58:13,869 - INFO - Paper 96747724: 458 sentences, Summary: 50 sentences
2025-05-04 04:58:13,869 - INFO - Encoding 458 paper sentences
2025-05-04 04:58:14,542 - INFO - Using default tokenizer.
2025-05-04 04:58:15,188 - INFO - Paper 96747724 ROUGE-1 F1: 0.7047
2025-05-04 04:58:15,188 - INFO - Paper 96747724 ROUGE-2 F1: 0.4355
2025-05-04 04:58:15,188 - INFO - Paper 96747724 ROUGE-L F1: 0.4691
2025-05-04 04:58:15,213 - INFO - Successfully processed paper 96747724, matched 67 sentences
2025-05-04 04:58:15,213 - INFO - Processing paper 79512250
2025-05-04 04:58:15,218 - INFO - Paper 79512250: 222 sentences, Summary: 15 sentences
2025-05-04 04:58:15,219 - INFO - Encoding 222 paper sentences
2025-05-04 04:58:15,407 - INFO - Using default tokenizer.
2025-05-04 04:58:15,467 - INFO - Paper 79512250 ROUGE-1 F1: 0.5047
2025-05-04 04:58:15,467 - INFO - Paper 79512250 ROUGE-2 F1: 0.1924
2025-05-04 04:58:15,467 - INFO - Paper 79512250 ROUGE-L F1: 0.3128
2025-05-04 04:58:15,490 - INFO - Successfully processed paper 79512250, matched 25 sentences
2025-05-04 04:58:15,490 - INFO - Processing paper 2774914
2025-05-04 04:58:15,496 - INFO - Paper 2774914: 259 sentences, Summary: 15 sentences
2025-05-04 04:58:15,496 - INFO - Encoding 259 paper sentences
2025-05-04 04:58:15,722 - INFO - Using default tokenizer.
2025-05-04 04:58:15,760 - INFO - Paper 2774914 ROUGE-1 F1: 0.4177
2025-05-04 04:58:15,760 - INFO - Paper 2774914 ROUGE-2 F1: 0.0832
2025-05-04 04:58:15,760 - INFO - Paper 2774914 ROUGE-L F1: 0.2232
2025-05-04 04:58:15,783 - INFO - Successfully processed paper 2774914, matched 22 sentences
2025-05-04 04:58:15,784 - INFO - Processing paper 30905451
2025-05-04 04:58:15,789 - INFO - Paper 30905451: 270 sentences, Summary: 15 sentences
2025-05-04 04:58:15,789 - INFO - Encoding 270 paper sentences
2025-05-04 04:58:16,026 - INFO - Using default tokenizer.
2025-05-04 04:58:16,095 - INFO - Paper 30905451 ROUGE-1 F1: 0.5196
2025-05-04 04:58:16,095 - INFO - Paper 30905451 ROUGE-2 F1: 0.2459
2025-05-04 04:58:16,095 - INFO - Paper 30905451 ROUGE-L F1: 0.3423
2025-05-04 04:58:16,118 - INFO - Successfully processed paper 30905451, matched 27 sentences
2025-05-04 04:58:16,118 - INFO - Processing paper 57114772
2025-05-04 04:58:16,135 - INFO - Paper 57114772: 611 sentences, Summary: 45 sentences
2025-05-04 04:58:16,135 - INFO - Encoding 611 paper sentences
2025-05-04 04:58:16,915 - INFO - Using default tokenizer.
2025-05-04 04:58:17,839 - INFO - Paper 57114772 ROUGE-1 F1: 0.5691
2025-05-04 04:58:17,839 - INFO - Paper 57114772 ROUGE-2 F1: 0.3458
2025-05-04 04:58:17,839 - INFO - Paper 57114772 ROUGE-L F1: 0.3462
2025-05-04 04:58:17,867 - INFO - Successfully processed paper 57114772, matched 91 sentences
2025-05-04 04:58:17,867 - INFO - Processing paper 82220044
2025-05-04 04:58:17,878 - INFO - Paper 82220044: 450 sentences, Summary: 39 sentences
2025-05-04 04:58:17,878 - INFO - Encoding 450 paper sentences
2025-05-04 04:58:18,463 - INFO - Using default tokenizer.
2025-05-04 04:58:18,842 - INFO - Paper 82220044 ROUGE-1 F1: 0.6457
2025-05-04 04:58:18,843 - INFO - Paper 82220044 ROUGE-2 F1: 0.4196
2025-05-04 04:58:18,843 - INFO - Paper 82220044 ROUGE-L F1: 0.4667
2025-05-04 04:58:18,868 - INFO - Successfully processed paper 82220044, matched 52 sentences
2025-05-04 04:58:18,868 - INFO - Processing paper 72788236
2025-05-04 04:58:18,874 - INFO - Paper 72788236: 246 sentences, Summary: 18 sentences
2025-05-04 04:58:18,874 - INFO - Encoding 246 paper sentences
2025-05-04 04:58:19,146 - INFO - Using default tokenizer.
2025-05-04 04:58:19,215 - INFO - Paper 72788236 ROUGE-1 F1: 0.4901
2025-05-04 04:58:19,215 - INFO - Paper 72788236 ROUGE-2 F1: 0.1438
2025-05-04 04:58:19,215 - INFO - Paper 72788236 ROUGE-L F1: 0.2472
2025-05-04 04:58:19,244 - INFO - Successfully processed paper 72788236, matched 19 sentences
2025-05-04 04:58:19,245 - INFO - Processing paper 4536127
2025-05-04 04:58:19,253 - INFO - Paper 4536127: 385 sentences, Summary: 64 sentences
2025-05-04 04:58:19,253 - INFO - Encoding 385 paper sentences
2025-05-04 04:58:20,013 - INFO - Using default tokenizer.
2025-05-04 04:58:21,056 - INFO - Paper 4536127 ROUGE-1 F1: 0.5996
2025-05-04 04:58:21,056 - INFO - Paper 4536127 ROUGE-2 F1: 0.3507
2025-05-04 04:58:21,056 - INFO - Paper 4536127 ROUGE-L F1: 0.4022
2025-05-04 04:58:21,087 - INFO - Successfully processed paper 4536127, matched 105 sentences
2025-05-04 04:58:21,087 - INFO - Processing paper 69537377
2025-05-04 04:58:21,090 - INFO - Paper 69537377: 94 sentences, Summary: 11 sentences
2025-05-04 04:58:21,090 - INFO - Encoding 94 paper sentences
2025-05-04 04:58:21,209 - INFO - Using default tokenizer.
2025-05-04 04:58:21,239 - INFO - Paper 69537377 ROUGE-1 F1: 0.5095
2025-05-04 04:58:21,239 - INFO - Paper 69537377 ROUGE-2 F1: 0.1948
2025-05-04 04:58:21,239 - INFO - Paper 69537377 ROUGE-L F1: 0.3501
2025-05-04 04:58:21,269 - INFO - Successfully processed paper 69537377, matched 13 sentences
2025-05-04 04:58:21,270 - INFO - Processing paper 49139111
2025-05-04 04:58:21,276 - INFO - Paper 49139111: 231 sentences, Summary: 49 sentences
2025-05-04 04:58:21,276 - INFO - Encoding 231 paper sentences
2025-05-04 04:58:21,806 - INFO - Using default tokenizer.
2025-05-04 04:58:22,391 - INFO - Paper 49139111 ROUGE-1 F1: 0.5030
2025-05-04 04:58:22,391 - INFO - Paper 49139111 ROUGE-2 F1: 0.1624
2025-05-04 04:58:22,392 - INFO - Paper 49139111 ROUGE-L F1: 0.2274
2025-05-04 04:58:22,420 - INFO - Successfully processed paper 49139111, matched 72 sentences
2025-05-04 04:58:22,420 - INFO - Processing paper 30877354
2025-05-04 04:58:22,424 - INFO - Paper 30877354: 157 sentences, Summary: 28 sentences
2025-05-04 04:58:22,424 - INFO - Encoding 157 paper sentences
2025-05-04 04:58:22,697 - INFO - Using default tokenizer.
2025-05-04 04:58:22,781 - INFO - Paper 30877354 ROUGE-1 F1: 0.4868
2025-05-04 04:58:22,781 - INFO - Paper 30877354 ROUGE-2 F1: 0.1410
2025-05-04 04:58:22,781 - INFO - Paper 30877354 ROUGE-L F1: 0.2463
2025-05-04 04:58:22,811 - INFO - Successfully processed paper 30877354, matched 30 sentences
2025-05-04 04:58:22,811 - INFO - Skipping 53851426 - not in valid IDs
2025-05-04 04:58:22,812 - INFO - Processing paper 10587146
2025-05-04 04:58:22,819 - INFO - Paper 10587146: 307 sentences, Summary: 62 sentences
2025-05-04 04:58:22,819 - INFO - Encoding 307 paper sentences
2025-05-04 04:58:23,511 - INFO - Using default tokenizer.
2025-05-04 04:58:24,540 - INFO - Paper 10587146 ROUGE-1 F1: 0.6086
2025-05-04 04:58:24,540 - INFO - Paper 10587146 ROUGE-2 F1: 0.3233
2025-05-04 04:58:24,540 - INFO - Paper 10587146 ROUGE-L F1: 0.3685
2025-05-04 04:58:24,571 - INFO - Successfully processed paper 10587146, matched 88 sentences
2025-05-04 04:58:24,571 - INFO - Processing paper 70691684
2025-05-04 04:58:24,576 - INFO - Paper 70691684: 204 sentences, Summary: 10 sentences
2025-05-04 04:58:24,576 - INFO - Encoding 204 paper sentences
2025-05-04 04:58:24,782 - INFO - Using default tokenizer.
2025-05-04 04:58:24,824 - INFO - Paper 70691684 ROUGE-1 F1: 0.4207
2025-05-04 04:58:24,824 - INFO - Paper 70691684 ROUGE-2 F1: 0.1127
2025-05-04 04:58:24,824 - INFO - Paper 70691684 ROUGE-L F1: 0.2161
2025-05-04 04:58:24,851 - INFO - Successfully processed paper 70691684, matched 11 sentences
2025-05-04 04:58:24,852 - INFO - Processing paper 63758896
2025-05-04 04:58:24,857 - INFO - Paper 63758896: 261 sentences, Summary: 14 sentences
2025-05-04 04:58:24,857 - INFO - Encoding 261 paper sentences
2025-05-04 04:58:25,059 - INFO - Using default tokenizer.
2025-05-04 04:58:25,121 - INFO - Paper 63758896 ROUGE-1 F1: 0.5138
2025-05-04 04:58:25,121 - INFO - Paper 63758896 ROUGE-2 F1: 0.1732
2025-05-04 04:58:25,121 - INFO - Paper 63758896 ROUGE-L F1: 0.2604
2025-05-04 04:58:25,154 - INFO - Successfully processed paper 63758896, matched 24 sentences
2025-05-04 04:58:25,155 - INFO - Processing paper 80770343
2025-05-04 04:58:25,160 - INFO - Paper 80770343: 207 sentences, Summary: 59 sentences
2025-05-04 04:58:25,160 - INFO - Encoding 207 paper sentences
2025-05-04 04:58:25,695 - INFO - Using default tokenizer.
2025-05-04 04:58:26,095 - INFO - Paper 80770343 ROUGE-1 F1: 0.4700
2025-05-04 04:58:26,095 - INFO - Paper 80770343 ROUGE-2 F1: 0.1192
2025-05-04 04:58:26,095 - INFO - Paper 80770343 ROUGE-L F1: 0.2124
2025-05-04 04:58:26,128 - INFO - Successfully processed paper 80770343, matched 62 sentences
2025-05-04 04:58:26,128 - INFO - Processing paper 56196
2025-05-04 04:58:26,134 - INFO - Paper 56196: 262 sentences, Summary: 41 sentences
2025-05-04 04:58:26,134 - INFO - Encoding 262 paper sentences
2025-05-04 04:58:26,577 - INFO - Using default tokenizer.
2025-05-04 04:58:26,858 - INFO - Paper 56196 ROUGE-1 F1: 0.5540
2025-05-04 04:58:26,858 - INFO - Paper 56196 ROUGE-2 F1: 0.2377
2025-05-04 04:58:26,858 - INFO - Paper 56196 ROUGE-L F1: 0.3196
2025-05-04 04:58:26,892 - INFO - Successfully processed paper 56196, matched 49 sentences
2025-05-04 04:58:26,892 - INFO - Processing paper 11779349
2025-05-04 04:58:26,901 - INFO - Paper 11779349: 408 sentences, Summary: 41 sentences
2025-05-04 04:58:26,901 - INFO - Encoding 408 paper sentences
2025-05-04 04:58:27,507 - INFO - Using default tokenizer.
2025-05-04 04:58:27,812 - INFO - Paper 11779349 ROUGE-1 F1: 0.5202
2025-05-04 04:58:27,812 - INFO - Paper 11779349 ROUGE-2 F1: 0.1542
2025-05-04 04:58:27,812 - INFO - Paper 11779349 ROUGE-L F1: 0.2410
2025-05-04 04:58:27,848 - INFO - Successfully processed paper 11779349, matched 45 sentences
2025-05-04 04:58:27,848 - INFO - Processing paper 86508243
2025-05-04 04:58:27,856 - INFO - Paper 86508243: 315 sentences, Summary: 61 sentences
2025-05-04 04:58:27,856 - INFO - Encoding 315 paper sentences
2025-05-04 04:58:28,511 - INFO - Using default tokenizer.
2025-05-04 04:58:28,817 - INFO - Paper 86508243 ROUGE-1 F1: 0.5282
2025-05-04 04:58:28,817 - INFO - Paper 86508243 ROUGE-2 F1: 0.1365
2025-05-04 04:58:28,818 - INFO - Paper 86508243 ROUGE-L F1: 0.2148
2025-05-04 04:58:28,868 - INFO - Successfully processed paper 86508243, matched 63 sentences
2025-05-04 04:58:28,868 - INFO - Processing paper 85505359
2025-05-04 04:58:28,877 - INFO - Paper 85505359: 432 sentences, Summary: 56 sentences
2025-05-04 04:58:28,877 - INFO - Encoding 432 paper sentences
2025-05-04 04:58:29,605 - INFO - Using default tokenizer.
2025-05-04 04:58:30,598 - INFO - Paper 85505359 ROUGE-1 F1: 0.5803
2025-05-04 04:58:30,598 - INFO - Paper 85505359 ROUGE-2 F1: 0.3283
2025-05-04 04:58:30,598 - INFO - Paper 85505359 ROUGE-L F1: 0.3823
2025-05-04 04:58:30,639 - INFO - Successfully processed paper 85505359, matched 93 sentences
2025-05-04 04:58:30,639 - INFO - Processing paper 7415123
2025-05-04 04:58:30,643 - INFO - Paper 7415123: 168 sentences, Summary: 26 sentences
2025-05-04 04:58:30,643 - INFO - Encoding 168 paper sentences
2025-05-04 04:58:30,937 - INFO - Using default tokenizer.
2025-05-04 04:58:31,134 - INFO - Paper 7415123 ROUGE-1 F1: 0.5137
2025-05-04 04:58:31,134 - INFO - Paper 7415123 ROUGE-2 F1: 0.2221
2025-05-04 04:58:31,134 - INFO - Paper 7415123 ROUGE-L F1: 0.2677
2025-05-04 04:58:31,188 - INFO - Successfully processed paper 7415123, matched 32 sentences
2025-05-04 04:58:31,189 - INFO - Processing paper 65123124
2025-05-04 04:58:31,197 - INFO - Paper 65123124: 405 sentences, Summary: 31 sentences
2025-05-04 04:58:31,197 - INFO - Encoding 405 paper sentences
2025-05-04 04:58:31,688 - INFO - Using default tokenizer.
2025-05-04 04:58:31,859 - INFO - Paper 65123124 ROUGE-1 F1: 0.5385
2025-05-04 04:58:31,859 - INFO - Paper 65123124 ROUGE-2 F1: 0.2761
2025-05-04 04:58:31,859 - INFO - Paper 65123124 ROUGE-L F1: 0.3249
2025-05-04 04:58:31,915 - INFO - Successfully processed paper 65123124, matched 47 sentences
2025-05-04 04:58:31,916 - INFO - Processing paper 31459000
2025-05-04 04:58:31,920 - INFO - Paper 31459000: 164 sentences, Summary: 51 sentences
2025-05-04 04:58:31,920 - INFO - Encoding 164 paper sentences
2025-05-04 04:58:32,357 - INFO - Using default tokenizer.
2025-05-04 04:58:32,825 - INFO - Paper 31459000 ROUGE-1 F1: 0.6484
2025-05-04 04:58:32,825 - INFO - Paper 31459000 ROUGE-2 F1: 0.3728
2025-05-04 04:58:32,825 - INFO - Paper 31459000 ROUGE-L F1: 0.4372
2025-05-04 04:58:32,861 - INFO - Successfully processed paper 31459000, matched 68 sentences
2025-05-04 04:58:32,861 - INFO - Processing paper 66226432
2025-05-04 04:58:32,866 - INFO - Paper 66226432: 242 sentences, Summary: 19 sentences
2025-05-04 04:58:32,866 - INFO - Encoding 242 paper sentences
2025-05-04 04:58:33,137 - INFO - Using default tokenizer.
2025-05-04 04:58:33,208 - INFO - Paper 66226432 ROUGE-1 F1: 0.4973
2025-05-04 04:58:33,209 - INFO - Paper 66226432 ROUGE-2 F1: 0.1230
2025-05-04 04:58:33,209 - INFO - Paper 66226432 ROUGE-L F1: 0.1873
2025-05-04 04:58:33,246 - INFO - Successfully processed paper 66226432, matched 20 sentences
2025-05-04 04:58:33,246 - INFO - Processing paper 99878837
2025-05-04 04:58:33,251 - INFO - Paper 99878837: 221 sentences, Summary: 26 sentences
2025-05-04 04:58:33,251 - INFO - Encoding 221 paper sentences
2025-05-04 04:58:33,550 - INFO - Using default tokenizer.
2025-05-04 04:58:33,715 - INFO - Paper 99878837 ROUGE-1 F1: 0.5325
2025-05-04 04:58:33,715 - INFO - Paper 99878837 ROUGE-2 F1: 0.3263
2025-05-04 04:58:33,715 - INFO - Paper 99878837 ROUGE-L F1: 0.3960
2025-05-04 04:58:33,753 - INFO - Successfully processed paper 99878837, matched 40 sentences
2025-05-04 04:58:33,753 - INFO - Processing paper 29981772
2025-05-04 04:58:33,755 - INFO - Paper 29981772: 87 sentences, Summary: 11 sentences
2025-05-04 04:58:33,756 - INFO - Encoding 87 paper sentences
2025-05-04 04:58:33,865 - INFO - Using default tokenizer.
2025-05-04 04:58:33,891 - INFO - Paper 29981772 ROUGE-1 F1: 0.4079
2025-05-04 04:58:33,891 - INFO - Paper 29981772 ROUGE-2 F1: 0.1185
2025-05-04 04:58:33,891 - INFO - Paper 29981772 ROUGE-L F1: 0.2361
2025-05-04 04:58:33,929 - INFO - Successfully processed paper 29981772, matched 16 sentences
2025-05-04 04:58:33,929 - INFO - Processing paper 16124640
2025-05-04 04:58:33,935 - INFO - Paper 16124640: 264 sentences, Summary: 35 sentences
2025-05-04 04:58:33,935 - INFO - Encoding 264 paper sentences
2025-05-04 04:58:34,338 - INFO - Using default tokenizer.
2025-05-04 04:58:34,563 - INFO - Paper 16124640 ROUGE-1 F1: 0.5192
2025-05-04 04:58:34,564 - INFO - Paper 16124640 ROUGE-2 F1: 0.1381
2025-05-04 04:58:34,564 - INFO - Paper 16124640 ROUGE-L F1: 0.2194
2025-05-04 04:58:34,607 - INFO - Successfully processed paper 16124640, matched 41 sentences
2025-05-04 04:58:34,607 - INFO - Processing paper 74193008
2025-05-04 04:58:34,613 - INFO - Paper 74193008: 245 sentences, Summary: 38 sentences
2025-05-04 04:58:34,613 - INFO - Encoding 245 paper sentences
2025-05-04 04:58:35,042 - INFO - Using default tokenizer.
2025-05-04 04:58:35,273 - INFO - Paper 74193008 ROUGE-1 F1: 0.5887
2025-05-04 04:58:35,273 - INFO - Paper 74193008 ROUGE-2 F1: 0.1866
2025-05-04 04:58:35,273 - INFO - Paper 74193008 ROUGE-L F1: 0.2682
2025-05-04 04:58:35,314 - INFO - Successfully processed paper 74193008, matched 42 sentences
2025-05-04 04:58:35,314 - INFO - Processing paper 28037079
2025-05-04 04:58:35,322 - INFO - Paper 28037079: 331 sentences, Summary: 51 sentences
2025-05-04 04:58:35,322 - INFO - Encoding 331 paper sentences
2025-05-04 04:58:35,935 - INFO - Using default tokenizer.
2025-05-04 04:58:36,428 - INFO - Paper 28037079 ROUGE-1 F1: 0.6860
2025-05-04 04:58:36,428 - INFO - Paper 28037079 ROUGE-2 F1: 0.3437
2025-05-04 04:58:36,428 - INFO - Paper 28037079 ROUGE-L F1: 0.4113
2025-05-04 04:58:36,469 - INFO - Successfully processed paper 28037079, matched 57 sentences
2025-05-04 04:58:36,469 - INFO - Processing paper 75952682
2025-05-04 04:58:36,509 - INFO - Paper 75952682: 2122 sentences, Summary: 36 sentences
2025-05-04 04:58:36,509 - INFO - Encoding 2122 paper sentences
2025-05-04 04:58:38,361 - INFO - Using default tokenizer.
2025-05-04 04:58:38,502 - INFO - Paper 75952682 ROUGE-1 F1: 0.4570
2025-05-04 04:58:38,503 - INFO - Paper 75952682 ROUGE-2 F1: 0.0962
2025-05-04 04:58:38,503 - INFO - Paper 75952682 ROUGE-L F1: 0.2169
2025-05-04 04:58:38,551 - INFO - Successfully processed paper 75952682, matched 40 sentences
2025-05-04 04:58:38,551 - INFO - Processing paper 92451519
2025-05-04 04:58:38,556 - INFO - Paper 92451519: 234 sentences, Summary: 17 sentences
2025-05-04 04:58:38,556 - INFO - Encoding 234 paper sentences
2025-05-04 04:58:38,811 - INFO - Using default tokenizer.
2025-05-04 04:58:38,858 - INFO - Paper 92451519 ROUGE-1 F1: 0.5288
2025-05-04 04:58:38,859 - INFO - Paper 92451519 ROUGE-2 F1: 0.2651
2025-05-04 04:58:38,859 - INFO - Paper 92451519 ROUGE-L F1: 0.3455
2025-05-04 04:58:38,906 - INFO - Successfully processed paper 92451519, matched 20 sentences
2025-05-04 04:58:38,907 - INFO - Processing paper 69013017
2025-05-04 04:58:38,911 - INFO - Paper 69013017: 198 sentences, Summary: 62 sentences
2025-05-04 04:58:38,912 - INFO - Encoding 198 paper sentences
2025-05-04 04:58:39,456 - INFO - Using default tokenizer.
2025-05-04 04:58:39,865 - INFO - Paper 69013017 ROUGE-1 F1: 0.4811
2025-05-04 04:58:39,865 - INFO - Paper 69013017 ROUGE-2 F1: 0.1120
2025-05-04 04:58:39,865 - INFO - Paper 69013017 ROUGE-L F1: 0.2141
2025-05-04 04:58:39,910 - INFO - Successfully processed paper 69013017, matched 71 sentences
2025-05-04 04:58:39,911 - INFO - Processing paper 24312671
2025-05-04 04:58:39,918 - INFO - Paper 24312671: 389 sentences, Summary: 23 sentences
2025-05-04 04:58:39,918 - INFO - Encoding 389 paper sentences
2025-05-04 04:58:40,306 - INFO - Using default tokenizer.
2025-05-04 04:58:40,413 - INFO - Paper 24312671 ROUGE-1 F1: 0.5870
2025-05-04 04:58:40,413 - INFO - Paper 24312671 ROUGE-2 F1: 0.2932
2025-05-04 04:58:40,413 - INFO - Paper 24312671 ROUGE-L F1: 0.3768
2025-05-04 04:58:40,463 - INFO - Successfully processed paper 24312671, matched 33 sentences
2025-05-04 04:58:40,464 - INFO - Processing paper 17350626
2025-05-04 04:58:40,468 - INFO - Paper 17350626: 173 sentences, Summary: 61 sentences
2025-05-04 04:58:40,468 - INFO - Encoding 173 paper sentences
2025-05-04 04:58:41,008 - INFO - Using default tokenizer.
2025-05-04 04:58:41,349 - INFO - Paper 17350626 ROUGE-1 F1: 0.4546
2025-05-04 04:58:41,350 - INFO - Paper 17350626 ROUGE-2 F1: 0.1243
2025-05-04 04:58:41,350 - INFO - Paper 17350626 ROUGE-L F1: 0.2044
2025-05-04 04:58:41,395 - INFO - Successfully processed paper 17350626, matched 65 sentences
2025-05-04 04:58:41,395 - INFO - Processing paper 32248697
2025-05-04 04:58:41,400 - INFO - Paper 32248697: 196 sentences, Summary: 24 sentences
2025-05-04 04:58:41,400 - INFO - Encoding 196 paper sentences
2025-05-04 04:58:41,679 - INFO - Using default tokenizer.
2025-05-04 04:58:41,835 - INFO - Paper 32248697 ROUGE-1 F1: 0.4828
2025-05-04 04:58:41,835 - INFO - Paper 32248697 ROUGE-2 F1: 0.1675
2025-05-04 04:58:41,835 - INFO - Paper 32248697 ROUGE-L F1: 0.2481
2025-05-04 04:58:41,882 - INFO - Successfully processed paper 32248697, matched 35 sentences
2025-05-04 04:58:41,882 - INFO - Processing paper 77737945
2025-05-04 04:58:41,886 - INFO - Paper 77737945: 184 sentences, Summary: 20 sentences
2025-05-04 04:58:41,886 - INFO - Encoding 184 paper sentences
2025-05-04 04:58:42,135 - INFO - Using default tokenizer.
2025-05-04 04:58:42,199 - INFO - Paper 77737945 ROUGE-1 F1: 0.4632
2025-05-04 04:58:42,200 - INFO - Paper 77737945 ROUGE-2 F1: 0.0946
2025-05-04 04:58:42,200 - INFO - Paper 77737945 ROUGE-L F1: 0.2195
2025-05-04 04:58:42,246 - INFO - Successfully processed paper 77737945, matched 22 sentences
2025-05-04 04:58:42,246 - INFO - Processing paper 57934330
2025-05-04 04:58:42,252 - INFO - Paper 57934330: 308 sentences, Summary: 9 sentences
2025-05-04 04:58:42,253 - INFO - Encoding 308 paper sentences
2025-05-04 04:58:42,479 - INFO - Using default tokenizer.
2025-05-04 04:58:42,521 - INFO - Paper 57934330 ROUGE-1 F1: 0.5007
2025-05-04 04:58:42,521 - INFO - Paper 57934330 ROUGE-2 F1: 0.1898
2025-05-04 04:58:42,522 - INFO - Paper 57934330 ROUGE-L F1: 0.2678
2025-05-04 04:58:42,572 - INFO - Successfully processed paper 57934330, matched 10 sentences
2025-05-04 04:58:42,573 - INFO - Processing paper 8984509
2025-05-04 04:58:42,582 - INFO - Paper 8984509: 421 sentences, Summary: 57 sentences
2025-05-04 04:58:42,582 - INFO - Encoding 421 paper sentences
2025-05-04 04:58:43,306 - INFO - Using default tokenizer.
2025-05-04 04:58:44,203 - INFO - Paper 8984509 ROUGE-1 F1: 0.6393
2025-05-04 04:58:44,203 - INFO - Paper 8984509 ROUGE-2 F1: 0.3864
2025-05-04 04:58:44,203 - INFO - Paper 8984509 ROUGE-L F1: 0.4295
2025-05-04 04:58:44,259 - INFO - Successfully processed paper 8984509, matched 93 sentences
2025-05-04 04:58:44,259 - INFO - Processing paper 80421460
2025-05-04 04:58:44,269 - INFO - Paper 80421460: 465 sentences, Summary: 43 sentences
2025-05-04 04:58:44,269 - INFO - Encoding 465 paper sentences
2025-05-04 04:58:44,916 - INFO - Using default tokenizer.
2025-05-04 04:58:45,502 - INFO - Paper 80421460 ROUGE-1 F1: 0.6519
2025-05-04 04:58:45,503 - INFO - Paper 80421460 ROUGE-2 F1: 0.3873
2025-05-04 04:58:45,503 - INFO - Paper 80421460 ROUGE-L F1: 0.4118
2025-05-04 04:58:45,555 - INFO - Successfully processed paper 80421460, matched 70 sentences
2025-05-04 04:58:45,555 - INFO - Processing paper 50897768
2025-05-04 04:58:45,560 - INFO - Paper 50897768: 203 sentences, Summary: 52 sentences
2025-05-04 04:58:45,560 - INFO - Encoding 203 paper sentences
2025-05-04 04:58:46,039 - INFO - Using default tokenizer.
2025-05-04 04:58:46,693 - INFO - Paper 50897768 ROUGE-1 F1: 0.5901
2025-05-04 04:58:46,693 - INFO - Paper 50897768 ROUGE-2 F1: 0.4024
2025-05-04 04:58:46,693 - INFO - Paper 50897768 ROUGE-L F1: 0.4545
2025-05-04 04:58:46,752 - INFO - Successfully processed paper 50897768, matched 72 sentences
2025-05-04 04:58:46,753 - INFO - Processing paper 24928430
2025-05-04 04:58:46,768 - INFO - Paper 24928430: 747 sentences, Summary: 33 sentences
2025-05-04 04:58:46,768 - INFO - Encoding 747 paper sentences
2025-05-04 04:58:47,571 - INFO - Using default tokenizer.
2025-05-04 04:58:47,829 - INFO - Paper 24928430 ROUGE-1 F1: 0.6095
2025-05-04 04:58:47,829 - INFO - Paper 24928430 ROUGE-2 F1: 0.2878
2025-05-04 04:58:47,829 - INFO - Paper 24928430 ROUGE-L F1: 0.3766
2025-05-04 04:58:47,885 - INFO - Successfully processed paper 24928430, matched 46 sentences
2025-05-04 04:58:47,885 - INFO - Processing paper 37263635
2025-05-04 04:58:47,893 - INFO - Paper 37263635: 341 sentences, Summary: 48 sentences
2025-05-04 04:58:47,893 - INFO - Encoding 341 paper sentences
2025-05-04 04:58:48,492 - INFO - Using default tokenizer.
2025-05-04 04:58:49,023 - INFO - Paper 37263635 ROUGE-1 F1: 0.6538
2025-05-04 04:58:49,023 - INFO - Paper 37263635 ROUGE-2 F1: 0.4911
2025-05-04 04:58:49,023 - INFO - Paper 37263635 ROUGE-L F1: 0.5315
2025-05-04 04:58:49,074 - INFO - Successfully processed paper 37263635, matched 73 sentences
2025-05-04 04:58:49,075 - INFO - Processing paper 15765418
2025-05-04 04:58:49,081 - INFO - Paper 15765418: 284 sentences, Summary: 18 sentences
2025-05-04 04:58:49,081 - INFO - Encoding 284 paper sentences
2025-05-04 04:58:49,387 - INFO - Using default tokenizer.
2025-05-04 04:58:49,467 - INFO - Paper 15765418 ROUGE-1 F1: 0.4374
2025-05-04 04:58:49,467 - INFO - Paper 15765418 ROUGE-2 F1: 0.0999
2025-05-04 04:58:49,467 - INFO - Paper 15765418 ROUGE-L F1: 0.2014
2025-05-04 04:58:49,526 - INFO - Successfully processed paper 15765418, matched 22 sentences
2025-05-04 04:58:49,526 - INFO - Processing paper 94015576
2025-05-04 04:58:49,532 - INFO - Paper 94015576: 257 sentences, Summary: 13 sentences
2025-05-04 04:58:49,532 - INFO - Encoding 257 paper sentences
2025-05-04 04:58:49,771 - INFO - Using default tokenizer.
2025-05-04 04:58:49,822 - INFO - Paper 94015576 ROUGE-1 F1: 0.4253
2025-05-04 04:58:49,822 - INFO - Paper 94015576 ROUGE-2 F1: 0.0982
2025-05-04 04:58:49,822 - INFO - Paper 94015576 ROUGE-L F1: 0.1907
2025-05-04 04:58:49,881 - INFO - Successfully processed paper 94015576, matched 15 sentences
2025-05-04 04:58:49,881 - INFO - Processing paper 12711637
2025-05-04 04:58:49,884 - INFO - Paper 12711637: 103 sentences, Summary: 15 sentences
2025-05-04 04:58:49,884 - INFO - Encoding 103 paper sentences
2025-05-04 04:58:50,031 - INFO - Using default tokenizer.
2025-05-04 04:58:50,095 - INFO - Paper 12711637 ROUGE-1 F1: 0.5638
2025-05-04 04:58:50,095 - INFO - Paper 12711637 ROUGE-2 F1: 0.2380
2025-05-04 04:58:50,095 - INFO - Paper 12711637 ROUGE-L F1: 0.3463
2025-05-04 04:58:50,161 - INFO - Successfully processed paper 12711637, matched 19 sentences
2025-05-04 04:58:50,162 - INFO - Processing paper 56472821
2025-05-04 04:58:50,175 - INFO - Paper 56472821: 716 sentences, Summary: 23 sentences
2025-05-04 04:58:50,175 - INFO - Encoding 716 paper sentences
2025-05-04 04:58:50,660 - INFO - Using default tokenizer.
2025-05-04 04:58:50,754 - INFO - Paper 56472821 ROUGE-1 F1: 0.4995
2025-05-04 04:58:50,754 - INFO - Paper 56472821 ROUGE-2 F1: 0.2427
2025-05-04 04:58:50,754 - INFO - Paper 56472821 ROUGE-L F1: 0.3399
2025-05-04 04:58:50,815 - INFO - Successfully processed paper 56472821, matched 32 sentences
2025-05-04 04:58:50,815 - INFO - Processing paper 78339451
2025-05-04 04:58:50,819 - INFO - Paper 78339451: 164 sentences, Summary: 28 sentences
2025-05-04 04:58:50,819 - INFO - Encoding 164 paper sentences
2025-05-04 04:58:51,096 - INFO - Using default tokenizer.
2025-05-04 04:58:51,182 - INFO - Paper 78339451 ROUGE-1 F1: 0.4824
2025-05-04 04:58:51,182 - INFO - Paper 78339451 ROUGE-2 F1: 0.1998
2025-05-04 04:58:51,182 - INFO - Paper 78339451 ROUGE-L F1: 0.3115
2025-05-04 04:58:51,241 - INFO - Successfully processed paper 78339451, matched 32 sentences
2025-05-04 04:58:51,241 - INFO - Processing paper 98781755
2025-05-04 04:58:51,246 - INFO - Paper 98781755: 243 sentences, Summary: 14 sentences
2025-05-04 04:58:51,246 - INFO - Encoding 243 paper sentences
2025-05-04 04:58:51,469 - INFO - Using default tokenizer.
2025-05-04 04:58:51,522 - INFO - Paper 98781755 ROUGE-1 F1: 0.5468
2025-05-04 04:58:51,522 - INFO - Paper 98781755 ROUGE-2 F1: 0.2208
2025-05-04 04:58:51,522 - INFO - Paper 98781755 ROUGE-L F1: 0.3316
2025-05-04 04:58:51,581 - INFO - Successfully processed paper 98781755, matched 15 sentences
2025-05-04 04:58:51,581 - INFO - Processing paper 37135417
2025-05-04 04:58:51,591 - INFO - Paper 37135417: 467 sentences, Summary: 48 sentences
2025-05-04 04:58:51,591 - INFO - Encoding 467 paper sentences
2025-05-04 04:58:52,273 - INFO - Using default tokenizer.
2025-05-04 04:58:53,008 - INFO - Paper 37135417 ROUGE-1 F1: 0.5655
2025-05-04 04:58:53,008 - INFO - Paper 37135417 ROUGE-2 F1: 0.2993
2025-05-04 04:58:53,008 - INFO - Paper 37135417 ROUGE-L F1: 0.3460
2025-05-04 04:58:53,066 - INFO - Successfully processed paper 37135417, matched 92 sentences
2025-05-04 04:58:53,066 - INFO - Processing paper 52492536
2025-05-04 04:58:53,072 - INFO - Paper 52492536: 222 sentences, Summary: 34 sentences
2025-05-04 04:58:53,072 - INFO - Encoding 222 paper sentences
2025-05-04 04:58:53,424 - INFO - Using default tokenizer.
2025-05-04 04:58:53,534 - INFO - Paper 52492536 ROUGE-1 F1: 0.4590
2025-05-04 04:58:53,534 - INFO - Paper 52492536 ROUGE-2 F1: 0.1054
2025-05-04 04:58:53,534 - INFO - Paper 52492536 ROUGE-L F1: 0.2036
2025-05-04 04:58:53,596 - INFO - Successfully processed paper 52492536, matched 34 sentences
2025-05-04 04:58:53,597 - INFO - Processing paper 11006232
2025-05-04 04:58:53,607 - INFO - Paper 11006232: 454 sentences, Summary: 34 sentences
2025-05-04 04:58:53,607 - INFO - Encoding 454 paper sentences
2025-05-04 04:58:54,098 - INFO - Using default tokenizer.
2025-05-04 04:58:54,269 - INFO - Paper 11006232 ROUGE-1 F1: 0.7173
2025-05-04 04:58:54,270 - INFO - Paper 11006232 ROUGE-2 F1: 0.5132
2025-05-04 04:58:54,270 - INFO - Paper 11006232 ROUGE-L F1: 0.5738
2025-05-04 04:58:54,341 - INFO - Successfully processed paper 11006232, matched 39 sentences
2025-05-04 04:58:54,341 - INFO - Skipping 74977893 - not in valid IDs
2025-05-04 04:58:54,341 - INFO - Processing paper 70481957
2025-05-04 04:58:54,344 - INFO - Paper 70481957: 139 sentences, Summary: 10 sentences
2025-05-04 04:58:54,344 - INFO - Encoding 139 paper sentences
2025-05-04 04:58:54,486 - INFO - Using default tokenizer.
2025-05-04 04:58:54,515 - INFO - Paper 70481957 ROUGE-1 F1: 0.3828
2025-05-04 04:58:54,515 - INFO - Paper 70481957 ROUGE-2 F1: 0.0519
2025-05-04 04:58:54,515 - INFO - Paper 70481957 ROUGE-L F1: 0.1690
2025-05-04 04:58:54,578 - INFO - Successfully processed paper 70481957, matched 10 sentences
2025-05-04 04:58:54,579 - INFO - Processing paper 88532041
2025-05-04 04:58:54,583 - INFO - Paper 88532041: 193 sentences, Summary: 24 sentences
2025-05-04 04:58:54,583 - INFO - Encoding 193 paper sentences
2025-05-04 04:58:54,858 - INFO - Using default tokenizer.
2025-05-04 04:58:55,016 - INFO - Paper 88532041 ROUGE-1 F1: 0.4936
2025-05-04 04:58:55,016 - INFO - Paper 88532041 ROUGE-2 F1: 0.2197
2025-05-04 04:58:55,017 - INFO - Paper 88532041 ROUGE-L F1: 0.3130
2025-05-04 04:58:55,078 - INFO - Successfully processed paper 88532041, matched 37 sentences
2025-05-04 04:58:55,079 - INFO - Processing paper 52208833
2025-05-04 04:58:55,085 - INFO - Paper 52208833: 280 sentences, Summary: 42 sentences
2025-05-04 04:58:55,085 - INFO - Encoding 280 paper sentences
2025-05-04 04:58:55,583 - INFO - Using default tokenizer.
2025-05-04 04:58:56,184 - INFO - Paper 52208833 ROUGE-1 F1: 0.4867
2025-05-04 04:58:56,184 - INFO - Paper 52208833 ROUGE-2 F1: 0.2049
2025-05-04 04:58:56,185 - INFO - Paper 52208833 ROUGE-L F1: 0.2546
2025-05-04 04:58:56,249 - INFO - Successfully processed paper 52208833, matched 82 sentences
2025-05-04 04:58:56,249 - INFO - Processing paper 39570633
2025-05-04 04:58:56,253 - INFO - Paper 39570633: 177 sentences, Summary: 20 sentences
2025-05-04 04:58:56,253 - INFO - Encoding 177 paper sentences
2025-05-04 04:58:56,458 - INFO - Using default tokenizer.
2025-05-04 04:58:56,518 - INFO - Paper 39570633 ROUGE-1 F1: 0.5206
2025-05-04 04:58:56,518 - INFO - Paper 39570633 ROUGE-2 F1: 0.1251
2025-05-04 04:58:56,518 - INFO - Paper 39570633 ROUGE-L F1: 0.2379
2025-05-04 04:58:56,592 - INFO - Successfully processed paper 39570633, matched 20 sentences
2025-05-04 04:58:56,592 - INFO - Processing paper 92908954
2025-05-04 04:58:56,600 - INFO - Paper 92908954: 377 sentences, Summary: 33 sentences
2025-05-04 04:58:56,600 - INFO - Encoding 377 paper sentences
2025-05-04 04:58:57,069 - INFO - Using default tokenizer.
2025-05-04 04:58:57,739 - INFO - Paper 92908954 ROUGE-1 F1: 0.5519
2025-05-04 04:58:57,739 - INFO - Paper 92908954 ROUGE-2 F1: 0.3992
2025-05-04 04:58:57,739 - INFO - Paper 92908954 ROUGE-L F1: 0.4126
2025-05-04 04:58:57,805 - INFO - Successfully processed paper 92908954, matched 70 sentences
2025-05-04 04:58:57,805 - INFO - Processing paper 53269747
2025-05-04 04:58:57,820 - INFO - Paper 53269747: 561 sentences, Summary: 24 sentences
2025-05-04 04:58:57,820 - INFO - Encoding 561 paper sentences
2025-05-04 04:58:58,305 - INFO - Using default tokenizer.
2025-05-04 04:58:58,475 - INFO - Paper 53269747 ROUGE-1 F1: 0.6171
2025-05-04 04:58:58,475 - INFO - Paper 53269747 ROUGE-2 F1: 0.3618
2025-05-04 04:58:58,475 - INFO - Paper 53269747 ROUGE-L F1: 0.4276
2025-05-04 04:58:58,542 - INFO - Successfully processed paper 53269747, matched 37 sentences
2025-05-04 04:58:58,542 - INFO - Processing paper 11773091
2025-05-04 04:58:58,553 - INFO - Paper 11773091: 494 sentences, Summary: 58 sentences
2025-05-04 04:58:58,553 - INFO - Encoding 494 paper sentences
2025-05-04 04:58:59,329 - INFO - Using default tokenizer.
2025-05-04 04:58:59,993 - INFO - Paper 11773091 ROUGE-1 F1: 0.5020
2025-05-04 04:58:59,994 - INFO - Paper 11773091 ROUGE-2 F1: 0.2756
2025-05-04 04:58:59,994 - INFO - Paper 11773091 ROUGE-L F1: 0.3338
2025-05-04 04:59:00,064 - INFO - Successfully processed paper 11773091, matched 72 sentences
2025-05-04 04:59:00,065 - INFO - Processing paper 46342402
2025-05-04 04:59:00,074 - INFO - Paper 46342402: 236 sentences, Summary: 41 sentences
2025-05-04 04:59:00,074 - INFO - Encoding 236 paper sentences
2025-05-04 04:59:00,558 - INFO - Using default tokenizer.
2025-05-04 04:59:00,765 - INFO - Paper 46342402 ROUGE-1 F1: 0.4508
2025-05-04 04:59:00,765 - INFO - Paper 46342402 ROUGE-2 F1: 0.0991
2025-05-04 04:59:00,765 - INFO - Paper 46342402 ROUGE-L F1: 0.1881
2025-05-04 04:59:00,838 - INFO - Successfully processed paper 46342402, matched 43 sentences
2025-05-04 04:59:00,838 - INFO - Processing paper 28727146
2025-05-04 04:59:00,846 - INFO - Paper 28727146: 292 sentences, Summary: 51 sentences
2025-05-04 04:59:00,846 - INFO - Encoding 292 paper sentences
2025-05-04 04:59:01,479 - INFO - Using default tokenizer.
2025-05-04 04:59:02,240 - INFO - Paper 28727146 ROUGE-1 F1: 0.6377
2025-05-04 04:59:02,241 - INFO - Paper 28727146 ROUGE-2 F1: 0.3704
2025-05-04 04:59:02,241 - INFO - Paper 28727146 ROUGE-L F1: 0.3974
2025-05-04 04:59:02,313 - INFO - Successfully processed paper 28727146, matched 62 sentences
2025-05-04 04:59:02,313 - INFO - Processing paper 597051
2025-05-04 04:59:02,320 - INFO - Paper 597051: 270 sentences, Summary: 55 sentences
2025-05-04 04:59:02,320 - INFO - Encoding 270 paper sentences
2025-05-04 04:59:02,870 - INFO - Using default tokenizer.
2025-05-04 04:59:03,324 - INFO - Paper 597051 ROUGE-1 F1: 0.5290
2025-05-04 04:59:03,324 - INFO - Paper 597051 ROUGE-2 F1: 0.1424
2025-05-04 04:59:03,324 - INFO - Paper 597051 ROUGE-L F1: 0.2155
2025-05-04 04:59:03,394 - INFO - Successfully processed paper 597051, matched 61 sentences
2025-05-04 04:59:03,394 - INFO - Processing paper 11481096
2025-05-04 04:59:03,399 - INFO - Paper 11481096: 222 sentences, Summary: 14 sentences
2025-05-04 04:59:03,399 - INFO - Encoding 222 paper sentences
2025-05-04 04:59:03,587 - INFO - Using default tokenizer.
2025-05-04 04:59:03,619 - INFO - Paper 11481096 ROUGE-1 F1: 0.5583
2025-05-04 04:59:03,619 - INFO - Paper 11481096 ROUGE-2 F1: 0.1911
2025-05-04 04:59:03,619 - INFO - Paper 11481096 ROUGE-L F1: 0.2824
2025-05-04 04:59:03,689 - INFO - Successfully processed paper 11481096, matched 15 sentences
2025-05-04 04:59:03,690 - INFO - Processing paper 80719489
2025-05-04 04:59:03,695 - INFO - Paper 80719489: 212 sentences, Summary: 69 sentences
2025-05-04 04:59:03,695 - INFO - Encoding 212 paper sentences
2025-05-04 04:59:04,320 - INFO - Using default tokenizer.
2025-05-04 04:59:04,808 - INFO - Paper 80719489 ROUGE-1 F1: 0.4809
2025-05-04 04:59:04,808 - INFO - Paper 80719489 ROUGE-2 F1: 0.1393
2025-05-04 04:59:04,808 - INFO - Paper 80719489 ROUGE-L F1: 0.2278
2025-05-04 04:59:04,889 - INFO - Successfully processed paper 80719489, matched 79 sentences
2025-05-04 04:59:04,889 - INFO - Processing paper 38469042
2025-05-04 04:59:04,894 - INFO - Paper 38469042: 176 sentences, Summary: 47 sentences
2025-05-04 04:59:04,894 - INFO - Encoding 176 paper sentences
2025-05-04 04:59:05,319 - INFO - Using default tokenizer.
2025-05-04 04:59:05,753 - INFO - Paper 38469042 ROUGE-1 F1: 0.7071
2025-05-04 04:59:05,754 - INFO - Paper 38469042 ROUGE-2 F1: 0.4443
2025-05-04 04:59:05,754 - INFO - Paper 38469042 ROUGE-L F1: 0.5071
2025-05-04 04:59:05,829 - INFO - Successfully processed paper 38469042, matched 58 sentences
2025-05-04 04:59:05,829 - INFO - Processing paper 47698609
2025-05-04 04:59:05,832 - INFO - Paper 47698609: 98 sentences, Summary: 25 sentences
2025-05-04 04:59:05,832 - INFO - Encoding 98 paper sentences
2025-05-04 04:59:06,083 - INFO - Using default tokenizer.
2025-05-04 04:59:06,231 - INFO - Paper 47698609 ROUGE-1 F1: 0.5600
2025-05-04 04:59:06,231 - INFO - Paper 47698609 ROUGE-2 F1: 0.1395
2025-05-04 04:59:06,231 - INFO - Paper 47698609 ROUGE-L F1: 0.2163
2025-05-04 04:59:06,315 - INFO - Successfully processed paper 47698609, matched 25 sentences
2025-05-04 04:59:06,315 - INFO - Processing paper 13655370
2025-05-04 04:59:06,322 - INFO - Paper 13655370: 243 sentences, Summary: 54 sentences
2025-05-04 04:59:06,322 - INFO - Encoding 243 paper sentences
2025-05-04 04:59:06,905 - INFO - Using default tokenizer.
2025-05-04 04:59:07,545 - INFO - Paper 13655370 ROUGE-1 F1: 0.5117
2025-05-04 04:59:07,545 - INFO - Paper 13655370 ROUGE-2 F1: 0.1893
2025-05-04 04:59:07,545 - INFO - Paper 13655370 ROUGE-L F1: 0.2462
2025-05-04 04:59:07,615 - INFO - Successfully processed paper 13655370, matched 76 sentences
2025-05-04 04:59:07,616 - INFO - Processing paper 24753674
2025-05-04 04:59:07,623 - INFO - Paper 24753674: 334 sentences, Summary: 36 sentences
2025-05-04 04:59:07,623 - INFO - Encoding 334 paper sentences
2025-05-04 04:59:08,127 - INFO - Using default tokenizer.
2025-05-04 04:59:08,394 - INFO - Paper 24753674 ROUGE-1 F1: 0.5114
2025-05-04 04:59:08,394 - INFO - Paper 24753674 ROUGE-2 F1: 0.1397
2025-05-04 04:59:08,394 - INFO - Paper 24753674 ROUGE-L F1: 0.2010
2025-05-04 04:59:08,475 - INFO - Successfully processed paper 24753674, matched 38 sentences
2025-05-04 04:59:08,475 - INFO - Processing paper 31543932
2025-05-04 04:59:08,481 - INFO - Paper 31543932: 256 sentences, Summary: 8 sentences
2025-05-04 04:59:08,481 - INFO - Encoding 256 paper sentences
2025-05-04 04:59:08,649 - INFO - Using default tokenizer.
2025-05-04 04:59:08,659 - INFO - Paper 31543932 ROUGE-1 F1: 0.4635
2025-05-04 04:59:08,659 - INFO - Paper 31543932 ROUGE-2 F1: 0.1022
2025-05-04 04:59:08,659 - INFO - Paper 31543932 ROUGE-L F1: 0.2413
2025-05-04 04:59:08,764 - INFO - Successfully processed paper 31543932, matched 8 sentences
2025-05-04 04:59:08,765 - INFO - Processing paper 23242120
2025-05-04 04:59:08,769 - INFO - Paper 23242120: 231 sentences, Summary: 18 sentences
2025-05-04 04:59:08,770 - INFO - Encoding 231 paper sentences
2025-05-04 04:59:09,042 - INFO - Using default tokenizer.
2025-05-04 04:59:09,114 - INFO - Paper 23242120 ROUGE-1 F1: 0.4606
2025-05-04 04:59:09,114 - INFO - Paper 23242120 ROUGE-2 F1: 0.1054
2025-05-04 04:59:09,115 - INFO - Paper 23242120 ROUGE-L F1: 0.1851
2025-05-04 04:59:09,193 - INFO - Successfully processed paper 23242120, matched 22 sentences
2025-05-04 04:59:09,193 - INFO - Processing paper 1540690
2025-05-04 04:59:09,198 - INFO - Paper 1540690: 212 sentences, Summary: 20 sentences
2025-05-04 04:59:09,198 - INFO - Encoding 212 paper sentences
2025-05-04 04:59:09,463 - INFO - Using default tokenizer.
2025-05-04 04:59:09,536 - INFO - Paper 1540690 ROUGE-1 F1: 0.5487
2025-05-04 04:59:09,536 - INFO - Paper 1540690 ROUGE-2 F1: 0.1826
2025-05-04 04:59:09,536 - INFO - Paper 1540690 ROUGE-L F1: 0.2890
2025-05-04 04:59:09,619 - INFO - Successfully processed paper 1540690, matched 22 sentences
2025-05-04 04:59:09,620 - INFO - Processing paper 15643187
2025-05-04 04:59:09,627 - INFO - Paper 15643187: 288 sentences, Summary: 35 sentences
2025-05-04 04:59:09,627 - INFO - Encoding 288 paper sentences
2025-05-04 04:59:10,041 - INFO - Using default tokenizer.
2025-05-04 04:59:10,175 - INFO - Paper 15643187 ROUGE-1 F1: 0.4217
2025-05-04 04:59:10,176 - INFO - Paper 15643187 ROUGE-2 F1: 0.0981
2025-05-04 04:59:10,176 - INFO - Paper 15643187 ROUGE-L F1: 0.1945
2025-05-04 04:59:10,252 - INFO - Successfully processed paper 15643187, matched 45 sentences
2025-05-04 04:59:10,252 - INFO - Processing paper 81057283
2025-05-04 04:59:10,254 - INFO - Paper 81057283: 82 sentences, Summary: 30 sentences
2025-05-04 04:59:10,255 - INFO - Encoding 82 paper sentences
2025-05-04 04:59:10,481 - INFO - Using default tokenizer.
2025-05-04 04:59:10,680 - INFO - Paper 81057283 ROUGE-1 F1: 0.6577
2025-05-04 04:59:10,680 - INFO - Paper 81057283 ROUGE-2 F1: 0.3946
2025-05-04 04:59:10,680 - INFO - Paper 81057283 ROUGE-L F1: 0.4491
2025-05-04 04:59:10,754 - INFO - Successfully processed paper 81057283, matched 36 sentences
2025-05-04 04:59:10,755 - INFO - Processing paper 93460473
2025-05-04 04:59:10,759 - INFO - Paper 93460473: 188 sentences, Summary: 27 sentences
2025-05-04 04:59:10,759 - INFO - Encoding 188 paper sentences
2025-05-04 04:59:11,058 - INFO - Using default tokenizer.
2025-05-04 04:59:11,223 - INFO - Paper 93460473 ROUGE-1 F1: 0.5261
2025-05-04 04:59:11,224 - INFO - Paper 93460473 ROUGE-2 F1: 0.2761
2025-05-04 04:59:11,224 - INFO - Paper 93460473 ROUGE-L F1: 0.3735
2025-05-04 04:59:11,301 - INFO - Successfully processed paper 93460473, matched 38 sentences
2025-05-04 04:59:11,301 - INFO - Processing paper 75779006
2025-05-04 04:59:11,306 - INFO - Paper 75779006: 172 sentences, Summary: 43 sentences
2025-05-04 04:59:11,306 - INFO - Encoding 172 paper sentences
2025-05-04 04:59:11,702 - INFO - Using default tokenizer.
2025-05-04 04:59:12,434 - INFO - Paper 75779006 ROUGE-1 F1: 0.5785
2025-05-04 04:59:12,434 - INFO - Paper 75779006 ROUGE-2 F1: 0.4559
2025-05-04 04:59:12,434 - INFO - Paper 75779006 ROUGE-L F1: 0.4920
2025-05-04 04:59:12,511 - INFO - Successfully processed paper 75779006, matched 76 sentences
2025-05-04 04:59:12,512 - INFO - Processing paper 8363020
2025-05-04 04:59:12,519 - INFO - Paper 8363020: 294 sentences, Summary: 45 sentences
2025-05-04 04:59:12,519 - INFO - Encoding 294 paper sentences
2025-05-04 04:59:13,049 - INFO - Using default tokenizer.
2025-05-04 04:59:13,872 - INFO - Paper 8363020 ROUGE-1 F1: 0.4544
2025-05-04 04:59:13,872 - INFO - Paper 8363020 ROUGE-2 F1: 0.1893
2025-05-04 04:59:13,872 - INFO - Paper 8363020 ROUGE-L F1: 0.2252
2025-05-04 04:59:13,959 - INFO - Successfully processed paper 8363020, matched 88 sentences
2025-05-04 04:59:13,959 - INFO - Processing paper 77534612
2025-05-04 04:59:13,964 - INFO - Paper 77534612: 225 sentences, Summary: 13 sentences
2025-05-04 04:59:13,964 - INFO - Encoding 225 paper sentences
2025-05-04 04:59:14,173 - INFO - Using default tokenizer.
2025-05-04 04:59:14,246 - INFO - Paper 77534612 ROUGE-1 F1: 0.4251
2025-05-04 04:59:14,246 - INFO - Paper 77534612 ROUGE-2 F1: 0.2277
2025-05-04 04:59:14,247 - INFO - Paper 77534612 ROUGE-L F1: 0.2997
2025-05-04 04:59:14,340 - INFO - Successfully processed paper 77534612, matched 23 sentences
2025-05-04 04:59:14,340 - INFO - Processing paper 86675541
2025-05-04 04:59:14,347 - INFO - Paper 86675541: 285 sentences, Summary: 38 sentences
2025-05-04 04:59:14,347 - INFO - Encoding 285 paper sentences
2025-05-04 04:59:14,756 - INFO - Using default tokenizer.
2025-05-04 04:59:14,916 - INFO - Paper 86675541 ROUGE-1 F1: 0.4979
2025-05-04 04:59:14,916 - INFO - Paper 86675541 ROUGE-2 F1: 0.1183
2025-05-04 04:59:14,917 - INFO - Paper 86675541 ROUGE-L F1: 0.2335
2025-05-04 04:59:15,027 - INFO - Successfully processed paper 86675541, matched 40 sentences
2025-05-04 04:59:15,027 - INFO - Processing paper 47723293
2025-05-04 04:59:15,033 - INFO - Paper 47723293: 252 sentences, Summary: 37 sentences
2025-05-04 04:59:15,033 - INFO - Encoding 252 paper sentences
2025-05-04 04:59:15,405 - INFO - Using default tokenizer.
2025-05-04 04:59:15,556 - INFO - Paper 47723293 ROUGE-1 F1: 0.4465
2025-05-04 04:59:15,556 - INFO - Paper 47723293 ROUGE-2 F1: 0.1326
2025-05-04 04:59:15,556 - INFO - Paper 47723293 ROUGE-L F1: 0.2085
2025-05-04 04:59:15,645 - INFO - Successfully processed paper 47723293, matched 42 sentences
2025-05-04 04:59:15,645 - INFO - Processing paper 93142771
2025-05-04 04:59:15,648 - INFO - Paper 93142771: 122 sentences, Summary: 21 sentences
2025-05-04 04:59:15,648 - INFO - Encoding 122 paper sentences
2025-05-04 04:59:15,854 - INFO - Using default tokenizer.
2025-05-04 04:59:15,900 - INFO - Paper 93142771 ROUGE-1 F1: 0.4200
2025-05-04 04:59:15,900 - INFO - Paper 93142771 ROUGE-2 F1: 0.1463
2025-05-04 04:59:15,900 - INFO - Paper 93142771 ROUGE-L F1: 0.2382
2025-05-04 04:59:15,984 - INFO - Successfully processed paper 93142771, matched 23 sentences
2025-05-04 04:59:15,985 - INFO - Processing paper 66112363
2025-05-04 04:59:15,989 - INFO - Paper 66112363: 152 sentences, Summary: 49 sentences
2025-05-04 04:59:15,989 - INFO - Encoding 152 paper sentences
2025-05-04 04:59:16,436 - INFO - Using default tokenizer.
2025-05-04 04:59:17,281 - INFO - Paper 66112363 ROUGE-1 F1: 0.6029
2025-05-04 04:59:17,281 - INFO - Paper 66112363 ROUGE-2 F1: 0.4195
2025-05-04 04:59:17,281 - INFO - Paper 66112363 ROUGE-L F1: 0.4571
2025-05-04 04:59:17,366 - INFO - Successfully processed paper 66112363, matched 89 sentences
2025-05-04 04:59:17,366 - INFO - Processing paper 27051635
2025-05-04 04:59:17,371 - INFO - Paper 27051635: 180 sentences, Summary: 24 sentences
2025-05-04 04:59:17,372 - INFO - Encoding 180 paper sentences
2025-05-04 04:59:17,620 - INFO - Using default tokenizer.
2025-05-04 04:59:17,780 - INFO - Paper 27051635 ROUGE-1 F1: 0.5638
2025-05-04 04:59:17,780 - INFO - Paper 27051635 ROUGE-2 F1: 0.3046
2025-05-04 04:59:17,781 - INFO - Paper 27051635 ROUGE-L F1: 0.3529
2025-05-04 04:59:17,874 - INFO - Successfully processed paper 27051635, matched 35 sentences
2025-05-04 04:59:17,874 - INFO - Processing paper 12175403
2025-05-04 04:59:17,882 - INFO - Paper 12175403: 281 sentences, Summary: 9 sentences
2025-05-04 04:59:17,882 - INFO - Encoding 281 paper sentences
2025-05-04 04:59:18,055 - INFO - Using default tokenizer.
2025-05-04 04:59:18,072 - INFO - Paper 12175403 ROUGE-1 F1: 0.4300
2025-05-04 04:59:18,072 - INFO - Paper 12175403 ROUGE-2 F1: 0.1553
2025-05-04 04:59:18,072 - INFO - Paper 12175403 ROUGE-L F1: 0.2560
2025-05-04 04:59:18,164 - INFO - Successfully processed paper 12175403, matched 9 sentences
2025-05-04 04:59:18,164 - INFO - Skipping 1077676 - not in valid IDs
2025-05-04 04:59:18,164 - INFO - Processing paper 26668230
2025-05-04 04:59:18,174 - INFO - Paper 26668230: 415 sentences, Summary: 34 sentences
2025-05-04 04:59:18,174 - INFO - Encoding 415 paper sentences
2025-05-04 04:59:18,677 - INFO - Using default tokenizer.
2025-05-04 04:59:18,983 - INFO - Paper 26668230 ROUGE-1 F1: 0.5745
2025-05-04 04:59:18,983 - INFO - Paper 26668230 ROUGE-2 F1: 0.2515
2025-05-04 04:59:18,983 - INFO - Paper 26668230 ROUGE-L F1: 0.3048
2025-05-04 04:59:19,078 - INFO - Successfully processed paper 26668230, matched 58 sentences
2025-05-04 04:59:19,078 - INFO - Processing paper 70335565
2025-05-04 04:59:19,083 - INFO - Paper 70335565: 165 sentences, Summary: 35 sentences
2025-05-04 04:59:19,083 - INFO - Encoding 165 paper sentences
2025-05-04 04:59:19,446 - INFO - Using default tokenizer.
2025-05-04 04:59:19,871 - INFO - Paper 70335565 ROUGE-1 F1: 0.5873
2025-05-04 04:59:19,872 - INFO - Paper 70335565 ROUGE-2 F1: 0.4872
2025-05-04 04:59:19,872 - INFO - Paper 70335565 ROUGE-L F1: 0.5173
2025-05-04 04:59:19,957 - INFO - Successfully processed paper 70335565, matched 63 sentences
2025-05-04 04:59:19,957 - INFO - Processing paper 93218559
2025-05-04 04:59:19,963 - INFO - Paper 93218559: 250 sentences, Summary: 8 sentences
2025-05-04 04:59:19,963 - INFO - Encoding 250 paper sentences
2025-05-04 04:59:20,147 - INFO - Using default tokenizer.
2025-05-04 04:59:20,163 - INFO - Paper 93218559 ROUGE-1 F1: 0.3505
2025-05-04 04:59:20,164 - INFO - Paper 93218559 ROUGE-2 F1: 0.0563
2025-05-04 04:59:20,164 - INFO - Paper 93218559 ROUGE-L F1: 0.1963
2025-05-04 04:59:20,250 - INFO - Successfully processed paper 93218559, matched 8 sentences
2025-05-04 04:59:20,250 - INFO - Processing paper 81262575
2025-05-04 04:59:20,251 - INFO - Paper 81262575: 56 sentences, Summary: 18 sentences
2025-05-04 04:59:20,252 - INFO - Encoding 56 paper sentences
2025-05-04 04:59:20,407 - INFO - Using default tokenizer.
2025-05-04 04:59:20,488 - INFO - Paper 81262575 ROUGE-1 F1: 0.3685
2025-05-04 04:59:20,488 - INFO - Paper 81262575 ROUGE-2 F1: 0.1019
2025-05-04 04:59:20,488 - INFO - Paper 81262575 ROUGE-L F1: 0.1881
2025-05-04 04:59:20,578 - INFO - Successfully processed paper 81262575, matched 18 sentences
2025-05-04 04:59:20,578 - INFO - Processing paper 1873334
2025-05-04 04:59:20,587 - INFO - Paper 1873334: 384 sentences, Summary: 67 sentences
2025-05-04 04:59:20,587 - INFO - Encoding 384 paper sentences
2025-05-04 04:59:21,409 - INFO - Using default tokenizer.
2025-05-04 04:59:22,544 - INFO - Paper 1873334 ROUGE-1 F1: 0.6545
2025-05-04 04:59:22,544 - INFO - Paper 1873334 ROUGE-2 F1: 0.3931
2025-05-04 04:59:22,544 - INFO - Paper 1873334 ROUGE-L F1: 0.4204
2025-05-04 04:59:22,631 - INFO - Successfully processed paper 1873334, matched 115 sentences
2025-05-04 04:59:22,632 - INFO - Processing paper 47686356
2025-05-04 04:59:22,638 - INFO - Paper 47686356: 270 sentences, Summary: 28 sentences
2025-05-04 04:59:22,638 - INFO - Encoding 270 paper sentences
2025-05-04 04:59:23,000 - INFO - Using default tokenizer.
2025-05-04 04:59:23,151 - INFO - Paper 47686356 ROUGE-1 F1: 0.3049
2025-05-04 04:59:23,151 - INFO - Paper 47686356 ROUGE-2 F1: 0.0363
2025-05-04 04:59:23,151 - INFO - Paper 47686356 ROUGE-L F1: 0.1358
2025-05-04 04:59:23,248 - INFO - Successfully processed paper 47686356, matched 28 sentences
2025-05-04 04:59:23,248 - INFO - Processing paper 78860785
2025-05-04 04:59:23,274 - INFO - Paper 78860785: 1017 sentences, Summary: 10 sentences
2025-05-04 04:59:23,274 - INFO - Encoding 1017 paper sentences
2025-05-04 04:59:23,837 - INFO - Using default tokenizer.
2025-05-04 04:59:23,888 - INFO - Paper 78860785 ROUGE-1 F1: 0.5427
2025-05-04 04:59:23,888 - INFO - Paper 78860785 ROUGE-2 F1: 0.2292
2025-05-04 04:59:23,888 - INFO - Paper 78860785 ROUGE-L F1: 0.2990
2025-05-04 04:59:23,978 - INFO - Successfully processed paper 78860785, matched 23 sentences
2025-05-04 04:59:23,978 - INFO - Processing paper 73414525
2025-05-04 04:59:23,981 - INFO - Paper 73414525: 125 sentences, Summary: 33 sentences
2025-05-04 04:59:23,981 - INFO - Encoding 125 paper sentences
2025-05-04 04:59:24,307 - INFO - Using default tokenizer.
2025-05-04 04:59:24,654 - INFO - Paper 73414525 ROUGE-1 F1: 0.4507
2025-05-04 04:59:24,654 - INFO - Paper 73414525 ROUGE-2 F1: 0.1210
2025-05-04 04:59:24,654 - INFO - Paper 73414525 ROUGE-L F1: 0.1935
2025-05-04 04:59:24,744 - INFO - Successfully processed paper 73414525, matched 42 sentences
2025-05-04 04:59:24,744 - INFO - Processing paper 74547298
2025-05-04 04:59:24,748 - INFO - Paper 74547298: 154 sentences, Summary: 27 sentences
2025-05-04 04:59:24,748 - INFO - Encoding 154 paper sentences
2025-05-04 04:59:25,034 - INFO - Using default tokenizer.
2025-05-04 04:59:25,413 - INFO - Paper 74547298 ROUGE-1 F1: 0.6630
2025-05-04 04:59:25,413 - INFO - Paper 74547298 ROUGE-2 F1: 0.3751
2025-05-04 04:59:25,413 - INFO - Paper 74547298 ROUGE-L F1: 0.4502
2025-05-04 04:59:25,510 - INFO - Successfully processed paper 74547298, matched 33 sentences
2025-05-04 04:59:25,510 - INFO - Processing paper 8601517
2025-05-04 04:59:25,516 - INFO - Paper 8601517: 233 sentences, Summary: 36 sentences
2025-05-04 04:59:25,516 - INFO - Encoding 233 paper sentences
2025-05-04 04:59:25,917 - INFO - Using default tokenizer.
2025-05-04 04:59:26,114 - INFO - Paper 8601517 ROUGE-1 F1: 0.5280
2025-05-04 04:59:26,114 - INFO - Paper 8601517 ROUGE-2 F1: 0.1638
2025-05-04 04:59:26,114 - INFO - Paper 8601517 ROUGE-L F1: 0.2382
2025-05-04 04:59:26,210 - INFO - Successfully processed paper 8601517, matched 44 sentences
2025-05-04 04:59:26,210 - INFO - Processing paper 26105266
2025-05-04 04:59:26,215 - INFO - Paper 26105266: 164 sentences, Summary: 62 sentences
2025-05-04 04:59:26,215 - INFO - Encoding 164 paper sentences
2025-05-04 04:59:26,729 - INFO - Using default tokenizer.
2025-05-04 04:59:27,198 - INFO - Paper 26105266 ROUGE-1 F1: 0.4508
2025-05-04 04:59:27,198 - INFO - Paper 26105266 ROUGE-2 F1: 0.1266
2025-05-04 04:59:27,198 - INFO - Paper 26105266 ROUGE-L F1: 0.1914
2025-05-04 04:59:27,294 - INFO - Successfully processed paper 26105266, matched 68 sentences
2025-05-04 04:59:27,294 - INFO - Processing paper 85933068
2025-05-04 04:59:27,297 - INFO - Paper 85933068: 163 sentences, Summary: 14 sentences
2025-05-04 04:59:27,297 - INFO - Encoding 163 paper sentences
2025-05-04 04:59:27,483 - INFO - Using default tokenizer.
2025-05-04 04:59:27,529 - INFO - Paper 85933068 ROUGE-1 F1: 0.4932
2025-05-04 04:59:27,529 - INFO - Paper 85933068 ROUGE-2 F1: 0.1511
2025-05-04 04:59:27,529 - INFO - Paper 85933068 ROUGE-L F1: 0.2466
2025-05-04 04:59:27,665 - INFO - Successfully processed paper 85933068, matched 18 sentences
2025-05-04 04:59:27,666 - INFO - Processing paper 97381495
2025-05-04 04:59:27,678 - INFO - Paper 97381495: 546 sentences, Summary: 58 sentences
2025-05-04 04:59:27,678 - INFO - Encoding 546 paper sentences
2025-05-04 04:59:28,527 - INFO - Using default tokenizer.
2025-05-04 04:59:29,252 - INFO - Paper 97381495 ROUGE-1 F1: 0.7503
2025-05-04 04:59:29,252 - INFO - Paper 97381495 ROUGE-2 F1: 0.5945
2025-05-04 04:59:29,252 - INFO - Paper 97381495 ROUGE-L F1: 0.6137
2025-05-04 04:59:29,353 - INFO - Successfully processed paper 97381495, matched 87 sentences
2025-05-04 04:59:29,353 - INFO - Processing paper 32533290
2025-05-04 04:59:29,358 - INFO - Paper 32533290: 158 sentences, Summary: 65 sentences
2025-05-04 04:59:29,358 - INFO - Encoding 158 paper sentences
2025-05-04 04:59:29,924 - INFO - Using default tokenizer.
2025-05-04 04:59:30,389 - INFO - Paper 32533290 ROUGE-1 F1: 0.4714
2025-05-04 04:59:30,389 - INFO - Paper 32533290 ROUGE-2 F1: 0.1287
2025-05-04 04:59:30,389 - INFO - Paper 32533290 ROUGE-L F1: 0.2101
2025-05-04 04:59:30,499 - INFO - Successfully processed paper 32533290, matched 76 sentences
2025-05-04 04:59:30,499 - INFO - Processing paper 3517250
2025-05-04 04:59:30,503 - INFO - Paper 3517250: 161 sentences, Summary: 15 sentences
2025-05-04 04:59:30,503 - INFO - Encoding 161 paper sentences
2025-05-04 04:59:30,724 - INFO - Using default tokenizer.
2025-05-04 04:59:30,759 - INFO - Paper 3517250 ROUGE-1 F1: 0.4890
2025-05-04 04:59:30,759 - INFO - Paper 3517250 ROUGE-2 F1: 0.1447
2025-05-04 04:59:30,759 - INFO - Paper 3517250 ROUGE-L F1: 0.2382
2025-05-04 04:59:30,859 - INFO - Successfully processed paper 3517250, matched 15 sentences
2025-05-04 04:59:30,859 - INFO - Processing paper 78861774
2025-05-04 04:59:30,865 - INFO - Paper 78861774: 237 sentences, Summary: 39 sentences
2025-05-04 04:59:30,865 - INFO - Encoding 237 paper sentences
2025-05-04 04:59:31,277 - INFO - Using default tokenizer.
2025-05-04 04:59:31,535 - INFO - Paper 78861774 ROUGE-1 F1: 0.5604
2025-05-04 04:59:31,536 - INFO - Paper 78861774 ROUGE-2 F1: 0.2588
2025-05-04 04:59:31,536 - INFO - Paper 78861774 ROUGE-L F1: 0.3493
2025-05-04 04:59:31,644 - INFO - Successfully processed paper 78861774, matched 50 sentences
2025-05-04 04:59:31,645 - INFO - Processing paper 25766140
2025-05-04 04:59:31,655 - INFO - Paper 25766140: 440 sentences, Summary: 52 sentences
2025-05-04 04:59:31,655 - INFO - Encoding 440 paper sentences
2025-05-04 04:59:32,426 - INFO - Using default tokenizer.
2025-05-04 04:59:33,368 - INFO - Paper 25766140 ROUGE-1 F1: 0.5761
2025-05-04 04:59:33,368 - INFO - Paper 25766140 ROUGE-2 F1: 0.3381
2025-05-04 04:59:33,368 - INFO - Paper 25766140 ROUGE-L F1: 0.3685
2025-05-04 04:59:33,481 - INFO - Successfully processed paper 25766140, matched 93 sentences
2025-05-04 04:59:33,482 - INFO - Processing paper 81535007
2025-05-04 04:59:33,494 - INFO - Paper 81535007: 266 sentences, Summary: 16 sentences
2025-05-04 04:59:33,494 - INFO - Encoding 266 paper sentences
2025-05-04 04:59:33,763 - INFO - Using default tokenizer.
2025-05-04 04:59:33,851 - INFO - Paper 81535007 ROUGE-1 F1: 0.4719
2025-05-04 04:59:33,852 - INFO - Paper 81535007 ROUGE-2 F1: 0.1276
2025-05-04 04:59:33,852 - INFO - Paper 81535007 ROUGE-L F1: 0.1966
2025-05-04 04:59:33,953 - INFO - Successfully processed paper 81535007, matched 24 sentences
2025-05-04 04:59:33,953 - INFO - Skipping 65847395 - not in valid IDs
2025-05-04 04:59:33,954 - INFO - Processing paper 99341732
2025-05-04 04:59:33,966 - INFO - Paper 99341732: 563 sentences, Summary: 60 sentences
2025-05-04 04:59:33,966 - INFO - Encoding 563 paper sentences
2025-05-04 04:59:34,840 - INFO - Using default tokenizer.
2025-05-04 04:59:35,971 - INFO - Paper 99341732 ROUGE-1 F1: 0.5712
2025-05-04 04:59:35,972 - INFO - Paper 99341732 ROUGE-2 F1: 0.3404
2025-05-04 04:59:35,972 - INFO - Paper 99341732 ROUGE-L F1: 0.3867
2025-05-04 04:59:36,080 - INFO - Successfully processed paper 99341732, matched 123 sentences
2025-05-04 04:59:36,081 - INFO - Processing paper 16280529
2025-05-04 04:59:36,082 - INFO - Paper 16280529: 36 sentences, Summary: 21 sentences
2025-05-04 04:59:36,082 - INFO - Encoding 36 paper sentences
2025-05-04 04:59:36,280 - INFO - Using default tokenizer.
2025-05-04 04:59:36,385 - INFO - Paper 16280529 ROUGE-1 F1: 0.4153
2025-05-04 04:59:36,385 - INFO - Paper 16280529 ROUGE-2 F1: 0.0620
2025-05-04 04:59:36,385 - INFO - Paper 16280529 ROUGE-L F1: 0.1840
2025-05-04 04:59:36,499 - INFO - Successfully processed paper 16280529, matched 21 sentences
2025-05-04 04:59:36,499 - INFO - Processing paper 40883301
2025-05-04 04:59:36,503 - INFO - Paper 40883301: 172 sentences, Summary: 59 sentences
2025-05-04 04:59:36,504 - INFO - Encoding 172 paper sentences
2025-05-04 04:59:37,045 - INFO - Using default tokenizer.
2025-05-04 04:59:37,486 - INFO - Paper 40883301 ROUGE-1 F1: 0.4890
2025-05-04 04:59:37,487 - INFO - Paper 40883301 ROUGE-2 F1: 0.1407
2025-05-04 04:59:37,487 - INFO - Paper 40883301 ROUGE-L F1: 0.2328
2025-05-04 04:59:37,595 - INFO - Successfully processed paper 40883301, matched 64 sentences
2025-05-04 04:59:37,596 - INFO - Processing paper 18304114
2025-05-04 04:59:37,600 - INFO - Paper 18304114: 198 sentences, Summary: 14 sentences
2025-05-04 04:59:37,600 - INFO - Encoding 198 paper sentences
2025-05-04 04:59:37,793 - INFO - Using default tokenizer.
2025-05-04 04:59:37,821 - INFO - Paper 18304114 ROUGE-1 F1: 0.4168
2025-05-04 04:59:37,821 - INFO - Paper 18304114 ROUGE-2 F1: 0.0527
2025-05-04 04:59:37,821 - INFO - Paper 18304114 ROUGE-L F1: 0.1646
2025-05-04 04:59:37,958 - INFO - Successfully processed paper 18304114, matched 18 sentences
2025-05-04 04:59:37,958 - INFO - Processing paper 41467472
2025-05-04 04:59:37,964 - INFO - Paper 41467472: 272 sentences, Summary: 6 sentences
2025-05-04 04:59:37,964 - INFO - Encoding 272 paper sentences
2025-05-04 04:59:38,161 - INFO - Using default tokenizer.
2025-05-04 04:59:38,173 - INFO - Paper 41467472 ROUGE-1 F1: 0.4379
2025-05-04 04:59:38,173 - INFO - Paper 41467472 ROUGE-2 F1: 0.1071
2025-05-04 04:59:38,173 - INFO - Paper 41467472 ROUGE-L F1: 0.2071
2025-05-04 04:59:38,294 - INFO - Successfully processed paper 41467472, matched 7 sentences
2025-05-04 04:59:38,294 - INFO - Processing paper 98238949
2025-05-04 04:59:38,299 - INFO - Paper 98238949: 230 sentences, Summary: 24 sentences
2025-05-04 04:59:38,299 - INFO - Encoding 230 paper sentences
2025-05-04 04:59:38,584 - INFO - Using default tokenizer.
2025-05-04 04:59:38,705 - INFO - Paper 98238949 ROUGE-1 F1: 0.5199
2025-05-04 04:59:38,705 - INFO - Paper 98238949 ROUGE-2 F1: 0.2335
2025-05-04 04:59:38,705 - INFO - Paper 98238949 ROUGE-L F1: 0.3083
2025-05-04 04:59:38,807 - INFO - Successfully processed paper 98238949, matched 34 sentences
2025-05-04 04:59:38,807 - INFO - Processing paper 47257042
2025-05-04 04:59:38,814 - INFO - Paper 47257042: 336 sentences, Summary: 16 sentences
2025-05-04 04:59:38,815 - INFO - Encoding 336 paper sentences
2025-05-04 04:59:39,086 - INFO - Using default tokenizer.
2025-05-04 04:59:39,171 - INFO - Paper 47257042 ROUGE-1 F1: 0.4313
2025-05-04 04:59:39,171 - INFO - Paper 47257042 ROUGE-2 F1: 0.1768
2025-05-04 04:59:39,171 - INFO - Paper 47257042 ROUGE-L F1: 0.2584
2025-05-04 04:59:39,276 - INFO - Successfully processed paper 47257042, matched 30 sentences
2025-05-04 04:59:39,277 - INFO - Processing paper 91200961
2025-05-04 04:59:39,283 - INFO - Paper 91200961: 230 sentences, Summary: 83 sentences
2025-05-04 04:59:39,284 - INFO - Encoding 230 paper sentences
2025-05-04 04:59:40,031 - INFO - Using default tokenizer.
2025-05-04 04:59:40,883 - INFO - Paper 91200961 ROUGE-1 F1: 0.5523
2025-05-04 04:59:40,884 - INFO - Paper 91200961 ROUGE-2 F1: 0.1951
2025-05-04 04:59:40,884 - INFO - Paper 91200961 ROUGE-L F1: 0.2376
2025-05-04 04:59:41,014 - INFO - Successfully processed paper 91200961, matched 98 sentences
2025-05-04 04:59:41,014 - INFO - Processing paper 37479343
2025-05-04 04:59:41,029 - INFO - Paper 37479343: 576 sentences, Summary: 60 sentences
2025-05-04 04:59:41,029 - INFO - Encoding 576 paper sentences
2025-05-04 04:59:41,969 - INFO - Using default tokenizer.
2025-05-04 04:59:42,968 - INFO - Paper 37479343 ROUGE-1 F1: 0.6129
2025-05-04 04:59:42,968 - INFO - Paper 37479343 ROUGE-2 F1: 0.3375
2025-05-04 04:59:42,968 - INFO - Paper 37479343 ROUGE-L F1: 0.3789
2025-05-04 04:59:43,076 - INFO - Successfully processed paper 37479343, matched 83 sentences
2025-05-04 04:59:43,076 - INFO - Processing paper 48091191
2025-05-04 04:59:43,080 - INFO - Paper 48091191: 176 sentences, Summary: 40 sentences
2025-05-04 04:59:43,081 - INFO - Encoding 176 paper sentences
2025-05-04 04:59:43,457 - INFO - Using default tokenizer.
2025-05-04 04:59:44,016 - INFO - Paper 48091191 ROUGE-1 F1: 0.5762
2025-05-04 04:59:44,016 - INFO - Paper 48091191 ROUGE-2 F1: 0.3483
2025-05-04 04:59:44,016 - INFO - Paper 48091191 ROUGE-L F1: 0.3882
2025-05-04 04:59:44,141 - INFO - Successfully processed paper 48091191, matched 68 sentences
2025-05-04 04:59:44,141 - INFO - Processing paper 17754953
2025-05-04 04:59:44,149 - INFO - Paper 17754953: 342 sentences, Summary: 59 sentences
2025-05-04 04:59:44,149 - INFO - Encoding 342 paper sentences
2025-05-04 04:59:44,820 - INFO - Using default tokenizer.
2025-05-04 04:59:45,746 - INFO - Paper 17754953 ROUGE-1 F1: 0.6299
2025-05-04 04:59:45,747 - INFO - Paper 17754953 ROUGE-2 F1: 0.4222
2025-05-04 04:59:45,747 - INFO - Paper 17754953 ROUGE-L F1: 0.4727
2025-05-04 04:59:45,855 - INFO - Successfully processed paper 17754953, matched 94 sentences
2025-05-04 04:59:45,856 - INFO - Processing paper 17409856
2025-05-04 04:59:45,861 - INFO - Paper 17409856: 226 sentences, Summary: 31 sentences
2025-05-04 04:59:45,861 - INFO - Encoding 226 paper sentences
2025-05-04 04:59:46,211 - INFO - Using default tokenizer.
2025-05-04 04:59:46,452 - INFO - Paper 17409856 ROUGE-1 F1: 0.4976
2025-05-04 04:59:46,452 - INFO - Paper 17409856 ROUGE-2 F1: 0.2421
2025-05-04 04:59:46,452 - INFO - Paper 17409856 ROUGE-L F1: 0.2975
2025-05-04 04:59:46,571 - INFO - Successfully processed paper 17409856, matched 46 sentences
2025-05-04 04:59:46,572 - INFO - Processing paper 32560739
2025-05-04 04:59:46,582 - INFO - Paper 32560739: 417 sentences, Summary: 11 sentences
2025-05-04 04:59:46,582 - INFO - Encoding 417 paper sentences
2025-05-04 04:59:46,870 - INFO - Using default tokenizer.
2025-05-04 04:59:46,913 - INFO - Paper 32560739 ROUGE-1 F1: 0.5811
2025-05-04 04:59:46,913 - INFO - Paper 32560739 ROUGE-2 F1: 0.2574
2025-05-04 04:59:46,913 - INFO - Paper 32560739 ROUGE-L F1: 0.3329
2025-05-04 04:59:47,023 - INFO - Successfully processed paper 32560739, matched 13 sentences
2025-05-04 04:59:47,023 - INFO - Processing paper 94730041
2025-05-04 04:59:47,028 - INFO - Paper 94730041: 218 sentences, Summary: 25 sentences
2025-05-04 04:59:47,028 - INFO - Encoding 218 paper sentences
2025-05-04 04:59:47,331 - INFO - Using default tokenizer.
2025-05-04 04:59:47,449 - INFO - Paper 94730041 ROUGE-1 F1: 0.5591
2025-05-04 04:59:47,449 - INFO - Paper 94730041 ROUGE-2 F1: 0.1469
2025-05-04 04:59:47,449 - INFO - Paper 94730041 ROUGE-L F1: 0.2433
2025-05-04 04:59:47,671 - INFO - Successfully processed paper 94730041, matched 25 sentences
2025-05-04 04:59:47,672 - INFO - Processing paper 23313716
2025-05-04 04:59:47,707 - INFO - Paper 23313716: 467 sentences, Summary: 60 sentences
2025-05-04 04:59:47,707 - INFO - Encoding 467 paper sentences
2025-05-04 04:59:48,510 - INFO - Using default tokenizer.
2025-05-04 04:59:49,386 - INFO - Paper 23313716 ROUGE-1 F1: 0.6419
2025-05-04 04:59:49,386 - INFO - Paper 23313716 ROUGE-2 F1: 0.4317
2025-05-04 04:59:49,386 - INFO - Paper 23313716 ROUGE-L F1: 0.4753
2025-05-04 04:59:49,557 - INFO - Successfully processed paper 23313716, matched 91 sentences
2025-05-04 04:59:49,558 - INFO - Processing paper 78841597
2025-05-04 04:59:49,567 - INFO - Paper 78841597: 438 sentences, Summary: 25 sentences
2025-05-04 04:59:49,567 - INFO - Encoding 438 paper sentences
2025-05-04 04:59:49,953 - INFO - Using default tokenizer.
2025-05-04 04:59:50,125 - INFO - Paper 78841597 ROUGE-1 F1: 0.5735
2025-05-04 04:59:50,125 - INFO - Paper 78841597 ROUGE-2 F1: 0.2784
2025-05-04 04:59:50,125 - INFO - Paper 78841597 ROUGE-L F1: 0.3479
2025-05-04 04:59:50,252 - INFO - Successfully processed paper 78841597, matched 38 sentences
2025-05-04 04:59:50,252 - INFO - Processing paper 76514111
2025-05-04 04:59:50,255 - INFO - Paper 76514111: 91 sentences, Summary: 25 sentences
2025-05-04 04:59:50,255 - INFO - Encoding 91 paper sentences
2025-05-04 04:59:50,458 - INFO - Using default tokenizer.
2025-05-04 04:59:50,536 - INFO - Paper 76514111 ROUGE-1 F1: 0.3515
2025-05-04 04:59:50,536 - INFO - Paper 76514111 ROUGE-2 F1: 0.0919
2025-05-04 04:59:50,536 - INFO - Paper 76514111 ROUGE-L F1: 0.2139
2025-05-04 04:59:50,648 - INFO - Successfully processed paper 76514111, matched 29 sentences
2025-05-04 04:59:50,648 - INFO - Processing paper 16027177
2025-05-04 04:59:50,658 - INFO - Paper 16027177: 386 sentences, Summary: 62 sentences
2025-05-04 04:59:50,658 - INFO - Encoding 386 paper sentences
2025-05-04 04:59:51,445 - INFO - Using default tokenizer.
2025-05-04 04:59:52,205 - INFO - Paper 16027177 ROUGE-1 F1: 0.5840
2025-05-04 04:59:52,205 - INFO - Paper 16027177 ROUGE-2 F1: 0.2061
2025-05-04 04:59:52,205 - INFO - Paper 16027177 ROUGE-L F1: 0.2882
2025-05-04 04:59:52,336 - INFO - Successfully processed paper 16027177, matched 78 sentences
2025-05-04 04:59:52,336 - INFO - Skipping 93106503 - not in valid IDs
2025-05-04 04:59:52,337 - INFO - Processing paper 88246188
2025-05-04 04:59:52,347 - INFO - Paper 88246188: 443 sentences, Summary: 87 sentences
2025-05-04 04:59:52,347 - INFO - Encoding 443 paper sentences
2025-05-04 04:59:53,357 - INFO - Using default tokenizer.
2025-05-04 04:59:53,995 - INFO - Paper 88246188 ROUGE-1 F1: 0.5251
2025-05-04 04:59:53,995 - INFO - Paper 88246188 ROUGE-2 F1: 0.1221
2025-05-04 04:59:53,995 - INFO - Paper 88246188 ROUGE-L F1: 0.2043
2025-05-04 04:59:54,125 - INFO - Successfully processed paper 88246188, matched 99 sentences
2025-05-04 04:59:54,125 - INFO - Processing paper 58793266
2025-05-04 04:59:54,129 - INFO - Paper 58793266: 165 sentences, Summary: 32 sentences
2025-05-04 04:59:54,129 - INFO - Encoding 165 paper sentences
2025-05-04 04:59:54,475 - INFO - Using default tokenizer.
2025-05-04 04:59:54,682 - INFO - Paper 58793266 ROUGE-1 F1: 0.5000
2025-05-04 04:59:54,682 - INFO - Paper 58793266 ROUGE-2 F1: 0.0866
2025-05-04 04:59:54,682 - INFO - Paper 58793266 ROUGE-L F1: 0.1805
2025-05-04 04:59:54,806 - INFO - Successfully processed paper 58793266, matched 39 sentences
2025-05-04 04:59:54,806 - INFO - Skipping 59963771 - not in valid IDs
2025-05-04 04:59:54,807 - INFO - Processing paper 96831204
2025-05-04 04:59:54,811 - INFO - Paper 96831204: 210 sentences, Summary: 19 sentences
2025-05-04 04:59:54,811 - INFO - Encoding 210 paper sentences
2025-05-04 04:59:55,073 - INFO - Using default tokenizer.
2025-05-04 04:59:55,160 - INFO - Paper 96831204 ROUGE-1 F1: 0.5168
2025-05-04 04:59:55,160 - INFO - Paper 96831204 ROUGE-2 F1: 0.1533
2025-05-04 04:59:55,160 - INFO - Paper 96831204 ROUGE-L F1: 0.2444
2025-05-04 04:59:55,278 - INFO - Successfully processed paper 96831204, matched 24 sentences
2025-05-04 04:59:55,279 - INFO - Processing paper 71225651
2025-05-04 04:59:55,283 - INFO - Paper 71225651: 177 sentences, Summary: 24 sentences
2025-05-04 04:59:55,283 - INFO - Encoding 177 paper sentences
2025-05-04 04:59:55,545 - INFO - Using default tokenizer.
2025-05-04 04:59:55,636 - INFO - Paper 71225651 ROUGE-1 F1: 0.3567
2025-05-04 04:59:55,636 - INFO - Paper 71225651 ROUGE-2 F1: 0.0711
2025-05-04 04:59:55,637 - INFO - Paper 71225651 ROUGE-L F1: 0.1729
2025-05-04 04:59:55,771 - INFO - Successfully processed paper 71225651, matched 25 sentences
2025-05-04 04:59:55,771 - INFO - Skipping 8240954 - not in valid IDs
2025-05-04 04:59:55,772 - INFO - Processing paper 17675091
2025-05-04 04:59:55,778 - INFO - Paper 17675091: 270 sentences, Summary: 50 sentences
2025-05-04 04:59:55,778 - INFO - Encoding 270 paper sentences
2025-05-04 04:59:56,276 - INFO - Using default tokenizer.
2025-05-04 04:59:56,486 - INFO - Paper 17675091 ROUGE-1 F1: 0.5233
2025-05-04 04:59:56,486 - INFO - Paper 17675091 ROUGE-2 F1: 0.1292
2025-05-04 04:59:56,486 - INFO - Paper 17675091 ROUGE-L F1: 0.2150
2025-05-04 04:59:56,618 - INFO - Successfully processed paper 17675091, matched 52 sentences
2025-05-04 04:59:56,618 - INFO - Processing paper 25809281
2025-05-04 04:59:56,624 - INFO - Paper 25809281: 113 sentences, Summary: 7 sentences
2025-05-04 04:59:56,624 - INFO - Encoding 113 paper sentences
2025-05-04 04:59:56,724 - INFO - Using default tokenizer.
2025-05-04 04:59:56,742 - INFO - Paper 25809281 ROUGE-1 F1: 0.4569
2025-05-04 04:59:56,742 - INFO - Paper 25809281 ROUGE-2 F1: 0.1255
2025-05-04 04:59:56,742 - INFO - Paper 25809281 ROUGE-L F1: 0.2500
2025-05-04 04:59:56,885 - INFO - Successfully processed paper 25809281, matched 12 sentences
2025-05-04 04:59:56,885 - INFO - Processing paper 7120002
2025-05-04 04:59:56,889 - INFO - Paper 7120002: 199 sentences, Summary: 23 sentences
2025-05-04 04:59:56,889 - INFO - Encoding 199 paper sentences
2025-05-04 04:59:57,155 - INFO - Using default tokenizer.
2025-05-04 04:59:57,274 - INFO - Paper 7120002 ROUGE-1 F1: 0.5634
2025-05-04 04:59:57,274 - INFO - Paper 7120002 ROUGE-2 F1: 0.2302
2025-05-04 04:59:57,274 - INFO - Paper 7120002 ROUGE-L F1: 0.3224
2025-05-04 04:59:57,405 - INFO - Successfully processed paper 7120002, matched 36 sentences
2025-05-04 04:59:57,405 - INFO - Processing paper 8136900
2025-05-04 04:59:57,411 - INFO - Paper 8136900: 286 sentences, Summary: 10 sentences
2025-05-04 04:59:57,412 - INFO - Encoding 286 paper sentences
2025-05-04 04:59:57,617 - INFO - Using default tokenizer.
2025-05-04 04:59:57,645 - INFO - Paper 8136900 ROUGE-1 F1: 0.3905
2025-05-04 04:59:57,645 - INFO - Paper 8136900 ROUGE-2 F1: 0.0586
2025-05-04 04:59:57,645 - INFO - Paper 8136900 ROUGE-L F1: 0.1898
2025-05-04 04:59:57,809 - INFO - Successfully processed paper 8136900, matched 12 sentences
2025-05-04 04:59:57,809 - INFO - Processing paper 30189879
2025-05-04 04:59:57,815 - INFO - Paper 30189879: 232 sentences, Summary: 34 sentences
2025-05-04 04:59:57,815 - INFO - Encoding 232 paper sentences
2025-05-04 04:59:58,195 - INFO - Using default tokenizer.
2025-05-04 04:59:58,460 - INFO - Paper 30189879 ROUGE-1 F1: 0.5404
2025-05-04 04:59:58,460 - INFO - Paper 30189879 ROUGE-2 F1: 0.2605
2025-05-04 04:59:58,460 - INFO - Paper 30189879 ROUGE-L F1: 0.3421
2025-05-04 04:59:58,591 - INFO - Successfully processed paper 30189879, matched 52 sentences
2025-05-04 04:59:58,591 - INFO - Processing paper 8151447
2025-05-04 04:59:58,597 - INFO - Paper 8151447: 265 sentences, Summary: 49 sentences
2025-05-04 04:59:58,598 - INFO - Encoding 265 paper sentences
2025-05-04 04:59:59,128 - INFO - Using default tokenizer.
2025-05-04 04:59:59,612 - INFO - Paper 8151447 ROUGE-1 F1: 0.6522
2025-05-04 04:59:59,612 - INFO - Paper 8151447 ROUGE-2 F1: 0.3658
2025-05-04 04:59:59,612 - INFO - Paper 8151447 ROUGE-L F1: 0.4275
2025-05-04 04:59:59,751 - INFO - Successfully processed paper 8151447, matched 55 sentences
2025-05-04 04:59:59,751 - INFO - Processing paper 36278339
2025-05-04 04:59:59,756 - INFO - Paper 36278339: 204 sentences, Summary: 21 sentences
2025-05-04 04:59:59,756 - INFO - Encoding 204 paper sentences
2025-05-04 05:00:00,016 - INFO - Using default tokenizer.
2025-05-04 05:00:00,103 - INFO - Paper 36278339 ROUGE-1 F1: 0.5135
2025-05-04 05:00:00,103 - INFO - Paper 36278339 ROUGE-2 F1: 0.2058
2025-05-04 05:00:00,103 - INFO - Paper 36278339 ROUGE-L F1: 0.2969
2025-05-04 05:00:00,288 - INFO - Successfully processed paper 36278339, matched 27 sentences
2025-05-04 05:00:00,288 - INFO - Processing paper 17601393
2025-05-04 05:00:00,293 - INFO - Paper 17601393: 197 sentences, Summary: 63 sentences
2025-05-04 05:00:00,293 - INFO - Encoding 197 paper sentences
2025-05-04 05:00:00,850 - INFO - Using default tokenizer.
2025-05-04 05:00:01,792 - INFO - Paper 17601393 ROUGE-1 F1: 0.6528
2025-05-04 05:00:01,792 - INFO - Paper 17601393 ROUGE-2 F1: 0.3853
2025-05-04 05:00:01,792 - INFO - Paper 17601393 ROUGE-L F1: 0.4334
2025-05-04 05:00:01,948 - INFO - Successfully processed paper 17601393, matched 85 sentences
2025-05-04 05:00:01,949 - INFO - Processing paper 8799962
2025-05-04 05:00:01,957 - INFO - Paper 8799962: 303 sentences, Summary: 16 sentences
2025-05-04 05:00:01,957 - INFO - Encoding 303 paper sentences
2025-05-04 05:00:02,266 - INFO - Using default tokenizer.
2025-05-04 05:00:02,376 - INFO - Paper 8799962 ROUGE-1 F1: 0.4556
2025-05-04 05:00:02,376 - INFO - Paper 8799962 ROUGE-2 F1: 0.1294
2025-05-04 05:00:02,376 - INFO - Paper 8799962 ROUGE-L F1: 0.2242
2025-05-04 05:00:02,514 - INFO - Successfully processed paper 8799962, matched 25 sentences
2025-05-04 05:00:02,515 - INFO - Processing paper 40774761
2025-05-04 05:00:02,524 - INFO - Paper 40774761: 429 sentences, Summary: 5 sentences
2025-05-04 05:00:02,524 - INFO - Encoding 429 paper sentences
2025-05-04 05:00:02,757 - INFO - Using default tokenizer.
2025-05-04 05:00:02,773 - INFO - Paper 40774761 ROUGE-1 F1: 0.4224
2025-05-04 05:00:02,773 - INFO - Paper 40774761 ROUGE-2 F1: 0.1074
2025-05-04 05:00:02,773 - INFO - Paper 40774761 ROUGE-L F1: 0.2188
2025-05-04 05:00:02,907 - INFO - Successfully processed paper 40774761, matched 9 sentences
2025-05-04 05:00:02,907 - INFO - Processing paper 89767636
2025-05-04 05:00:02,920 - INFO - Paper 89767636: 587 sentences, Summary: 27 sentences
2025-05-04 05:00:02,920 - INFO - Encoding 587 paper sentences
2025-05-04 05:00:03,439 - INFO - Using default tokenizer.
2025-05-04 05:00:03,601 - INFO - Paper 89767636 ROUGE-1 F1: 0.5553
2025-05-04 05:00:03,601 - INFO - Paper 89767636 ROUGE-2 F1: 0.3345
2025-05-04 05:00:03,601 - INFO - Paper 89767636 ROUGE-L F1: 0.4101
2025-05-04 05:00:03,748 - INFO - Successfully processed paper 89767636, matched 43 sentences
2025-05-04 05:00:03,748 - INFO - Processing paper 86524123
2025-05-04 05:00:03,753 - INFO - Paper 86524123: 250 sentences, Summary: 32 sentences
2025-05-04 05:00:03,753 - INFO - Encoding 250 paper sentences
2025-05-04 05:00:04,111 - INFO - Using default tokenizer.
2025-05-04 05:00:04,250 - INFO - Paper 86524123 ROUGE-1 F1: 0.4755
2025-05-04 05:00:04,250 - INFO - Paper 86524123 ROUGE-2 F1: 0.1276
2025-05-04 05:00:04,250 - INFO - Paper 86524123 ROUGE-L F1: 0.2067
2025-05-04 05:00:04,389 - INFO - Successfully processed paper 86524123, matched 38 sentences
2025-05-04 05:00:04,390 - INFO - Processing paper 68399070
2025-05-04 05:00:04,398 - INFO - Paper 68399070: 330 sentences, Summary: 68 sentences
2025-05-04 05:00:04,398 - INFO - Encoding 330 paper sentences
2025-05-04 05:00:05,161 - INFO - Using default tokenizer.
2025-05-04 05:00:05,807 - INFO - Paper 68399070 ROUGE-1 F1: 0.5493
2025-05-04 05:00:05,808 - INFO - Paper 68399070 ROUGE-2 F1: 0.1529
2025-05-04 05:00:05,808 - INFO - Paper 68399070 ROUGE-L F1: 0.2366
2025-05-04 05:00:05,946 - INFO - Successfully processed paper 68399070, matched 74 sentences
2025-05-04 05:00:05,946 - INFO - Processing paper 11836666
2025-05-04 05:00:05,952 - INFO - Paper 11836666: 248 sentences, Summary: 24 sentences
2025-05-04 05:00:05,952 - INFO - Encoding 248 paper sentences
2025-05-04 05:00:06,269 - INFO - Using default tokenizer.
2025-05-04 05:00:06,385 - INFO - Paper 11836666 ROUGE-1 F1: 0.4770
2025-05-04 05:00:06,385 - INFO - Paper 11836666 ROUGE-2 F1: 0.1140
2025-05-04 05:00:06,385 - INFO - Paper 11836666 ROUGE-L F1: 0.2023
2025-05-04 05:00:06,548 - INFO - Successfully processed paper 11836666, matched 24 sentences
2025-05-04 05:00:06,549 - INFO - Processing paper 54139177
2025-05-04 05:00:06,558 - INFO - Paper 54139177: 408 sentences, Summary: 24 sentences
2025-05-04 05:00:06,558 - INFO - Encoding 408 paper sentences
2025-05-04 05:00:06,996 - INFO - Using default tokenizer.
2025-05-04 05:00:07,241 - INFO - Paper 54139177 ROUGE-1 F1: 0.5369
2025-05-04 05:00:07,241 - INFO - Paper 54139177 ROUGE-2 F1: 0.3247
2025-05-04 05:00:07,241 - INFO - Paper 54139177 ROUGE-L F1: 0.3725
2025-05-04 05:00:07,389 - INFO - Successfully processed paper 54139177, matched 48 sentences
2025-05-04 05:00:07,390 - INFO - Processing paper 61298922
2025-05-04 05:00:07,403 - INFO - Paper 61298922: 596 sentences, Summary: 64 sentences
2025-05-04 05:00:07,403 - INFO - Encoding 596 paper sentences
2025-05-04 05:00:08,347 - INFO - Using default tokenizer.
2025-05-04 05:00:09,579 - INFO - Paper 61298922 ROUGE-1 F1: 0.6050
2025-05-04 05:00:09,580 - INFO - Paper 61298922 ROUGE-2 F1: 0.3446
2025-05-04 05:00:09,580 - INFO - Paper 61298922 ROUGE-L F1: 0.3772
2025-05-04 05:00:09,740 - INFO - Successfully processed paper 61298922, matched 117 sentences
2025-05-04 05:00:09,741 - INFO - Processing paper 30995172
2025-05-04 05:00:09,751 - INFO - Paper 30995172: 472 sentences, Summary: 52 sentences
2025-05-04 05:00:09,751 - INFO - Encoding 472 paper sentences
2025-05-04 05:00:22,429 - INFO - Using default tokenizer.
2025-05-04 05:00:23,272 - INFO - Paper 30995172 ROUGE-1 F1: 0.6198
2025-05-04 05:00:23,272 - INFO - Paper 30995172 ROUGE-2 F1: 0.4457
2025-05-04 05:00:23,272 - INFO - Paper 30995172 ROUGE-L F1: 0.4725
2025-05-04 05:00:23,476 - INFO - Successfully processed paper 30995172, matched 83 sentences
2025-05-04 05:00:23,476 - INFO - Processing paper 42851012
2025-05-04 05:00:23,482 - INFO - Paper 42851012: 245 sentences, Summary: 13 sentences
2025-05-04 05:00:23,482 - INFO - Encoding 245 paper sentences
2025-05-04 05:00:23,681 - INFO - Using default tokenizer.
2025-05-04 05:00:23,706 - INFO - Paper 42851012 ROUGE-1 F1: 0.4307
2025-05-04 05:00:23,706 - INFO - Paper 42851012 ROUGE-2 F1: 0.0977
2025-05-04 05:00:23,706 - INFO - Paper 42851012 ROUGE-L F1: 0.1948
2025-05-04 05:00:23,839 - INFO - Successfully processed paper 42851012, matched 13 sentences
2025-05-04 05:00:23,839 - INFO - Processing paper 43687503
2025-05-04 05:00:23,848 - INFO - Paper 43687503: 364 sentences, Summary: 26 sentences
2025-05-04 05:00:23,848 - INFO - Encoding 364 paper sentences
2025-05-04 05:00:24,272 - INFO - Using default tokenizer.
2025-05-04 05:00:24,336 - INFO - Paper 43687503 ROUGE-1 F1: 0.4335
2025-05-04 05:00:24,336 - INFO - Paper 43687503 ROUGE-2 F1: 0.0918
2025-05-04 05:00:24,336 - INFO - Paper 43687503 ROUGE-L F1: 0.2034
2025-05-04 05:00:24,478 - INFO - Successfully processed paper 43687503, matched 27 sentences
2025-05-04 05:00:24,478 - INFO - Processing paper 32338938
2025-05-04 05:00:24,489 - INFO - Paper 32338938: 383 sentences, Summary: 50 sentences
2025-05-04 05:00:24,489 - INFO - Encoding 383 paper sentences
2025-05-04 05:00:25,110 - INFO - Using default tokenizer.
2025-05-04 05:00:25,883 - INFO - Paper 32338938 ROUGE-1 F1: 0.6902
2025-05-04 05:00:25,883 - INFO - Paper 32338938 ROUGE-2 F1: 0.4149
2025-05-04 05:00:25,883 - INFO - Paper 32338938 ROUGE-L F1: 0.4483
2025-05-04 05:00:26,038 - INFO - Successfully processed paper 32338938, matched 84 sentences
2025-05-04 05:00:26,038 - INFO - Processing paper 62769214
2025-05-04 05:00:26,042 - INFO - Paper 62769214: 152 sentences, Summary: 25 sentences
2025-05-04 05:00:26,042 - INFO - Encoding 152 paper sentences
2025-05-04 05:00:26,271 - INFO - Using default tokenizer.
2025-05-04 05:00:26,354 - INFO - Paper 62769214 ROUGE-1 F1: 0.4620
2025-05-04 05:00:26,355 - INFO - Paper 62769214 ROUGE-2 F1: 0.0938
2025-05-04 05:00:26,355 - INFO - Paper 62769214 ROUGE-L F1: 0.2242
2025-05-04 05:00:26,554 - INFO - Successfully processed paper 62769214, matched 28 sentences
2025-05-04 05:00:26,555 - INFO - Processing paper 7255717
2025-05-04 05:00:26,560 - INFO - Paper 7255717: 257 sentences, Summary: 41 sentences
2025-05-04 05:00:26,560 - INFO - Encoding 257 paper sentences
2025-05-04 05:00:27,004 - INFO - Using default tokenizer.
2025-05-04 05:00:27,229 - INFO - Paper 7255717 ROUGE-1 F1: 0.4359
2025-05-04 05:00:27,229 - INFO - Paper 7255717 ROUGE-2 F1: 0.0911
2025-05-04 05:00:27,229 - INFO - Paper 7255717 ROUGE-L F1: 0.1926
2025-05-04 05:00:27,373 - INFO - Successfully processed paper 7255717, matched 51 sentences
2025-05-04 05:00:27,374 - INFO - Processing paper 24950879
2025-05-04 05:00:27,382 - INFO - Paper 24950879: 350 sentences, Summary: 20 sentences
2025-05-04 05:00:27,382 - INFO - Encoding 350 paper sentences
2025-05-04 05:00:27,678 - INFO - Using default tokenizer.
2025-05-04 05:00:27,742 - INFO - Paper 24950879 ROUGE-1 F1: 0.5708
2025-05-04 05:00:27,742 - INFO - Paper 24950879 ROUGE-2 F1: 0.1566
2025-05-04 05:00:27,742 - INFO - Paper 24950879 ROUGE-L F1: 0.2809
2025-05-04 05:00:27,893 - INFO - Successfully processed paper 24950879, matched 21 sentences
2025-05-04 05:00:27,893 - INFO - Processing paper 97592875
2025-05-04 05:00:27,905 - INFO - Paper 97592875: 589 sentences, Summary: 11 sentences
2025-05-04 05:00:27,905 - INFO - Encoding 589 paper sentences
2025-05-04 05:00:28,261 - INFO - Using default tokenizer.
2025-05-04 05:00:28,277 - INFO - Paper 97592875 ROUGE-1 F1: 0.3846
2025-05-04 05:00:28,277 - INFO - Paper 97592875 ROUGE-2 F1: 0.0821
2025-05-04 05:00:28,277 - INFO - Paper 97592875 ROUGE-L F1: 0.2115
2025-05-04 05:00:28,424 - INFO - Successfully processed paper 97592875, matched 14 sentences
2025-05-04 05:00:28,425 - INFO - Processing paper 66403710
2025-05-04 05:00:28,429 - INFO - Paper 66403710: 211 sentences, Summary: 16 sentences
2025-05-04 05:00:28,430 - INFO - Encoding 211 paper sentences
2025-05-04 05:00:28,655 - INFO - Using default tokenizer.
2025-05-04 05:00:28,705 - INFO - Paper 66403710 ROUGE-1 F1: 0.4520
2025-05-04 05:00:28,705 - INFO - Paper 66403710 ROUGE-2 F1: 0.0975
2025-05-04 05:00:28,705 - INFO - Paper 66403710 ROUGE-L F1: 0.1919
2025-05-04 05:00:28,844 - INFO - Successfully processed paper 66403710, matched 16 sentences
2025-05-04 05:00:28,844 - INFO - Processing paper 52464539
2025-05-04 05:00:28,859 - INFO - Paper 52464539: 584 sentences, Summary: 56 sentences
2025-05-04 05:00:28,859 - INFO - Encoding 584 paper sentences
2025-05-04 05:00:29,699 - INFO - Using default tokenizer.
2025-05-04 05:00:30,536 - INFO - Paper 52464539 ROUGE-1 F1: 0.6854
2025-05-04 05:00:30,536 - INFO - Paper 52464539 ROUGE-2 F1: 0.4800
2025-05-04 05:00:30,537 - INFO - Paper 52464539 ROUGE-L F1: 0.4979
2025-05-04 05:00:30,679 - INFO - Successfully processed paper 52464539, matched 90 sentences
2025-05-04 05:00:30,680 - INFO - Processing paper 66357293
2025-05-04 05:00:30,703 - INFO - Paper 66357293: 751 sentences, Summary: 57 sentences
2025-05-04 05:00:30,703 - INFO - Encoding 751 paper sentences
2025-05-04 05:00:31,718 - INFO - Using default tokenizer.
2025-05-04 05:00:32,874 - INFO - Paper 66357293 ROUGE-1 F1: 0.5097
2025-05-04 05:00:32,874 - INFO - Paper 66357293 ROUGE-2 F1: 0.2560
2025-05-04 05:00:32,874 - INFO - Paper 66357293 ROUGE-L F1: 0.3042
2025-05-04 05:00:33,021 - INFO - Successfully processed paper 66357293, matched 121 sentences
2025-05-04 05:00:33,022 - INFO - Processing paper 87068449
2025-05-04 05:00:33,028 - INFO - Paper 87068449: 294 sentences, Summary: 16 sentences
2025-05-04 05:00:33,028 - INFO - Encoding 294 paper sentences
2025-05-04 05:00:33,277 - INFO - Using default tokenizer.
2025-05-04 05:00:33,361 - INFO - Paper 87068449 ROUGE-1 F1: 0.5437
2025-05-04 05:00:33,361 - INFO - Paper 87068449 ROUGE-2 F1: 0.2021
2025-05-04 05:00:33,361 - INFO - Paper 87068449 ROUGE-L F1: 0.2651
2025-05-04 05:00:33,515 - INFO - Successfully processed paper 87068449, matched 24 sentences
2025-05-04 05:00:33,516 - INFO - Processing paper 12279648
2025-05-04 05:00:33,520 - INFO - Paper 12279648: 187 sentences, Summary: 12 sentences
2025-05-04 05:00:33,520 - INFO - Encoding 187 paper sentences
2025-05-04 05:00:33,693 - INFO - Using default tokenizer.
2025-05-04 05:00:33,786 - INFO - Paper 12279648 ROUGE-1 F1: 0.4601
2025-05-04 05:00:33,786 - INFO - Paper 12279648 ROUGE-2 F1: 0.2216
2025-05-04 05:00:33,786 - INFO - Paper 12279648 ROUGE-L F1: 0.2757
2025-05-04 05:00:33,956 - INFO - Successfully processed paper 12279648, matched 24 sentences
2025-05-04 05:00:33,957 - INFO - Processing paper 87460557
2025-05-04 05:00:33,970 - INFO - Paper 87460557: 806 sentences, Summary: 27 sentences
2025-05-04 05:00:33,970 - INFO - Encoding 806 paper sentences
2025-05-04 05:00:34,554 - INFO - Using default tokenizer.
2025-05-04 05:00:34,778 - INFO - Paper 87460557 ROUGE-1 F1: 0.5503
2025-05-04 05:00:34,778 - INFO - Paper 87460557 ROUGE-2 F1: 0.3356
2025-05-04 05:00:34,779 - INFO - Paper 87460557 ROUGE-L F1: 0.4081
2025-05-04 05:00:34,925 - INFO - Successfully processed paper 87460557, matched 46 sentences
2025-05-04 05:00:34,925 - INFO - Processing paper 93598871
2025-05-04 05:00:34,932 - INFO - Paper 93598871: 298 sentences, Summary: 21 sentences
2025-05-04 05:00:34,932 - INFO - Encoding 298 paper sentences
2025-05-04 05:00:35,249 - INFO - Using default tokenizer.
2025-05-04 05:00:35,362 - INFO - Paper 93598871 ROUGE-1 F1: 0.5026
2025-05-04 05:00:35,362 - INFO - Paper 93598871 ROUGE-2 F1: 0.1259
2025-05-04 05:00:35,362 - INFO - Paper 93598871 ROUGE-L F1: 0.2117
2025-05-04 05:00:35,514 - INFO - Successfully processed paper 93598871, matched 25 sentences
2025-05-04 05:00:35,515 - INFO - Processing paper 10374612
2025-05-04 05:00:35,524 - INFO - Paper 10374612: 375 sentences, Summary: 29 sentences
2025-05-04 05:00:35,524 - INFO - Encoding 375 paper sentences
2025-05-04 05:00:35,932 - INFO - Using default tokenizer.
2025-05-04 05:00:36,254 - INFO - Paper 10374612 ROUGE-1 F1: 0.5545
2025-05-04 05:00:36,254 - INFO - Paper 10374612 ROUGE-2 F1: 0.4051
2025-05-04 05:00:36,254 - INFO - Paper 10374612 ROUGE-L F1: 0.4436
2025-05-04 05:00:36,407 - INFO - Successfully processed paper 10374612, matched 58 sentences
2025-05-04 05:00:36,407 - INFO - Processing paper 63511892
2025-05-04 05:00:36,420 - INFO - Paper 63511892: 295 sentences, Summary: 17 sentences
2025-05-04 05:00:36,420 - INFO - Encoding 295 paper sentences
2025-05-04 05:00:36,731 - INFO - Using default tokenizer.
2025-05-04 05:00:36,815 - INFO - Paper 63511892 ROUGE-1 F1: 0.4846
2025-05-04 05:00:36,816 - INFO - Paper 63511892 ROUGE-2 F1: 0.3091
2025-05-04 05:00:36,816 - INFO - Paper 63511892 ROUGE-L F1: 0.3593
2025-05-04 05:00:36,970 - INFO - Successfully processed paper 63511892, matched 25 sentences
2025-05-04 05:00:36,971 - INFO - Processing paper 1055799
2025-05-04 05:00:36,988 - INFO - Paper 1055799: 458 sentences, Summary: 18 sentences
2025-05-04 05:00:36,989 - INFO - Encoding 458 paper sentences
2025-05-04 05:00:37,423 - INFO - Using default tokenizer.
2025-05-04 05:00:37,501 - INFO - Paper 1055799 ROUGE-1 F1: 0.5374
2025-05-04 05:00:37,501 - INFO - Paper 1055799 ROUGE-2 F1: 0.1521
2025-05-04 05:00:37,501 - INFO - Paper 1055799 ROUGE-L F1: 0.2441
2025-05-04 05:00:37,653 - INFO - Successfully processed paper 1055799, matched 23 sentences
2025-05-04 05:00:37,653 - INFO - Processing paper 99384474
2025-05-04 05:00:37,667 - INFO - Paper 99384474: 676 sentences, Summary: 63 sentences
2025-05-04 05:00:37,667 - INFO - Encoding 676 paper sentences
2025-05-04 05:00:38,728 - INFO - Using default tokenizer.
2025-05-04 05:00:39,915 - INFO - Paper 99384474 ROUGE-1 F1: 0.5633
2025-05-04 05:00:39,915 - INFO - Paper 99384474 ROUGE-2 F1: 0.3251
2025-05-04 05:00:39,915 - INFO - Paper 99384474 ROUGE-L F1: 0.3662
2025-05-04 05:00:40,071 - INFO - Successfully processed paper 99384474, matched 113 sentences
2025-05-04 05:00:40,072 - INFO - Processing paper 82387857
2025-05-04 05:00:40,087 - INFO - Paper 82387857: 739 sentences, Summary: 36 sentences
2025-05-04 05:00:40,087 - INFO - Encoding 739 paper sentences
2025-05-04 05:00:40,810 - INFO - Using default tokenizer.
2025-05-04 05:00:41,068 - INFO - Paper 82387857 ROUGE-1 F1: 0.6814
2025-05-04 05:00:41,068 - INFO - Paper 82387857 ROUGE-2 F1: 0.3857
2025-05-04 05:00:41,068 - INFO - Paper 82387857 ROUGE-L F1: 0.4429
2025-05-04 05:00:41,222 - INFO - Successfully processed paper 82387857, matched 44 sentences
2025-05-04 05:00:41,223 - INFO - Processing paper 37171167
2025-05-04 05:00:41,234 - INFO - Paper 37171167: 263 sentences, Summary: 23 sentences
2025-05-04 05:00:41,234 - INFO - Encoding 263 paper sentences
2025-05-04 05:00:41,541 - INFO - Using default tokenizer.
2025-05-04 05:00:41,677 - INFO - Paper 37171167 ROUGE-1 F1: 0.4992
2025-05-04 05:00:41,678 - INFO - Paper 37171167 ROUGE-2 F1: 0.1518
2025-05-04 05:00:41,678 - INFO - Paper 37171167 ROUGE-L F1: 0.2404
2025-05-04 05:00:41,834 - INFO - Successfully processed paper 37171167, matched 31 sentences
2025-05-04 05:00:41,835 - INFO - Processing paper 11790475
2025-05-04 05:00:41,843 - INFO - Paper 11790475: 393 sentences, Summary: 11 sentences
2025-05-04 05:00:41,844 - INFO - Encoding 393 paper sentences
2025-05-04 05:00:42,203 - INFO - Using default tokenizer.
2025-05-04 05:00:42,246 - INFO - Paper 11790475 ROUGE-1 F1: 0.5830
2025-05-04 05:00:42,246 - INFO - Paper 11790475 ROUGE-2 F1: 0.2434
2025-05-04 05:00:42,246 - INFO - Paper 11790475 ROUGE-L F1: 0.3236
2025-05-04 05:00:42,410 - INFO - Successfully processed paper 11790475, matched 12 sentences
2025-05-04 05:00:42,411 - INFO - Processing paper 45765062
2025-05-04 05:00:42,422 - INFO - Paper 45765062: 494 sentences, Summary: 53 sentences
2025-05-04 05:00:42,422 - INFO - Encoding 494 paper sentences
2025-05-04 05:00:43,156 - INFO - Using default tokenizer.
2025-05-04 05:00:44,139 - INFO - Paper 45765062 ROUGE-1 F1: 0.5579
2025-05-04 05:00:44,139 - INFO - Paper 45765062 ROUGE-2 F1: 0.3513
2025-05-04 05:00:44,139 - INFO - Paper 45765062 ROUGE-L F1: 0.3744
2025-05-04 05:00:44,341 - INFO - Successfully processed paper 45765062, matched 107 sentences
2025-05-04 05:00:44,341 - INFO - Processing paper 91929013
2025-05-04 05:00:44,346 - INFO - Paper 91929013: 207 sentences, Summary: 26 sentences
2025-05-04 05:00:44,346 - INFO - Encoding 207 paper sentences
2025-05-04 05:00:44,656 - INFO - Using default tokenizer.
2025-05-04 05:00:44,811 - INFO - Paper 91929013 ROUGE-1 F1: 0.5360
2025-05-04 05:00:44,811 - INFO - Paper 91929013 ROUGE-2 F1: 0.1879
2025-05-04 05:00:44,811 - INFO - Paper 91929013 ROUGE-L F1: 0.2863
2025-05-04 05:00:44,972 - INFO - Successfully processed paper 91929013, matched 31 sentences
2025-05-04 05:00:44,973 - INFO - Processing paper 22546727
2025-05-04 05:00:44,978 - INFO - Paper 22546727: 283 sentences, Summary: 8 sentences
2025-05-04 05:00:44,979 - INFO - Encoding 283 paper sentences
2025-05-04 05:00:45,153 - INFO - Using default tokenizer.
2025-05-04 05:00:45,172 - INFO - Paper 22546727 ROUGE-1 F1: 0.4076
2025-05-04 05:00:45,172 - INFO - Paper 22546727 ROUGE-2 F1: 0.2363
2025-05-04 05:00:45,172 - INFO - Paper 22546727 ROUGE-L F1: 0.3235
2025-05-04 05:00:45,321 - INFO - Successfully processed paper 22546727, matched 14 sentences
2025-05-04 05:00:45,322 - INFO - Processing paper 26473847
2025-05-04 05:00:45,326 - INFO - Paper 26473847: 216 sentences, Summary: 32 sentences
2025-05-04 05:00:45,327 - INFO - Encoding 216 paper sentences
2025-05-04 05:00:45,648 - INFO - Using default tokenizer.
2025-05-04 05:00:45,761 - INFO - Paper 26473847 ROUGE-1 F1: 0.4175
2025-05-04 05:00:45,761 - INFO - Paper 26473847 ROUGE-2 F1: 0.0876
2025-05-04 05:00:45,761 - INFO - Paper 26473847 ROUGE-L F1: 0.2096
2025-05-04 05:00:45,909 - INFO - Successfully processed paper 26473847, matched 34 sentences
2025-05-04 05:00:45,910 - INFO - Processing paper 74261188
2025-05-04 05:00:45,919 - INFO - Paper 74261188: 464 sentences, Summary: 19 sentences
2025-05-04 05:00:45,919 - INFO - Encoding 464 paper sentences
2025-05-04 05:00:46,318 - INFO - Using default tokenizer.
2025-05-04 05:00:46,488 - INFO - Paper 74261188 ROUGE-1 F1: 0.4941
2025-05-04 05:00:46,489 - INFO - Paper 74261188 ROUGE-2 F1: 0.2032
2025-05-04 05:00:46,489 - INFO - Paper 74261188 ROUGE-L F1: 0.2464
2025-05-04 05:00:46,638 - INFO - Successfully processed paper 74261188, matched 29 sentences
2025-05-04 05:00:46,638 - INFO - Processing paper 4353776
2025-05-04 05:00:46,646 - INFO - Paper 4353776: 338 sentences, Summary: 25 sentences
2025-05-04 05:00:46,646 - INFO - Encoding 338 paper sentences
2025-05-04 05:00:47,054 - INFO - Using default tokenizer.
2025-05-04 05:00:47,139 - INFO - Paper 4353776 ROUGE-1 F1: 0.5096
2025-05-04 05:00:47,139 - INFO - Paper 4353776 ROUGE-2 F1: 0.1407
2025-05-04 05:00:47,139 - INFO - Paper 4353776 ROUGE-L F1: 0.2154
2025-05-04 05:00:47,312 - INFO - Successfully processed paper 4353776, matched 30 sentences
2025-05-04 05:00:47,312 - INFO - Processing paper 67696398
2025-05-04 05:00:47,323 - INFO - Paper 67696398: 477 sentences, Summary: 49 sentences
2025-05-04 05:00:47,323 - INFO - Encoding 477 paper sentences
2025-05-04 05:00:47,996 - INFO - Using default tokenizer.
2025-05-04 05:00:48,781 - INFO - Paper 67696398 ROUGE-1 F1: 0.6749
2025-05-04 05:00:48,781 - INFO - Paper 67696398 ROUGE-2 F1: 0.5366
2025-05-04 05:00:48,781 - INFO - Paper 67696398 ROUGE-L F1: 0.5780
2025-05-04 05:00:48,941 - INFO - Successfully processed paper 67696398, matched 82 sentences
2025-05-04 05:00:48,942 - INFO - Skipping 70719243 - not in valid IDs
2025-05-04 05:00:48,942 - INFO - Processing paper 81916449
2025-05-04 05:00:48,948 - INFO - Paper 81916449: 290 sentences, Summary: 24 sentences
2025-05-04 05:00:48,948 - INFO - Encoding 290 paper sentences
2025-05-04 05:00:49,285 - INFO - Using default tokenizer.
2025-05-04 05:00:49,455 - INFO - Paper 81916449 ROUGE-1 F1: 0.4287
2025-05-04 05:00:49,455 - INFO - Paper 81916449 ROUGE-2 F1: 0.2517
2025-05-04 05:00:49,456 - INFO - Paper 81916449 ROUGE-L F1: 0.3042
2025-05-04 05:00:49,613 - INFO - Successfully processed paper 81916449, matched 40 sentences
2025-05-04 05:00:49,613 - INFO - Processing paper 90011197
2025-05-04 05:00:49,626 - INFO - Paper 90011197: 450 sentences, Summary: 18 sentences
2025-05-04 05:00:49,626 - INFO - Encoding 450 paper sentences
2025-05-04 05:00:50,020 - INFO - Using default tokenizer.
2025-05-04 05:00:50,049 - INFO - Paper 90011197 ROUGE-1 F1: 0.3252
2025-05-04 05:00:50,049 - INFO - Paper 90011197 ROUGE-2 F1: 0.0246
2025-05-04 05:00:50,049 - INFO - Paper 90011197 ROUGE-L F1: 0.1503
2025-05-04 05:00:50,219 - INFO - Successfully processed paper 90011197, matched 18 sentences
2025-05-04 05:00:50,220 - INFO - Processing paper 88049354
2025-05-04 05:00:50,226 - INFO - Paper 88049354: 255 sentences, Summary: 35 sentences
2025-05-04 05:00:50,226 - INFO - Encoding 255 paper sentences
2025-05-04 05:00:50,585 - INFO - Using default tokenizer.
2025-05-04 05:00:50,714 - INFO - Paper 88049354 ROUGE-1 F1: 0.4122
2025-05-04 05:00:50,714 - INFO - Paper 88049354 ROUGE-2 F1: 0.1070
2025-05-04 05:00:50,714 - INFO - Paper 88049354 ROUGE-L F1: 0.2000
2025-05-04 05:00:50,880 - INFO - Successfully processed paper 88049354, matched 37 sentences
2025-05-04 05:00:50,880 - INFO - Skipping 73705154 - not in valid IDs
2025-05-04 05:00:50,880 - INFO - Processing paper 65756728
2025-05-04 05:00:50,888 - INFO - Paper 65756728: 317 sentences, Summary: 43 sentences
2025-05-04 05:00:50,888 - INFO - Encoding 317 paper sentences
2025-05-04 05:00:51,402 - INFO - Using default tokenizer.
2025-05-04 05:00:51,958 - INFO - Paper 65756728 ROUGE-1 F1: 0.5998
2025-05-04 05:00:51,958 - INFO - Paper 65756728 ROUGE-2 F1: 0.2023
2025-05-04 05:00:51,958 - INFO - Paper 65756728 ROUGE-L F1: 0.2580
2025-05-04 05:00:52,131 - INFO - Successfully processed paper 65756728, matched 59 sentences
2025-05-04 05:00:52,131 - INFO - Processing paper 40771210
2025-05-04 05:00:52,142 - INFO - Paper 40771210: 387 sentences, Summary: 56 sentences
2025-05-04 05:00:52,142 - INFO - Encoding 387 paper sentences
2025-05-04 05:00:52,871 - INFO - Using default tokenizer.
2025-05-04 05:00:53,524 - INFO - Paper 40771210 ROUGE-1 F1: 0.5696
2025-05-04 05:00:53,524 - INFO - Paper 40771210 ROUGE-2 F1: 0.2543
2025-05-04 05:00:53,524 - INFO - Paper 40771210 ROUGE-L F1: 0.3044
2025-05-04 05:00:53,692 - INFO - Successfully processed paper 40771210, matched 79 sentences
2025-05-04 05:00:53,693 - INFO - Processing paper 75442340
2025-05-04 05:00:53,697 - INFO - Paper 75442340: 169 sentences, Summary: 24 sentences
2025-05-04 05:00:53,697 - INFO - Encoding 169 paper sentences
2025-05-04 05:00:53,962 - INFO - Using default tokenizer.
2025-05-04 05:00:54,132 - INFO - Paper 75442340 ROUGE-1 F1: 0.5203
2025-05-04 05:00:54,133 - INFO - Paper 75442340 ROUGE-2 F1: 0.1096
2025-05-04 05:00:54,133 - INFO - Paper 75442340 ROUGE-L F1: 0.1935
2025-05-04 05:00:54,327 - INFO - Successfully processed paper 75442340, matched 25 sentences
2025-05-04 05:00:54,328 - INFO - Processing paper 93980002
2025-05-04 05:00:54,334 - INFO - Paper 93980002: 266 sentences, Summary: 16 sentences
2025-05-04 05:00:54,334 - INFO - Encoding 266 paper sentences
2025-05-04 05:00:54,600 - INFO - Using default tokenizer.
2025-05-04 05:00:54,706 - INFO - Paper 93980002 ROUGE-1 F1: 0.6094
2025-05-04 05:00:54,706 - INFO - Paper 93980002 ROUGE-2 F1: 0.3826
2025-05-04 05:00:54,707 - INFO - Paper 93980002 ROUGE-L F1: 0.4392
2025-05-04 05:00:54,894 - INFO - Successfully processed paper 93980002, matched 27 sentences
2025-05-04 05:00:54,894 - INFO - Skipping 95858167 - not in valid IDs
2025-05-04 05:00:54,894 - INFO - Processing paper 71425952
2025-05-04 05:00:54,908 - INFO - Paper 71425952: 692 sentences, Summary: 11 sentences
2025-05-04 05:00:54,908 - INFO - Encoding 692 paper sentences
2025-05-04 05:00:55,304 - INFO - Using default tokenizer.
2025-05-04 05:00:55,326 - INFO - Paper 71425952 ROUGE-1 F1: 0.5039
2025-05-04 05:00:55,326 - INFO - Paper 71425952 ROUGE-2 F1: 0.2095
2025-05-04 05:00:55,326 - INFO - Paper 71425952 ROUGE-L F1: 0.3228
2025-05-04 05:00:55,493 - INFO - Successfully processed paper 71425952, matched 11 sentences
2025-05-04 05:00:55,493 - INFO - Skipping 28171009 - not in valid IDs
2025-05-04 05:00:55,493 - INFO - Processing paper 14819310
2025-05-04 05:00:55,513 - INFO - Paper 14819310: 586 sentences, Summary: 62 sentences
2025-05-04 05:00:55,513 - INFO - Encoding 586 paper sentences
2025-05-04 05:00:56,420 - INFO - Using default tokenizer.
2025-05-04 05:00:57,477 - INFO - Paper 14819310 ROUGE-1 F1: 0.6201
2025-05-04 05:00:57,477 - INFO - Paper 14819310 ROUGE-2 F1: 0.3749
2025-05-04 05:00:57,477 - INFO - Paper 14819310 ROUGE-L F1: 0.4207
2025-05-04 05:00:57,644 - INFO - Successfully processed paper 14819310, matched 122 sentences
2025-05-04 05:00:57,644 - INFO - Processing paper 21919380
2025-05-04 05:00:57,649 - INFO - Paper 21919380: 216 sentences, Summary: 18 sentences
2025-05-04 05:00:57,649 - INFO - Encoding 216 paper sentences
2025-05-04 05:00:57,876 - INFO - Using default tokenizer.
2025-05-04 05:00:57,938 - INFO - Paper 21919380 ROUGE-1 F1: 0.2942
2025-05-04 05:00:57,938 - INFO - Paper 21919380 ROUGE-2 F1: 0.0309
2025-05-04 05:00:57,938 - INFO - Paper 21919380 ROUGE-L F1: 0.1352
2025-05-04 05:00:58,128 - INFO - Successfully processed paper 21919380, matched 20 sentences
2025-05-04 05:00:58,128 - INFO - Processing paper 35704901
2025-05-04 05:00:58,133 - INFO - Paper 35704901: 229 sentences, Summary: 13 sentences
2025-05-04 05:00:58,133 - INFO - Encoding 229 paper sentences
2025-05-04 05:00:58,318 - INFO - Using default tokenizer.
2025-05-04 05:00:58,371 - INFO - Paper 35704901 ROUGE-1 F1: 0.5600
2025-05-04 05:00:58,372 - INFO - Paper 35704901 ROUGE-2 F1: 0.2105
2025-05-04 05:00:58,372 - INFO - Paper 35704901 ROUGE-L F1: 0.2900
2025-05-04 05:00:58,621 - INFO - Successfully processed paper 35704901, matched 17 sentences
2025-05-04 05:00:58,622 - INFO - Processing paper 81465314
2025-05-04 05:00:58,626 - INFO - Paper 81465314: 187 sentences, Summary: 7 sentences
2025-05-04 05:00:58,626 - INFO - Encoding 187 paper sentences
2025-05-04 05:00:58,764 - INFO - Using default tokenizer.
2025-05-04 05:00:58,780 - INFO - Paper 81465314 ROUGE-1 F1: 0.3850
2025-05-04 05:00:58,780 - INFO - Paper 81465314 ROUGE-2 F1: 0.0452
2025-05-04 05:00:58,780 - INFO - Paper 81465314 ROUGE-L F1: 0.1700
2025-05-04 05:00:58,958 - INFO - Successfully processed paper 81465314, matched 9 sentences
2025-05-04 05:00:58,959 - INFO - Processing paper 5681713
2025-05-04 05:00:58,970 - INFO - Paper 5681713: 580 sentences, Summary: 9 sentences
2025-05-04 05:00:58,970 - INFO - Encoding 580 paper sentences
2025-05-04 05:00:59,297 - INFO - Using default tokenizer.
2025-05-04 05:00:59,335 - INFO - Paper 5681713 ROUGE-1 F1: 0.5386
2025-05-04 05:00:59,335 - INFO - Paper 5681713 ROUGE-2 F1: 0.3490
2025-05-04 05:00:59,335 - INFO - Paper 5681713 ROUGE-L F1: 0.4175
2025-05-04 05:00:59,509 - INFO - Successfully processed paper 5681713, matched 16 sentences
2025-05-04 05:00:59,509 - INFO - Processing paper 33015723
2025-05-04 05:00:59,518 - INFO - Paper 33015723: 345 sentences, Summary: 8 sentences
2025-05-04 05:00:59,518 - INFO - Encoding 345 paper sentences
2025-05-04 05:00:59,740 - INFO - Using default tokenizer.
2025-05-04 05:00:59,749 - INFO - Paper 33015723 ROUGE-1 F1: 0.4702
2025-05-04 05:00:59,749 - INFO - Paper 33015723 ROUGE-2 F1: 0.0667
2025-05-04 05:00:59,749 - INFO - Paper 33015723 ROUGE-L F1: 0.2384
2025-05-04 05:00:59,921 - INFO - Successfully processed paper 33015723, matched 8 sentences
2025-05-04 05:00:59,922 - INFO - Processing paper 5262509
2025-05-04 05:00:59,942 - INFO - Paper 5262509: 494 sentences, Summary: 7 sentences
2025-05-04 05:00:59,942 - INFO - Encoding 494 paper sentences
2025-05-04 05:01:00,187 - INFO - Using default tokenizer.
2025-05-04 05:01:00,198 - INFO - Paper 5262509 ROUGE-1 F1: 0.3951
2025-05-04 05:01:00,198 - INFO - Paper 5262509 ROUGE-2 F1: 0.1468
2025-05-04 05:01:00,198 - INFO - Paper 5262509 ROUGE-L F1: 0.2249
2025-05-04 05:01:00,370 - INFO - Successfully processed paper 5262509, matched 7 sentences
2025-05-04 05:01:00,371 - INFO - Processing paper 4206973
2025-05-04 05:01:00,376 - INFO - Paper 4206973: 253 sentences, Summary: 6 sentences
2025-05-04 05:01:00,376 - INFO - Encoding 253 paper sentences
2025-05-04 05:01:00,533 - INFO - Using default tokenizer.
2025-05-04 05:01:00,552 - INFO - Paper 4206973 ROUGE-1 F1: 0.4218
2025-05-04 05:01:00,552 - INFO - Paper 4206973 ROUGE-2 F1: 0.0957
2025-05-04 05:01:00,552 - INFO - Paper 4206973 ROUGE-L F1: 0.1814
2025-05-04 05:01:00,734 - INFO - Successfully processed paper 4206973, matched 6 sentences
2025-05-04 05:01:00,734 - INFO - Processing paper 7157784
2025-05-04 05:01:00,739 - INFO - Paper 7157784: 199 sentences, Summary: 24 sentences
2025-05-04 05:01:00,739 - INFO - Encoding 199 paper sentences
2025-05-04 05:01:01,038 - INFO - Using default tokenizer.
2025-05-04 05:01:01,160 - INFO - Paper 7157784 ROUGE-1 F1: 0.5234
2025-05-04 05:01:01,160 - INFO - Paper 7157784 ROUGE-2 F1: 0.1183
2025-05-04 05:01:01,160 - INFO - Paper 7157784 ROUGE-L F1: 0.1969
2025-05-04 05:01:01,333 - INFO - Successfully processed paper 7157784, matched 28 sentences
2025-05-04 05:01:01,333 - INFO - Processing paper 21050319
2025-05-04 05:01:01,348 - INFO - Paper 21050319: 369 sentences, Summary: 50 sentences
2025-05-04 05:01:01,348 - INFO - Encoding 369 paper sentences
2025-05-04 05:01:01,952 - INFO - Using default tokenizer.
2025-05-04 05:01:02,518 - INFO - Paper 21050319 ROUGE-1 F1: 0.7201
2025-05-04 05:01:02,518 - INFO - Paper 21050319 ROUGE-2 F1: 0.5217
2025-05-04 05:01:02,518 - INFO - Paper 21050319 ROUGE-L F1: 0.5417
2025-05-04 05:01:02,692 - INFO - Successfully processed paper 21050319, matched 74 sentences
2025-05-04 05:01:02,693 - INFO - Processing paper 21542239
2025-05-04 05:01:02,699 - INFO - Paper 21542239: 270 sentences, Summary: 28 sentences
2025-05-04 05:01:02,699 - INFO - Encoding 270 paper sentences
2025-05-04 05:01:03,048 - INFO - Using default tokenizer.
2025-05-04 05:01:03,151 - INFO - Paper 21542239 ROUGE-1 F1: 0.5097
2025-05-04 05:01:03,152 - INFO - Paper 21542239 ROUGE-2 F1: 0.1365
2025-05-04 05:01:03,152 - INFO - Paper 21542239 ROUGE-L F1: 0.2319
2025-05-04 05:01:03,343 - INFO - Successfully processed paper 21542239, matched 29 sentences
2025-05-04 05:01:03,344 - INFO - Processing paper 91637218
2025-05-04 05:01:03,349 - INFO - Paper 91637218: 266 sentences, Summary: 29 sentences
2025-05-04 05:01:03,349 - INFO - Encoding 266 paper sentences
2025-05-04 05:01:03,688 - INFO - Using default tokenizer.
2025-05-04 05:01:03,866 - INFO - Paper 91637218 ROUGE-1 F1: 0.5757
2025-05-04 05:01:03,867 - INFO - Paper 91637218 ROUGE-2 F1: 0.1827
2025-05-04 05:01:03,867 - INFO - Paper 91637218 ROUGE-L F1: 0.2932
2025-05-04 05:01:04,114 - INFO - Successfully processed paper 91637218, matched 36 sentences
2025-05-04 05:01:04,115 - INFO - Processing paper 67930407
2025-05-04 05:01:04,121 - INFO - Paper 67930407: 280 sentences, Summary: 20 sentences
2025-05-04 05:01:04,121 - INFO - Encoding 280 paper sentences
2025-05-04 05:01:04,436 - INFO - Using default tokenizer.
2025-05-04 05:01:04,524 - INFO - Paper 67930407 ROUGE-1 F1: 0.5009
2025-05-04 05:01:04,524 - INFO - Paper 67930407 ROUGE-2 F1: 0.1728
2025-05-04 05:01:04,525 - INFO - Paper 67930407 ROUGE-L F1: 0.2734
2025-05-04 05:01:04,710 - INFO - Successfully processed paper 67930407, matched 28 sentences
2025-05-04 05:01:04,711 - INFO - Processing paper 69119323
2025-05-04 05:01:04,715 - INFO - Paper 69119323: 198 sentences, Summary: 14 sentences
2025-05-04 05:01:04,715 - INFO - Encoding 198 paper sentences
2025-05-04 05:01:04,911 - INFO - Using default tokenizer.
2025-05-04 05:01:04,940 - INFO - Paper 69119323 ROUGE-1 F1: 0.4159
2025-05-04 05:01:04,940 - INFO - Paper 69119323 ROUGE-2 F1: 0.0399
2025-05-04 05:01:04,940 - INFO - Paper 69119323 ROUGE-L F1: 0.1700
2025-05-04 05:01:05,117 - INFO - Successfully processed paper 69119323, matched 14 sentences
2025-05-04 05:01:05,117 - INFO - Processing paper 19050347
2025-05-04 05:01:05,120 - INFO - Paper 19050347: 114 sentences, Summary: 31 sentences
2025-05-04 05:01:05,120 - INFO - Encoding 114 paper sentences
2025-05-04 05:01:05,406 - INFO - Using default tokenizer.
2025-05-04 05:01:05,548 - INFO - Paper 19050347 ROUGE-1 F1: 0.4592
2025-05-04 05:01:05,549 - INFO - Paper 19050347 ROUGE-2 F1: 0.0847
2025-05-04 05:01:05,549 - INFO - Paper 19050347 ROUGE-L F1: 0.1888
2025-05-04 05:01:05,730 - INFO - Successfully processed paper 19050347, matched 31 sentences
2025-05-04 05:01:05,730 - INFO - Processing paper 99668388
2025-05-04 05:01:05,733 - INFO - Paper 99668388: 110 sentences, Summary: 16 sentences
2025-05-04 05:01:05,733 - INFO - Encoding 110 paper sentences
2025-05-04 05:01:05,890 - INFO - Using default tokenizer.
2025-05-04 05:01:05,920 - INFO - Paper 99668388 ROUGE-1 F1: 0.5507
2025-05-04 05:01:05,920 - INFO - Paper 99668388 ROUGE-2 F1: 0.2576
2025-05-04 05:01:05,921 - INFO - Paper 99668388 ROUGE-L F1: 0.3953
2025-05-04 05:01:06,104 - INFO - Successfully processed paper 99668388, matched 19 sentences
2025-05-04 05:01:06,104 - INFO - Processing paper 30789903
2025-05-04 05:01:06,109 - INFO - Paper 30789903: 209 sentences, Summary: 21 sentences
2025-05-04 05:01:06,109 - INFO - Encoding 209 paper sentences
2025-05-04 05:01:06,349 - INFO - Using default tokenizer.
2025-05-04 05:01:06,531 - INFO - Paper 30789903 ROUGE-1 F1: 0.5391
2025-05-04 05:01:06,531 - INFO - Paper 30789903 ROUGE-2 F1: 0.2538
2025-05-04 05:01:06,531 - INFO - Paper 30789903 ROUGE-L F1: 0.3316
2025-05-04 05:01:06,705 - INFO - Successfully processed paper 30789903, matched 35 sentences
2025-05-04 05:01:06,705 - INFO - Processing paper 23675750
2025-05-04 05:01:06,717 - INFO - Paper 23675750: 495 sentences, Summary: 61 sentences
2025-05-04 05:01:06,717 - INFO - Encoding 495 paper sentences
2025-05-04 05:01:07,532 - INFO - Using default tokenizer.
2025-05-04 05:01:08,432 - INFO - Paper 23675750 ROUGE-1 F1: 0.5954
2025-05-04 05:01:08,432 - INFO - Paper 23675750 ROUGE-2 F1: 0.3139
2025-05-04 05:01:08,432 - INFO - Paper 23675750 ROUGE-L F1: 0.3741
2025-05-04 05:01:08,609 - INFO - Successfully processed paper 23675750, matched 93 sentences
2025-05-04 05:01:08,610 - INFO - Processing paper 26262723
2025-05-04 05:01:08,614 - INFO - Paper 26262723: 157 sentences, Summary: 31 sentences
2025-05-04 05:01:08,614 - INFO - Encoding 157 paper sentences
2025-05-04 05:01:08,900 - INFO - Using default tokenizer.
2025-05-04 05:01:09,170 - INFO - Paper 26262723 ROUGE-1 F1: 0.5062
2025-05-04 05:01:09,171 - INFO - Paper 26262723 ROUGE-2 F1: 0.1960
2025-05-04 05:01:09,171 - INFO - Paper 26262723 ROUGE-L F1: 0.2594
2025-05-04 05:01:09,382 - INFO - Successfully processed paper 26262723, matched 47 sentences
2025-05-04 05:01:09,383 - INFO - Processing paper 87411149
2025-05-04 05:01:09,400 - INFO - Paper 87411149: 694 sentences, Summary: 60 sentences
2025-05-04 05:01:09,400 - INFO - Encoding 694 paper sentences
2025-05-04 05:01:10,397 - INFO - Using default tokenizer.
2025-05-04 05:01:11,522 - INFO - Paper 87411149 ROUGE-1 F1: 0.5768
2025-05-04 05:01:11,523 - INFO - Paper 87411149 ROUGE-2 F1: 0.4170
2025-05-04 05:01:11,523 - INFO - Paper 87411149 ROUGE-L F1: 0.4422
2025-05-04 05:01:11,697 - INFO - Successfully processed paper 87411149, matched 108 sentences
2025-05-04 05:01:11,697 - INFO - Processing paper 63848470
2025-05-04 05:01:11,702 - INFO - Paper 63848470: 211 sentences, Summary: 20 sentences
2025-05-04 05:01:11,702 - INFO - Encoding 211 paper sentences
2025-05-04 05:01:11,985 - INFO - Using default tokenizer.
2025-05-04 05:01:12,104 - INFO - Paper 63848470 ROUGE-1 F1: 0.5028
2025-05-04 05:01:12,104 - INFO - Paper 63848470 ROUGE-2 F1: 0.1222
2025-05-04 05:01:12,104 - INFO - Paper 63848470 ROUGE-L F1: 0.2278
2025-05-04 05:01:12,296 - INFO - Successfully processed paper 63848470, matched 24 sentences
2025-05-04 05:01:12,296 - INFO - Processing paper 75389943
2025-05-04 05:01:12,309 - INFO - Paper 75389943: 270 sentences, Summary: 25 sentences
2025-05-04 05:01:12,309 - INFO - Encoding 270 paper sentences
2025-05-04 05:01:12,665 - INFO - Using default tokenizer.
2025-05-04 05:01:12,821 - INFO - Paper 75389943 ROUGE-1 F1: 0.5395
2025-05-04 05:01:12,821 - INFO - Paper 75389943 ROUGE-2 F1: 0.2225
2025-05-04 05:01:12,821 - INFO - Paper 75389943 ROUGE-L F1: 0.3145
2025-05-04 05:01:12,994 - INFO - Successfully processed paper 75389943, matched 32 sentences
2025-05-04 05:01:12,994 - INFO - Processing paper 58308538
2025-05-04 05:01:12,998 - INFO - Paper 58308538: 146 sentences, Summary: 47 sentences
2025-05-04 05:01:12,998 - INFO - Encoding 146 paper sentences
2025-05-04 05:01:13,408 - INFO - Using default tokenizer.
2025-05-04 05:01:13,761 - INFO - Paper 58308538 ROUGE-1 F1: 0.5312
2025-05-04 05:01:13,761 - INFO - Paper 58308538 ROUGE-2 F1: 0.1890
2025-05-04 05:01:13,761 - INFO - Paper 58308538 ROUGE-L F1: 0.2852
2025-05-04 05:01:13,952 - INFO - Successfully processed paper 58308538, matched 54 sentences
2025-05-04 05:01:13,952 - INFO - Processing paper 2899329
2025-05-04 05:01:13,958 - INFO - Paper 2899329: 280 sentences, Summary: 48 sentences
2025-05-04 05:01:13,958 - INFO - Encoding 280 paper sentences
2025-05-04 05:01:14,476 - INFO - Using default tokenizer.
2025-05-04 05:01:15,066 - INFO - Paper 2899329 ROUGE-1 F1: 0.5567
2025-05-04 05:01:15,066 - INFO - Paper 2899329 ROUGE-2 F1: 0.1580
2025-05-04 05:01:15,066 - INFO - Paper 2899329 ROUGE-L F1: 0.2350
2025-05-04 05:01:15,243 - INFO - Successfully processed paper 2899329, matched 63 sentences
2025-05-04 05:01:15,244 - INFO - Processing paper 82043898
2025-05-04 05:01:15,257 - INFO - Paper 82043898: 489 sentences, Summary: 34 sentences
2025-05-04 05:01:15,257 - INFO - Encoding 489 paper sentences
2025-05-04 05:01:15,813 - INFO - Using default tokenizer.
2025-05-04 05:01:16,193 - INFO - Paper 82043898 ROUGE-1 F1: 0.6372
2025-05-04 05:01:16,193 - INFO - Paper 82043898 ROUGE-2 F1: 0.4364
2025-05-04 05:01:16,193 - INFO - Paper 82043898 ROUGE-L F1: 0.4670
2025-05-04 05:01:16,386 - INFO - Successfully processed paper 82043898, matched 57 sentences
2025-05-04 05:01:16,386 - INFO - Processing paper 90600191
2025-05-04 05:01:16,392 - INFO - Paper 90600191: 234 sentences, Summary: 29 sentences
2025-05-04 05:01:16,392 - INFO - Encoding 234 paper sentences
2025-05-04 05:01:16,729 - INFO - Using default tokenizer.
2025-05-04 05:01:16,964 - INFO - Paper 90600191 ROUGE-1 F1: 0.4290
2025-05-04 05:01:16,964 - INFO - Paper 90600191 ROUGE-2 F1: 0.1680
2025-05-04 05:01:16,965 - INFO - Paper 90600191 ROUGE-L F1: 0.2425
2025-05-04 05:01:17,149 - INFO - Successfully processed paper 90600191, matched 47 sentences
2025-05-04 05:01:17,150 - INFO - Processing paper 43018598
2025-05-04 05:01:17,161 - INFO - Paper 43018598: 433 sentences, Summary: 57 sentences
2025-05-04 05:01:17,161 - INFO - Encoding 433 paper sentences
2025-05-04 05:01:17,883 - INFO - Using default tokenizer.
2025-05-04 05:01:19,560 - INFO - Paper 43018598 ROUGE-1 F1: 0.4771
2025-05-04 05:01:19,560 - INFO - Paper 43018598 ROUGE-2 F1: 0.2613
2025-05-04 05:01:19,561 - INFO - Paper 43018598 ROUGE-L F1: 0.2873
2025-05-04 05:01:19,796 - INFO - Successfully processed paper 43018598, matched 156 sentences
2025-05-04 05:01:19,797 - INFO - Processing paper 66681632
2025-05-04 05:01:19,804 - INFO - Paper 66681632: 345 sentences, Summary: 37 sentences
2025-05-04 05:01:19,804 - INFO - Encoding 345 paper sentences
2025-05-04 05:01:20,267 - INFO - Using default tokenizer.
2025-05-04 05:01:20,397 - INFO - Paper 66681632 ROUGE-1 F1: 0.4435
2025-05-04 05:01:20,397 - INFO - Paper 66681632 ROUGE-2 F1: 0.1058
2025-05-04 05:01:20,397 - INFO - Paper 66681632 ROUGE-L F1: 0.2039
2025-05-04 05:01:20,596 - INFO - Successfully processed paper 66681632, matched 43 sentences
2025-05-04 05:01:20,596 - INFO - Processing paper 48141212
2025-05-04 05:01:20,605 - INFO - Paper 48141212: 390 sentences, Summary: 57 sentences
2025-05-04 05:01:20,605 - INFO - Encoding 390 paper sentences
2025-05-04 05:01:21,284 - INFO - Using default tokenizer.
2025-05-04 05:01:22,743 - INFO - Paper 48141212 ROUGE-1 F1: 0.5440
2025-05-04 05:01:22,743 - INFO - Paper 48141212 ROUGE-2 F1: 0.3691
2025-05-04 05:01:22,743 - INFO - Paper 48141212 ROUGE-L F1: 0.3912
2025-05-04 05:01:22,953 - INFO - Successfully processed paper 48141212, matched 130 sentences
2025-05-04 05:01:22,954 - INFO - Processing paper 45601881
2025-05-04 05:01:22,967 - INFO - Paper 45601881: 689 sentences, Summary: 50 sentences
2025-05-04 05:01:22,967 - INFO - Encoding 689 paper sentences
2025-05-04 05:01:23,903 - INFO - Using default tokenizer.
2025-05-04 05:01:25,312 - INFO - Paper 45601881 ROUGE-1 F1: 0.4980
2025-05-04 05:01:25,312 - INFO - Paper 45601881 ROUGE-2 F1: 0.3757
2025-05-04 05:01:25,312 - INFO - Paper 45601881 ROUGE-L F1: 0.3992
2025-05-04 05:01:25,543 - INFO - Successfully processed paper 45601881, matched 104 sentences
2025-05-04 05:01:25,544 - INFO - Processing paper 414696
2025-05-04 05:01:25,582 - INFO - Paper 414696: 803 sentences, Summary: 5 sentences
2025-05-04 05:01:25,582 - INFO - Encoding 803 paper sentences
2025-05-04 05:01:25,956 - INFO - Using default tokenizer.
2025-05-04 05:01:25,968 - INFO - Paper 414696 ROUGE-1 F1: 0.4830
2025-05-04 05:01:25,968 - INFO - Paper 414696 ROUGE-2 F1: 0.3943
2025-05-04 05:01:25,968 - INFO - Paper 414696 ROUGE-L F1: 0.4375
2025-05-04 05:01:26,169 - INFO - Successfully processed paper 414696, matched 8 sentences
2025-05-04 05:01:26,170 - INFO - Skipping 70140653 - not in valid IDs
2025-05-04 05:01:26,170 - INFO - Processing paper 22030520
2025-05-04 05:01:26,196 - INFO - Paper 22030520: 451 sentences, Summary: 71 sentences
2025-05-04 05:01:26,196 - INFO - Encoding 451 paper sentences
2025-05-04 05:01:27,089 - INFO - Using default tokenizer.
2025-05-04 05:01:28,113 - INFO - Paper 22030520 ROUGE-1 F1: 0.6381
2025-05-04 05:01:28,113 - INFO - Paper 22030520 ROUGE-2 F1: 0.3726
2025-05-04 05:01:28,113 - INFO - Paper 22030520 ROUGE-L F1: 0.4189
2025-05-04 05:01:28,325 - INFO - Successfully processed paper 22030520, matched 97 sentences
2025-05-04 05:01:28,326 - INFO - Processing paper 84480736
2025-05-04 05:01:28,334 - INFO - Paper 84480736: 348 sentences, Summary: 52 sentences
2025-05-04 05:01:28,334 - INFO - Encoding 348 paper sentences
2025-05-04 05:01:28,984 - INFO - Using default tokenizer.
2025-05-04 05:01:30,011 - INFO - Paper 84480736 ROUGE-1 F1: 0.5207
2025-05-04 05:01:30,012 - INFO - Paper 84480736 ROUGE-2 F1: 0.2497
2025-05-04 05:01:30,012 - INFO - Paper 84480736 ROUGE-L F1: 0.2921
2025-05-04 05:01:30,213 - INFO - Successfully processed paper 84480736, matched 87 sentences
2025-05-04 05:01:30,213 - INFO - Processing paper 31183232
2025-05-04 05:01:30,219 - INFO - Paper 31183232: 282 sentences, Summary: 17 sentences
2025-05-04 05:01:30,219 - INFO - Encoding 282 paper sentences
2025-05-04 05:01:30,462 - INFO - Using default tokenizer.
2025-05-04 05:01:30,561 - INFO - Paper 31183232 ROUGE-1 F1: 0.6377
2025-05-04 05:01:30,561 - INFO - Paper 31183232 ROUGE-2 F1: 0.3443
2025-05-04 05:01:30,561 - INFO - Paper 31183232 ROUGE-L F1: 0.4021
2025-05-04 05:01:30,764 - INFO - Successfully processed paper 31183232, matched 25 sentences
2025-05-04 05:01:30,764 - INFO - Processing paper 98757756
2025-05-04 05:01:30,771 - INFO - Paper 98757756: 288 sentences, Summary: 53 sentences
2025-05-04 05:01:30,771 - INFO - Encoding 288 paper sentences
2025-05-04 05:01:31,344 - INFO - Using default tokenizer.
2025-05-04 05:01:32,142 - INFO - Paper 98757756 ROUGE-1 F1: 0.6777
2025-05-04 05:01:32,142 - INFO - Paper 98757756 ROUGE-2 F1: 0.3788
2025-05-04 05:01:32,142 - INFO - Paper 98757756 ROUGE-L F1: 0.4161
2025-05-04 05:01:32,371 - INFO - Successfully processed paper 98757756, matched 74 sentences
2025-05-04 05:01:32,371 - INFO - Processing paper 84655302
2025-05-04 05:01:32,381 - INFO - Paper 84655302: 457 sentences, Summary: 51 sentences
2025-05-04 05:01:32,381 - INFO - Encoding 457 paper sentences
2025-05-04 05:01:33,083 - INFO - Using default tokenizer.
2025-05-04 05:01:34,102 - INFO - Paper 84655302 ROUGE-1 F1: 0.5753
2025-05-04 05:01:34,102 - INFO - Paper 84655302 ROUGE-2 F1: 0.3396
2025-05-04 05:01:34,102 - INFO - Paper 84655302 ROUGE-L F1: 0.3813
2025-05-04 05:01:34,323 - INFO - Successfully processed paper 84655302, matched 96 sentences
2025-05-04 05:01:34,324 - INFO - Processing paper 39382584
2025-05-04 05:01:34,337 - INFO - Paper 39382584: 218 sentences, Summary: 44 sentences
2025-05-04 05:01:34,337 - INFO - Encoding 218 paper sentences
2025-05-04 05:01:34,796 - INFO - Using default tokenizer.
2025-05-04 05:01:34,934 - INFO - Paper 39382584 ROUGE-1 F1: 0.4351
2025-05-04 05:01:34,934 - INFO - Paper 39382584 ROUGE-2 F1: 0.1052
2025-05-04 05:01:34,935 - INFO - Paper 39382584 ROUGE-L F1: 0.2176
2025-05-04 05:01:35,137 - INFO - Successfully processed paper 39382584, matched 50 sentences
2025-05-04 05:01:35,137 - INFO - Processing paper 36200725
2025-05-04 05:01:35,143 - INFO - Paper 36200725: 245 sentences, Summary: 62 sentences
2025-05-04 05:01:35,143 - INFO - Encoding 245 paper sentences
2025-05-04 05:01:35,723 - INFO - Using default tokenizer.
2025-05-04 05:01:36,114 - INFO - Paper 36200725 ROUGE-1 F1: 0.4971
2025-05-04 05:01:36,114 - INFO - Paper 36200725 ROUGE-2 F1: 0.1166
2025-05-04 05:01:36,114 - INFO - Paper 36200725 ROUGE-L F1: 0.2125
2025-05-04 05:01:36,326 - INFO - Successfully processed paper 36200725, matched 67 sentences
2025-05-04 05:01:36,326 - INFO - Skipping 24431610 - not in valid IDs
2025-05-04 05:01:36,326 - INFO - Processing paper 18521109
2025-05-04 05:01:36,331 - INFO - Paper 18521109: 220 sentences, Summary: 35 sentences
2025-05-04 05:01:36,331 - INFO - Encoding 220 paper sentences
2025-05-04 05:01:36,676 - INFO - Using default tokenizer.
2025-05-04 05:01:36,877 - INFO - Paper 18521109 ROUGE-1 F1: 0.5705
2025-05-04 05:01:36,877 - INFO - Paper 18521109 ROUGE-2 F1: 0.1386
2025-05-04 05:01:36,877 - INFO - Paper 18521109 ROUGE-L F1: 0.2218
2025-05-04 05:01:37,096 - INFO - Successfully processed paper 18521109, matched 40 sentences
2025-05-04 05:01:37,096 - INFO - Skipping 58600020 - not in valid IDs
2025-05-04 05:01:37,096 - INFO - Processing paper 15757806
2025-05-04 05:01:37,102 - INFO - Paper 15757806: 251 sentences, Summary: 39 sentences
2025-05-04 05:01:37,102 - INFO - Encoding 251 paper sentences
2025-05-04 05:01:37,516 - INFO - Using default tokenizer.
2025-05-04 05:01:37,793 - INFO - Paper 15757806 ROUGE-1 F1: 0.5812
2025-05-04 05:01:37,793 - INFO - Paper 15757806 ROUGE-2 F1: 0.1614
2025-05-04 05:01:37,793 - INFO - Paper 15757806 ROUGE-L F1: 0.2576
2025-05-04 05:01:38,002 - INFO - Successfully processed paper 15757806, matched 42 sentences
2025-05-04 05:01:38,002 - INFO - Processing paper 92615357
2025-05-04 05:01:38,013 - INFO - Paper 92615357: 501 sentences, Summary: 56 sentences
2025-05-04 05:01:38,013 - INFO - Encoding 501 paper sentences
2025-05-04 05:01:38,835 - INFO - Using default tokenizer.
2025-05-04 05:01:39,557 - INFO - Paper 92615357 ROUGE-1 F1: 0.6844
2025-05-04 05:01:39,557 - INFO - Paper 92615357 ROUGE-2 F1: 0.4062
2025-05-04 05:01:39,557 - INFO - Paper 92615357 ROUGE-L F1: 0.4749
2025-05-04 05:01:39,814 - INFO - Successfully processed paper 92615357, matched 82 sentences
2025-05-04 05:01:39,815 - INFO - Processing paper 94646863
2025-05-04 05:01:39,820 - INFO - Paper 94646863: 254 sentences, Summary: 26 sentences
2025-05-04 05:01:39,821 - INFO - Encoding 254 paper sentences
2025-05-04 05:01:40,139 - INFO - Using default tokenizer.
2025-05-04 05:01:40,306 - INFO - Paper 94646863 ROUGE-1 F1: 0.4741
2025-05-04 05:01:40,306 - INFO - Paper 94646863 ROUGE-2 F1: 0.2230
2025-05-04 05:01:40,306 - INFO - Paper 94646863 ROUGE-L F1: 0.3143
2025-05-04 05:01:40,514 - INFO - Successfully processed paper 94646863, matched 45 sentences
2025-05-04 05:01:40,516 - INFO - Processing paper 49333267
2025-05-04 05:01:40,538 - INFO - Paper 49333267: 312 sentences, Summary: 60 sentences
2025-05-04 05:01:40,538 - INFO - Encoding 312 paper sentences
2025-05-04 05:01:41,214 - INFO - Using default tokenizer.
2025-05-04 05:01:42,388 - INFO - Paper 49333267 ROUGE-1 F1: 0.5900
2025-05-04 05:01:42,388 - INFO - Paper 49333267 ROUGE-2 F1: 0.3779
2025-05-04 05:01:42,388 - INFO - Paper 49333267 ROUGE-L F1: 0.4182
2025-05-04 05:01:42,691 - INFO - Successfully processed paper 49333267, matched 116 sentences
2025-05-04 05:01:42,692 - INFO - Processing paper 66302705
2025-05-04 05:01:42,707 - INFO - Paper 66302705: 377 sentences, Summary: 54 sentences
2025-05-04 05:01:42,707 - INFO - Encoding 377 paper sentences
2025-05-04 05:01:43,380 - INFO - Using default tokenizer.
2025-05-04 05:01:44,489 - INFO - Paper 66302705 ROUGE-1 F1: 0.5253
2025-05-04 05:01:44,489 - INFO - Paper 66302705 ROUGE-2 F1: 0.2111
2025-05-04 05:01:44,489 - INFO - Paper 66302705 ROUGE-L F1: 0.2701
2025-05-04 05:01:44,708 - INFO - Successfully processed paper 66302705, matched 85 sentences
2025-05-04 05:01:44,708 - INFO - Processing paper 49519055
2025-05-04 05:01:44,725 - INFO - Paper 49519055: 443 sentences, Summary: 12 sentences
2025-05-04 05:01:44,725 - INFO - Encoding 443 paper sentences
2025-05-04 05:01:44,971 - INFO - Using default tokenizer.
2025-05-04 05:01:44,995 - INFO - Paper 49519055 ROUGE-1 F1: 0.4098
2025-05-04 05:01:44,995 - INFO - Paper 49519055 ROUGE-2 F1: 0.1132
2025-05-04 05:01:44,995 - INFO - Paper 49519055 ROUGE-L F1: 0.2068
2025-05-04 05:01:45,211 - INFO - Successfully processed paper 49519055, matched 14 sentences
2025-05-04 05:01:45,211 - INFO - Processing paper 30621133
2025-05-04 05:01:45,216 - INFO - Paper 30621133: 203 sentences, Summary: 39 sentences
2025-05-04 05:01:45,217 - INFO - Encoding 203 paper sentences
2025-05-04 05:01:45,601 - INFO - Using default tokenizer.
2025-05-04 05:01:46,217 - INFO - Paper 30621133 ROUGE-1 F1: 0.4956
2025-05-04 05:01:46,217 - INFO - Paper 30621133 ROUGE-2 F1: 0.2301
2025-05-04 05:01:46,217 - INFO - Paper 30621133 ROUGE-L F1: 0.2702
2025-05-04 05:01:46,472 - INFO - Successfully processed paper 30621133, matched 83 sentences
2025-05-04 05:01:46,473 - INFO - Processing paper 61580548
2025-05-04 05:01:46,491 - INFO - Paper 61580548: 302 sentences, Summary: 36 sentences
2025-05-04 05:01:46,492 - INFO - Encoding 302 paper sentences
2025-05-04 05:01:46,906 - INFO - Using default tokenizer.
2025-05-04 05:01:47,257 - INFO - Paper 61580548 ROUGE-1 F1: 0.6026
2025-05-04 05:01:47,257 - INFO - Paper 61580548 ROUGE-2 F1: 0.2472
2025-05-04 05:01:47,257 - INFO - Paper 61580548 ROUGE-L F1: 0.3075
2025-05-04 05:01:47,488 - INFO - Successfully processed paper 61580548, matched 65 sentences
2025-05-04 05:01:47,489 - INFO - Processing paper 51450104
2025-05-04 05:01:47,493 - INFO - Paper 51450104: 155 sentences, Summary: 20 sentences
2025-05-04 05:01:47,493 - INFO - Encoding 155 paper sentences
2025-05-04 05:01:47,715 - INFO - Using default tokenizer.
2025-05-04 05:01:47,797 - INFO - Paper 51450104 ROUGE-1 F1: 0.5149
2025-05-04 05:01:47,797 - INFO - Paper 51450104 ROUGE-2 F1: 0.2048
2025-05-04 05:01:47,797 - INFO - Paper 51450104 ROUGE-L F1: 0.2912
2025-05-04 05:01:48,017 - INFO - Successfully processed paper 51450104, matched 22 sentences
2025-05-04 05:01:48,017 - INFO - Processing paper 23426061
2025-05-04 05:01:48,022 - INFO - Paper 23426061: 209 sentences, Summary: 41 sentences
2025-05-04 05:01:48,022 - INFO - Encoding 209 paper sentences
2025-05-04 05:01:48,425 - INFO - Using default tokenizer.
2025-05-04 05:01:48,604 - INFO - Paper 23426061 ROUGE-1 F1: 0.3844
2025-05-04 05:01:48,604 - INFO - Paper 23426061 ROUGE-2 F1: 0.0486
2025-05-04 05:01:48,604 - INFO - Paper 23426061 ROUGE-L F1: 0.1767
2025-05-04 05:01:48,836 - INFO - Successfully processed paper 23426061, matched 43 sentences
2025-05-04 05:01:48,837 - INFO - Processing paper 11542688
2025-05-04 05:01:48,848 - INFO - Paper 11542688: 525 sentences, Summary: 37 sentences
2025-05-04 05:01:48,848 - INFO - Encoding 525 paper sentences
2025-05-04 05:01:49,431 - INFO - Using default tokenizer.
2025-05-04 05:01:49,904 - INFO - Paper 11542688 ROUGE-1 F1: 0.6158
2025-05-04 05:01:49,904 - INFO - Paper 11542688 ROUGE-2 F1: 0.3914
2025-05-04 05:01:49,904 - INFO - Paper 11542688 ROUGE-L F1: 0.4334
2025-05-04 05:01:50,158 - INFO - Successfully processed paper 11542688, matched 68 sentences
2025-05-04 05:01:50,158 - INFO - Processing paper 13187019
2025-05-04 05:01:50,161 - INFO - Paper 13187019: 90 sentences, Summary: 34 sentences
2025-05-04 05:01:50,161 - INFO - Encoding 90 paper sentences
2025-05-04 05:01:50,437 - INFO - Using default tokenizer.
2025-05-04 05:01:50,814 - INFO - Paper 13187019 ROUGE-1 F1: 0.6500
2025-05-04 05:01:50,814 - INFO - Paper 13187019 ROUGE-2 F1: 0.3702
2025-05-04 05:01:50,814 - INFO - Paper 13187019 ROUGE-L F1: 0.4050
2025-05-04 05:01:51,043 - INFO - Successfully processed paper 13187019, matched 41 sentences
2025-05-04 05:01:51,043 - INFO - Processing paper 89581601
2025-05-04 05:01:51,047 - INFO - Paper 89581601: 185 sentences, Summary: 27 sentences
2025-05-04 05:01:51,047 - INFO - Encoding 185 paper sentences
2025-05-04 05:01:51,346 - INFO - Using default tokenizer.
2025-05-04 05:01:51,489 - INFO - Paper 89581601 ROUGE-1 F1: 0.5107
2025-05-04 05:01:51,489 - INFO - Paper 89581601 ROUGE-2 F1: 0.1735
2025-05-04 05:01:51,489 - INFO - Paper 89581601 ROUGE-L F1: 0.2354
2025-05-04 05:01:51,766 - INFO - Successfully processed paper 89581601, matched 37 sentences
2025-05-04 05:01:51,766 - INFO - Processing paper 80897282
2025-05-04 05:01:51,769 - INFO - Paper 80897282: 132 sentences, Summary: 7 sentences
2025-05-04 05:01:51,769 - INFO - Encoding 132 paper sentences
2025-05-04 05:01:51,869 - INFO - Using default tokenizer.
2025-05-04 05:01:51,885 - INFO - Paper 80897282 ROUGE-1 F1: 0.4726
2025-05-04 05:01:51,885 - INFO - Paper 80897282 ROUGE-2 F1: 0.2158
2025-05-04 05:01:51,885 - INFO - Paper 80897282 ROUGE-L F1: 0.3341
2025-05-04 05:01:52,102 - INFO - Successfully processed paper 80897282, matched 13 sentences
2025-05-04 05:01:52,103 - INFO - Skipping 13237217 - not in valid IDs
2025-05-04 05:01:52,103 - INFO - Processing paper 69467563
2025-05-04 05:01:52,110 - INFO - Paper 69467563: 322 sentences, Summary: 44 sentences
2025-05-04 05:01:52,110 - INFO - Encoding 322 paper sentences
2025-05-04 05:01:52,669 - INFO - Using default tokenizer.
2025-05-04 05:01:53,177 - INFO - Paper 69467563 ROUGE-1 F1: 0.6110
2025-05-04 05:01:53,177 - INFO - Paper 69467563 ROUGE-2 F1: 0.3133
2025-05-04 05:01:53,177 - INFO - Paper 69467563 ROUGE-L F1: 0.3730
2025-05-04 05:01:53,407 - INFO - Successfully processed paper 69467563, matched 55 sentences
2025-05-04 05:01:53,407 - INFO - Processing paper 24510148
2025-05-04 05:01:53,413 - INFO - Paper 24510148: 305 sentences, Summary: 19 sentences
2025-05-04 05:01:53,413 - INFO - Encoding 305 paper sentences
2025-05-04 05:01:53,679 - INFO - Using default tokenizer.
2025-05-04 05:01:53,795 - INFO - Paper 24510148 ROUGE-1 F1: 0.5574
2025-05-04 05:01:53,795 - INFO - Paper 24510148 ROUGE-2 F1: 0.2945
2025-05-04 05:01:53,795 - INFO - Paper 24510148 ROUGE-L F1: 0.3635
2025-05-04 05:01:54,019 - INFO - Successfully processed paper 24510148, matched 32 sentences
2025-05-04 05:01:54,020 - INFO - Skipping 27264933 - not in valid IDs
2025-05-04 05:01:54,020 - INFO - Processing paper 7305163
2025-05-04 05:01:54,036 - INFO - Paper 7305163: 691 sentences, Summary: 52 sentences
2025-05-04 05:01:54,036 - INFO - Encoding 691 paper sentences
2025-05-04 05:01:54,935 - INFO - Using default tokenizer.
2025-05-04 05:01:55,388 - INFO - Paper 7305163 ROUGE-1 F1: 0.6840
2025-05-04 05:01:55,388 - INFO - Paper 7305163 ROUGE-2 F1: 0.3335
2025-05-04 05:01:55,388 - INFO - Paper 7305163 ROUGE-L F1: 0.3676
2025-05-04 05:01:55,626 - INFO - Successfully processed paper 7305163, matched 78 sentences
2025-05-04 05:01:55,626 - INFO - Processing paper 35247822
2025-05-04 05:01:55,632 - INFO - Paper 35247822: 252 sentences, Summary: 38 sentences
2025-05-04 05:01:55,632 - INFO - Encoding 252 paper sentences
2025-05-04 05:01:56,022 - INFO - Using default tokenizer.
2025-05-04 05:01:56,296 - INFO - Paper 35247822 ROUGE-1 F1: 0.5845
2025-05-04 05:01:56,296 - INFO - Paper 35247822 ROUGE-2 F1: 0.3082
2025-05-04 05:01:56,296 - INFO - Paper 35247822 ROUGE-L F1: 0.4129
2025-05-04 05:01:56,522 - INFO - Successfully processed paper 35247822, matched 54 sentences
2025-05-04 05:01:56,522 - INFO - Processing paper 42731227
2025-05-04 05:01:56,528 - INFO - Paper 42731227: 260 sentences, Summary: 9 sentences
2025-05-04 05:01:56,528 - INFO - Encoding 260 paper sentences
2025-05-04 05:01:56,740 - INFO - Using default tokenizer.
2025-05-04 05:01:56,815 - INFO - Paper 42731227 ROUGE-1 F1: 0.4984
2025-05-04 05:01:56,815 - INFO - Paper 42731227 ROUGE-2 F1: 0.1637
2025-05-04 05:01:56,815 - INFO - Paper 42731227 ROUGE-L F1: 0.2450
2025-05-04 05:01:57,079 - INFO - Successfully processed paper 42731227, matched 16 sentences
2025-05-04 05:01:57,080 - INFO - Processing paper 36051826
2025-05-04 05:01:57,091 - INFO - Paper 36051826: 551 sentences, Summary: 59 sentences
2025-05-04 05:01:57,091 - INFO - Encoding 551 paper sentences
2025-05-04 05:01:57,922 - INFO - Using default tokenizer.
2025-05-04 05:01:58,927 - INFO - Paper 36051826 ROUGE-1 F1: 0.5559
2025-05-04 05:01:58,927 - INFO - Paper 36051826 ROUGE-2 F1: 0.3147
2025-05-04 05:01:58,927 - INFO - Paper 36051826 ROUGE-L F1: 0.3516
2025-05-04 05:01:59,160 - INFO - Successfully processed paper 36051826, matched 129 sentences
2025-05-04 05:01:59,160 - INFO - Skipping 963444 - not in valid IDs
2025-05-04 05:01:59,160 - INFO - Processing paper 62056200
2025-05-04 05:01:59,165 - INFO - Paper 62056200: 243 sentences, Summary: 12 sentences
2025-05-04 05:01:59,165 - INFO - Encoding 243 paper sentences
2025-05-04 05:01:59,381 - INFO - Using default tokenizer.
2025-05-04 05:01:59,410 - INFO - Paper 62056200 ROUGE-1 F1: 0.4883
2025-05-04 05:01:59,410 - INFO - Paper 62056200 ROUGE-2 F1: 0.1846
2025-05-04 05:01:59,411 - INFO - Paper 62056200 ROUGE-L F1: 0.3344
2025-05-04 05:01:59,627 - INFO - Successfully processed paper 62056200, matched 13 sentences
2025-05-04 05:01:59,627 - INFO - Processing paper 5180208
2025-05-04 05:01:59,632 - INFO - Paper 5180208: 195 sentences, Summary: 15 sentences
2025-05-04 05:01:59,632 - INFO - Encoding 195 paper sentences
2025-05-04 05:01:59,849 - INFO - Using default tokenizer.
2025-05-04 05:01:59,931 - INFO - Paper 5180208 ROUGE-1 F1: 0.5105
2025-05-04 05:01:59,931 - INFO - Paper 5180208 ROUGE-2 F1: 0.1794
2025-05-04 05:01:59,931 - INFO - Paper 5180208 ROUGE-L F1: 0.2743
2025-05-04 05:02:00,178 - INFO - Successfully processed paper 5180208, matched 21 sentences
2025-05-04 05:02:00,178 - INFO - Processing paper 13135318
2025-05-04 05:02:00,189 - INFO - Paper 13135318: 513 sentences, Summary: 49 sentences
2025-05-04 05:02:00,189 - INFO - Encoding 513 paper sentences
2025-05-04 05:02:00,897 - INFO - Using default tokenizer.
2025-05-04 05:02:01,438 - INFO - Paper 13135318 ROUGE-1 F1: 0.6431
2025-05-04 05:02:01,438 - INFO - Paper 13135318 ROUGE-2 F1: 0.4158
2025-05-04 05:02:01,438 - INFO - Paper 13135318 ROUGE-L F1: 0.4521
2025-05-04 05:02:01,669 - INFO - Successfully processed paper 13135318, matched 78 sentences
2025-05-04 05:02:01,669 - INFO - Processing paper 87041789
2025-05-04 05:02:01,691 - INFO - Paper 87041789: 812 sentences, Summary: 50 sentences
2025-05-04 05:02:01,692 - INFO - Encoding 812 paper sentences
2025-05-04 05:02:02,696 - INFO - Using default tokenizer.
2025-05-04 05:02:03,622 - INFO - Paper 87041789 ROUGE-1 F1: 0.6117
2025-05-04 05:02:03,622 - INFO - Paper 87041789 ROUGE-2 F1: 0.3319
2025-05-04 05:02:03,622 - INFO - Paper 87041789 ROUGE-L F1: 0.3798
2025-05-04 05:02:03,851 - INFO - Successfully processed paper 87041789, matched 84 sentences
2025-05-04 05:02:03,852 - INFO - Processing paper 35928796
2025-05-04 05:02:03,856 - INFO - Paper 35928796: 177 sentences, Summary: 46 sentences
2025-05-04 05:02:03,856 - INFO - Encoding 177 paper sentences
2025-05-04 05:02:04,267 - INFO - Using default tokenizer.
2025-05-04 05:02:04,770 - INFO - Paper 35928796 ROUGE-1 F1: 0.8378
2025-05-04 05:02:04,770 - INFO - Paper 35928796 ROUGE-2 F1: 0.6985
2025-05-04 05:02:04,770 - INFO - Paper 35928796 ROUGE-L F1: 0.7289
2025-05-04 05:02:05,006 - INFO - Successfully processed paper 35928796, matched 55 sentences
2025-05-04 05:02:05,006 - INFO - Processing paper 76635514
2025-05-04 05:02:05,015 - INFO - Paper 76635514: 173 sentences, Summary: 44 sentences
2025-05-04 05:02:05,015 - INFO - Encoding 173 paper sentences
2025-05-04 05:02:05,408 - INFO - Using default tokenizer.
2025-05-04 05:02:05,926 - INFO - Paper 76635514 ROUGE-1 F1: 0.6754
2025-05-04 05:02:05,926 - INFO - Paper 76635514 ROUGE-2 F1: 0.4721
2025-05-04 05:02:05,926 - INFO - Paper 76635514 ROUGE-L F1: 0.5202
2025-05-04 05:02:06,157 - INFO - Successfully processed paper 76635514, matched 56 sentences
2025-05-04 05:02:06,158 - INFO - Processing paper 13793499
2025-05-04 05:02:06,164 - INFO - Paper 13793499: 314 sentences, Summary: 50 sentences
2025-05-04 05:02:06,164 - INFO - Encoding 314 paper sentences
2025-05-04 05:02:06,717 - INFO - Using default tokenizer.
2025-05-04 05:02:07,664 - INFO - Paper 13793499 ROUGE-1 F1: 0.5930
2025-05-04 05:02:07,664 - INFO - Paper 13793499 ROUGE-2 F1: 0.4024
2025-05-04 05:02:07,664 - INFO - Paper 13793499 ROUGE-L F1: 0.4534
2025-05-04 05:02:07,900 - INFO - Successfully processed paper 13793499, matched 85 sentences
2025-05-04 05:02:07,901 - INFO - Processing paper 42045072
2025-05-04 05:02:07,905 - INFO - Paper 42045072: 207 sentences, Summary: 28 sentences
2025-05-04 05:02:07,905 - INFO - Encoding 207 paper sentences
2025-05-04 05:02:08,203 - INFO - Using default tokenizer.
2025-05-04 05:02:08,279 - INFO - Paper 42045072 ROUGE-1 F1: 0.3961
2025-05-04 05:02:08,279 - INFO - Paper 42045072 ROUGE-2 F1: 0.0698
2025-05-04 05:02:08,280 - INFO - Paper 42045072 ROUGE-L F1: 0.1850
2025-05-04 05:02:08,524 - INFO - Successfully processed paper 42045072, matched 28 sentences
2025-05-04 05:02:08,524 - INFO - Processing paper 45186835
2025-05-04 05:02:08,531 - INFO - Paper 45186835: 337 sentences, Summary: 22 sentences
2025-05-04 05:02:08,531 - INFO - Encoding 337 paper sentences
2025-05-04 05:02:08,885 - INFO - Using default tokenizer.
2025-05-04 05:02:09,061 - INFO - Paper 45186835 ROUGE-1 F1: 0.4991
2025-05-04 05:02:09,062 - INFO - Paper 45186835 ROUGE-2 F1: 0.2927
2025-05-04 05:02:09,062 - INFO - Paper 45186835 ROUGE-L F1: 0.3667
2025-05-04 05:02:09,302 - INFO - Successfully processed paper 45186835, matched 40 sentences
2025-05-04 05:02:09,302 - INFO - Skipping 79091650 - not in valid IDs
2025-05-04 05:02:09,302 - INFO - Processing paper 90525296
2025-05-04 05:02:09,311 - INFO - Paper 90525296: 403 sentences, Summary: 49 sentences
2025-05-04 05:02:09,311 - INFO - Encoding 403 paper sentences
2025-05-04 05:02:09,978 - INFO - Using default tokenizer.
2025-05-04 05:02:10,715 - INFO - Paper 90525296 ROUGE-1 F1: 0.6973
2025-05-04 05:02:10,715 - INFO - Paper 90525296 ROUGE-2 F1: 0.4043
2025-05-04 05:02:10,715 - INFO - Paper 90525296 ROUGE-L F1: 0.4526
2025-05-04 05:02:10,949 - INFO - Successfully processed paper 90525296, matched 63 sentences
2025-05-04 05:02:10,949 - INFO - Processing paper 77684000
2025-05-04 05:02:10,954 - INFO - Paper 77684000: 185 sentences, Summary: 32 sentences
2025-05-04 05:02:10,954 - INFO - Encoding 185 paper sentences
2025-05-04 05:02:11,316 - INFO - Using default tokenizer.
2025-05-04 05:02:11,561 - INFO - Paper 77684000 ROUGE-1 F1: 0.5339
2025-05-04 05:02:11,561 - INFO - Paper 77684000 ROUGE-2 F1: 0.2811
2025-05-04 05:02:11,561 - INFO - Paper 77684000 ROUGE-L F1: 0.3588
2025-05-04 05:02:11,796 - INFO - Successfully processed paper 77684000, matched 43 sentences
2025-05-04 05:02:11,797 - INFO - Processing paper 16973657
2025-05-04 05:02:11,802 - INFO - Paper 16973657: 239 sentences, Summary: 18 sentences
2025-05-04 05:02:11,802 - INFO - Encoding 239 paper sentences
2025-05-04 05:02:12,067 - INFO - Using default tokenizer.
2025-05-04 05:02:12,176 - INFO - Paper 16973657 ROUGE-1 F1: 0.5337
2025-05-04 05:02:12,176 - INFO - Paper 16973657 ROUGE-2 F1: 0.2067
2025-05-04 05:02:12,176 - INFO - Paper 16973657 ROUGE-L F1: 0.2745
2025-05-04 05:02:12,406 - INFO - Successfully processed paper 16973657, matched 25 sentences
2025-05-04 05:02:12,406 - INFO - Processing paper 82821959
2025-05-04 05:02:12,415 - INFO - Paper 82821959: 406 sentences, Summary: 36 sentences
2025-05-04 05:02:12,415 - INFO - Encoding 406 paper sentences
2025-05-04 05:02:12,927 - INFO - Using default tokenizer.
2025-05-04 05:02:13,302 - INFO - Paper 82821959 ROUGE-1 F1: 0.5824
2025-05-04 05:02:13,303 - INFO - Paper 82821959 ROUGE-2 F1: 0.3237
2025-05-04 05:02:13,303 - INFO - Paper 82821959 ROUGE-L F1: 0.3768
2025-05-04 05:02:13,535 - INFO - Successfully processed paper 82821959, matched 60 sentences
2025-05-04 05:02:13,536 - INFO - Processing paper 59485457
2025-05-04 05:02:13,545 - INFO - Paper 59485457: 272 sentences, Summary: 30 sentences
2025-05-04 05:02:13,545 - INFO - Encoding 272 paper sentences
2025-05-04 05:02:13,883 - INFO - Using default tokenizer.
2025-05-04 05:02:13,996 - INFO - Paper 59485457 ROUGE-1 F1: 0.5009
2025-05-04 05:02:13,996 - INFO - Paper 59485457 ROUGE-2 F1: 0.1451
2025-05-04 05:02:13,996 - INFO - Paper 59485457 ROUGE-L F1: 0.2112
2025-05-04 05:02:14,230 - INFO - Successfully processed paper 59485457, matched 35 sentences
2025-05-04 05:02:14,230 - INFO - Processing paper 17980043
2025-05-04 05:02:14,235 - INFO - Paper 17980043: 212 sentences, Summary: 12 sentences
2025-05-04 05:02:14,235 - INFO - Encoding 212 paper sentences
2025-05-04 05:02:14,437 - INFO - Using default tokenizer.
2025-05-04 05:02:14,463 - INFO - Paper 17980043 ROUGE-1 F1: 0.5131
2025-05-04 05:02:14,463 - INFO - Paper 17980043 ROUGE-2 F1: 0.1203
2025-05-04 05:02:14,463 - INFO - Paper 17980043 ROUGE-L F1: 0.2397
2025-05-04 05:02:14,692 - INFO - Successfully processed paper 17980043, matched 12 sentences
2025-05-04 05:02:14,693 - INFO - Processing paper 33714440
2025-05-04 05:02:14,697 - INFO - Paper 33714440: 164 sentences, Summary: 57 sentences
2025-05-04 05:02:14,697 - INFO - Encoding 164 paper sentences
2025-05-04 05:02:15,161 - INFO - Using default tokenizer.
2025-05-04 05:02:16,230 - INFO - Paper 33714440 ROUGE-1 F1: 0.5941
2025-05-04 05:02:16,230 - INFO - Paper 33714440 ROUGE-2 F1: 0.3611
2025-05-04 05:02:16,230 - INFO - Paper 33714440 ROUGE-L F1: 0.4129
2025-05-04 05:02:16,465 - INFO - Successfully processed paper 33714440, matched 86 sentences
2025-05-04 05:02:16,466 - INFO - Processing paper 24000799
2025-05-04 05:02:16,470 - INFO - Paper 24000799: 204 sentences, Summary: 20 sentences
2025-05-04 05:02:16,470 - INFO - Encoding 204 paper sentences
2025-05-04 05:02:16,698 - INFO - Using default tokenizer.
2025-05-04 05:02:16,764 - INFO - Paper 24000799 ROUGE-1 F1: 0.5542
2025-05-04 05:02:16,764 - INFO - Paper 24000799 ROUGE-2 F1: 0.1998
2025-05-04 05:02:16,764 - INFO - Paper 24000799 ROUGE-L F1: 0.3045
2025-05-04 05:02:17,005 - INFO - Successfully processed paper 24000799, matched 27 sentences
2025-05-04 05:02:17,006 - INFO - Processing paper 20550713
2025-05-04 05:02:17,018 - INFO - Paper 20550713: 635 sentences, Summary: 10 sentences
2025-05-04 05:02:17,018 - INFO - Encoding 635 paper sentences
2025-05-04 05:02:17,406 - INFO - Using default tokenizer.
2025-05-04 05:02:17,422 - INFO - Paper 20550713 ROUGE-1 F1: 0.3843
2025-05-04 05:02:17,423 - INFO - Paper 20550713 ROUGE-2 F1: 0.0791
2025-05-04 05:02:17,423 - INFO - Paper 20550713 ROUGE-L F1: 0.1852
2025-05-04 05:02:17,668 - INFO - Successfully processed paper 20550713, matched 13 sentences
2025-05-04 05:02:17,669 - INFO - Processing paper 91633253
2025-05-04 05:02:17,679 - INFO - Paper 91633253: 149 sentences, Summary: 37 sentences
2025-05-04 05:02:17,679 - INFO - Encoding 149 paper sentences
2025-05-04 05:02:18,034 - INFO - Using default tokenizer.
2025-05-04 05:02:18,438 - INFO - Paper 91633253 ROUGE-1 F1: 0.6325
2025-05-04 05:02:18,438 - INFO - Paper 91633253 ROUGE-2 F1: 0.4548
2025-05-04 05:02:18,438 - INFO - Paper 91633253 ROUGE-L F1: 0.4982
2025-05-04 05:02:18,711 - INFO - Successfully processed paper 91633253, matched 68 sentences
2025-05-04 05:02:18,712 - INFO - Processing paper 6777051
2025-05-04 05:02:18,732 - INFO - Paper 6777051: 386 sentences, Summary: 34 sentences
2025-05-04 05:02:18,732 - INFO - Encoding 386 paper sentences
2025-05-04 05:02:19,201 - INFO - Using default tokenizer.
2025-05-04 05:02:19,504 - INFO - Paper 6777051 ROUGE-1 F1: 0.5075
2025-05-04 05:02:19,504 - INFO - Paper 6777051 ROUGE-2 F1: 0.2545
2025-05-04 05:02:19,504 - INFO - Paper 6777051 ROUGE-L F1: 0.3386
2025-05-04 05:02:19,760 - INFO - Successfully processed paper 6777051, matched 50 sentences
2025-05-04 05:02:19,761 - INFO - Processing paper 7912651
2025-05-04 05:02:19,779 - INFO - Paper 7912651: 434 sentences, Summary: 27 sentences
2025-05-04 05:02:19,779 - INFO - Encoding 434 paper sentences
2025-05-04 05:02:20,211 - INFO - Using default tokenizer.
2025-05-04 05:02:20,611 - INFO - Paper 7912651 ROUGE-1 F1: 0.5220
2025-05-04 05:02:20,611 - INFO - Paper 7912651 ROUGE-2 F1: 0.3808
2025-05-04 05:02:20,612 - INFO - Paper 7912651 ROUGE-L F1: 0.4236
2025-05-04 05:02:20,855 - INFO - Successfully processed paper 7912651, matched 59 sentences
2025-05-04 05:02:20,856 - INFO - Processing paper 75865335
2025-05-04 05:02:20,866 - INFO - Paper 75865335: 484 sentences, Summary: 39 sentences
2025-05-04 05:02:20,866 - INFO - Encoding 484 paper sentences
2025-05-04 05:02:21,486 - INFO - Using default tokenizer.
2025-05-04 05:02:21,683 - INFO - Paper 75865335 ROUGE-1 F1: 0.5230
2025-05-04 05:02:21,683 - INFO - Paper 75865335 ROUGE-2 F1: 0.1464
2025-05-04 05:02:21,683 - INFO - Paper 75865335 ROUGE-L F1: 0.2193
2025-05-04 05:02:21,939 - INFO - Successfully processed paper 75865335, matched 45 sentences
2025-05-04 05:02:21,940 - INFO - Processing paper 87558652
2025-05-04 05:02:21,946 - INFO - Paper 87558652: 239 sentences, Summary: 23 sentences
2025-05-04 05:02:21,946 - INFO - Encoding 239 paper sentences
2025-05-04 05:02:22,199 - INFO - Using default tokenizer.
2025-05-04 05:02:22,270 - INFO - Paper 87558652 ROUGE-1 F1: 0.4176
2025-05-04 05:02:22,270 - INFO - Paper 87558652 ROUGE-2 F1: 0.1136
2025-05-04 05:02:22,270 - INFO - Paper 87558652 ROUGE-L F1: 0.2057
2025-05-04 05:02:22,511 - INFO - Successfully processed paper 87558652, matched 25 sentences
2025-05-04 05:02:22,511 - INFO - Processing paper 72529720
2025-05-04 05:02:22,520 - INFO - Paper 72529720: 391 sentences, Summary: 77 sentences
2025-05-04 05:02:22,520 - INFO - Encoding 391 paper sentences
2025-05-04 05:02:23,435 - INFO - Using default tokenizer.
2025-05-04 05:02:24,059 - INFO - Paper 72529720 ROUGE-1 F1: 0.5520
2025-05-04 05:02:24,059 - INFO - Paper 72529720 ROUGE-2 F1: 0.1420
2025-05-04 05:02:24,059 - INFO - Paper 72529720 ROUGE-L F1: 0.2143
2025-05-04 05:02:24,410 - INFO - Successfully processed paper 72529720, matched 87 sentences
2025-05-04 05:02:24,410 - INFO - Processing paper 61603670
2025-05-04 05:02:24,419 - INFO - Paper 61603670: 399 sentences, Summary: 49 sentences
2025-05-04 05:02:24,419 - INFO - Encoding 399 paper sentences
2025-05-04 05:02:25,043 - INFO - Using default tokenizer.
2025-05-04 05:02:25,612 - INFO - Paper 61603670 ROUGE-1 F1: 0.6262
2025-05-04 05:02:25,612 - INFO - Paper 61603670 ROUGE-2 F1: 0.4330
2025-05-04 05:02:25,612 - INFO - Paper 61603670 ROUGE-L F1: 0.4815
2025-05-04 05:02:25,897 - INFO - Successfully processed paper 61603670, matched 79 sentences
2025-05-04 05:02:25,898 - INFO - Skipping 96599676 - not in valid IDs
2025-05-04 05:02:25,898 - INFO - Processing paper 97291551
2025-05-04 05:02:25,908 - INFO - Paper 97291551: 348 sentences, Summary: 50 sentences
2025-05-04 05:02:25,909 - INFO - Encoding 348 paper sentences
2025-05-04 05:02:26,476 - INFO - Using default tokenizer.
2025-05-04 05:02:27,271 - INFO - Paper 97291551 ROUGE-1 F1: 0.7059
2025-05-04 05:02:27,271 - INFO - Paper 97291551 ROUGE-2 F1: 0.4740
2025-05-04 05:02:27,271 - INFO - Paper 97291551 ROUGE-L F1: 0.5100
2025-05-04 05:02:27,527 - INFO - Successfully processed paper 97291551, matched 68 sentences
2025-05-04 05:02:27,527 - INFO - Processing paper 36197895
2025-05-04 05:02:27,560 - INFO - Paper 36197895: 755 sentences, Summary: 55 sentences
2025-05-04 05:02:27,560 - INFO - Encoding 755 paper sentences
2025-05-04 05:02:28,537 - INFO - Using default tokenizer.
2025-05-04 05:02:29,270 - INFO - Paper 36197895 ROUGE-1 F1: 0.7459
2025-05-04 05:02:29,270 - INFO - Paper 36197895 ROUGE-2 F1: 0.4851
2025-05-04 05:02:29,270 - INFO - Paper 36197895 ROUGE-L F1: 0.5229
2025-05-04 05:02:29,529 - INFO - Successfully processed paper 36197895, matched 75 sentences
2025-05-04 05:02:29,529 - INFO - Processing paper 4647896
2025-05-04 05:02:29,533 - INFO - Paper 4647896: 147 sentences, Summary: 16 sentences
2025-05-04 05:02:29,533 - INFO - Encoding 147 paper sentences
2025-05-04 05:02:29,724 - INFO - Using default tokenizer.
2025-05-04 05:02:29,786 - INFO - Paper 4647896 ROUGE-1 F1: 0.5628
2025-05-04 05:02:29,786 - INFO - Paper 4647896 ROUGE-2 F1: 0.2765
2025-05-04 05:02:29,786 - INFO - Paper 4647896 ROUGE-L F1: 0.3604
2025-05-04 05:02:30,038 - INFO - Successfully processed paper 4647896, matched 20 sentences
2025-05-04 05:02:30,038 - INFO - Processing paper 88548359
2025-05-04 05:02:30,044 - INFO - Paper 88548359: 306 sentences, Summary: 20 sentences
2025-05-04 05:02:30,044 - INFO - Encoding 306 paper sentences
2025-05-04 05:02:30,321 - INFO - Using default tokenizer.
2025-05-04 05:02:30,458 - INFO - Paper 88548359 ROUGE-1 F1: 0.5687
2025-05-04 05:02:30,458 - INFO - Paper 88548359 ROUGE-2 F1: 0.3240
2025-05-04 05:02:30,458 - INFO - Paper 88548359 ROUGE-L F1: 0.3752
2025-05-04 05:02:30,707 - INFO - Successfully processed paper 88548359, matched 34 sentences
2025-05-04 05:02:30,708 - INFO - Processing paper 74156567
2025-05-04 05:02:30,733 - INFO - Paper 74156567: 487 sentences, Summary: 64 sentences
2025-05-04 05:02:30,733 - INFO - Encoding 487 paper sentences
2025-05-04 05:02:31,584 - INFO - Using default tokenizer.
2025-05-04 05:02:33,022 - INFO - Paper 74156567 ROUGE-1 F1: 0.5100
2025-05-04 05:02:33,022 - INFO - Paper 74156567 ROUGE-2 F1: 0.3483
2025-05-04 05:02:33,023 - INFO - Paper 74156567 ROUGE-L F1: 0.3836
2025-05-04 05:02:33,289 - INFO - Successfully processed paper 74156567, matched 132 sentences
2025-05-04 05:02:33,290 - INFO - Processing paper 66099843
2025-05-04 05:02:33,294 - INFO - Paper 66099843: 197 sentences, Summary: 33 sentences
2025-05-04 05:02:33,294 - INFO - Encoding 197 paper sentences
2025-05-04 05:02:33,657 - INFO - Using default tokenizer.
2025-05-04 05:02:33,822 - INFO - Paper 66099843 ROUGE-1 F1: 0.5284
2025-05-04 05:02:33,822 - INFO - Paper 66099843 ROUGE-2 F1: 0.2826
2025-05-04 05:02:33,822 - INFO - Paper 66099843 ROUGE-L F1: 0.3673
2025-05-04 05:02:34,079 - INFO - Successfully processed paper 66099843, matched 39 sentences
2025-05-04 05:02:34,080 - INFO - Processing paper 35377831
2025-05-04 05:02:34,091 - INFO - Paper 35377831: 504 sentences, Summary: 62 sentences
2025-05-04 05:02:34,091 - INFO - Encoding 504 paper sentences
2025-05-04 05:02:34,925 - INFO - Using default tokenizer.
2025-05-04 05:02:36,192 - INFO - Paper 35377831 ROUGE-1 F1: 0.6217
2025-05-04 05:02:36,192 - INFO - Paper 35377831 ROUGE-2 F1: 0.4805
2025-05-04 05:02:36,192 - INFO - Paper 35377831 ROUGE-L F1: 0.5007
2025-05-04 05:02:36,458 - INFO - Successfully processed paper 35377831, matched 125 sentences
2025-05-04 05:02:36,458 - INFO - Processing paper 76817909
2025-05-04 05:02:36,464 - INFO - Paper 76817909: 324 sentences, Summary: 23 sentences
2025-05-04 05:02:36,465 - INFO - Encoding 324 paper sentences
2025-05-04 05:02:36,785 - INFO - Using default tokenizer.
2025-05-04 05:02:36,925 - INFO - Paper 76817909 ROUGE-1 F1: 0.5474
2025-05-04 05:02:36,925 - INFO - Paper 76817909 ROUGE-2 F1: 0.2184
2025-05-04 05:02:36,925 - INFO - Paper 76817909 ROUGE-L F1: 0.2827
2025-05-04 05:02:37,181 - INFO - Successfully processed paper 76817909, matched 36 sentences
2025-05-04 05:02:37,182 - INFO - Processing paper 24169489
2025-05-04 05:02:37,195 - INFO - Paper 24169489: 559 sentences, Summary: 51 sentences
2025-05-04 05:02:37,195 - INFO - Encoding 559 paper sentences
2025-05-04 05:02:37,959 - INFO - Using default tokenizer.
2025-05-04 05:02:38,724 - INFO - Paper 24169489 ROUGE-1 F1: 0.7036
2025-05-04 05:02:38,724 - INFO - Paper 24169489 ROUGE-2 F1: 0.5101
2025-05-04 05:02:38,724 - INFO - Paper 24169489 ROUGE-L F1: 0.5343
2025-05-04 05:02:38,990 - INFO - Successfully processed paper 24169489, matched 87 sentences
2025-05-04 05:02:38,990 - INFO - Processing paper 73515355
2025-05-04 05:02:39,005 - INFO - Paper 73515355: 595 sentences, Summary: 49 sentences
2025-05-04 05:02:39,005 - INFO - Encoding 595 paper sentences
2025-05-04 05:02:39,789 - INFO - Using default tokenizer.
2025-05-04 05:02:40,501 - INFO - Paper 73515355 ROUGE-1 F1: 0.6445
2025-05-04 05:02:40,501 - INFO - Paper 73515355 ROUGE-2 F1: 0.3610
2025-05-04 05:02:40,501 - INFO - Paper 73515355 ROUGE-L F1: 0.4253
2025-05-04 05:02:40,869 - INFO - Successfully processed paper 73515355, matched 84 sentences
2025-05-04 05:02:40,870 - INFO - Processing paper 8784223
2025-05-04 05:02:40,876 - INFO - Paper 8784223: 305 sentences, Summary: 41 sentences
2025-05-04 05:02:40,876 - INFO - Encoding 305 paper sentences
2025-05-04 05:02:41,349 - INFO - Using default tokenizer.
2025-05-04 05:02:41,602 - INFO - Paper 8784223 ROUGE-1 F1: 0.5926
2025-05-04 05:02:41,603 - INFO - Paper 8784223 ROUGE-2 F1: 0.2037
2025-05-04 05:02:41,603 - INFO - Paper 8784223 ROUGE-L F1: 0.2963
2025-05-04 05:02:41,867 - INFO - Successfully processed paper 8784223, matched 44 sentences
2025-05-04 05:02:41,868 - INFO - Processing paper 48411412
2025-05-04 05:02:41,874 - INFO - Paper 48411412: 267 sentences, Summary: 30 sentences
2025-05-04 05:02:41,874 - INFO - Encoding 267 paper sentences
2025-05-04 05:02:42,209 - INFO - Using default tokenizer.
2025-05-04 05:02:42,279 - INFO - Paper 48411412 ROUGE-1 F1: 0.4134
2025-05-04 05:02:42,280 - INFO - Paper 48411412 ROUGE-2 F1: 0.1193
2025-05-04 05:02:42,280 - INFO - Paper 48411412 ROUGE-L F1: 0.2143
2025-05-04 05:02:42,541 - INFO - Successfully processed paper 48411412, matched 34 sentences
2025-05-04 05:02:42,541 - INFO - Processing paper 19173630
2025-05-04 05:02:42,546 - INFO - Paper 19173630: 155 sentences, Summary: 79 sentences
2025-05-04 05:02:42,546 - INFO - Encoding 155 paper sentences
2025-05-04 05:02:43,174 - INFO - Using default tokenizer.
2025-05-04 05:02:43,771 - INFO - Paper 19173630 ROUGE-1 F1: 0.4414
2025-05-04 05:02:43,771 - INFO - Paper 19173630 ROUGE-2 F1: 0.0966
2025-05-04 05:02:43,771 - INFO - Paper 19173630 ROUGE-L F1: 0.1798
2025-05-04 05:02:44,037 - INFO - Successfully processed paper 19173630, matched 79 sentences
2025-05-04 05:02:44,037 - INFO - Processing paper 60516406
2025-05-04 05:02:44,042 - INFO - Paper 60516406: 181 sentences, Summary: 35 sentences
2025-05-04 05:02:44,042 - INFO - Encoding 181 paper sentences
2025-05-04 05:02:44,428 - INFO - Using default tokenizer.
2025-05-04 05:02:44,606 - INFO - Paper 60516406 ROUGE-1 F1: 0.4171
2025-05-04 05:02:44,606 - INFO - Paper 60516406 ROUGE-2 F1: 0.1044
2025-05-04 05:02:44,606 - INFO - Paper 60516406 ROUGE-L F1: 0.1696
2025-05-04 05:02:44,869 - INFO - Successfully processed paper 60516406, matched 37 sentences
2025-05-04 05:02:44,870 - INFO - Processing paper 93025332
2025-05-04 05:02:44,876 - INFO - Paper 93025332: 302 sentences, Summary: 56 sentences
2025-05-04 05:02:44,876 - INFO - Encoding 302 paper sentences
2025-05-04 05:02:45,446 - INFO - Using default tokenizer.
2025-05-04 05:02:46,119 - INFO - Paper 93025332 ROUGE-1 F1: 0.7360
2025-05-04 05:02:46,119 - INFO - Paper 93025332 ROUGE-2 F1: 0.5942
2025-05-04 05:02:46,119 - INFO - Paper 93025332 ROUGE-L F1: 0.6263
2025-05-04 05:02:46,384 - INFO - Successfully processed paper 93025332, matched 77 sentences
2025-05-04 05:02:46,385 - INFO - Processing paper 39353178
2025-05-04 05:02:46,388 - INFO - Paper 39353178: 155 sentences, Summary: 34 sentences
2025-05-04 05:02:46,388 - INFO - Encoding 155 paper sentences
2025-05-04 05:02:46,696 - INFO - Using default tokenizer.
2025-05-04 05:02:47,019 - INFO - Paper 39353178 ROUGE-1 F1: 0.4966
2025-05-04 05:02:47,019 - INFO - Paper 39353178 ROUGE-2 F1: 0.1375
2025-05-04 05:02:47,019 - INFO - Paper 39353178 ROUGE-L F1: 0.2190
2025-05-04 05:02:47,332 - INFO - Successfully processed paper 39353178, matched 41 sentences
2025-05-04 05:02:47,332 - INFO - Processing paper 23929837
2025-05-04 05:02:47,338 - INFO - Paper 23929837: 218 sentences, Summary: 81 sentences
2025-05-04 05:02:47,338 - INFO - Encoding 218 paper sentences
2025-05-04 05:02:48,081 - INFO - Using default tokenizer.
2025-05-04 05:02:48,863 - INFO - Paper 23929837 ROUGE-1 F1: 0.4650
2025-05-04 05:02:48,863 - INFO - Paper 23929837 ROUGE-2 F1: 0.1626
2025-05-04 05:02:48,864 - INFO - Paper 23929837 ROUGE-L F1: 0.2435
2025-05-04 05:02:49,140 - INFO - Successfully processed paper 23929837, matched 103 sentences
2025-05-04 05:02:49,140 - INFO - Processing paper 34958521
2025-05-04 05:02:49,158 - INFO - Paper 34958521: 363 sentences, Summary: 45 sentences
2025-05-04 05:02:49,158 - INFO - Encoding 363 paper sentences
2025-05-04 05:02:49,779 - INFO - Using default tokenizer.
2025-05-04 05:02:50,673 - INFO - Paper 34958521 ROUGE-1 F1: 0.5852
2025-05-04 05:02:50,673 - INFO - Paper 34958521 ROUGE-2 F1: 0.3566
2025-05-04 05:02:50,673 - INFO - Paper 34958521 ROUGE-L F1: 0.3862
2025-05-04 05:02:50,941 - INFO - Successfully processed paper 34958521, matched 81 sentences
2025-05-04 05:02:50,941 - INFO - Processing paper 18958324
2025-05-04 05:02:50,951 - INFO - Paper 18958324: 387 sentences, Summary: 50 sentences
2025-05-04 05:02:50,951 - INFO - Encoding 387 paper sentences
2025-05-04 05:02:51,579 - INFO - Using default tokenizer.
2025-05-04 05:02:52,049 - INFO - Paper 18958324 ROUGE-1 F1: 0.4968
2025-05-04 05:02:52,049 - INFO - Paper 18958324 ROUGE-2 F1: 0.1333
2025-05-04 05:02:52,049 - INFO - Paper 18958324 ROUGE-L F1: 0.1986
2025-05-04 05:02:52,359 - INFO - Successfully processed paper 18958324, matched 61 sentences
2025-05-04 05:02:52,359 - INFO - Processing paper 66912872
2025-05-04 05:02:52,372 - INFO - Paper 66912872: 349 sentences, Summary: 54 sentences
2025-05-04 05:02:52,372 - INFO - Encoding 349 paper sentences
2025-05-04 05:02:53,046 - INFO - Using default tokenizer.
2025-05-04 05:02:53,896 - INFO - Paper 66912872 ROUGE-1 F1: 0.6452
2025-05-04 05:02:53,896 - INFO - Paper 66912872 ROUGE-2 F1: 0.3676
2025-05-04 05:02:53,896 - INFO - Paper 66912872 ROUGE-L F1: 0.4149
2025-05-04 05:02:54,178 - INFO - Successfully processed paper 66912872, matched 74 sentences
2025-05-04 05:02:54,178 - INFO - Skipping 81623492 - not in valid IDs
2025-05-04 05:02:54,179 - INFO - Processing paper 42200029
2025-05-04 05:02:54,184 - INFO - Paper 42200029: 182 sentences, Summary: 56 sentences
2025-05-04 05:02:54,184 - INFO - Encoding 182 paper sentences
2025-05-04 05:02:54,654 - INFO - Using default tokenizer.
2025-05-04 05:02:55,565 - INFO - Paper 42200029 ROUGE-1 F1: 0.6805
2025-05-04 05:02:55,565 - INFO - Paper 42200029 ROUGE-2 F1: 0.4282
2025-05-04 05:02:55,565 - INFO - Paper 42200029 ROUGE-L F1: 0.4560
2025-05-04 05:02:55,849 - INFO - Successfully processed paper 42200029, matched 83 sentences
2025-05-04 05:02:55,849 - INFO - Skipping 6469050 - not in valid IDs
2025-05-04 05:02:55,849 - INFO - Processing paper 70889889
2025-05-04 05:02:55,853 - INFO - Paper 70889889: 158 sentences, Summary: 41 sentences
2025-05-04 05:02:55,853 - INFO - Encoding 158 paper sentences
2025-05-04 05:02:56,225 - INFO - Using default tokenizer.
2025-05-04 05:02:56,410 - INFO - Paper 70889889 ROUGE-1 F1: 0.4148
2025-05-04 05:02:56,410 - INFO - Paper 70889889 ROUGE-2 F1: 0.0856
2025-05-04 05:02:56,410 - INFO - Paper 70889889 ROUGE-L F1: 0.1835
2025-05-04 05:02:56,735 - INFO - Successfully processed paper 70889889, matched 41 sentences
2025-05-04 05:02:56,736 - INFO - Processing paper 12625177
2025-05-04 05:02:56,783 - INFO - Paper 12625177: 538 sentences, Summary: 47 sentences
2025-05-04 05:02:56,783 - INFO - Encoding 538 paper sentences
2025-05-04 05:02:57,482 - INFO - Using default tokenizer.
2025-05-04 05:02:57,902 - INFO - Paper 12625177 ROUGE-1 F1: 0.6891
2025-05-04 05:02:57,902 - INFO - Paper 12625177 ROUGE-2 F1: 0.4385
2025-05-04 05:02:57,902 - INFO - Paper 12625177 ROUGE-L F1: 0.4906
2025-05-04 05:02:58,179 - INFO - Successfully processed paper 12625177, matched 54 sentences
2025-05-04 05:02:58,179 - INFO - Processing paper 43791696
2025-05-04 05:02:58,189 - INFO - Paper 43791696: 391 sentences, Summary: 17 sentences
2025-05-04 05:02:58,189 - INFO - Encoding 391 paper sentences
2025-05-04 05:02:58,548 - INFO - Using default tokenizer.
2025-05-04 05:02:58,603 - INFO - Paper 43791696 ROUGE-1 F1: 0.4408
2025-05-04 05:02:58,603 - INFO - Paper 43791696 ROUGE-2 F1: 0.0874
2025-05-04 05:02:58,604 - INFO - Paper 43791696 ROUGE-L F1: 0.1768
2025-05-04 05:02:58,876 - INFO - Successfully processed paper 43791696, matched 20 sentences
2025-05-04 05:02:58,877 - INFO - Processing paper 11354749
2025-05-04 05:02:58,884 - INFO - Paper 11354749: 145 sentences, Summary: 45 sentences
2025-05-04 05:02:58,884 - INFO - Encoding 145 paper sentences
2025-05-04 05:02:59,287 - INFO - Using default tokenizer.
2025-05-04 05:02:59,740 - INFO - Paper 11354749 ROUGE-1 F1: 0.6244
2025-05-04 05:02:59,740 - INFO - Paper 11354749 ROUGE-2 F1: 0.3628
2025-05-04 05:02:59,741 - INFO - Paper 11354749 ROUGE-L F1: 0.4123
2025-05-04 05:03:00,020 - INFO - Successfully processed paper 11354749, matched 60 sentences
2025-05-04 05:03:00,020 - INFO - Processing paper 10218080
2025-05-04 05:03:00,035 - INFO - Paper 10218080: 274 sentences, Summary: 15 sentences
2025-05-04 05:03:00,035 - INFO - Encoding 274 paper sentences
2025-05-04 05:03:00,343 - INFO - Using default tokenizer.
2025-05-04 05:03:00,396 - INFO - Paper 10218080 ROUGE-1 F1: 0.5197
2025-05-04 05:03:00,397 - INFO - Paper 10218080 ROUGE-2 F1: 0.1635
2025-05-04 05:03:00,397 - INFO - Paper 10218080 ROUGE-L F1: 0.2217
2025-05-04 05:03:00,665 - INFO - Successfully processed paper 10218080, matched 15 sentences
2025-05-04 05:03:00,665 - INFO - Processing paper 60253398
2025-05-04 05:03:00,677 - INFO - Paper 60253398: 517 sentences, Summary: 62 sentences
2025-05-04 05:03:00,677 - INFO - Encoding 517 paper sentences
2025-05-04 05:03:01,590 - INFO - Using default tokenizer.
2025-05-04 05:03:02,860 - INFO - Paper 60253398 ROUGE-1 F1: 0.5740
2025-05-04 05:03:02,860 - INFO - Paper 60253398 ROUGE-2 F1: 0.3816
2025-05-04 05:03:02,860 - INFO - Paper 60253398 ROUGE-L F1: 0.4110
2025-05-04 05:03:03,184 - INFO - Successfully processed paper 60253398, matched 107 sentences
2025-05-04 05:03:03,184 - INFO - Skipping 74374635 - not in valid IDs
2025-05-04 05:03:03,184 - INFO - Skipping 74971632 - not in valid IDs
2025-05-04 05:03:03,184 - INFO - Processing paper 72744034
2025-05-04 05:03:03,192 - INFO - Paper 72744034: 347 sentences, Summary: 37 sentences
2025-05-04 05:03:03,192 - INFO - Encoding 347 paper sentences
2025-05-04 05:03:03,660 - INFO - Using default tokenizer.
2025-05-04 05:03:04,284 - INFO - Paper 72744034 ROUGE-1 F1: 0.5825
2025-05-04 05:03:04,284 - INFO - Paper 72744034 ROUGE-2 F1: 0.4010
2025-05-04 05:03:04,284 - INFO - Paper 72744034 ROUGE-L F1: 0.4377
2025-05-04 05:03:04,557 - INFO - Successfully processed paper 72744034, matched 78 sentences
2025-05-04 05:03:04,558 - INFO - Processing paper 63531440
2025-05-04 05:03:04,562 - INFO - Paper 63531440: 223 sentences, Summary: 12 sentences
2025-05-04 05:03:04,562 - INFO - Encoding 223 paper sentences
2025-05-04 05:03:04,760 - INFO - Using default tokenizer.
2025-05-04 05:03:04,829 - INFO - Paper 63531440 ROUGE-1 F1: 0.5215
2025-05-04 05:03:04,829 - INFO - Paper 63531440 ROUGE-2 F1: 0.1218
2025-05-04 05:03:04,829 - INFO - Paper 63531440 ROUGE-L F1: 0.2033
2025-05-04 05:03:05,099 - INFO - Successfully processed paper 63531440, matched 20 sentences
2025-05-04 05:03:05,099 - INFO - Processing paper 25710556
2025-05-04 05:03:05,106 - INFO - Paper 25710556: 280 sentences, Summary: 77 sentences
2025-05-04 05:03:05,107 - INFO - Encoding 280 paper sentences
2025-05-04 05:03:05,865 - INFO - Using default tokenizer.
2025-05-04 05:03:06,735 - INFO - Paper 25710556 ROUGE-1 F1: 0.4720
2025-05-04 05:03:06,735 - INFO - Paper 25710556 ROUGE-2 F1: 0.1389
2025-05-04 05:03:06,735 - INFO - Paper 25710556 ROUGE-L F1: 0.2131
2025-05-04 05:03:07,043 - INFO - Successfully processed paper 25710556, matched 92 sentences
2025-05-04 05:03:07,043 - INFO - Processing paper 39038842
2025-05-04 05:03:07,052 - INFO - Paper 39038842: 420 sentences, Summary: 59 sentences
2025-05-04 05:03:07,052 - INFO - Encoding 420 paper sentences
2025-05-04 05:03:07,756 - INFO - Using default tokenizer.
2025-05-04 05:03:09,132 - INFO - Paper 39038842 ROUGE-1 F1: 0.5514
2025-05-04 05:03:09,132 - INFO - Paper 39038842 ROUGE-2 F1: 0.3326
2025-05-04 05:03:09,132 - INFO - Paper 39038842 ROUGE-L F1: 0.3548
2025-05-04 05:03:09,418 - INFO - Successfully processed paper 39038842, matched 127 sentences
2025-05-04 05:03:09,418 - INFO - Processing paper 39674358
2025-05-04 05:03:09,434 - INFO - Paper 39674358: 359 sentences, Summary: 58 sentences
2025-05-04 05:03:09,434 - INFO - Encoding 359 paper sentences
2025-05-04 05:03:10,134 - INFO - Using default tokenizer.
2025-05-04 05:03:11,075 - INFO - Paper 39674358 ROUGE-1 F1: 0.6763
2025-05-04 05:03:11,076 - INFO - Paper 39674358 ROUGE-2 F1: 0.5386
2025-05-04 05:03:11,076 - INFO - Paper 39674358 ROUGE-L F1: 0.5610
2025-05-04 05:03:11,435 - INFO - Successfully processed paper 39674358, matched 103 sentences
2025-05-04 05:03:11,435 - INFO - Processing paper 518237
2025-05-04 05:03:11,443 - INFO - Paper 518237: 318 sentences, Summary: 62 sentences
2025-05-04 05:03:11,443 - INFO - Encoding 318 paper sentences
2025-05-04 05:03:12,112 - INFO - Using default tokenizer.
2025-05-04 05:03:12,997 - INFO - Paper 518237 ROUGE-1 F1: 0.5882
2025-05-04 05:03:12,997 - INFO - Paper 518237 ROUGE-2 F1: 0.2302
2025-05-04 05:03:12,998 - INFO - Paper 518237 ROUGE-L F1: 0.2620
2025-05-04 05:03:13,286 - INFO - Successfully processed paper 518237, matched 101 sentences
2025-05-04 05:03:13,287 - INFO - Processing paper 83248182
2025-05-04 05:03:13,299 - INFO - Paper 83248182: 260 sentences, Summary: 11 sentences
2025-05-04 05:03:13,299 - INFO - Encoding 260 paper sentences
2025-05-04 05:03:13,560 - INFO - Using default tokenizer.
2025-05-04 05:03:13,588 - INFO - Paper 83248182 ROUGE-1 F1: 0.3103
2025-05-04 05:03:13,588 - INFO - Paper 83248182 ROUGE-2 F1: 0.0231
2025-05-04 05:03:13,588 - INFO - Paper 83248182 ROUGE-L F1: 0.1418
2025-05-04 05:03:13,892 - INFO - Successfully processed paper 83248182, matched 11 sentences
2025-05-04 05:03:13,893 - INFO - Processing paper 5225266
2025-05-04 05:03:13,899 - INFO - Paper 5225266: 283 sentences, Summary: 65 sentences
2025-05-04 05:03:13,899 - INFO - Encoding 283 paper sentences
2025-05-04 05:03:14,577 - INFO - Using default tokenizer.
2025-05-04 05:03:15,575 - INFO - Paper 5225266 ROUGE-1 F1: 0.6367
2025-05-04 05:03:15,576 - INFO - Paper 5225266 ROUGE-2 F1: 0.4160
2025-05-04 05:03:15,576 - INFO - Paper 5225266 ROUGE-L F1: 0.4446
2025-05-04 05:03:15,894 - INFO - Successfully processed paper 5225266, matched 116 sentences
2025-05-04 05:03:15,894 - INFO - Processing paper 71370947
2025-05-04 05:03:15,899 - INFO - Paper 71370947: 229 sentences, Summary: 42 sentences
2025-05-04 05:03:15,900 - INFO - Encoding 229 paper sentences
2025-05-04 05:03:16,359 - INFO - Using default tokenizer.
2025-05-04 05:03:16,538 - INFO - Paper 71370947 ROUGE-1 F1: 0.4905
2025-05-04 05:03:16,539 - INFO - Paper 71370947 ROUGE-2 F1: 0.1303
2025-05-04 05:03:16,539 - INFO - Paper 71370947 ROUGE-L F1: 0.2327
2025-05-04 05:03:16,890 - INFO - Successfully processed paper 71370947, matched 48 sentences
2025-05-04 05:03:16,891 - INFO - Processing paper 47397989
2025-05-04 05:03:16,910 - INFO - Paper 47397989: 208 sentences, Summary: 29 sentences
2025-05-04 05:03:16,910 - INFO - Encoding 208 paper sentences
2025-05-04 05:03:17,222 - INFO - Using default tokenizer.
2025-05-04 05:03:17,324 - INFO - Paper 47397989 ROUGE-1 F1: 0.3926
2025-05-04 05:03:17,324 - INFO - Paper 47397989 ROUGE-2 F1: 0.1030
2025-05-04 05:03:17,324 - INFO - Paper 47397989 ROUGE-L F1: 0.1938
2025-05-04 05:03:17,639 - INFO - Successfully processed paper 47397989, matched 29 sentences
2025-05-04 05:03:17,639 - INFO - Processing paper 17539393
2025-05-04 05:03:17,650 - INFO - Paper 17539393: 466 sentences, Summary: 73 sentences
2025-05-04 05:03:17,650 - INFO - Encoding 466 paper sentences
2025-05-04 05:03:18,560 - INFO - Using default tokenizer.
2025-05-04 05:03:19,965 - INFO - Paper 17539393 ROUGE-1 F1: 0.5248
2025-05-04 05:03:19,965 - INFO - Paper 17539393 ROUGE-2 F1: 0.3364
2025-05-04 05:03:19,966 - INFO - Paper 17539393 ROUGE-L F1: 0.3748
2025-05-04 05:03:20,278 - INFO - Successfully processed paper 17539393, matched 147 sentences
2025-05-04 05:03:20,279 - INFO - Processing paper 84030160
2025-05-04 05:03:20,284 - INFO - Paper 84030160: 248 sentences, Summary: 29 sentences
2025-05-04 05:03:20,284 - INFO - Encoding 248 paper sentences
2025-05-04 05:03:20,615 - INFO - Using default tokenizer.
2025-05-04 05:03:20,948 - INFO - Paper 84030160 ROUGE-1 F1: 0.5221
2025-05-04 05:03:20,948 - INFO - Paper 84030160 ROUGE-2 F1: 0.3028
2025-05-04 05:03:20,948 - INFO - Paper 84030160 ROUGE-L F1: 0.3638
2025-05-04 05:03:21,355 - INFO - Successfully processed paper 84030160, matched 53 sentences
2025-05-04 05:03:21,355 - INFO - Skipping 72992946 - not in valid IDs
2025-05-04 05:03:21,356 - INFO - Processing paper 53935450
2025-05-04 05:03:21,365 - INFO - Paper 53935450: 425 sentences, Summary: 57 sentences
2025-05-04 05:03:21,365 - INFO - Encoding 425 paper sentences
2025-05-04 05:03:22,069 - INFO - Using default tokenizer.
2025-05-04 05:03:23,137 - INFO - Paper 53935450 ROUGE-1 F1: 0.5840
2025-05-04 05:03:23,137 - INFO - Paper 53935450 ROUGE-2 F1: 0.2780
2025-05-04 05:03:23,137 - INFO - Paper 53935450 ROUGE-L F1: 0.3199
2025-05-04 05:03:23,468 - INFO - Successfully processed paper 53935450, matched 93 sentences
2025-05-04 05:03:23,468 - INFO - Processing paper 11418476
2025-05-04 05:03:23,475 - INFO - Paper 11418476: 290 sentences, Summary: 40 sentences
2025-05-04 05:03:23,475 - INFO - Encoding 290 paper sentences
2025-05-04 05:03:23,943 - INFO - Using default tokenizer.
2025-05-04 05:03:24,337 - INFO - Paper 11418476 ROUGE-1 F1: 0.5205
2025-05-04 05:03:24,337 - INFO - Paper 11418476 ROUGE-2 F1: 0.2365
2025-05-04 05:03:24,337 - INFO - Paper 11418476 ROUGE-L F1: 0.2740
2025-05-04 05:03:24,768 - INFO - Successfully processed paper 11418476, matched 71 sentences
2025-05-04 05:03:24,768 - INFO - Processing paper 6799048
2025-05-04 05:03:24,774 - INFO - Paper 6799048: 281 sentences, Summary: 13 sentences
2025-05-04 05:03:24,774 - INFO - Encoding 281 paper sentences
2025-05-04 05:03:25,018 - INFO - Using default tokenizer.
2025-05-04 05:03:25,046 - INFO - Paper 6799048 ROUGE-1 F1: 0.4488
2025-05-04 05:03:25,046 - INFO - Paper 6799048 ROUGE-2 F1: 0.0638
2025-05-04 05:03:25,046 - INFO - Paper 6799048 ROUGE-L F1: 0.1908
2025-05-04 05:03:25,374 - INFO - Successfully processed paper 6799048, matched 13 sentences
2025-05-04 05:03:25,374 - INFO - Processing paper 57956236
2025-05-04 05:03:25,382 - INFO - Paper 57956236: 314 sentences, Summary: 61 sentences
2025-05-04 05:03:25,382 - INFO - Encoding 314 paper sentences
2025-05-04 05:03:26,050 - INFO - Using default tokenizer.
2025-05-04 05:03:26,473 - INFO - Paper 57956236 ROUGE-1 F1: 0.4975
2025-05-04 05:03:26,474 - INFO - Paper 57956236 ROUGE-2 F1: 0.1301
2025-05-04 05:03:26,474 - INFO - Paper 57956236 ROUGE-L F1: 0.2290
2025-05-04 05:03:26,785 - INFO - Successfully processed paper 57956236, matched 72 sentences
2025-05-04 05:03:26,785 - INFO - Processing paper 37796162
2025-05-04 05:03:26,790 - INFO - Paper 37796162: 238 sentences, Summary: 11 sentences
2025-05-04 05:03:26,790 - INFO - Encoding 238 paper sentences
2025-05-04 05:03:27,018 - INFO - Using default tokenizer.
2025-05-04 05:03:27,049 - INFO - Paper 37796162 ROUGE-1 F1: 0.4867
2025-05-04 05:03:27,049 - INFO - Paper 37796162 ROUGE-2 F1: 0.1773
2025-05-04 05:03:27,049 - INFO - Paper 37796162 ROUGE-L F1: 0.3233
2025-05-04 05:03:27,497 - INFO - Successfully processed paper 37796162, matched 14 sentences
2025-05-04 05:03:27,497 - INFO - Processing paper 435175
2025-05-04 05:03:27,503 - INFO - Paper 435175: 252 sentences, Summary: 17 sentences
2025-05-04 05:03:27,503 - INFO - Encoding 252 paper sentences
2025-05-04 05:03:27,721 - INFO - Using default tokenizer.
2025-05-04 05:03:27,755 - INFO - Paper 435175 ROUGE-1 F1: 0.4652
2025-05-04 05:03:27,755 - INFO - Paper 435175 ROUGE-2 F1: 0.1270
2025-05-04 05:03:27,755 - INFO - Paper 435175 ROUGE-L F1: 0.2405
2025-05-04 05:03:28,066 - INFO - Successfully processed paper 435175, matched 25 sentences
2025-05-04 05:03:28,066 - INFO - Processing paper 39357436
2025-05-04 05:03:28,071 - INFO - Paper 39357436: 229 sentences, Summary: 16 sentences
2025-05-04 05:03:28,071 - INFO - Encoding 229 paper sentences
2025-05-04 05:03:28,285 - INFO - Using default tokenizer.
2025-05-04 05:03:28,321 - INFO - Paper 39357436 ROUGE-1 F1: 0.2776
2025-05-04 05:03:28,321 - INFO - Paper 39357436 ROUGE-2 F1: 0.0285
2025-05-04 05:03:28,321 - INFO - Paper 39357436 ROUGE-L F1: 0.1388
2025-05-04 05:03:28,652 - INFO - Successfully processed paper 39357436, matched 16 sentences
2025-05-04 05:03:28,652 - INFO - Processing paper 29962756
2025-05-04 05:03:28,658 - INFO - Paper 29962756: 335 sentences, Summary: 15 sentences
2025-05-04 05:03:28,658 - INFO - Encoding 335 paper sentences
2025-05-04 05:03:28,881 - INFO - Using default tokenizer.
2025-05-04 05:03:28,915 - INFO - Paper 29962756 ROUGE-1 F1: 0.3957
2025-05-04 05:03:28,915 - INFO - Paper 29962756 ROUGE-2 F1: 0.1679
2025-05-04 05:03:28,915 - INFO - Paper 29962756 ROUGE-L F1: 0.2557
2025-05-04 05:03:29,351 - INFO - Successfully processed paper 29962756, matched 19 sentences
2025-05-04 05:03:29,351 - INFO - Processing paper 38779502
2025-05-04 05:03:29,357 - INFO - Paper 38779502: 264 sentences, Summary: 47 sentences
2025-05-04 05:03:29,357 - INFO - Encoding 264 paper sentences
2025-05-04 05:03:29,888 - INFO - Using default tokenizer.
2025-05-04 05:03:30,176 - INFO - Paper 38779502 ROUGE-1 F1: 0.5192
2025-05-04 05:03:30,176 - INFO - Paper 38779502 ROUGE-2 F1: 0.1263
2025-05-04 05:03:30,176 - INFO - Paper 38779502 ROUGE-L F1: 0.2042
2025-05-04 05:03:30,476 - INFO - Successfully processed paper 38779502, matched 47 sentences
2025-05-04 05:03:30,477 - INFO - Processing paper 87827594
2025-05-04 05:03:30,482 - INFO - Paper 87827594: 225 sentences, Summary: 30 sentences
2025-05-04 05:03:30,482 - INFO - Encoding 225 paper sentences
2025-05-04 05:03:30,838 - INFO - Using default tokenizer.
2025-05-04 05:03:31,047 - INFO - Paper 87827594 ROUGE-1 F1: 0.5868
2025-05-04 05:03:31,047 - INFO - Paper 87827594 ROUGE-2 F1: 0.1475
2025-05-04 05:03:31,047 - INFO - Paper 87827594 ROUGE-L F1: 0.2293
2025-05-04 05:03:31,373 - INFO - Successfully processed paper 87827594, matched 31 sentences
2025-05-04 05:03:31,373 - INFO - Processing paper 49439664
2025-05-04 05:03:31,385 - INFO - Paper 49439664: 542 sentences, Summary: 14 sentences
2025-05-04 05:03:31,385 - INFO - Encoding 542 paper sentences
2025-05-04 05:03:31,663 - INFO - Using default tokenizer.
2025-05-04 05:03:31,691 - INFO - Paper 49439664 ROUGE-1 F1: 0.5798
2025-05-04 05:03:31,691 - INFO - Paper 49439664 ROUGE-2 F1: 0.2444
2025-05-04 05:03:31,691 - INFO - Paper 49439664 ROUGE-L F1: 0.3979
2025-05-04 05:03:32,003 - INFO - Successfully processed paper 49439664, matched 21 sentences
2025-05-04 05:03:32,004 - INFO - Processing paper 11636296
2025-05-04 05:03:32,008 - INFO - Paper 11636296: 206 sentences, Summary: 29 sentences
2025-05-04 05:03:32,009 - INFO - Encoding 206 paper sentences
2025-05-04 05:03:32,328 - INFO - Using default tokenizer.
2025-05-04 05:03:32,477 - INFO - Paper 11636296 ROUGE-1 F1: 0.5447
2025-05-04 05:03:32,478 - INFO - Paper 11636296 ROUGE-2 F1: 0.2565
2025-05-04 05:03:32,478 - INFO - Paper 11636296 ROUGE-L F1: 0.3617
2025-05-04 05:03:32,908 - INFO - Successfully processed paper 11636296, matched 33 sentences
2025-05-04 05:03:32,909 - INFO - Processing paper 29474820
2025-05-04 05:03:32,913 - INFO - Paper 29474820: 180 sentences, Summary: 63 sentences
2025-05-04 05:03:32,913 - INFO - Encoding 180 paper sentences
2025-05-04 05:03:33,456 - INFO - Using default tokenizer.
2025-05-04 05:03:34,312 - INFO - Paper 29474820 ROUGE-1 F1: 0.6684
2025-05-04 05:03:34,313 - INFO - Paper 29474820 ROUGE-2 F1: 0.4015
2025-05-04 05:03:34,313 - INFO - Paper 29474820 ROUGE-L F1: 0.4636
2025-05-04 05:03:34,624 - INFO - Successfully processed paper 29474820, matched 74 sentences
2025-05-04 05:03:34,625 - INFO - Processing paper 69502658
2025-05-04 05:03:34,636 - INFO - Paper 69502658: 480 sentences, Summary: 32 sentences
2025-05-04 05:03:34,636 - INFO - Encoding 480 paper sentences
2025-05-04 05:03:35,135 - INFO - Using default tokenizer.
2025-05-04 05:03:35,378 - INFO - Paper 69502658 ROUGE-1 F1: 0.5619
2025-05-04 05:03:35,378 - INFO - Paper 69502658 ROUGE-2 F1: 0.2943
2025-05-04 05:03:35,378 - INFO - Paper 69502658 ROUGE-L F1: 0.3547
2025-05-04 05:03:35,692 - INFO - Successfully processed paper 69502658, matched 61 sentences
2025-05-04 05:03:35,692 - INFO - Processing paper 63755811
2025-05-04 05:03:35,697 - INFO - Paper 63755811: 235 sentences, Summary: 21 sentences
2025-05-04 05:03:35,697 - INFO - Encoding 235 paper sentences
2025-05-04 05:03:35,984 - INFO - Using default tokenizer.
2025-05-04 05:03:36,067 - INFO - Paper 63755811 ROUGE-1 F1: 0.5369
2025-05-04 05:03:36,067 - INFO - Paper 63755811 ROUGE-2 F1: 0.3153
2025-05-04 05:03:36,067 - INFO - Paper 63755811 ROUGE-L F1: 0.3894
2025-05-04 05:03:36,395 - INFO - Successfully processed paper 63755811, matched 25 sentences
2025-05-04 05:03:36,396 - INFO - Processing paper 72922440
2025-05-04 05:03:36,402 - INFO - Paper 72922440: 285 sentences, Summary: 45 sentences
2025-05-04 05:03:36,402 - INFO - Encoding 285 paper sentences
2025-05-04 05:03:36,899 - INFO - Using default tokenizer.
2025-05-04 05:03:37,133 - INFO - Paper 72922440 ROUGE-1 F1: 0.5209
2025-05-04 05:03:37,133 - INFO - Paper 72922440 ROUGE-2 F1: 0.1390
2025-05-04 05:03:37,133 - INFO - Paper 72922440 ROUGE-L F1: 0.2341
2025-05-04 05:03:37,433 - INFO - Successfully processed paper 72922440, matched 56 sentences
2025-05-04 05:03:37,433 - INFO - Processing paper 85839366
2025-05-04 05:03:37,450 - INFO - Paper 85839366: 443 sentences, Summary: 66 sentences
2025-05-04 05:03:37,450 - INFO - Encoding 443 paper sentences
2025-05-04 05:03:38,295 - INFO - Using default tokenizer.
2025-05-04 05:03:39,055 - INFO - Paper 85839366 ROUGE-1 F1: 0.7084
2025-05-04 05:03:39,055 - INFO - Paper 85839366 ROUGE-2 F1: 0.4001
2025-05-04 05:03:39,056 - INFO - Paper 85839366 ROUGE-L F1: 0.4554
2025-05-04 05:03:39,401 - INFO - Successfully processed paper 85839366, matched 81 sentences
2025-05-04 05:03:39,401 - INFO - Processing paper 86423785
2025-05-04 05:03:39,407 - INFO - Paper 86423785: 220 sentences, Summary: 23 sentences
2025-05-04 05:03:39,407 - INFO - Encoding 220 paper sentences
2025-05-04 05:03:39,684 - INFO - Using default tokenizer.
2025-05-04 05:03:39,870 - INFO - Paper 86423785 ROUGE-1 F1: 0.5386
2025-05-04 05:03:39,870 - INFO - Paper 86423785 ROUGE-2 F1: 0.2671
2025-05-04 05:03:39,870 - INFO - Paper 86423785 ROUGE-L F1: 0.3578
2025-05-04 05:03:40,287 - INFO - Successfully processed paper 86423785, matched 35 sentences
2025-05-04 05:03:40,288 - INFO - Processing paper 55048906
2025-05-04 05:03:40,292 - INFO - Paper 55048906: 156 sentences, Summary: 31 sentences
2025-05-04 05:03:40,292 - INFO - Encoding 156 paper sentences
2025-05-04 05:03:40,597 - INFO - Using default tokenizer.
2025-05-04 05:03:40,686 - INFO - Paper 55048906 ROUGE-1 F1: 0.4641
2025-05-04 05:03:40,686 - INFO - Paper 55048906 ROUGE-2 F1: 0.1214
2025-05-04 05:03:40,686 - INFO - Paper 55048906 ROUGE-L F1: 0.2199
2025-05-04 05:03:41,009 - INFO - Successfully processed paper 55048906, matched 31 sentences
2025-05-04 05:03:41,010 - INFO - Processing paper 73424952
2025-05-04 05:03:41,135 - INFO - Paper 73424952: 6418 sentences, Summary: 6 sentences
2025-05-04 05:03:41,135 - INFO - Encoding 6418 paper sentences
2025-05-04 05:03:43,232 - INFO - Using default tokenizer.
2025-05-04 05:03:43,239 - INFO - Paper 73424952 ROUGE-1 F1: 0.2879
2025-05-04 05:03:43,239 - INFO - Paper 73424952 ROUGE-2 F1: 0.0863
2025-05-04 05:03:43,239 - INFO - Paper 73424952 ROUGE-L F1: 0.1634
2025-05-04 05:03:43,683 - INFO - Successfully processed paper 73424952, matched 6 sentences
2025-05-04 05:03:43,684 - INFO - Processing paper 50438213
2025-05-04 05:03:43,696 - INFO - Paper 50438213: 475 sentences, Summary: 16 sentences
2025-05-04 05:03:43,696 - INFO - Encoding 475 paper sentences
2025-05-04 05:03:44,075 - INFO - Using default tokenizer.
2025-05-04 05:03:44,140 - INFO - Paper 50438213 ROUGE-1 F1: 0.5185
2025-05-04 05:03:44,140 - INFO - Paper 50438213 ROUGE-2 F1: 0.1305
2025-05-04 05:03:44,140 - INFO - Paper 50438213 ROUGE-L F1: 0.2088
2025-05-04 05:03:44,465 - INFO - Successfully processed paper 50438213, matched 19 sentences
2025-05-04 05:03:44,465 - INFO - Processing paper 12239056
2025-05-04 05:03:44,473 - INFO - Paper 12239056: 329 sentences, Summary: 75 sentences
2025-05-04 05:03:44,473 - INFO - Encoding 329 paper sentences
2025-05-04 05:03:45,240 - INFO - Using default tokenizer.
2025-05-04 05:03:45,891 - INFO - Paper 12239056 ROUGE-1 F1: 0.5564
2025-05-04 05:03:45,891 - INFO - Paper 12239056 ROUGE-2 F1: 0.1380
2025-05-04 05:03:45,891 - INFO - Paper 12239056 ROUGE-L F1: 0.2089
2025-05-04 05:03:46,235 - INFO - Successfully processed paper 12239056, matched 85 sentences
2025-05-04 05:03:46,236 - INFO - Processing paper 26515037
2025-05-04 05:03:46,252 - INFO - Paper 26515037: 171 sentences, Summary: 25 sentences
2025-05-04 05:03:46,252 - INFO - Encoding 171 paper sentences
2025-05-04 05:03:46,564 - INFO - Using default tokenizer.
2025-05-04 05:03:46,686 - INFO - Paper 26515037 ROUGE-1 F1: 0.4736
2025-05-04 05:03:46,686 - INFO - Paper 26515037 ROUGE-2 F1: 0.1722
2025-05-04 05:03:46,686 - INFO - Paper 26515037 ROUGE-L F1: 0.2474
2025-05-04 05:03:47,013 - INFO - Successfully processed paper 26515037, matched 30 sentences
2025-05-04 05:03:47,013 - INFO - Processing paper 91812941
2025-05-04 05:03:47,037 - INFO - Paper 91812941: 330 sentences, Summary: 29 sentences
2025-05-04 05:03:47,037 - INFO - Encoding 330 paper sentences
2025-05-04 05:03:47,458 - INFO - Using default tokenizer.
2025-05-04 05:03:47,622 - INFO - Paper 91812941 ROUGE-1 F1: 0.4729
2025-05-04 05:03:47,622 - INFO - Paper 91812941 ROUGE-2 F1: 0.1646
2025-05-04 05:03:47,622 - INFO - Paper 91812941 ROUGE-L F1: 0.2562
2025-05-04 05:03:47,949 - INFO - Successfully processed paper 91812941, matched 42 sentences
2025-05-04 05:03:47,950 - INFO - Processing paper 81001972
2025-05-04 05:03:47,960 - INFO - Paper 81001972: 511 sentences, Summary: 48 sentences
2025-05-04 05:03:47,960 - INFO - Encoding 511 paper sentences
2025-05-04 05:03:48,660 - INFO - Using default tokenizer.
2025-05-04 05:03:49,518 - INFO - Paper 81001972 ROUGE-1 F1: 0.5514
2025-05-04 05:03:49,518 - INFO - Paper 81001972 ROUGE-2 F1: 0.3402
2025-05-04 05:03:49,518 - INFO - Paper 81001972 ROUGE-L F1: 0.3680
2025-05-04 05:03:49,887 - INFO - Successfully processed paper 81001972, matched 95 sentences
2025-05-04 05:03:49,888 - INFO - Processing paper 16057781
2025-05-04 05:03:49,894 - INFO - Paper 16057781: 270 sentences, Summary: 35 sentences
2025-05-04 05:03:49,894 - INFO - Encoding 270 paper sentences
2025-05-04 05:03:50,295 - INFO - Using default tokenizer.
2025-05-04 05:03:50,581 - INFO - Paper 16057781 ROUGE-1 F1: 0.5018
2025-05-04 05:03:50,581 - INFO - Paper 16057781 ROUGE-2 F1: 0.2043
2025-05-04 05:03:50,581 - INFO - Paper 16057781 ROUGE-L F1: 0.2715
2025-05-04 05:03:50,892 - INFO - Successfully processed paper 16057781, matched 46 sentences
2025-05-04 05:03:50,892 - INFO - Processing paper 66883240
2025-05-04 05:03:50,903 - INFO - Paper 66883240: 476 sentences, Summary: 38 sentences
2025-05-04 05:03:50,903 - INFO - Encoding 476 paper sentences
2025-05-04 05:03:51,509 - INFO - Using default tokenizer.
2025-05-04 05:03:51,790 - INFO - Paper 66883240 ROUGE-1 F1: 0.5189
2025-05-04 05:03:51,790 - INFO - Paper 66883240 ROUGE-2 F1: 0.2385
2025-05-04 05:03:51,790 - INFO - Paper 66883240 ROUGE-L F1: 0.3190
2025-05-04 05:03:52,140 - INFO - Successfully processed paper 66883240, matched 52 sentences
2025-05-04 05:03:52,141 - INFO - Processing paper 65595064
2025-05-04 05:03:52,149 - INFO - Paper 65595064: 375 sentences, Summary: 50 sentences
2025-05-04 05:03:52,149 - INFO - Encoding 375 paper sentences
2025-05-04 05:03:52,782 - INFO - Using default tokenizer.
2025-05-04 05:03:53,635 - INFO - Paper 65595064 ROUGE-1 F1: 0.6281
2025-05-04 05:03:53,635 - INFO - Paper 65595064 ROUGE-2 F1: 0.3553
2025-05-04 05:03:53,635 - INFO - Paper 65595064 ROUGE-L F1: 0.4091
2025-05-04 05:03:53,967 - INFO - Successfully processed paper 65595064, matched 77 sentences
2025-05-04 05:03:53,968 - INFO - Processing paper 74164301
2025-05-04 05:03:53,977 - INFO - Paper 74164301: 208 sentences, Summary: 24 sentences
2025-05-04 05:03:53,977 - INFO - Encoding 208 paper sentences
2025-05-04 05:03:54,259 - INFO - Using default tokenizer.
2025-05-04 05:03:54,376 - INFO - Paper 74164301 ROUGE-1 F1: 0.4956
2025-05-04 05:03:54,376 - INFO - Paper 74164301 ROUGE-2 F1: 0.1957
2025-05-04 05:03:54,376 - INFO - Paper 74164301 ROUGE-L F1: 0.2573
2025-05-04 05:03:54,706 - INFO - Successfully processed paper 74164301, matched 32 sentences
2025-05-04 05:03:54,706 - INFO - Processing paper 30485653
2025-05-04 05:03:54,711 - INFO - Paper 30485653: 157 sentences, Summary: 70 sentences
2025-05-04 05:03:54,711 - INFO - Encoding 157 paper sentences
2025-05-04 05:03:55,280 - INFO - Using default tokenizer.
2025-05-04 05:03:55,891 - INFO - Paper 30485653 ROUGE-1 F1: 0.4483
2025-05-04 05:03:55,891 - INFO - Paper 30485653 ROUGE-2 F1: 0.1319
2025-05-04 05:03:55,891 - INFO - Paper 30485653 ROUGE-L F1: 0.2101
2025-05-04 05:03:56,243 - INFO - Successfully processed paper 30485653, matched 74 sentences
2025-05-04 05:03:56,244 - INFO - Processing paper 33126132
2025-05-04 05:03:56,269 - INFO - Paper 33126132: 373 sentences, Summary: 38 sentences
2025-05-04 05:03:56,270 - INFO - Encoding 373 paper sentences
2025-05-04 05:03:56,828 - INFO - Using default tokenizer.
2025-05-04 05:03:57,219 - INFO - Paper 33126132 ROUGE-1 F1: 0.6261
2025-05-04 05:03:57,219 - INFO - Paper 33126132 ROUGE-2 F1: 0.3348
2025-05-04 05:03:57,219 - INFO - Paper 33126132 ROUGE-L F1: 0.3694
2025-05-04 05:03:57,557 - INFO - Successfully processed paper 33126132, matched 48 sentences
2025-05-04 05:03:57,557 - INFO - Processing paper 97980035
2025-05-04 05:03:57,567 - INFO - Paper 97980035: 335 sentences, Summary: 22 sentences
2025-05-04 05:03:57,567 - INFO - Encoding 335 paper sentences
2025-05-04 05:03:57,874 - INFO - Using default tokenizer.
2025-05-04 05:03:58,006 - INFO - Paper 97980035 ROUGE-1 F1: 0.5795
2025-05-04 05:03:58,006 - INFO - Paper 97980035 ROUGE-2 F1: 0.3458
2025-05-04 05:03:58,006 - INFO - Paper 97980035 ROUGE-L F1: 0.4183
2025-05-04 05:03:58,392 - INFO - Successfully processed paper 97980035, matched 32 sentences
2025-05-04 05:03:58,393 - INFO - Processing paper 93195231
2025-05-04 05:03:58,415 - INFO - Paper 93195231: 222 sentences, Summary: 62 sentences
2025-05-04 05:03:58,415 - INFO - Encoding 222 paper sentences
2025-05-04 05:03:59,021 - INFO - Using default tokenizer.
2025-05-04 05:04:00,229 - INFO - Paper 93195231 ROUGE-1 F1: 0.5452
2025-05-04 05:04:00,230 - INFO - Paper 93195231 ROUGE-2 F1: 0.2436
2025-05-04 05:04:00,230 - INFO - Paper 93195231 ROUGE-L F1: 0.2746
2025-05-04 05:04:00,631 - INFO - Successfully processed paper 93195231, matched 91 sentences
2025-05-04 05:04:00,632 - INFO - Processing paper 79305631
2025-05-04 05:04:00,655 - INFO - Paper 79305631: 222 sentences, Summary: 59 sentences
2025-05-04 05:04:00,656 - INFO - Encoding 222 paper sentences
2025-05-04 05:04:01,232 - INFO - Using default tokenizer.
2025-05-04 05:04:01,992 - INFO - Paper 79305631 ROUGE-1 F1: 0.6637
2025-05-04 05:04:01,992 - INFO - Paper 79305631 ROUGE-2 F1: 0.3778
2025-05-04 05:04:01,992 - INFO - Paper 79305631 ROUGE-L F1: 0.4311
2025-05-04 05:04:02,356 - INFO - Successfully processed paper 79305631, matched 84 sentences
2025-05-04 05:04:02,356 - INFO - Processing paper 57983162
2025-05-04 05:04:02,365 - INFO - Paper 57983162: 204 sentences, Summary: 44 sentences
2025-05-04 05:04:02,365 - INFO - Encoding 204 paper sentences
2025-05-04 05:04:02,803 - INFO - Using default tokenizer.
2025-05-04 05:04:03,072 - INFO - Paper 57983162 ROUGE-1 F1: 0.4955
2025-05-04 05:04:03,072 - INFO - Paper 57983162 ROUGE-2 F1: 0.1304
2025-05-04 05:04:03,072 - INFO - Paper 57983162 ROUGE-L F1: 0.2007
2025-05-04 05:04:03,441 - INFO - Successfully processed paper 57983162, matched 51 sentences
2025-05-04 05:04:03,441 - INFO - Processing paper 22744554
2025-05-04 05:04:03,448 - INFO - Paper 22744554: 216 sentences, Summary: 49 sentences
2025-05-04 05:04:03,449 - INFO - Encoding 216 paper sentences
2025-05-04 05:04:03,916 - INFO - Using default tokenizer.
2025-05-04 05:04:04,431 - INFO - Paper 22744554 ROUGE-1 F1: 0.5944
2025-05-04 05:04:04,431 - INFO - Paper 22744554 ROUGE-2 F1: 0.2634
2025-05-04 05:04:04,431 - INFO - Paper 22744554 ROUGE-L F1: 0.3296
2025-05-04 05:04:04,765 - INFO - Successfully processed paper 22744554, matched 62 sentences
2025-05-04 05:04:04,765 - INFO - Processing paper 5550259
2025-05-04 05:04:04,779 - INFO - Paper 5550259: 657 sentences, Summary: 53 sentences
2025-05-04 05:04:04,779 - INFO - Encoding 657 paper sentences
2025-05-04 05:04:05,673 - INFO - Using default tokenizer.
2025-05-04 05:04:06,343 - INFO - Paper 5550259 ROUGE-1 F1: 0.6910
2025-05-04 05:04:06,344 - INFO - Paper 5550259 ROUGE-2 F1: 0.3385
2025-05-04 05:04:06,344 - INFO - Paper 5550259 ROUGE-L F1: 0.3960
2025-05-04 05:04:06,752 - INFO - Successfully processed paper 5550259, matched 76 sentences
2025-05-04 05:04:06,753 - INFO - Skipping 43813190 - not in valid IDs
2025-05-04 05:04:06,753 - INFO - Processing paper 187460
2025-05-04 05:04:06,783 - INFO - Paper 187460: 390 sentences, Summary: 26 sentences
2025-05-04 05:04:06,783 - INFO - Encoding 390 paper sentences
2025-05-04 05:04:07,172 - INFO - Using default tokenizer.
2025-05-04 05:04:07,504 - INFO - Paper 187460 ROUGE-1 F1: 0.6215
2025-05-04 05:04:07,504 - INFO - Paper 187460 ROUGE-2 F1: 0.4307
2025-05-04 05:04:07,504 - INFO - Paper 187460 ROUGE-L F1: 0.4322
2025-05-04 05:04:07,839 - INFO - Successfully processed paper 187460, matched 51 sentences
2025-05-04 05:04:07,839 - INFO - Processing paper 91325283
2025-05-04 05:04:07,844 - INFO - Paper 91325283: 244 sentences, Summary: 40 sentences
2025-05-04 05:04:07,845 - INFO - Encoding 244 paper sentences
2025-05-04 05:04:08,290 - INFO - Using default tokenizer.
2025-05-04 05:04:08,587 - INFO - Paper 91325283 ROUGE-1 F1: 0.5115
2025-05-04 05:04:08,587 - INFO - Paper 91325283 ROUGE-2 F1: 0.2340
2025-05-04 05:04:08,587 - INFO - Paper 91325283 ROUGE-L F1: 0.3208
2025-05-04 05:04:08,922 - INFO - Successfully processed paper 91325283, matched 62 sentences
2025-05-04 05:04:08,923 - INFO - Processing paper 51116334
2025-05-04 05:04:08,927 - INFO - Paper 51116334: 187 sentences, Summary: 59 sentences
2025-05-04 05:04:08,927 - INFO - Encoding 187 paper sentences
2025-05-04 05:04:09,463 - INFO - Using default tokenizer.
2025-05-04 05:04:09,904 - INFO - Paper 51116334 ROUGE-1 F1: 0.5399
2025-05-04 05:04:09,904 - INFO - Paper 51116334 ROUGE-2 F1: 0.1338
2025-05-04 05:04:09,904 - INFO - Paper 51116334 ROUGE-L F1: 0.2262
2025-05-04 05:04:10,250 - INFO - Successfully processed paper 51116334, matched 60 sentences
2025-05-04 05:04:10,251 - INFO - Processing paper 88969640
2025-05-04 05:04:10,257 - INFO - Paper 88969640: 272 sentences, Summary: 18 sentences
2025-05-04 05:04:10,257 - INFO - Encoding 272 paper sentences
2025-05-04 05:04:10,574 - INFO - Using default tokenizer.
2025-05-04 05:04:10,652 - INFO - Paper 88969640 ROUGE-1 F1: 0.4812
2025-05-04 05:04:10,652 - INFO - Paper 88969640 ROUGE-2 F1: 0.1628
2025-05-04 05:04:10,652 - INFO - Paper 88969640 ROUGE-L F1: 0.2558
2025-05-04 05:04:11,022 - INFO - Successfully processed paper 88969640, matched 21 sentences
2025-05-04 05:04:11,022 - INFO - Skipping 60641106 - not in valid IDs
2025-05-04 05:04:11,022 - INFO - Processing paper 36272485
2025-05-04 05:04:11,028 - INFO - Paper 36272485: 262 sentences, Summary: 38 sentences
2025-05-04 05:04:11,028 - INFO - Encoding 262 paper sentences
2025-05-04 05:04:11,481 - INFO - Using default tokenizer.
2025-05-04 05:04:11,738 - INFO - Paper 36272485 ROUGE-1 F1: 0.3946
2025-05-04 05:04:11,738 - INFO - Paper 36272485 ROUGE-2 F1: 0.1104
2025-05-04 05:04:11,738 - INFO - Paper 36272485 ROUGE-L F1: 0.1917
2025-05-04 05:04:12,095 - INFO - Successfully processed paper 36272485, matched 41 sentences
2025-05-04 05:04:12,095 - INFO - Processing paper 59320034
2025-05-04 05:04:12,101 - INFO - Paper 59320034: 260 sentences, Summary: 26 sentences
2025-05-04 05:04:12,101 - INFO - Encoding 260 paper sentences
2025-05-04 05:04:12,484 - INFO - Using default tokenizer.
2025-05-04 05:04:12,740 - INFO - Paper 59320034 ROUGE-1 F1: 0.4571
2025-05-04 05:04:12,740 - INFO - Paper 59320034 ROUGE-2 F1: 0.1781
2025-05-04 05:04:12,740 - INFO - Paper 59320034 ROUGE-L F1: 0.2420
2025-05-04 05:04:13,227 - INFO - Successfully processed paper 59320034, matched 38 sentences
2025-05-04 05:04:13,240 - INFO - Processing paper 18322264
2025-05-04 05:04:13,245 - INFO - Paper 18322264: 225 sentences, Summary: 22 sentences
2025-05-04 05:04:13,245 - INFO - Encoding 225 paper sentences
2025-05-04 05:04:13,515 - INFO - Using default tokenizer.
2025-05-04 05:04:13,593 - INFO - Paper 18322264 ROUGE-1 F1: 0.5554
2025-05-04 05:04:13,593 - INFO - Paper 18322264 ROUGE-2 F1: 0.1947
2025-05-04 05:04:13,593 - INFO - Paper 18322264 ROUGE-L F1: 0.2999
2025-05-04 05:04:13,970 - INFO - Successfully processed paper 18322264, matched 24 sentences
2025-05-04 05:04:13,970 - INFO - Processing paper 87885377
2025-05-04 05:04:13,975 - INFO - Paper 87885377: 207 sentences, Summary: 38 sentences
2025-05-04 05:04:13,975 - INFO - Encoding 207 paper sentences
2025-05-04 05:04:14,338 - INFO - Using default tokenizer.
2025-05-04 05:04:14,771 - INFO - Paper 87885377 ROUGE-1 F1: 0.5663
2025-05-04 05:04:14,771 - INFO - Paper 87885377 ROUGE-2 F1: 0.2611
2025-05-04 05:04:14,771 - INFO - Paper 87885377 ROUGE-L F1: 0.3160
2025-05-04 05:04:15,128 - INFO - Successfully processed paper 87885377, matched 70 sentences
2025-05-04 05:04:15,129 - INFO - Processing paper 84548548
2025-05-04 05:04:15,149 - INFO - Paper 84548548: 386 sentences, Summary: 38 sentences
2025-05-04 05:04:15,150 - INFO - Encoding 386 paper sentences
2025-05-04 05:04:15,681 - INFO - Using default tokenizer.
2025-05-04 05:04:15,991 - INFO - Paper 84548548 ROUGE-1 F1: 0.5930
2025-05-04 05:04:15,991 - INFO - Paper 84548548 ROUGE-2 F1: 0.3253
2025-05-04 05:04:15,991 - INFO - Paper 84548548 ROUGE-L F1: 0.3890
2025-05-04 05:04:16,340 - INFO - Successfully processed paper 84548548, matched 55 sentences
2025-05-04 05:04:16,340 - INFO - Processing paper 23942242
2025-05-04 05:04:16,345 - INFO - Paper 23942242: 240 sentences, Summary: 43 sentences
2025-05-04 05:04:16,345 - INFO - Encoding 240 paper sentences
2025-05-04 05:04:16,796 - INFO - Using default tokenizer.
2025-05-04 05:04:17,687 - INFO - Paper 23942242 ROUGE-1 F1: 0.5894
2025-05-04 05:04:17,687 - INFO - Paper 23942242 ROUGE-2 F1: 0.3498
2025-05-04 05:04:17,688 - INFO - Paper 23942242 ROUGE-L F1: 0.3675
2025-05-04 05:04:18,026 - INFO - Successfully processed paper 23942242, matched 74 sentences
2025-05-04 05:04:18,026 - INFO - Processing paper 61360879
2025-05-04 05:04:18,031 - INFO - Paper 61360879: 189 sentences, Summary: 28 sentences
2025-05-04 05:04:18,031 - INFO - Encoding 189 paper sentences
2025-05-04 05:04:18,370 - INFO - Using default tokenizer.
2025-05-04 05:04:18,628 - INFO - Paper 61360879 ROUGE-1 F1: 0.5323
2025-05-04 05:04:18,628 - INFO - Paper 61360879 ROUGE-2 F1: 0.1925
2025-05-04 05:04:18,629 - INFO - Paper 61360879 ROUGE-L F1: 0.2238
2025-05-04 05:04:18,987 - INFO - Successfully processed paper 61360879, matched 42 sentences
2025-05-04 05:04:18,987 - INFO - Processing paper 44210578
2025-05-04 05:04:18,990 - INFO - Paper 44210578: 100 sentences, Summary: 30 sentences
2025-05-04 05:04:18,990 - INFO - Encoding 100 paper sentences
2025-05-04 05:04:19,240 - INFO - Using default tokenizer.
2025-05-04 05:04:19,556 - INFO - Paper 44210578 ROUGE-1 F1: 0.4563
2025-05-04 05:04:19,556 - INFO - Paper 44210578 ROUGE-2 F1: 0.1666
2025-05-04 05:04:19,556 - INFO - Paper 44210578 ROUGE-L F1: 0.2440
2025-05-04 05:04:20,016 - INFO - Successfully processed paper 44210578, matched 70 sentences
2025-05-04 05:04:20,017 - INFO - Processing paper 44148071
2025-05-04 05:04:20,058 - INFO - Paper 44148071: 812 sentences, Summary: 35 sentences
2025-05-04 05:04:20,058 - INFO - Encoding 812 paper sentences
2025-05-04 05:04:20,901 - INFO - Using default tokenizer.
2025-05-04 05:04:21,262 - INFO - Paper 44148071 ROUGE-1 F1: 0.5204
2025-05-04 05:04:21,262 - INFO - Paper 44148071 ROUGE-2 F1: 0.2136
2025-05-04 05:04:21,262 - INFO - Paper 44148071 ROUGE-L F1: 0.2597
2025-05-04 05:04:21,641 - INFO - Successfully processed paper 44148071, matched 50 sentences
2025-05-04 05:04:21,641 - INFO - Processing paper 6726365
2025-05-04 05:04:21,648 - INFO - Paper 6726365: 336 sentences, Summary: 28 sentences
2025-05-04 05:04:21,649 - INFO - Encoding 336 paper sentences
2025-05-04 05:04:22,032 - INFO - Using default tokenizer.
2025-05-04 05:04:22,178 - INFO - Paper 6726365 ROUGE-1 F1: 0.3712
2025-05-04 05:04:22,178 - INFO - Paper 6726365 ROUGE-2 F1: 0.0728
2025-05-04 05:04:22,178 - INFO - Paper 6726365 ROUGE-L F1: 0.1606
2025-05-04 05:04:22,499 - INFO - Successfully processed paper 6726365, matched 28 sentences
2025-05-04 05:04:22,499 - INFO - Processing paper 63188694
2025-05-04 05:04:22,506 - INFO - Paper 63188694: 322 sentences, Summary: 59 sentences
2025-05-04 05:04:22,506 - INFO - Encoding 322 paper sentences
2025-05-04 05:04:23,156 - INFO - Using default tokenizer.
2025-05-04 05:04:24,642 - INFO - Paper 63188694 ROUGE-1 F1: 0.5256
2025-05-04 05:04:24,642 - INFO - Paper 63188694 ROUGE-2 F1: 0.3301
2025-05-04 05:04:24,642 - INFO - Paper 63188694 ROUGE-L F1: 0.3490
2025-05-04 05:04:25,007 - INFO - Successfully processed paper 63188694, matched 135 sentences
2025-05-04 05:04:25,007 - INFO - Processing paper 91451160
2025-05-04 05:04:25,051 - INFO - Paper 91451160: 677 sentences, Summary: 39 sentences
2025-05-04 05:04:25,051 - INFO - Encoding 677 paper sentences
2025-05-04 05:04:25,766 - INFO - Using default tokenizer.
2025-05-04 05:04:26,194 - INFO - Paper 91451160 ROUGE-1 F1: 0.6271
2025-05-04 05:04:26,194 - INFO - Paper 91451160 ROUGE-2 F1: 0.4016
2025-05-04 05:04:26,194 - INFO - Paper 91451160 ROUGE-L F1: 0.4526
2025-05-04 05:04:26,556 - INFO - Successfully processed paper 91451160, matched 64 sentences
2025-05-04 05:04:26,557 - INFO - Processing paper 57228237
2025-05-04 05:04:26,567 - INFO - Paper 57228237: 501 sentences, Summary: 19 sentences
2025-05-04 05:04:26,567 - INFO - Encoding 501 paper sentences
2025-05-04 05:04:27,002 - INFO - Using default tokenizer.
2025-05-04 05:04:27,150 - INFO - Paper 57228237 ROUGE-1 F1: 0.4970
2025-05-04 05:04:27,150 - INFO - Paper 57228237 ROUGE-2 F1: 0.2451
2025-05-04 05:04:27,150 - INFO - Paper 57228237 ROUGE-L F1: 0.3168
2025-05-04 05:04:27,500 - INFO - Successfully processed paper 57228237, matched 28 sentences
2025-05-04 05:04:27,500 - INFO - Processing paper 6827132
2025-05-04 05:04:27,508 - INFO - Paper 6827132: 379 sentences, Summary: 37 sentences
2025-05-04 05:04:27,508 - INFO - Encoding 379 paper sentences
2025-05-04 05:04:28,049 - INFO - Using default tokenizer.
2025-05-04 05:04:28,657 - INFO - Paper 6827132 ROUGE-1 F1: 0.5262
2025-05-04 05:04:28,657 - INFO - Paper 6827132 ROUGE-2 F1: 0.2870
2025-05-04 05:04:28,658 - INFO - Paper 6827132 ROUGE-L F1: 0.3470
2025-05-04 05:04:29,046 - INFO - Successfully processed paper 6827132, matched 56 sentences
2025-05-04 05:04:29,046 - INFO - Skipping 70176908 - not in valid IDs
2025-05-04 05:04:29,046 - INFO - Processing paper 65102009
2025-05-04 05:04:29,053 - INFO - Paper 65102009: 312 sentences, Summary: 33 sentences
2025-05-04 05:04:29,054 - INFO - Encoding 312 paper sentences
2025-05-04 05:04:29,482 - INFO - Using default tokenizer.
2025-05-04 05:04:29,684 - INFO - Paper 65102009 ROUGE-1 F1: 0.5516
2025-05-04 05:04:29,684 - INFO - Paper 65102009 ROUGE-2 F1: 0.2464
2025-05-04 05:04:29,684 - INFO - Paper 65102009 ROUGE-L F1: 0.3340
2025-05-04 05:04:30,153 - INFO - Successfully processed paper 65102009, matched 42 sentences
2025-05-04 05:04:30,154 - INFO - Processing paper 62302416
2025-05-04 05:04:30,163 - INFO - Paper 62302416: 363 sentences, Summary: 35 sentences
2025-05-04 05:04:30,163 - INFO - Encoding 363 paper sentences
2025-05-04 05:04:30,698 - INFO - Using default tokenizer.
2025-05-04 05:04:30,852 - INFO - Paper 62302416 ROUGE-1 F1: 0.4750
2025-05-04 05:04:30,853 - INFO - Paper 62302416 ROUGE-2 F1: 0.0974
2025-05-04 05:04:30,853 - INFO - Paper 62302416 ROUGE-L F1: 0.1889
2025-05-04 05:04:31,241 - INFO - Successfully processed paper 62302416, matched 37 sentences
2025-05-04 05:04:31,241 - INFO - Processing paper 60887948
2025-05-04 05:04:31,247 - INFO - Paper 60887948: 222 sentences, Summary: 29 sentences
2025-05-04 05:04:31,247 - INFO - Encoding 222 paper sentences
2025-05-04 05:04:31,583 - INFO - Using default tokenizer.
2025-05-04 05:04:31,758 - INFO - Paper 60887948 ROUGE-1 F1: 0.5834
2025-05-04 05:04:31,758 - INFO - Paper 60887948 ROUGE-2 F1: 0.2393
2025-05-04 05:04:31,758 - INFO - Paper 60887948 ROUGE-L F1: 0.3231
2025-05-04 05:04:32,135 - INFO - Successfully processed paper 60887948, matched 35 sentences
2025-05-04 05:04:32,136 - INFO - Processing paper 99295545
2025-05-04 05:04:32,140 - INFO - Paper 99295545: 100 sentences, Summary: 12 sentences
2025-05-04 05:04:32,141 - INFO - Encoding 100 paper sentences
2025-05-04 05:04:32,275 - INFO - Using default tokenizer.
2025-05-04 05:04:32,298 - INFO - Paper 99295545 ROUGE-1 F1: 0.4851
2025-05-04 05:04:32,298 - INFO - Paper 99295545 ROUGE-2 F1: 0.1916
2025-05-04 05:04:32,298 - INFO - Paper 99295545 ROUGE-L F1: 0.3141
2025-05-04 05:04:32,661 - INFO - Successfully processed paper 99295545, matched 16 sentences
2025-05-04 05:04:32,661 - INFO - Processing paper 80004741
2025-05-04 05:04:32,666 - INFO - Paper 80004741: 260 sentences, Summary: 11 sentences
2025-05-04 05:04:32,666 - INFO - Encoding 260 paper sentences
2025-05-04 05:04:32,896 - INFO - Using default tokenizer.
2025-05-04 05:04:32,908 - INFO - Paper 80004741 ROUGE-1 F1: 0.4402
2025-05-04 05:04:32,908 - INFO - Paper 80004741 ROUGE-2 F1: 0.0874
2025-05-04 05:04:32,908 - INFO - Paper 80004741 ROUGE-L F1: 0.2174
2025-05-04 05:04:33,265 - INFO - Successfully processed paper 80004741, matched 17 sentences
2025-05-04 05:04:33,265 - INFO - Processing paper 26955055
2025-05-04 05:04:33,286 - INFO - Paper 26955055: 260 sentences, Summary: 21 sentences
2025-05-04 05:04:33,286 - INFO - Encoding 260 paper sentences
2025-05-04 05:04:33,631 - INFO - Using default tokenizer.
2025-05-04 05:04:33,731 - INFO - Paper 26955055 ROUGE-1 F1: 0.4259
2025-05-04 05:04:33,731 - INFO - Paper 26955055 ROUGE-2 F1: 0.0685
2025-05-04 05:04:33,731 - INFO - Paper 26955055 ROUGE-L F1: 0.1718
2025-05-04 05:04:34,088 - INFO - Successfully processed paper 26955055, matched 21 sentences
2025-05-04 05:04:34,089 - INFO - Processing paper 5674972
2025-05-04 05:04:34,108 - INFO - Paper 5674972: 375 sentences, Summary: 21 sentences
2025-05-04 05:04:34,108 - INFO - Encoding 375 paper sentences
2025-05-04 05:04:34,442 - INFO - Using default tokenizer.
2025-05-04 05:04:34,554 - INFO - Paper 5674972 ROUGE-1 F1: 0.4774
2025-05-04 05:04:34,554 - INFO - Paper 5674972 ROUGE-2 F1: 0.1393
2025-05-04 05:04:34,554 - INFO - Paper 5674972 ROUGE-L F1: 0.2529
2025-05-04 05:04:34,910 - INFO - Successfully processed paper 5674972, matched 34 sentences
2025-05-04 05:04:34,910 - INFO - Processing paper 85853580
2025-05-04 05:04:34,914 - INFO - Paper 85853580: 183 sentences, Summary: 21 sentences
2025-05-04 05:04:34,914 - INFO - Encoding 183 paper sentences
2025-05-04 05:04:35,166 - INFO - Using default tokenizer.
2025-05-04 05:04:35,296 - INFO - Paper 85853580 ROUGE-1 F1: 0.4741
2025-05-04 05:04:35,296 - INFO - Paper 85853580 ROUGE-2 F1: 0.1179
2025-05-04 05:04:35,296 - INFO - Paper 85853580 ROUGE-L F1: 0.1931
2025-05-04 05:04:35,697 - INFO - Successfully processed paper 85853580, matched 28 sentences
2025-05-04 05:04:35,698 - INFO - Processing paper 59277766
2025-05-04 05:04:35,714 - INFO - Paper 59277766: 335 sentences, Summary: 38 sentences
2025-05-04 05:04:35,714 - INFO - Encoding 335 paper sentences
2025-05-04 05:04:36,149 - INFO - Using default tokenizer.
2025-05-04 05:04:36,434 - INFO - Paper 59277766 ROUGE-1 F1: 0.7156
2025-05-04 05:04:36,435 - INFO - Paper 59277766 ROUGE-2 F1: 0.4397
2025-05-04 05:04:36,435 - INFO - Paper 59277766 ROUGE-L F1: 0.5078
2025-05-04 05:04:36,805 - INFO - Successfully processed paper 59277766, matched 43 sentences
2025-05-04 05:04:36,806 - INFO - Processing paper 69976012
2025-05-04 05:04:36,816 - INFO - Paper 69976012: 442 sentences, Summary: 28 sentences
2025-05-04 05:04:36,816 - INFO - Encoding 442 paper sentences
2025-05-04 05:04:37,280 - INFO - Using default tokenizer.
2025-05-04 05:04:37,405 - INFO - Paper 69976012 ROUGE-1 F1: 0.5946
2025-05-04 05:04:37,405 - INFO - Paper 69976012 ROUGE-2 F1: 0.2370
2025-05-04 05:04:37,405 - INFO - Paper 69976012 ROUGE-L F1: 0.3028
2025-05-04 05:04:37,822 - INFO - Successfully processed paper 69976012, matched 35 sentences
2025-05-04 05:04:37,823 - INFO - Processing paper 50388820
2025-05-04 05:04:37,862 - INFO - Paper 50388820: 519 sentences, Summary: 64 sentences
2025-05-04 05:04:37,863 - INFO - Encoding 519 paper sentences
2025-05-04 05:04:38,799 - INFO - Using default tokenizer.
2025-05-04 05:04:40,432 - INFO - Paper 50388820 ROUGE-1 F1: 0.4811
2025-05-04 05:04:40,432 - INFO - Paper 50388820 ROUGE-2 F1: 0.2927
2025-05-04 05:04:40,432 - INFO - Paper 50388820 ROUGE-L F1: 0.3150
2025-05-04 05:04:40,811 - INFO - Successfully processed paper 50388820, matched 166 sentences
2025-05-04 05:04:40,811 - INFO - Processing paper 68642594
2025-05-04 05:04:40,828 - INFO - Paper 68642594: 615 sentences, Summary: 38 sentences
2025-05-04 05:04:40,828 - INFO - Encoding 615 paper sentences
2025-05-04 05:04:41,475 - INFO - Using default tokenizer.
2025-05-04 05:04:41,721 - INFO - Paper 68642594 ROUGE-1 F1: 0.3328
2025-05-04 05:04:41,721 - INFO - Paper 68642594 ROUGE-2 F1: 0.0438
2025-05-04 05:04:41,721 - INFO - Paper 68642594 ROUGE-L F1: 0.1445
2025-05-04 05:04:42,136 - INFO - Successfully processed paper 68642594, matched 40 sentences
2025-05-04 05:04:42,136 - INFO - Processing paper 89853012
2025-05-04 05:04:42,153 - INFO - Paper 89853012: 220 sentences, Summary: 46 sentences
2025-05-04 05:04:42,153 - INFO - Encoding 220 paper sentences
2025-05-04 05:04:42,604 - INFO - Using default tokenizer.
2025-05-04 05:04:42,833 - INFO - Paper 89853012 ROUGE-1 F1: 0.3748
2025-05-04 05:04:42,834 - INFO - Paper 89853012 ROUGE-2 F1: 0.0526
2025-05-04 05:04:42,834 - INFO - Paper 89853012 ROUGE-L F1: 0.1494
2025-05-04 05:04:43,217 - INFO - Successfully processed paper 89853012, matched 46 sentences
2025-05-04 05:04:43,217 - INFO - Processing paper 4830217
2025-05-04 05:04:43,230 - INFO - Paper 4830217: 453 sentences, Summary: 43 sentences
2025-05-04 05:04:43,230 - INFO - Encoding 453 paper sentences
2025-05-04 05:04:43,856 - INFO - Using default tokenizer.
2025-05-04 05:04:44,495 - INFO - Paper 4830217 ROUGE-1 F1: 0.7571
2025-05-04 05:04:44,495 - INFO - Paper 4830217 ROUGE-2 F1: 0.5709
2025-05-04 05:04:44,495 - INFO - Paper 4830217 ROUGE-L F1: 0.6026
2025-05-04 05:04:44,869 - INFO - Successfully processed paper 4830217, matched 57 sentences
2025-05-04 05:04:44,870 - INFO - Processing paper 22127536
2025-05-04 05:04:44,878 - INFO - Paper 22127536: 110 sentences, Summary: 18 sentences
2025-05-04 05:04:44,879 - INFO - Encoding 110 paper sentences
2025-05-04 05:04:45,060 - INFO - Using default tokenizer.
2025-05-04 05:04:45,179 - INFO - Paper 22127536 ROUGE-1 F1: 0.4803
2025-05-04 05:04:45,179 - INFO - Paper 22127536 ROUGE-2 F1: 0.2707
2025-05-04 05:04:45,179 - INFO - Paper 22127536 ROUGE-L F1: 0.3429
2025-05-04 05:04:45,543 - INFO - Successfully processed paper 22127536, matched 30 sentences
2025-05-04 05:04:45,543 - INFO - Processing paper 89628084
2025-05-04 05:04:45,551 - INFO - Paper 89628084: 299 sentences, Summary: 63 sentences
2025-05-04 05:04:45,551 - INFO - Encoding 299 paper sentences
2025-05-04 05:04:46,218 - INFO - Using default tokenizer.
2025-05-04 05:04:47,239 - INFO - Paper 89628084 ROUGE-1 F1: 0.6138
2025-05-04 05:04:47,239 - INFO - Paper 89628084 ROUGE-2 F1: 0.3019
2025-05-04 05:04:47,239 - INFO - Paper 89628084 ROUGE-L F1: 0.3474
2025-05-04 05:04:47,644 - INFO - Successfully processed paper 89628084, matched 94 sentences
2025-05-04 05:04:47,644 - INFO - Processing paper 21532550
2025-05-04 05:04:47,650 - INFO - Paper 21532550: 244 sentences, Summary: 10 sentences
2025-05-04 05:04:47,650 - INFO - Encoding 244 paper sentences
2025-05-04 05:04:47,837 - INFO - Using default tokenizer.
2025-05-04 05:04:47,863 - INFO - Paper 21532550 ROUGE-1 F1: 0.4831
2025-05-04 05:04:47,863 - INFO - Paper 21532550 ROUGE-2 F1: 0.1165
2025-05-04 05:04:47,863 - INFO - Paper 21532550 ROUGE-L F1: 0.2247
2025-05-04 05:04:48,235 - INFO - Successfully processed paper 21532550, matched 10 sentences
2025-05-04 05:04:48,235 - INFO - Processing paper 29703573
2025-05-04 05:04:48,240 - INFO - Paper 29703573: 186 sentences, Summary: 49 sentences
2025-05-04 05:04:48,240 - INFO - Encoding 186 paper sentences
2025-05-04 05:04:48,728 - INFO - Using default tokenizer.
2025-05-04 05:04:49,521 - INFO - Paper 29703573 ROUGE-1 F1: 0.5618
2025-05-04 05:04:49,522 - INFO - Paper 29703573 ROUGE-2 F1: 0.2668
2025-05-04 05:04:49,522 - INFO - Paper 29703573 ROUGE-L F1: 0.3064
2025-05-04 05:04:49,983 - INFO - Successfully processed paper 29703573, matched 61 sentences
2025-05-04 05:04:49,983 - INFO - Processing paper 11112277
2025-05-04 05:04:49,989 - INFO - Paper 11112277: 263 sentences, Summary: 51 sentences
2025-05-04 05:04:49,989 - INFO - Encoding 263 paper sentences
2025-05-04 05:04:50,516 - INFO - Using default tokenizer.
2025-05-04 05:04:51,271 - INFO - Paper 11112277 ROUGE-1 F1: 0.6035
2025-05-04 05:04:51,271 - INFO - Paper 11112277 ROUGE-2 F1: 0.2181
2025-05-04 05:04:51,271 - INFO - Paper 11112277 ROUGE-L F1: 0.2755
2025-05-04 05:04:51,635 - INFO - Successfully processed paper 11112277, matched 61 sentences
2025-05-04 05:04:51,636 - INFO - Processing paper 15062404
2025-05-04 05:04:51,649 - INFO - Paper 15062404: 310 sentences, Summary: 41 sentences
2025-05-04 05:04:51,649 - INFO - Encoding 310 paper sentences
2025-05-04 05:04:52,100 - INFO - Using default tokenizer.
2025-05-04 05:04:52,334 - INFO - Paper 15062404 ROUGE-1 F1: 0.5198
2025-05-04 05:04:52,334 - INFO - Paper 15062404 ROUGE-2 F1: 0.1220
2025-05-04 05:04:52,334 - INFO - Paper 15062404 ROUGE-L F1: 0.2220
2025-05-04 05:04:52,713 - INFO - Successfully processed paper 15062404, matched 49 sentences
2025-05-04 05:04:52,713 - INFO - Processing paper 79471009
2025-05-04 05:04:52,719 - INFO - Paper 79471009: 271 sentences, Summary: 31 sentences
2025-05-04 05:04:52,719 - INFO - Encoding 271 paper sentences
2025-05-04 05:04:53,123 - INFO - Using default tokenizer.
2025-05-04 05:04:53,399 - INFO - Paper 79471009 ROUGE-1 F1: 0.6253
2025-05-04 05:04:53,400 - INFO - Paper 79471009 ROUGE-2 F1: 0.2483
2025-05-04 05:04:53,400 - INFO - Paper 79471009 ROUGE-L F1: 0.3239
2025-05-04 05:04:53,812 - INFO - Successfully processed paper 79471009, matched 44 sentences
2025-05-04 05:04:53,812 - INFO - Processing paper 87208689
2025-05-04 05:04:53,822 - INFO - Paper 87208689: 405 sentences, Summary: 60 sentences
2025-05-04 05:04:53,822 - INFO - Encoding 405 paper sentences
2025-05-04 05:04:54,545 - INFO - Using default tokenizer.
2025-05-04 05:04:55,615 - INFO - Paper 87208689 ROUGE-1 F1: 0.5164
2025-05-04 05:04:55,615 - INFO - Paper 87208689 ROUGE-2 F1: 0.2682
2025-05-04 05:04:55,615 - INFO - Paper 87208689 ROUGE-L F1: 0.3001
2025-05-04 05:04:56,010 - INFO - Successfully processed paper 87208689, matched 105 sentences
2025-05-04 05:04:56,011 - INFO - Skipping 4741660 - not in valid IDs
2025-05-04 05:04:56,011 - INFO - Processing paper 42443464
2025-05-04 05:04:56,015 - INFO - Paper 42443464: 171 sentences, Summary: 24 sentences
2025-05-04 05:04:56,015 - INFO - Encoding 171 paper sentences
2025-05-04 05:04:56,300 - INFO - Using default tokenizer.
2025-05-04 05:04:56,494 - INFO - Paper 42443464 ROUGE-1 F1: 0.5285
2025-05-04 05:04:56,494 - INFO - Paper 42443464 ROUGE-2 F1: 0.1789
2025-05-04 05:04:56,494 - INFO - Paper 42443464 ROUGE-L F1: 0.2432
2025-05-04 05:04:56,906 - INFO - Successfully processed paper 42443464, matched 33 sentences
2025-05-04 05:04:56,907 - INFO - Processing paper 1907968
2025-05-04 05:04:56,909 - INFO - Paper 1907968: 90 sentences, Summary: 35 sentences
2025-05-04 05:04:56,909 - INFO - Encoding 90 paper sentences
2025-05-04 05:04:57,186 - INFO - Using default tokenizer.
2025-05-04 05:04:57,328 - INFO - Paper 1907968 ROUGE-1 F1: 0.4159
2025-05-04 05:04:57,328 - INFO - Paper 1907968 ROUGE-2 F1: 0.1034
2025-05-04 05:04:57,328 - INFO - Paper 1907968 ROUGE-L F1: 0.1825
2025-05-04 05:04:57,846 - INFO - Successfully processed paper 1907968, matched 38 sentences
2025-05-04 05:04:57,846 - INFO - Processing paper 7904666
2025-05-04 05:04:57,852 - INFO - Paper 7904666: 292 sentences, Summary: 10 sentences
2025-05-04 05:04:57,852 - INFO - Encoding 292 paper sentences
2025-05-04 05:04:58,114 - INFO - Using default tokenizer.
2025-05-04 05:04:58,164 - INFO - Paper 7904666 ROUGE-1 F1: 0.4296
2025-05-04 05:04:58,164 - INFO - Paper 7904666 ROUGE-2 F1: 0.1287
2025-05-04 05:04:58,164 - INFO - Paper 7904666 ROUGE-L F1: 0.2123
2025-05-04 05:04:58,553 - INFO - Successfully processed paper 7904666, matched 21 sentences
2025-05-04 05:04:58,553 - INFO - Processing paper 38867178
2025-05-04 05:04:58,559 - INFO - Paper 38867178: 279 sentences, Summary: 13 sentences
2025-05-04 05:04:58,559 - INFO - Encoding 279 paper sentences
2025-05-04 05:04:58,800 - INFO - Using default tokenizer.
2025-05-04 05:04:58,827 - INFO - Paper 38867178 ROUGE-1 F1: 0.4552
2025-05-04 05:04:58,827 - INFO - Paper 38867178 ROUGE-2 F1: 0.1115
2025-05-04 05:04:58,827 - INFO - Paper 38867178 ROUGE-L F1: 0.2294
2025-05-04 05:04:59,201 - INFO - Successfully processed paper 38867178, matched 15 sentences
2025-05-04 05:04:59,201 - INFO - Processing paper 96002700
2025-05-04 05:04:59,213 - INFO - Paper 96002700: 615 sentences, Summary: 42 sentences
2025-05-04 05:04:59,213 - INFO - Encoding 615 paper sentences
2025-05-04 05:04:59,916 - INFO - Using default tokenizer.
2025-05-04 05:05:00,306 - INFO - Paper 96002700 ROUGE-1 F1: 0.5090
2025-05-04 05:05:00,306 - INFO - Paper 96002700 ROUGE-2 F1: 0.2494
2025-05-04 05:05:00,306 - INFO - Paper 96002700 ROUGE-L F1: 0.3189
2025-05-04 05:05:00,690 - INFO - Successfully processed paper 96002700, matched 57 sentences
2025-05-04 05:05:00,691 - INFO - Processing paper 63621777
2025-05-04 05:05:00,697 - INFO - Paper 63621777: 256 sentences, Summary: 56 sentences
2025-05-04 05:05:00,697 - INFO - Encoding 256 paper sentences
2025-05-04 05:05:01,284 - INFO - Using default tokenizer.
2025-05-04 05:05:01,578 - INFO - Paper 63621777 ROUGE-1 F1: 0.4992
2025-05-04 05:05:01,578 - INFO - Paper 63621777 ROUGE-2 F1: 0.1254
2025-05-04 05:05:01,578 - INFO - Paper 63621777 ROUGE-L F1: 0.2065
2025-05-04 05:05:02,001 - INFO - Successfully processed paper 63621777, matched 58 sentences
2025-05-04 05:05:02,001 - INFO - Processing paper 64175585
2025-05-04 05:05:02,015 - INFO - Paper 64175585: 653 sentences, Summary: 42 sentences
2025-05-04 05:05:02,015 - INFO - Encoding 653 paper sentences
2025-05-04 05:05:02,706 - INFO - Using default tokenizer.
2025-05-04 05:05:03,075 - INFO - Paper 64175585 ROUGE-1 F1: 0.6343
2025-05-04 05:05:03,075 - INFO - Paper 64175585 ROUGE-2 F1: 0.2800
2025-05-04 05:05:03,075 - INFO - Paper 64175585 ROUGE-L F1: 0.3647
2025-05-04 05:05:03,471 - INFO - Successfully processed paper 64175585, matched 51 sentences
2025-05-04 05:05:03,471 - INFO - Processing paper 57613420
2025-05-04 05:05:03,487 - INFO - Paper 57613420: 681 sentences, Summary: 12 sentences
2025-05-04 05:05:03,487 - INFO - Encoding 681 paper sentences
2025-05-04 05:05:03,849 - INFO - Using default tokenizer.
2025-05-04 05:05:03,872 - INFO - Paper 57613420 ROUGE-1 F1: 0.5202
2025-05-04 05:05:03,872 - INFO - Paper 57613420 ROUGE-2 F1: 0.3443
2025-05-04 05:05:03,872 - INFO - Paper 57613420 ROUGE-L F1: 0.4200
2025-05-04 05:05:04,348 - INFO - Successfully processed paper 57613420, matched 16 sentences
2025-05-04 05:05:04,348 - INFO - Processing paper 67744436
2025-05-04 05:05:04,353 - INFO - Paper 67744436: 179 sentences, Summary: 74 sentences
2025-05-04 05:05:04,353 - INFO - Encoding 179 paper sentences
2025-05-04 05:05:05,006 - INFO - Using default tokenizer.
2025-05-04 05:05:05,910 - INFO - Paper 67744436 ROUGE-1 F1: 0.4395
2025-05-04 05:05:05,910 - INFO - Paper 67744436 ROUGE-2 F1: 0.1425
2025-05-04 05:05:05,910 - INFO - Paper 67744436 ROUGE-L F1: 0.1988
2025-05-04 05:05:06,291 - INFO - Successfully processed paper 67744436, matched 89 sentences
2025-05-04 05:05:06,292 - INFO - Processing paper 93060618
2025-05-04 05:05:06,298 - INFO - Paper 93060618: 274 sentences, Summary: 27 sentences
2025-05-04 05:05:06,298 - INFO - Encoding 274 paper sentences
2025-05-04 05:05:06,609 - INFO - Using default tokenizer.
2025-05-04 05:05:06,655 - INFO - Paper 93060618 ROUGE-1 F1: 0.4127
2025-05-04 05:05:06,655 - INFO - Paper 93060618 ROUGE-2 F1: 0.1131
2025-05-04 05:05:06,655 - INFO - Paper 93060618 ROUGE-L F1: 0.2421
2025-05-04 05:05:07,052 - INFO - Successfully processed paper 93060618, matched 30 sentences
2025-05-04 05:05:07,053 - INFO - Processing paper 53809041
2025-05-04 05:05:07,060 - INFO - Paper 53809041: 355 sentences, Summary: 20 sentences
2025-05-04 05:05:07,060 - INFO - Encoding 355 paper sentences
2025-05-04 05:05:07,430 - INFO - Using default tokenizer.
2025-05-04 05:05:07,490 - INFO - Paper 53809041 ROUGE-1 F1: 0.5324
2025-05-04 05:05:07,490 - INFO - Paper 53809041 ROUGE-2 F1: 0.1346
2025-05-04 05:05:07,490 - INFO - Paper 53809041 ROUGE-L F1: 0.2356
2025-05-04 05:05:07,866 - INFO - Successfully processed paper 53809041, matched 22 sentences
2025-05-04 05:05:07,866 - INFO - Processing paper 2905851
2025-05-04 05:05:07,873 - INFO - Paper 2905851: 264 sentences, Summary: 21 sentences
2025-05-04 05:05:07,873 - INFO - Encoding 264 paper sentences
2025-05-04 05:05:08,178 - INFO - Using default tokenizer.
2025-05-04 05:05:08,287 - INFO - Paper 2905851 ROUGE-1 F1: 0.5561
2025-05-04 05:05:08,288 - INFO - Paper 2905851 ROUGE-2 F1: 0.2526
2025-05-04 05:05:08,288 - INFO - Paper 2905851 ROUGE-L F1: 0.3195
2025-05-04 05:05:08,719 - INFO - Successfully processed paper 2905851, matched 30 sentences
2025-05-04 05:05:08,720 - INFO - Processing paper 13040160
2025-05-04 05:05:08,732 - INFO - Paper 13040160: 168 sentences, Summary: 37 sentences
2025-05-04 05:05:08,732 - INFO - Encoding 168 paper sentences
2025-05-04 05:05:09,113 - INFO - Using default tokenizer.
2025-05-04 05:05:09,623 - INFO - Paper 13040160 ROUGE-1 F1: 0.6825
2025-05-04 05:05:09,623 - INFO - Paper 13040160 ROUGE-2 F1: 0.4451
2025-05-04 05:05:09,623 - INFO - Paper 13040160 ROUGE-L F1: 0.4866
2025-05-04 05:05:10,080 - INFO - Successfully processed paper 13040160, matched 46 sentences
2025-05-04 05:05:10,081 - INFO - Processing paper 47469397
2025-05-04 05:05:10,103 - INFO - Paper 47469397: 244 sentences, Summary: 25 sentences
2025-05-04 05:05:10,103 - INFO - Encoding 244 paper sentences
2025-05-04 05:05:10,402 - INFO - Using default tokenizer.
2025-05-04 05:05:10,543 - INFO - Paper 47469397 ROUGE-1 F1: 0.5333
2025-05-04 05:05:10,544 - INFO - Paper 47469397 ROUGE-2 F1: 0.2511
2025-05-04 05:05:10,544 - INFO - Paper 47469397 ROUGE-L F1: 0.3101
2025-05-04 05:05:10,982 - INFO - Successfully processed paper 47469397, matched 36 sentences
2025-05-04 05:05:10,982 - INFO - Skipping 63993374 - not in valid IDs
2025-05-04 05:05:10,982 - INFO - Processing paper 73180675
2025-05-04 05:05:10,989 - INFO - Paper 73180675: 216 sentences, Summary: 74 sentences
2025-05-04 05:05:10,989 - INFO - Encoding 216 paper sentences
2025-05-04 05:05:11,652 - INFO - Using default tokenizer.
2025-05-04 05:05:12,464 - INFO - Paper 73180675 ROUGE-1 F1: 0.4614
2025-05-04 05:05:12,465 - INFO - Paper 73180675 ROUGE-2 F1: 0.1599
2025-05-04 05:05:12,465 - INFO - Paper 73180675 ROUGE-L F1: 0.2330
2025-05-04 05:05:12,842 - INFO - Successfully processed paper 73180675, matched 78 sentences
2025-05-04 05:05:12,843 - INFO - Processing paper 85123331
2025-05-04 05:05:12,855 - INFO - Paper 85123331: 639 sentences, Summary: 40 sentences
2025-05-04 05:05:12,855 - INFO - Encoding 639 paper sentences
2025-05-04 05:05:13,537 - INFO - Using default tokenizer.
2025-05-04 05:05:13,948 - INFO - Paper 85123331 ROUGE-1 F1: 0.5587
2025-05-04 05:05:13,948 - INFO - Paper 85123331 ROUGE-2 F1: 0.4263
2025-05-04 05:05:13,948 - INFO - Paper 85123331 ROUGE-L F1: 0.4516
2025-05-04 05:05:14,389 - INFO - Successfully processed paper 85123331, matched 85 sentences
2025-05-04 05:05:14,390 - INFO - Processing paper 8264189
2025-05-04 05:05:14,413 - INFO - Paper 8264189: 266 sentences, Summary: 39 sentences
2025-05-04 05:05:14,413 - INFO - Encoding 266 paper sentences
2025-05-04 05:05:14,861 - INFO - Using default tokenizer.
2025-05-04 05:05:15,319 - INFO - Paper 8264189 ROUGE-1 F1: 0.4873
2025-05-04 05:05:15,319 - INFO - Paper 8264189 ROUGE-2 F1: 0.1747
2025-05-04 05:05:15,319 - INFO - Paper 8264189 ROUGE-L F1: 0.2456
2025-05-04 05:05:15,704 - INFO - Successfully processed paper 8264189, matched 81 sentences
2025-05-04 05:05:15,704 - INFO - Processing paper 75962230
2025-05-04 05:05:15,713 - INFO - Paper 75962230: 344 sentences, Summary: 47 sentences
2025-05-04 05:05:15,714 - INFO - Encoding 344 paper sentences
2025-05-04 05:05:16,267 - INFO - Using default tokenizer.
2025-05-04 05:05:16,854 - INFO - Paper 75962230 ROUGE-1 F1: 0.7254
2025-05-04 05:05:16,854 - INFO - Paper 75962230 ROUGE-2 F1: 0.4864
2025-05-04 05:05:16,854 - INFO - Paper 75962230 ROUGE-L F1: 0.5294
2025-05-04 05:05:17,234 - INFO - Successfully processed paper 75962230, matched 59 sentences
2025-05-04 05:05:17,234 - INFO - Processing paper 78190587
2025-05-04 05:05:17,239 - INFO - Paper 78190587: 168 sentences, Summary: 17 sentences
2025-05-04 05:05:17,239 - INFO - Encoding 168 paper sentences
2025-05-04 05:05:17,429 - INFO - Using default tokenizer.
2025-05-04 05:05:17,461 - INFO - Paper 78190587 ROUGE-1 F1: 0.4199
2025-05-04 05:05:17,461 - INFO - Paper 78190587 ROUGE-2 F1: 0.1158
2025-05-04 05:05:17,461 - INFO - Paper 78190587 ROUGE-L F1: 0.1955
2025-05-04 05:05:17,902 - INFO - Successfully processed paper 78190587, matched 17 sentences
2025-05-04 05:05:17,903 - INFO - Processing paper 50538257
2025-05-04 05:05:17,926 - INFO - Paper 50538257: 250 sentences, Summary: 26 sentences
2025-05-04 05:05:17,927 - INFO - Encoding 250 paper sentences
2025-05-04 05:05:18,298 - INFO - Using default tokenizer.
2025-05-04 05:05:18,418 - INFO - Paper 50538257 ROUGE-1 F1: 0.4473
2025-05-04 05:05:18,418 - INFO - Paper 50538257 ROUGE-2 F1: 0.0645
2025-05-04 05:05:18,418 - INFO - Paper 50538257 ROUGE-L F1: 0.1673
2025-05-04 05:05:18,856 - INFO - Successfully processed paper 50538257, matched 26 sentences
2025-05-04 05:05:18,856 - INFO - Processing paper 96217072
2025-05-04 05:05:18,859 - INFO - Paper 96217072: 120 sentences, Summary: 16 sentences
2025-05-04 05:05:18,859 - INFO - Encoding 120 paper sentences
2025-05-04 05:05:19,034 - INFO - Using default tokenizer.
2025-05-04 05:05:19,144 - INFO - Paper 96217072 ROUGE-1 F1: 0.4671
2025-05-04 05:05:19,144 - INFO - Paper 96217072 ROUGE-2 F1: 0.2315
2025-05-04 05:05:19,144 - INFO - Paper 96217072 ROUGE-L F1: 0.3066
2025-05-04 05:05:19,540 - INFO - Successfully processed paper 96217072, matched 34 sentences
2025-05-04 05:05:19,540 - INFO - Processing paper 56843191
2025-05-04 05:05:19,544 - INFO - Paper 56843191: 211 sentences, Summary: 11 sentences
2025-05-04 05:05:19,544 - INFO - Encoding 211 paper sentences
2025-05-04 05:05:19,751 - INFO - Using default tokenizer.
2025-05-04 05:05:19,793 - INFO - Paper 56843191 ROUGE-1 F1: 0.4639
2025-05-04 05:05:19,793 - INFO - Paper 56843191 ROUGE-2 F1: 0.1309
2025-05-04 05:05:19,793 - INFO - Paper 56843191 ROUGE-L F1: 0.2056
2025-05-04 05:05:20,201 - INFO - Successfully processed paper 56843191, matched 11 sentences
2025-05-04 05:05:20,202 - INFO - Processing paper 58874274
2025-05-04 05:05:20,212 - INFO - Paper 58874274: 481 sentences, Summary: 15 sentences
2025-05-04 05:05:20,212 - INFO - Encoding 481 paper sentences
2025-05-04 05:05:20,550 - INFO - Using default tokenizer.
2025-05-04 05:05:20,651 - INFO - Paper 58874274 ROUGE-1 F1: 0.4470
2025-05-04 05:05:20,651 - INFO - Paper 58874274 ROUGE-2 F1: 0.2091
2025-05-04 05:05:20,651 - INFO - Paper 58874274 ROUGE-L F1: 0.2957
2025-05-04 05:05:21,084 - INFO - Successfully processed paper 58874274, matched 25 sentences
2025-05-04 05:05:21,085 - INFO - Processing paper 45612165
2025-05-04 05:05:21,091 - INFO - Paper 45612165: 270 sentences, Summary: 46 sentences
2025-05-04 05:05:21,091 - INFO - Encoding 270 paper sentences
2025-05-04 05:05:21,622 - INFO - Using default tokenizer.
2025-05-04 05:05:22,009 - INFO - Paper 45612165 ROUGE-1 F1: 0.5229
2025-05-04 05:05:22,009 - INFO - Paper 45612165 ROUGE-2 F1: 0.0927
2025-05-04 05:05:22,009 - INFO - Paper 45612165 ROUGE-L F1: 0.1788
2025-05-04 05:05:22,433 - INFO - Successfully processed paper 45612165, matched 56 sentences
2025-05-04 05:05:22,434 - INFO - Processing paper 51254358
2025-05-04 05:05:22,468 - INFO - Paper 51254358: 407 sentences, Summary: 50 sentences
2025-05-04 05:05:22,468 - INFO - Encoding 407 paper sentences
2025-05-04 05:05:23,130 - INFO - Using default tokenizer.
2025-05-04 05:05:23,913 - INFO - Paper 51254358 ROUGE-1 F1: 0.5886
2025-05-04 05:05:23,914 - INFO - Paper 51254358 ROUGE-2 F1: 0.2932
2025-05-04 05:05:23,914 - INFO - Paper 51254358 ROUGE-L F1: 0.3379
2025-05-04 05:05:24,325 - INFO - Successfully processed paper 51254358, matched 84 sentences
2025-05-04 05:05:24,325 - INFO - Processing paper 15084340
2025-05-04 05:05:24,334 - INFO - Paper 15084340: 267 sentences, Summary: 50 sentences
2025-05-04 05:05:24,334 - INFO - Encoding 267 paper sentences
2025-05-04 05:05:24,893 - INFO - Using default tokenizer.
2025-05-04 05:05:25,959 - INFO - Paper 15084340 ROUGE-1 F1: 0.6511
2025-05-04 05:05:25,959 - INFO - Paper 15084340 ROUGE-2 F1: 0.4989
2025-05-04 05:05:25,959 - INFO - Paper 15084340 ROUGE-L F1: 0.5088
2025-05-04 05:05:26,499 - INFO - Successfully processed paper 15084340, matched 66 sentences
2025-05-04 05:05:26,501 - INFO - Processing paper 68340528
2025-05-04 05:05:26,527 - INFO - Paper 68340528: 261 sentences, Summary: 55 sentences
2025-05-04 05:05:26,527 - INFO - Encoding 261 paper sentences
2025-05-04 05:05:27,133 - INFO - Using default tokenizer.
2025-05-04 05:05:28,183 - INFO - Paper 68340528 ROUGE-1 F1: 0.4704
2025-05-04 05:05:28,184 - INFO - Paper 68340528 ROUGE-2 F1: 0.1807
2025-05-04 05:05:28,184 - INFO - Paper 68340528 ROUGE-L F1: 0.2458
2025-05-04 05:05:28,645 - INFO - Successfully processed paper 68340528, matched 87 sentences
2025-05-04 05:05:28,645 - INFO - Processing paper 3953515
2025-05-04 05:05:28,652 - INFO - Paper 3953515: 269 sentences, Summary: 36 sentences
2025-05-04 05:05:28,652 - INFO - Encoding 269 paper sentences
2025-05-04 05:05:29,085 - INFO - Using default tokenizer.
2025-05-04 05:05:29,289 - INFO - Paper 3953515 ROUGE-1 F1: 0.5108
2025-05-04 05:05:29,290 - INFO - Paper 3953515 ROUGE-2 F1: 0.1552
2025-05-04 05:05:29,290 - INFO - Paper 3953515 ROUGE-L F1: 0.2363
2025-05-04 05:05:29,845 - INFO - Successfully processed paper 3953515, matched 39 sentences
2025-05-04 05:05:29,846 - INFO - Processing paper 36679338
2025-05-04 05:05:29,853 - INFO - Paper 36679338: 360 sentences, Summary: 10 sentences
2025-05-04 05:05:29,853 - INFO - Encoding 360 paper sentences
2025-05-04 05:05:30,085 - INFO - Using default tokenizer.
2025-05-04 05:05:30,125 - INFO - Paper 36679338 ROUGE-1 F1: 0.3251
2025-05-04 05:05:30,126 - INFO - Paper 36679338 ROUGE-2 F1: 0.1654
2025-05-04 05:05:30,126 - INFO - Paper 36679338 ROUGE-L F1: 0.2389
2025-05-04 05:05:30,543 - INFO - Successfully processed paper 36679338, matched 22 sentences
2025-05-04 05:05:30,543 - INFO - Processing paper 263861
2025-05-04 05:05:30,553 - INFO - Paper 263861: 371 sentences, Summary: 61 sentences
2025-05-04 05:05:30,553 - INFO - Encoding 371 paper sentences
2025-05-04 05:05:31,272 - INFO - Using default tokenizer.
2025-05-04 05:05:32,387 - INFO - Paper 263861 ROUGE-1 F1: 0.6235
2025-05-04 05:05:32,387 - INFO - Paper 263861 ROUGE-2 F1: 0.4424
2025-05-04 05:05:32,387 - INFO - Paper 263861 ROUGE-L F1: 0.4828
2025-05-04 05:05:32,832 - INFO - Successfully processed paper 263861, matched 100 sentences
2025-05-04 05:05:32,833 - INFO - Processing paper 76874430
2025-05-04 05:05:32,862 - INFO - Paper 76874430: 931 sentences, Summary: 64 sentences
2025-05-04 05:05:32,862 - INFO - Encoding 931 paper sentences
2025-05-04 05:05:34,103 - INFO - Using default tokenizer.
2025-05-04 05:05:35,458 - INFO - Paper 76874430 ROUGE-1 F1: 0.5495
2025-05-04 05:05:35,458 - INFO - Paper 76874430 ROUGE-2 F1: 0.3254
2025-05-04 05:05:35,458 - INFO - Paper 76874430 ROUGE-L F1: 0.3538
2025-05-04 05:05:35,883 - INFO - Successfully processed paper 76874430, matched 133 sentences
2025-05-04 05:05:35,884 - INFO - Processing paper 687757
2025-05-04 05:05:35,890 - INFO - Paper 687757: 217 sentences, Summary: 14 sentences
2025-05-04 05:05:35,890 - INFO - Encoding 217 paper sentences
2025-05-04 05:05:36,094 - INFO - Using default tokenizer.
2025-05-04 05:05:36,135 - INFO - Paper 687757 ROUGE-1 F1: 0.4460
2025-05-04 05:05:36,135 - INFO - Paper 687757 ROUGE-2 F1: 0.0952
2025-05-04 05:05:36,135 - INFO - Paper 687757 ROUGE-L F1: 0.2101
2025-05-04 05:05:36,552 - INFO - Successfully processed paper 687757, matched 18 sentences
2025-05-04 05:05:36,553 - INFO - Processing paper 27086937
2025-05-04 05:05:36,559 - INFO - Paper 27086937: 308 sentences, Summary: 13 sentences
2025-05-04 05:05:36,559 - INFO - Encoding 308 paper sentences
2025-05-04 05:05:36,848 - INFO - Using default tokenizer.
2025-05-04 05:05:36,892 - INFO - Paper 27086937 ROUGE-1 F1: 0.3815
2025-05-04 05:05:36,892 - INFO - Paper 27086937 ROUGE-2 F1: 0.0425
2025-05-04 05:05:36,892 - INFO - Paper 27086937 ROUGE-L F1: 0.1483
2025-05-04 05:05:37,293 - INFO - Successfully processed paper 27086937, matched 13 sentences
2025-05-04 05:05:37,294 - INFO - Skipping 81034618 - not in valid IDs
2025-05-04 05:05:37,294 - INFO - Processing paper 4784102
2025-05-04 05:05:37,337 - INFO - Paper 4784102: 846 sentences, Summary: 16 sentences
2025-05-04 05:05:37,337 - INFO - Encoding 846 paper sentences
2025-05-04 05:05:37,886 - INFO - Using default tokenizer.
2025-05-04 05:05:38,008 - INFO - Paper 4784102 ROUGE-1 F1: 0.5595
2025-05-04 05:05:38,008 - INFO - Paper 4784102 ROUGE-2 F1: 0.2859
2025-05-04 05:05:38,008 - INFO - Paper 4784102 ROUGE-L F1: 0.3478
2025-05-04 05:05:38,513 - INFO - Successfully processed paper 4784102, matched 26 sentences
2025-05-04 05:05:38,514 - INFO - Processing paper 11313245
2025-05-04 05:05:38,546 - INFO - Paper 11313245: 510 sentences, Summary: 63 sentences
2025-05-04 05:05:38,546 - INFO - Encoding 510 paper sentences
2025-05-04 05:05:39,418 - INFO - Using default tokenizer.
2025-05-04 05:05:41,067 - INFO - Paper 11313245 ROUGE-1 F1: 0.5139
2025-05-04 05:05:41,067 - INFO - Paper 11313245 ROUGE-2 F1: 0.3654
2025-05-04 05:05:41,067 - INFO - Paper 11313245 ROUGE-L F1: 0.4030
2025-05-04 05:05:41,533 - INFO - Successfully processed paper 11313245, matched 138 sentences
2025-05-04 05:05:41,533 - INFO - Processing paper 3855110
2025-05-04 05:05:41,594 - INFO - Paper 3855110: 1631 sentences, Summary: 20 sentences
2025-05-04 05:05:41,594 - INFO - Encoding 1631 paper sentences
2025-05-04 05:05:42,454 - INFO - Using default tokenizer.
2025-05-04 05:05:42,616 - INFO - Paper 3855110 ROUGE-1 F1: 0.6051
2025-05-04 05:05:42,616 - INFO - Paper 3855110 ROUGE-2 F1: 0.3586
2025-05-04 05:05:42,616 - INFO - Paper 3855110 ROUGE-L F1: 0.3942
2025-05-04 05:05:43,085 - INFO - Successfully processed paper 3855110, matched 34 sentences
2025-05-04 05:05:43,085 - INFO - Processing paper 81780960
2025-05-04 05:05:43,094 - INFO - Paper 81780960: 410 sentences, Summary: 50 sentences
2025-05-04 05:05:43,094 - INFO - Encoding 410 paper sentences
2025-05-04 05:05:43,730 - INFO - Using default tokenizer.
2025-05-04 05:05:44,897 - INFO - Paper 81780960 ROUGE-1 F1: 0.5902
2025-05-04 05:05:44,897 - INFO - Paper 81780960 ROUGE-2 F1: 0.3702
2025-05-04 05:05:44,897 - INFO - Paper 81780960 ROUGE-L F1: 0.4140
2025-05-04 05:05:45,350 - INFO - Successfully processed paper 81780960, matched 106 sentences
2025-05-04 05:05:45,350 - INFO - Processing paper 90421095
2025-05-04 05:05:45,387 - INFO - Paper 90421095: 544 sentences, Summary: 49 sentences
2025-05-04 05:05:45,388 - INFO - Encoding 544 paper sentences
2025-05-04 05:05:46,127 - INFO - Using default tokenizer.
2025-05-04 05:05:46,931 - INFO - Paper 90421095 ROUGE-1 F1: 0.5960
2025-05-04 05:05:46,931 - INFO - Paper 90421095 ROUGE-2 F1: 0.3837
2025-05-04 05:05:46,931 - INFO - Paper 90421095 ROUGE-L F1: 0.4275
2025-05-04 05:05:47,363 - INFO - Successfully processed paper 90421095, matched 93 sentences
2025-05-04 05:05:47,364 - INFO - Processing paper 46416317
2025-05-04 05:05:47,374 - INFO - Paper 46416317: 258 sentences, Summary: 27 sentences
2025-05-04 05:05:47,374 - INFO - Encoding 258 paper sentences
2025-05-04 05:05:47,736 - INFO - Using default tokenizer.
2025-05-04 05:05:47,868 - INFO - Paper 46416317 ROUGE-1 F1: 0.4191
2025-05-04 05:05:47,869 - INFO - Paper 46416317 ROUGE-2 F1: 0.0941
2025-05-04 05:05:47,869 - INFO - Paper 46416317 ROUGE-L F1: 0.1999
2025-05-04 05:05:48,311 - INFO - Successfully processed paper 46416317, matched 33 sentences
2025-05-04 05:05:48,311 - INFO - Processing paper 71546396
2025-05-04 05:05:48,322 - INFO - Paper 71546396: 478 sentences, Summary: 51 sentences
2025-05-04 05:05:48,322 - INFO - Encoding 478 paper sentences
2025-05-04 05:05:49,086 - INFO - Using default tokenizer.
2025-05-04 05:05:50,148 - INFO - Paper 71546396 ROUGE-1 F1: 0.5781
2025-05-04 05:05:50,148 - INFO - Paper 71546396 ROUGE-2 F1: 0.3220
2025-05-04 05:05:50,148 - INFO - Paper 71546396 ROUGE-L F1: 0.3572
2025-05-04 05:05:50,590 - INFO - Successfully processed paper 71546396, matched 82 sentences
2025-05-04 05:05:50,591 - INFO - Processing paper 14310989
2025-05-04 05:05:50,623 - INFO - Paper 14310989: 729 sentences, Summary: 23 sentences
2025-05-04 05:05:50,623 - INFO - Encoding 729 paper sentences
2025-05-04 05:05:51,290 - INFO - Using default tokenizer.
2025-05-04 05:05:51,452 - INFO - Paper 14310989 ROUGE-1 F1: 0.5676
2025-05-04 05:05:51,452 - INFO - Paper 14310989 ROUGE-2 F1: 0.2428
2025-05-04 05:05:51,452 - INFO - Paper 14310989 ROUGE-L F1: 0.3125
2025-05-04 05:05:51,900 - INFO - Successfully processed paper 14310989, matched 34 sentences
2025-05-04 05:05:51,901 - INFO - Processing paper 11684235
2025-05-04 05:05:51,928 - INFO - Paper 11684235: 282 sentences, Summary: 19 sentences
2025-05-04 05:05:51,928 - INFO - Encoding 282 paper sentences
2025-05-04 05:05:52,211 - INFO - Using default tokenizer.
2025-05-04 05:05:52,377 - INFO - Paper 11684235 ROUGE-1 F1: 0.5264
2025-05-04 05:05:52,377 - INFO - Paper 11684235 ROUGE-2 F1: 0.2595
2025-05-04 05:05:52,377 - INFO - Paper 11684235 ROUGE-L F1: 0.3313
2025-05-04 05:05:52,880 - INFO - Successfully processed paper 11684235, matched 28 sentences
2025-05-04 05:05:52,881 - INFO - Processing paper 58884367
2025-05-04 05:05:52,897 - INFO - Paper 58884367: 193 sentences, Summary: 23 sentences
2025-05-04 05:05:52,898 - INFO - Encoding 193 paper sentences
2025-05-04 05:05:53,216 - INFO - Using default tokenizer.
2025-05-04 05:05:53,308 - INFO - Paper 58884367 ROUGE-1 F1: 0.3586
2025-05-04 05:05:53,308 - INFO - Paper 58884367 ROUGE-2 F1: 0.0550
2025-05-04 05:05:53,308 - INFO - Paper 58884367 ROUGE-L F1: 0.1610
2025-05-04 05:05:53,919 - INFO - Successfully processed paper 58884367, matched 23 sentences
2025-05-04 05:05:53,920 - INFO - Processing paper 45538669
2025-05-04 05:05:53,932 - INFO - Paper 45538669: 265 sentences, Summary: 49 sentences
2025-05-04 05:05:53,932 - INFO - Encoding 265 paper sentences
2025-05-04 05:05:54,437 - INFO - Using default tokenizer.
2025-05-04 05:05:54,667 - INFO - Paper 45538669 ROUGE-1 F1: 0.5135
2025-05-04 05:05:54,667 - INFO - Paper 45538669 ROUGE-2 F1: 0.1440
2025-05-04 05:05:54,667 - INFO - Paper 45538669 ROUGE-L F1: 0.2187
2025-05-04 05:05:55,129 - INFO - Successfully processed paper 45538669, matched 53 sentences
2025-05-04 05:05:55,130 - INFO - Processing paper 78499306
2025-05-04 05:05:55,179 - INFO - Paper 78499306: 840 sentences, Summary: 32 sentences
2025-05-04 05:05:55,179 - INFO - Encoding 840 paper sentences
2025-05-04 05:05:55,928 - INFO - Using default tokenizer.
2025-05-04 05:05:56,156 - INFO - Paper 78499306 ROUGE-1 F1: 0.4957
2025-05-04 05:05:56,156 - INFO - Paper 78499306 ROUGE-2 F1: 0.1787
2025-05-04 05:05:56,156 - INFO - Paper 78499306 ROUGE-L F1: 0.2638
2025-05-04 05:05:56,599 - INFO - Successfully processed paper 78499306, matched 51 sentences
2025-05-04 05:05:56,600 - INFO - Processing paper 51458146
2025-05-04 05:05:56,630 - INFO - Paper 51458146: 352 sentences, Summary: 27 sentences
2025-05-04 05:05:56,630 - INFO - Encoding 352 paper sentences
2025-05-04 05:05:57,017 - INFO - Using default tokenizer.
2025-05-04 05:05:57,193 - INFO - Paper 51458146 ROUGE-1 F1: 0.5504
2025-05-04 05:05:57,194 - INFO - Paper 51458146 ROUGE-2 F1: 0.2656
2025-05-04 05:05:57,194 - INFO - Paper 51458146 ROUGE-L F1: 0.3422
2025-05-04 05:05:57,619 - INFO - Successfully processed paper 51458146, matched 40 sentences
2025-05-04 05:05:57,620 - INFO - Processing paper 202387
2025-05-04 05:05:57,666 - INFO - Paper 202387: 655 sentences, Summary: 44 sentences
2025-05-04 05:05:57,666 - INFO - Encoding 655 paper sentences
2025-05-04 05:05:58,493 - INFO - Using default tokenizer.
2025-05-04 05:05:59,120 - INFO - Paper 202387 ROUGE-1 F1: 0.6536
2025-05-04 05:05:59,120 - INFO - Paper 202387 ROUGE-2 F1: 0.3299
2025-05-04 05:05:59,120 - INFO - Paper 202387 ROUGE-L F1: 0.3589
2025-05-04 05:05:59,617 - INFO - Successfully processed paper 202387, matched 67 sentences
2025-05-04 05:05:59,617 - INFO - Processing paper 80262838
2025-05-04 05:05:59,622 - INFO - Paper 80262838: 183 sentences, Summary: 26 sentences
2025-05-04 05:05:59,622 - INFO - Encoding 183 paper sentences
2025-05-04 05:05:59,888 - INFO - Using default tokenizer.
2025-05-04 05:05:59,960 - INFO - Paper 80262838 ROUGE-1 F1: 0.4737
2025-05-04 05:05:59,960 - INFO - Paper 80262838 ROUGE-2 F1: 0.0781
2025-05-04 05:05:59,960 - INFO - Paper 80262838 ROUGE-L F1: 0.1895
2025-05-04 05:06:00,394 - INFO - Successfully processed paper 80262838, matched 28 sentences
2025-05-04 05:06:00,395 - INFO - Processing paper 3913778
2025-05-04 05:06:00,408 - INFO - Paper 3913778: 349 sentences, Summary: 41 sentences
2025-05-04 05:06:00,408 - INFO - Encoding 349 paper sentences
2025-05-04 05:06:00,899 - INFO - Using default tokenizer.
2025-05-04 05:06:01,498 - INFO - Paper 3913778 ROUGE-1 F1: 0.6768
2025-05-04 05:06:01,498 - INFO - Paper 3913778 ROUGE-2 F1: 0.4484
2025-05-04 05:06:01,498 - INFO - Paper 3913778 ROUGE-L F1: 0.4975
2025-05-04 05:06:01,922 - INFO - Successfully processed paper 3913778, matched 47 sentences
2025-05-04 05:06:01,923 - INFO - Processing paper 61558513
2025-05-04 05:06:01,929 - INFO - Paper 61558513: 228 sentences, Summary: 35 sentences
2025-05-04 05:06:01,929 - INFO - Encoding 228 paper sentences
2025-05-04 05:06:02,332 - INFO - Using default tokenizer.
2025-05-04 05:06:02,553 - INFO - Paper 61558513 ROUGE-1 F1: 0.6108
2025-05-04 05:06:02,553 - INFO - Paper 61558513 ROUGE-2 F1: 0.2690
2025-05-04 05:06:02,553 - INFO - Paper 61558513 ROUGE-L F1: 0.3470
2025-05-04 05:06:02,973 - INFO - Successfully processed paper 61558513, matched 38 sentences
2025-05-04 05:06:02,974 - INFO - Processing paper 31021586
2025-05-04 05:06:02,984 - INFO - Paper 31021586: 335 sentences, Summary: 62 sentences
2025-05-04 05:06:02,984 - INFO - Encoding 335 paper sentences
2025-05-04 05:06:03,754 - INFO - Using default tokenizer.
2025-05-04 05:06:04,734 - INFO - Paper 31021586 ROUGE-1 F1: 0.5916
2025-05-04 05:06:04,734 - INFO - Paper 31021586 ROUGE-2 F1: 0.3129
2025-05-04 05:06:04,734 - INFO - Paper 31021586 ROUGE-L F1: 0.3438
2025-05-04 05:06:05,268 - INFO - Successfully processed paper 31021586, matched 90 sentences
2025-05-04 05:06:05,269 - INFO - Processing paper 41161677
2025-05-04 05:06:05,322 - INFO - Paper 41161677: 870 sentences, Summary: 45 sentences
2025-05-04 05:06:05,322 - INFO - Encoding 870 paper sentences
2025-05-04 05:06:06,255 - INFO - Using default tokenizer.
2025-05-04 05:06:06,609 - INFO - Paper 41161677 ROUGE-1 F1: 0.5922
2025-05-04 05:06:06,609 - INFO - Paper 41161677 ROUGE-2 F1: 0.3254
2025-05-04 05:06:06,609 - INFO - Paper 41161677 ROUGE-L F1: 0.3869
2025-05-04 05:06:07,042 - INFO - Successfully processed paper 41161677, matched 64 sentences
2025-05-04 05:06:07,042 - INFO - Processing paper 7570292
2025-05-04 05:06:07,051 - INFO - Paper 7570292: 381 sentences, Summary: 18 sentences
2025-05-04 05:06:07,051 - INFO - Encoding 381 paper sentences
2025-05-04 05:06:07,353 - INFO - Using default tokenizer.
2025-05-04 05:06:07,405 - INFO - Paper 7570292 ROUGE-1 F1: 0.4735
2025-05-04 05:06:07,405 - INFO - Paper 7570292 ROUGE-2 F1: 0.1375
2025-05-04 05:06:07,405 - INFO - Paper 7570292 ROUGE-L F1: 0.2639
2025-05-04 05:06:07,837 - INFO - Successfully processed paper 7570292, matched 23 sentences
2025-05-04 05:06:07,838 - INFO - Processing paper 2852538
2025-05-04 05:06:07,845 - INFO - Paper 2852538: 267 sentences, Summary: 48 sentences
2025-05-04 05:06:07,845 - INFO - Encoding 267 paper sentences
2025-05-04 05:06:08,353 - INFO - Using default tokenizer.
2025-05-04 05:06:08,859 - INFO - Paper 2852538 ROUGE-1 F1: 0.6155
2025-05-04 05:06:08,859 - INFO - Paper 2852538 ROUGE-2 F1: 0.2795
2025-05-04 05:06:08,859 - INFO - Paper 2852538 ROUGE-L F1: 0.3307
2025-05-04 05:06:09,437 - INFO - Successfully processed paper 2852538, matched 62 sentences
2025-05-04 05:06:09,437 - INFO - Processing paper 48074885
2025-05-04 05:06:09,440 - INFO - Paper 48074885: 110 sentences, Summary: 27 sentences
2025-05-04 05:06:09,440 - INFO - Encoding 110 paper sentences
2025-05-04 05:06:09,674 - INFO - Using default tokenizer.
2025-05-04 05:06:09,767 - INFO - Paper 48074885 ROUGE-1 F1: 0.3455
2025-05-04 05:06:09,767 - INFO - Paper 48074885 ROUGE-2 F1: 0.0489
2025-05-04 05:06:09,767 - INFO - Paper 48074885 ROUGE-L F1: 0.1408
2025-05-04 05:06:10,206 - INFO - Successfully processed paper 48074885, matched 27 sentences
2025-05-04 05:06:10,206 - INFO - Processing paper 43650136
2025-05-04 05:06:10,212 - INFO - Paper 43650136: 185 sentences, Summary: 34 sentences
2025-05-04 05:06:10,212 - INFO - Encoding 185 paper sentences
2025-05-04 05:06:10,570 - INFO - Using default tokenizer.
2025-05-04 05:06:10,878 - INFO - Paper 43650136 ROUGE-1 F1: 0.4880
2025-05-04 05:06:10,878 - INFO - Paper 43650136 ROUGE-2 F1: 0.1477
2025-05-04 05:06:10,878 - INFO - Paper 43650136 ROUGE-L F1: 0.2108
2025-05-04 05:06:11,338 - INFO - Successfully processed paper 43650136, matched 38 sentences
2025-05-04 05:06:11,338 - INFO - Processing paper 69481324
2025-05-04 05:06:11,343 - INFO - Paper 69481324: 214 sentences, Summary: 21 sentences
2025-05-04 05:06:11,343 - INFO - Encoding 214 paper sentences
2025-05-04 05:06:11,616 - INFO - Using default tokenizer.
2025-05-04 05:06:11,870 - INFO - Paper 69481324 ROUGE-1 F1: 0.4382
2025-05-04 05:06:11,871 - INFO - Paper 69481324 ROUGE-2 F1: 0.1884
2025-05-04 05:06:11,871 - INFO - Paper 69481324 ROUGE-L F1: 0.2570
2025-05-04 05:06:12,327 - INFO - Successfully processed paper 69481324, matched 44 sentences
2025-05-04 05:06:12,327 - INFO - Processing paper 31303819
2025-05-04 05:06:12,334 - INFO - Paper 31303819: 249 sentences, Summary: 28 sentences
2025-05-04 05:06:12,334 - INFO - Encoding 249 paper sentences
2025-05-04 05:06:12,663 - INFO - Using default tokenizer.
2025-05-04 05:06:12,969 - INFO - Paper 31303819 ROUGE-1 F1: 0.5349
2025-05-04 05:06:12,969 - INFO - Paper 31303819 ROUGE-2 F1: 0.2814
2025-05-04 05:06:12,969 - INFO - Paper 31303819 ROUGE-L F1: 0.3572
2025-05-04 05:06:13,417 - INFO - Successfully processed paper 31303819, matched 56 sentences
2025-05-04 05:06:13,417 - INFO - Processing paper 4728464
2025-05-04 05:06:13,423 - INFO - Paper 4728464: 221 sentences, Summary: 34 sentences
2025-05-04 05:06:13,423 - INFO - Encoding 221 paper sentences
2025-05-04 05:06:13,789 - INFO - Using default tokenizer.
2025-05-04 05:06:13,920 - INFO - Paper 4728464 ROUGE-1 F1: 0.4116
2025-05-04 05:06:13,920 - INFO - Paper 4728464 ROUGE-2 F1: 0.1084
2025-05-04 05:06:13,920 - INFO - Paper 4728464 ROUGE-L F1: 0.1982
2025-05-04 05:06:14,426 - INFO - Successfully processed paper 4728464, matched 38 sentences
2025-05-04 05:06:14,427 - INFO - Processing paper 21145042
2025-05-04 05:06:14,440 - INFO - Paper 21145042: 546 sentences, Summary: 62 sentences
2025-05-04 05:06:14,440 - INFO - Encoding 546 paper sentences
2025-05-04 05:06:15,340 - INFO - Using default tokenizer.
2025-05-04 05:06:15,943 - INFO - Paper 21145042 ROUGE-1 F1: 0.6285
2025-05-04 05:06:15,944 - INFO - Paper 21145042 ROUGE-2 F1: 0.2741
2025-05-04 05:06:15,944 - INFO - Paper 21145042 ROUGE-L F1: 0.3258
2025-05-04 05:06:16,381 - INFO - Successfully processed paper 21145042, matched 79 sentences
2025-05-04 05:06:16,382 - INFO - Processing paper 11791786
2025-05-04 05:06:16,417 - INFO - Paper 11791786: 520 sentences, Summary: 57 sentences
2025-05-04 05:06:16,417 - INFO - Encoding 520 paper sentences
2025-05-04 05:06:17,170 - INFO - Using default tokenizer.
2025-05-04 05:06:18,161 - INFO - Paper 11791786 ROUGE-1 F1: 0.6502
2025-05-04 05:06:18,161 - INFO - Paper 11791786 ROUGE-2 F1: 0.3558
2025-05-04 05:06:18,161 - INFO - Paper 11791786 ROUGE-L F1: 0.3903
2025-05-04 05:06:18,706 - INFO - Successfully processed paper 11791786, matched 102 sentences
2025-05-04 05:06:18,707 - INFO - Skipping 1050101 - not in valid IDs
2025-05-04 05:06:18,707 - INFO - Processing paper 2577868
2025-05-04 05:06:18,727 - INFO - Paper 2577868: 226 sentences, Summary: 19 sentences
2025-05-04 05:06:18,728 - INFO - Encoding 226 paper sentences
2025-05-04 05:06:18,988 - INFO - Using default tokenizer.
2025-05-04 05:06:19,088 - INFO - Paper 2577868 ROUGE-1 F1: 0.5938
2025-05-04 05:06:19,089 - INFO - Paper 2577868 ROUGE-2 F1: 0.2547
2025-05-04 05:06:19,089 - INFO - Paper 2577868 ROUGE-L F1: 0.3413
2025-05-04 05:06:19,641 - INFO - Successfully processed paper 2577868, matched 28 sentences
2025-05-04 05:06:19,641 - INFO - Skipping 43514018 - not in valid IDs
2025-05-04 05:06:19,641 - INFO - Processing paper 68635574
2025-05-04 05:06:19,650 - INFO - Paper 68635574: 429 sentences, Summary: 16 sentences
2025-05-04 05:06:19,651 - INFO - Encoding 429 paper sentences
2025-05-04 05:06:20,036 - INFO - Using default tokenizer.
2025-05-04 05:06:20,101 - INFO - Paper 68635574 ROUGE-1 F1: 0.5400
2025-05-04 05:06:20,101 - INFO - Paper 68635574 ROUGE-2 F1: 0.1674
2025-05-04 05:06:20,101 - INFO - Paper 68635574 ROUGE-L F1: 0.2357
2025-05-04 05:06:20,551 - INFO - Successfully processed paper 68635574, matched 22 sentences
2025-05-04 05:06:20,551 - INFO - Processing paper 30748495
2025-05-04 05:06:20,569 - INFO - Paper 30748495: 282 sentences, Summary: 20 sentences
2025-05-04 05:06:20,569 - INFO - Encoding 282 paper sentences
2025-05-04 05:06:20,856 - INFO - Using default tokenizer.
2025-05-04 05:06:20,942 - INFO - Paper 30748495 ROUGE-1 F1: 0.5400
2025-05-04 05:06:20,942 - INFO - Paper 30748495 ROUGE-2 F1: 0.1923
2025-05-04 05:06:20,942 - INFO - Paper 30748495 ROUGE-L F1: 0.2672
2025-05-04 05:06:21,480 - INFO - Successfully processed paper 30748495, matched 27 sentences
2025-05-04 05:06:21,480 - INFO - Processing paper 82314288
2025-05-04 05:06:21,500 - INFO - Paper 82314288: 327 sentences, Summary: 46 sentences
2025-05-04 05:06:21,500 - INFO - Encoding 327 paper sentences
2025-05-04 05:06:22,041 - INFO - Using default tokenizer.
2025-05-04 05:06:22,248 - INFO - Paper 82314288 ROUGE-1 F1: 0.4823
2025-05-04 05:06:22,248 - INFO - Paper 82314288 ROUGE-2 F1: 0.1558
2025-05-04 05:06:22,248 - INFO - Paper 82314288 ROUGE-L F1: 0.2288
2025-05-04 05:06:22,713 - INFO - Successfully processed paper 82314288, matched 52 sentences
2025-05-04 05:06:22,713 - INFO - Processing paper 16973018
2025-05-04 05:06:22,719 - INFO - Paper 16973018: 188 sentences, Summary: 16 sentences
2025-05-04 05:06:22,719 - INFO - Encoding 188 paper sentences
2025-05-04 05:06:22,911 - INFO - Using default tokenizer.
2025-05-04 05:06:23,008 - INFO - Paper 16973018 ROUGE-1 F1: 0.5887
2025-05-04 05:06:23,008 - INFO - Paper 16973018 ROUGE-2 F1: 0.2473
2025-05-04 05:06:23,009 - INFO - Paper 16973018 ROUGE-L F1: 0.3309
2025-05-04 05:06:23,497 - INFO - Successfully processed paper 16973018, matched 28 sentences
2025-05-04 05:06:23,497 - INFO - Processing paper 93544751
2025-05-04 05:06:23,526 - INFO - Paper 93544751: 386 sentences, Summary: 24 sentences
2025-05-04 05:06:23,527 - INFO - Encoding 386 paper sentences
2025-05-04 05:06:23,960 - INFO - Using default tokenizer.
2025-05-04 05:06:24,123 - INFO - Paper 93544751 ROUGE-1 F1: 0.5235
2025-05-04 05:06:24,124 - INFO - Paper 93544751 ROUGE-2 F1: 0.1701
2025-05-04 05:06:24,124 - INFO - Paper 93544751 ROUGE-L F1: 0.2821
2025-05-04 05:06:24,588 - INFO - Successfully processed paper 93544751, matched 33 sentences
2025-05-04 05:06:24,589 - INFO - Processing paper 88655260
2025-05-04 05:06:24,601 - INFO - Paper 88655260: 390 sentences, Summary: 54 sentences
2025-05-04 05:06:24,601 - INFO - Encoding 390 paper sentences
2025-05-04 05:06:25,248 - INFO - Using default tokenizer.
2025-05-04 05:06:26,560 - INFO - Paper 88655260 ROUGE-1 F1: 0.5781
2025-05-04 05:06:26,561 - INFO - Paper 88655260 ROUGE-2 F1: 0.3418
2025-05-04 05:06:26,561 - INFO - Paper 88655260 ROUGE-L F1: 0.3859
2025-05-04 05:06:27,086 - INFO - Successfully processed paper 88655260, matched 106 sentences
2025-05-04 05:06:27,087 - INFO - Processing paper 24824894
2025-05-04 05:06:27,095 - INFO - Paper 24824894: 319 sentences, Summary: 53 sentences
2025-05-04 05:06:27,095 - INFO - Encoding 319 paper sentences
2025-05-04 05:06:27,721 - INFO - Using default tokenizer.
2025-05-04 05:06:28,492 - INFO - Paper 24824894 ROUGE-1 F1: 0.6036
2025-05-04 05:06:28,492 - INFO - Paper 24824894 ROUGE-2 F1: 0.2975
2025-05-04 05:06:28,492 - INFO - Paper 24824894 ROUGE-L F1: 0.3501
2025-05-04 05:06:28,962 - INFO - Successfully processed paper 24824894, matched 78 sentences
2025-05-04 05:06:28,962 - INFO - Processing paper 45435119
2025-05-04 05:06:28,969 - INFO - Paper 45435119: 121 sentences, Summary: 27 sentences
2025-05-04 05:06:28,969 - INFO - Encoding 121 paper sentences
2025-05-04 05:06:29,219 - INFO - Using default tokenizer.
2025-05-04 05:06:29,365 - INFO - Paper 45435119 ROUGE-1 F1: 0.3702
2025-05-04 05:06:29,365 - INFO - Paper 45435119 ROUGE-2 F1: 0.1078
2025-05-04 05:06:29,366 - INFO - Paper 45435119 ROUGE-L F1: 0.1879
2025-05-04 05:06:29,905 - INFO - Successfully processed paper 45435119, matched 39 sentences
2025-05-04 05:06:29,905 - INFO - Processing paper 96308075
2025-05-04 05:06:29,932 - INFO - Paper 96308075: 423 sentences, Summary: 39 sentences
2025-05-04 05:06:29,932 - INFO - Encoding 423 paper sentences
2025-05-04 05:06:30,467 - INFO - Using default tokenizer.
2025-05-04 05:06:31,087 - INFO - Paper 96308075 ROUGE-1 F1: 0.5572
2025-05-04 05:06:31,087 - INFO - Paper 96308075 ROUGE-2 F1: 0.2460
2025-05-04 05:06:31,087 - INFO - Paper 96308075 ROUGE-L F1: 0.3043
2025-05-04 05:06:31,565 - INFO - Successfully processed paper 96308075, matched 62 sentences
2025-05-04 05:06:31,566 - INFO - Processing paper 62996279
2025-05-04 05:06:31,574 - INFO - Paper 62996279: 204 sentences, Summary: 15 sentences
2025-05-04 05:06:31,574 - INFO - Encoding 204 paper sentences
2025-05-04 05:06:31,750 - INFO - Using default tokenizer.
2025-05-04 05:06:31,785 - INFO - Paper 62996279 ROUGE-1 F1: 0.5630
2025-05-04 05:06:31,785 - INFO - Paper 62996279 ROUGE-2 F1: 0.3339
2025-05-04 05:06:31,785 - INFO - Paper 62996279 ROUGE-L F1: 0.4012
2025-05-04 05:06:32,248 - INFO - Successfully processed paper 62996279, matched 16 sentences
2025-05-04 05:06:32,265 - INFO - Processing paper 45795840
2025-05-04 05:06:32,284 - INFO - Paper 45795840: 488 sentences, Summary: 70 sentences
2025-05-04 05:06:32,284 - INFO - Encoding 488 paper sentences
2025-05-04 05:06:33,187 - INFO - Using default tokenizer.
2025-05-04 05:06:34,698 - INFO - Paper 45795840 ROUGE-1 F1: 0.5658
2025-05-04 05:06:34,698 - INFO - Paper 45795840 ROUGE-2 F1: 0.4025
2025-05-04 05:06:34,698 - INFO - Paper 45795840 ROUGE-L F1: 0.4422
2025-05-04 05:06:35,184 - INFO - Successfully processed paper 45795840, matched 136 sentences
2025-05-04 05:06:35,184 - INFO - Processing paper 43280550
2025-05-04 05:06:35,195 - INFO - Paper 43280550: 249 sentences, Summary: 28 sentences
2025-05-04 05:06:35,195 - INFO - Encoding 249 paper sentences
2025-05-04 05:06:35,509 - INFO - Using default tokenizer.
2025-05-04 05:06:35,647 - INFO - Paper 43280550 ROUGE-1 F1: 0.5348
2025-05-04 05:06:35,647 - INFO - Paper 43280550 ROUGE-2 F1: 0.2113
2025-05-04 05:06:35,648 - INFO - Paper 43280550 ROUGE-L F1: 0.3121
2025-05-04 05:06:36,090 - INFO - Successfully processed paper 43280550, matched 46 sentences
2025-05-04 05:06:36,090 - INFO - Processing paper 47798365
2025-05-04 05:06:36,104 - INFO - Paper 47798365: 215 sentences, Summary: 8 sentences
2025-05-04 05:06:36,104 - INFO - Encoding 215 paper sentences
2025-05-04 05:06:36,281 - INFO - Using default tokenizer.
2025-05-04 05:06:36,291 - INFO - Paper 47798365 ROUGE-1 F1: 0.4286
2025-05-04 05:06:36,291 - INFO - Paper 47798365 ROUGE-2 F1: 0.0616
2025-05-04 05:06:36,291 - INFO - Paper 47798365 ROUGE-L F1: 0.2041
2025-05-04 05:06:36,751 - INFO - Successfully processed paper 47798365, matched 8 sentences
2025-05-04 05:06:36,751 - INFO - Processing paper 69694249
2025-05-04 05:06:36,761 - INFO - Paper 69694249: 450 sentences, Summary: 22 sentences
2025-05-04 05:06:36,762 - INFO - Encoding 450 paper sentences
2025-05-04 05:06:37,192 - INFO - Using default tokenizer.
2025-05-04 05:06:37,325 - INFO - Paper 69694249 ROUGE-1 F1: 0.5772
2025-05-04 05:06:37,325 - INFO - Paper 69694249 ROUGE-2 F1: 0.2457
2025-05-04 05:06:37,325 - INFO - Paper 69694249 ROUGE-L F1: 0.3148
2025-05-04 05:06:37,778 - INFO - Successfully processed paper 69694249, matched 31 sentences
2025-05-04 05:06:37,778 - INFO - Processing paper 22528856
2025-05-04 05:06:37,790 - INFO - Paper 22528856: 348 sentences, Summary: 13 sentences
2025-05-04 05:06:37,790 - INFO - Encoding 348 paper sentences
2025-05-04 05:06:38,100 - INFO - Using default tokenizer.
2025-05-04 05:06:38,130 - INFO - Paper 22528856 ROUGE-1 F1: 0.4486
2025-05-04 05:06:38,130 - INFO - Paper 22528856 ROUGE-2 F1: 0.0893
2025-05-04 05:06:38,130 - INFO - Paper 22528856 ROUGE-L F1: 0.2055
2025-05-04 05:06:38,630 - INFO - Successfully processed paper 22528856, matched 13 sentences
2025-05-04 05:06:38,631 - INFO - Processing paper 55410278
2025-05-04 05:06:38,645 - INFO - Paper 55410278: 131 sentences, Summary: 39 sentences
2025-05-04 05:06:38,645 - INFO - Encoding 131 paper sentences
2025-05-04 05:06:38,995 - INFO - Using default tokenizer.
2025-05-04 05:06:39,135 - INFO - Paper 55410278 ROUGE-1 F1: 0.5195
2025-05-04 05:06:39,135 - INFO - Paper 55410278 ROUGE-2 F1: 0.1734
2025-05-04 05:06:39,135 - INFO - Paper 55410278 ROUGE-L F1: 0.2697
2025-05-04 05:06:39,610 - INFO - Successfully processed paper 55410278, matched 39 sentences
2025-05-04 05:06:39,610 - INFO - Processing paper 97703387
2025-05-04 05:06:39,615 - INFO - Paper 97703387: 161 sentences, Summary: 34 sentences
2025-05-04 05:06:39,615 - INFO - Encoding 161 paper sentences
2025-05-04 05:06:39,946 - INFO - Using default tokenizer.
2025-05-04 05:06:40,397 - INFO - Paper 97703387 ROUGE-1 F1: 0.5860
2025-05-04 05:06:40,397 - INFO - Paper 97703387 ROUGE-2 F1: 0.4495
2025-05-04 05:06:40,397 - INFO - Paper 97703387 ROUGE-L F1: 0.4911
2025-05-04 05:06:40,856 - INFO - Successfully processed paper 97703387, matched 64 sentences
2025-05-04 05:06:40,856 - INFO - Processing paper 97932426
2025-05-04 05:06:40,860 - INFO - Paper 97932426: 139 sentences, Summary: 30 sentences
2025-05-04 05:06:40,860 - INFO - Encoding 139 paper sentences
2025-05-04 05:06:41,177 - INFO - Using default tokenizer.
2025-05-04 05:06:41,372 - INFO - Paper 97932426 ROUGE-1 F1: 0.5312
2025-05-04 05:06:41,372 - INFO - Paper 97932426 ROUGE-2 F1: 0.2338
2025-05-04 05:06:41,372 - INFO - Paper 97932426 ROUGE-L F1: 0.3471
2025-05-04 05:06:41,827 - INFO - Successfully processed paper 97932426, matched 39 sentences
2025-05-04 05:06:41,827 - INFO - Processing paper 34187605
2025-05-04 05:06:41,834 - INFO - Paper 34187605: 252 sentences, Summary: 15 sentences
2025-05-04 05:06:41,834 - INFO - Encoding 252 paper sentences
2025-05-04 05:06:42,107 - INFO - Using default tokenizer.
2025-05-04 05:06:42,161 - INFO - Paper 34187605 ROUGE-1 F1: 0.4769
2025-05-04 05:06:42,161 - INFO - Paper 34187605 ROUGE-2 F1: 0.1051
2025-05-04 05:06:42,161 - INFO - Paper 34187605 ROUGE-L F1: 0.2172
2025-05-04 05:06:42,646 - INFO - Successfully processed paper 34187605, matched 16 sentences
2025-05-04 05:06:42,646 - INFO - Processing paper 45043151
2025-05-04 05:06:42,655 - INFO - Paper 45043151: 263 sentences, Summary: 42 sentences
2025-05-04 05:06:42,655 - INFO - Encoding 263 paper sentences
2025-05-04 05:06:43,128 - INFO - Using default tokenizer.
2025-05-04 05:06:43,239 - INFO - Paper 45043151 ROUGE-1 F1: 0.4403
2025-05-04 05:06:43,240 - INFO - Paper 45043151 ROUGE-2 F1: 0.1115
2025-05-04 05:06:43,240 - INFO - Paper 45043151 ROUGE-L F1: 0.2111
2025-05-04 05:06:43,692 - INFO - Successfully processed paper 45043151, matched 44 sentences
2025-05-04 05:06:43,692 - INFO - Processing paper 65062778
2025-05-04 05:06:43,695 - INFO - Paper 65062778: 113 sentences, Summary: 11 sentences
2025-05-04 05:06:43,695 - INFO - Encoding 113 paper sentences
2025-05-04 05:06:43,848 - INFO - Using default tokenizer.
2025-05-04 05:06:43,915 - INFO - Paper 65062778 ROUGE-1 F1: 0.4602
2025-05-04 05:06:43,915 - INFO - Paper 65062778 ROUGE-2 F1: 0.1777
2025-05-04 05:06:43,915 - INFO - Paper 65062778 ROUGE-L F1: 0.2738
2025-05-04 05:06:44,432 - INFO - Successfully processed paper 65062778, matched 21 sentences
2025-05-04 05:06:44,432 - INFO - Skipping 18000122 - not in valid IDs
2025-05-04 05:06:44,432 - INFO - Processing paper 38830210
2025-05-04 05:06:44,437 - INFO - Paper 38830210: 250 sentences, Summary: 15 sentences
2025-05-04 05:06:44,438 - INFO - Encoding 250 paper sentences
2025-05-04 05:06:44,690 - INFO - Using default tokenizer.
2025-05-04 05:06:44,747 - INFO - Paper 38830210 ROUGE-1 F1: 0.5211
2025-05-04 05:06:44,748 - INFO - Paper 38830210 ROUGE-2 F1: 0.1862
2025-05-04 05:06:44,748 - INFO - Paper 38830210 ROUGE-L F1: 0.2799
2025-05-04 05:06:45,188 - INFO - Successfully processed paper 38830210, matched 17 sentences
2025-05-04 05:06:45,189 - INFO - Processing paper 53721399
2025-05-04 05:06:45,193 - INFO - Paper 53721399: 177 sentences, Summary: 30 sentences
2025-05-04 05:06:45,193 - INFO - Encoding 177 paper sentences
2025-05-04 05:06:45,476 - INFO - Using default tokenizer.
2025-05-04 05:06:45,653 - INFO - Paper 53721399 ROUGE-1 F1: 0.4514
2025-05-04 05:06:45,653 - INFO - Paper 53721399 ROUGE-2 F1: 0.2021
2025-05-04 05:06:45,653 - INFO - Paper 53721399 ROUGE-L F1: 0.2679
2025-05-04 05:06:46,117 - INFO - Successfully processed paper 53721399, matched 46 sentences
2025-05-04 05:06:46,118 - INFO - Processing paper 31194274
2025-05-04 05:06:46,146 - INFO - Paper 31194274: 240 sentences, Summary: 39 sentences
2025-05-04 05:06:46,146 - INFO - Encoding 240 paper sentences
2025-05-04 05:06:46,549 - INFO - Using default tokenizer.
2025-05-04 05:06:47,113 - INFO - Paper 31194274 ROUGE-1 F1: 0.7160
2025-05-04 05:06:47,113 - INFO - Paper 31194274 ROUGE-2 F1: 0.5374
2025-05-04 05:06:47,113 - INFO - Paper 31194274 ROUGE-L F1: 0.5547
2025-05-04 05:06:47,584 - INFO - Successfully processed paper 31194274, matched 49 sentences
2025-05-04 05:06:47,585 - INFO - Processing paper 99440206
2025-05-04 05:06:47,601 - INFO - Paper 99440206: 145 sentences, Summary: 8 sentences
2025-05-04 05:06:47,601 - INFO - Encoding 145 paper sentences
2025-05-04 05:06:47,747 - INFO - Using default tokenizer.
2025-05-04 05:06:47,772 - INFO - Paper 99440206 ROUGE-1 F1: 0.4491
2025-05-04 05:06:47,772 - INFO - Paper 99440206 ROUGE-2 F1: 0.1212
2025-05-04 05:06:47,772 - INFO - Paper 99440206 ROUGE-L F1: 0.2642
2025-05-04 05:06:48,225 - INFO - Successfully processed paper 99440206, matched 12 sentences
2025-05-04 05:06:48,225 - INFO - Processing paper 33427271
2025-05-04 05:06:48,233 - INFO - Paper 33427271: 313 sentences, Summary: 18 sentences
2025-05-04 05:06:48,233 - INFO - Encoding 313 paper sentences
2025-05-04 05:06:48,566 - INFO - Using default tokenizer.
2025-05-04 05:06:48,663 - INFO - Paper 33427271 ROUGE-1 F1: 0.6376
2025-05-04 05:06:48,663 - INFO - Paper 33427271 ROUGE-2 F1: 0.2897
2025-05-04 05:06:48,663 - INFO - Paper 33427271 ROUGE-L F1: 0.3485
2025-05-04 05:06:49,180 - INFO - Successfully processed paper 33427271, matched 25 sentences
2025-05-04 05:06:49,180 - INFO - Processing paper 7590139
2025-05-04 05:06:49,208 - INFO - Paper 7590139: 339 sentences, Summary: 30 sentences
2025-05-04 05:06:49,209 - INFO - Encoding 339 paper sentences
2025-05-04 05:06:49,612 - INFO - Using default tokenizer.
2025-05-04 05:06:49,720 - INFO - Paper 7590139 ROUGE-1 F1: 0.4243
2025-05-04 05:06:49,720 - INFO - Paper 7590139 ROUGE-2 F1: 0.0768
2025-05-04 05:06:49,720 - INFO - Paper 7590139 ROUGE-L F1: 0.1888
2025-05-04 05:06:50,201 - INFO - Successfully processed paper 7590139, matched 35 sentences
2025-05-04 05:06:50,201 - INFO - Processing paper 37010180
2025-05-04 05:06:50,210 - INFO - Paper 37010180: 270 sentences, Summary: 61 sentences
2025-05-04 05:06:50,210 - INFO - Encoding 270 paper sentences
2025-05-04 05:06:50,801 - INFO - Using default tokenizer.
2025-05-04 05:06:51,215 - INFO - Paper 37010180 ROUGE-1 F1: 0.5195
2025-05-04 05:06:51,215 - INFO - Paper 37010180 ROUGE-2 F1: 0.1054
2025-05-04 05:06:51,215 - INFO - Paper 37010180 ROUGE-L F1: 0.1912
2025-05-04 05:06:51,684 - INFO - Successfully processed paper 37010180, matched 62 sentences
2025-05-04 05:06:51,684 - INFO - Processing paper 9563928
2025-05-04 05:06:51,700 - INFO - Paper 9563928: 149 sentences, Summary: 55 sentences
2025-05-04 05:06:51,701 - INFO - Encoding 149 paper sentences
2025-05-04 05:06:52,198 - INFO - Using default tokenizer.
2025-05-04 05:06:52,924 - INFO - Paper 9563928 ROUGE-1 F1: 0.5934
2025-05-04 05:06:52,924 - INFO - Paper 9563928 ROUGE-2 F1: 0.3712
2025-05-04 05:06:52,924 - INFO - Paper 9563928 ROUGE-L F1: 0.4241
2025-05-04 05:06:53,422 - INFO - Successfully processed paper 9563928, matched 75 sentences
2025-05-04 05:06:53,422 - INFO - Processing paper 75937139
2025-05-04 05:06:53,429 - INFO - Paper 75937139: 332 sentences, Summary: 39 sentences
2025-05-04 05:06:53,429 - INFO - Encoding 332 paper sentences
2025-05-04 05:06:53,879 - INFO - Using default tokenizer.
2025-05-04 05:06:54,138 - INFO - Paper 75937139 ROUGE-1 F1: 0.6080
2025-05-04 05:06:54,138 - INFO - Paper 75937139 ROUGE-2 F1: 0.2257
2025-05-04 05:06:54,138 - INFO - Paper 75937139 ROUGE-L F1: 0.2546
2025-05-04 05:06:54,703 - INFO - Successfully processed paper 75937139, matched 46 sentences
2025-05-04 05:06:54,703 - INFO - Processing paper 85820029
2025-05-04 05:06:54,711 - INFO - Paper 85820029: 211 sentences, Summary: 11 sentences
2025-05-04 05:06:54,712 - INFO - Encoding 211 paper sentences
2025-05-04 05:06:54,924 - INFO - Using default tokenizer.
2025-05-04 05:06:54,954 - INFO - Paper 85820029 ROUGE-1 F1: 0.3973
2025-05-04 05:06:54,955 - INFO - Paper 85820029 ROUGE-2 F1: 0.1284
2025-05-04 05:06:54,955 - INFO - Paper 85820029 ROUGE-L F1: 0.2290
2025-05-04 05:06:55,559 - INFO - Successfully processed paper 85820029, matched 15 sentences
2025-05-04 05:06:55,559 - INFO - Processing paper 98262950
2025-05-04 05:06:55,586 - INFO - Paper 98262950: 284 sentences, Summary: 53 sentences
2025-05-04 05:06:55,586 - INFO - Encoding 284 paper sentences
2025-05-04 05:06:56,148 - INFO - Using default tokenizer.
2025-05-04 05:06:56,579 - INFO - Paper 98262950 ROUGE-1 F1: 0.4739
2025-05-04 05:06:56,579 - INFO - Paper 98262950 ROUGE-2 F1: 0.1360
2025-05-04 05:06:56,579 - INFO - Paper 98262950 ROUGE-L F1: 0.2127
2025-05-04 05:06:57,075 - INFO - Successfully processed paper 98262950, matched 82 sentences
2025-05-04 05:06:57,075 - INFO - Processing paper 36779622
2025-05-04 05:06:57,084 - INFO - Paper 36779622: 150 sentences, Summary: 21 sentences
2025-05-04 05:06:57,085 - INFO - Encoding 150 paper sentences
2025-05-04 05:06:57,309 - INFO - Using default tokenizer.
2025-05-04 05:06:57,408 - INFO - Paper 36779622 ROUGE-1 F1: 0.5027
2025-05-04 05:06:57,408 - INFO - Paper 36779622 ROUGE-2 F1: 0.1548
2025-05-04 05:06:57,408 - INFO - Paper 36779622 ROUGE-L F1: 0.2558
2025-05-04 05:06:58,102 - INFO - Successfully processed paper 36779622, matched 28 sentences
2025-05-04 05:06:58,103 - INFO - Processing paper 78412080
2025-05-04 05:06:58,136 - INFO - Paper 78412080: 381 sentences, Summary: 53 sentences
2025-05-04 05:06:58,137 - INFO - Encoding 381 paper sentences
2025-05-04 05:06:58,799 - INFO - Using default tokenizer.
2025-05-04 05:06:59,971 - INFO - Paper 78412080 ROUGE-1 F1: 0.5473
2025-05-04 05:06:59,971 - INFO - Paper 78412080 ROUGE-2 F1: 0.3229
2025-05-04 05:06:59,971 - INFO - Paper 78412080 ROUGE-L F1: 0.3625
2025-05-04 05:07:00,499 - INFO - Successfully processed paper 78412080, matched 97 sentences
2025-05-04 05:07:00,504 - INFO - Overall statistics:
2025-05-04 05:07:00,504 - INFO - Papers processed: 488
2025-05-04 05:07:00,504 - INFO - Total summary sentences: 17092
2025-05-04 05:07:00,504 - INFO - Total paper sentences: 166034
2025-05-04 05:07:00,504 - INFO - Total matched sentences: 24616
2025-05-04 05:07:00,504 - INFO - Average sentences per summary sentence: 1.44
2025-05-04 05:07:00,504 - INFO - Average similarity: 0.6686
2025-05-04 05:07:00,505 - INFO - Average ROUGE-1 F1: 0.5297
2025-05-04 05:07:00,505 - INFO - Average ROUGE-2 F1: 0.2360
2025-05-04 05:07:00,505 - INFO - Average ROUGE-L F1: 0.3092
2025-05-04 05:07:00,505 - INFO - Processing complete. Processed 488 papers.
