paper_id,sentence_idx,sentence,section_idx,paragraph_idx,local_sentence_idx,relative_position,sentence_length,word_count,noun_ratio,verb_ratio,non_stop_ratio,similarity_prev,similarity_next,similarity_avg,tfidf_score,label
63758896,26,"We begin with an equation called the Hamiltonian, which relates the state of a system to some conserved quantity (usually energy) and lets us simulate how the system changes with time.",1,0,16,0.09961685823754789,31,31,0.22580645161290322,0.22580645161290322,0.5483870967741935,0.0,0.0,0.0,0.0006790077540908075,0
8136900,207,"We used dropout with probabilities 0.05 and 0.005 since the network size is very small (with 50 units following (Hernández-Lobato & Adams, 2015)) and the datasets are fairly small as well.",7,0,10,0.7237762237762237,31,31,0.25806451612903225,0.12903225806451613,0.6774193548387096,0.0,0.0,0.0,0.0006970393352080763,1
63621777,131,"In our case, the representation is: G(I) = gF7φ (g L6 φ (...g C1 φ (T (I, θT ))...)) with the net’s parameters φ = {C1, ..., F7} and θT = {x2d, ~P , ~r} as described in Section 2.",3,0,48,0.51171875,40,40,0.65,0.05,0.8,0.0,0.0,0.0,0.0004953958942989038,0
50388820,269,"Quick answer: RobinHood brings SLO violations down to 0.3%, compared to 30% SLO violations under the next best policy.",16,0,5,0.5183044315992292,19,19,0.42105263157894735,0.10526315789473684,0.7368421052631579,0.0,0.0,0.0,0.0005725091441086947,1
17601393,186,In 13th USENIX Symposium on Operating Systems Design and Implementation (OSDI 18).,0,0,186,0.9441624365482234,12,12,0.5,0.08333333333333333,0.75,0.0,0.0,0.0,0.0005565948450992883,0
47698609,59,"An autoencoder without selectivity also reconstructs the input properly but without learning these two latent (x, y) features explicitly.",6,0,2,0.6020408163265306,19,19,0.3684210526315789,0.15789473684210525,0.7894736842105263,0.0,0.0,0.0,0.000549557755195334,0
61580548,240,"We observe that on both datasets, the performance of adapters is robust for standard deviations below 10−2.",9,0,18,0.7947019867549668,17,17,0.17647058823529413,0.17647058823529413,0.47058823529411764,0.0,0.0,0.0,0.0005490861409912236,0
45518901,0,"Secure Coding Practices in Java: Challenges and Vulnerabilities
Java platform and third-party libraries provide various security features to facilitate secure coding.",0,0,0,0.0,21,21,0.6190476190476191,0.09523809523809523,0.8095238095238095,0.0,0.0,0.0,0.0006978245481385482,1
7305163,61,"The second challenge is that blockchains assume an adversarial environment, therefore any captured provenance must be made tamper evident.",1,0,45,0.08827785817655572,19,19,0.2631578947368421,0.21052631578947367,0.6842105263157895,0.0,0.0,0.0,0.0005929623551210558,1
47686356,53,Thrun and Pratt [28] summarized various representation decomposition methods into two major categories.,2,0,11,0.1962962962962963,13,13,0.5384615384615384,0.07692307692307693,0.8461538461538461,0.0,0.0,0.0,0.0005601775232915781,1
27051635,141,Write-limited sorts and joins for persistent memory.,0,0,0,0.7833333333333333,7,7,0.42857142857142855,0.0,0.7142857142857143,0.0,0.0,0.0,0.0004391130733079078,1
48091191,136,Discussion: Much recent work looked at how to automatically generate new patches.,13,0,18,0.7727272727272727,12,12,0.25,0.16666666666666666,0.75,0.0,0.0,0.0,0.0005224232996710056,1
26473847,9,"To achieve this goal, the most important task is to learn the driving policy that automatically outputs control signals for steering wheel, throttle, brake, etc., based on observed surroundings.",0,0,1,0.041666666666666664,29,29,0.3103448275862069,0.2413793103448276,0.6551724137931034,0.0,0.0,0.0,0.0007374879341074688,0
67744436,73,"To cope with the problem of trivial codes, we propose an information-theoretic regularization: there should be high mutual information between latent codes c and generator distribution G(z, c).",4,0,17,0.40782122905027934,28,28,0.32142857142857145,0.17857142857142858,0.6071428571428571,0.0,0.0,0.0,0.0006172310731732655,0
91633253,37,Pollination can take two major forms: abiotic and biotic.,2,0,7,0.2483221476510067,9,9,0.3333333333333333,0.1111111111111111,0.7777777777777778,0.0,0.0,0.0,0.00034394605736870986,1
30189879,162,"Experiments
We experimentally investigate how variation in goals, environment configuration, and agents physical capabilities lead to different communication strategies.",0,0,0,0.6982758620689655,19,19,0.42105263157894735,0.10526315789473684,0.7368421052631579,0.0,0.0,0.0,0.0007414464585767011,0
97381495,469,"Towards Formal port 93-1367, Department of Computer SciAnalysis of Security Protocols.",0,0,462,0.8589743589743589,11,11,0.7272727272727273,0.0,0.8181818181818182,0.0,0.0,0.0,0.0005255210427601079,0
59320034,16,"ar X
iv :1
81 2.",0,0,10,0.06153846153846154,6,6,0.5,0.16666666666666666,1.0,0.0,0.0,0.0,0.0003454917451526137,0
87208689,177,"THERMOMETER ENCODING
Defense Details.",0,0,0,0.43703703703703706,4,4,1.0,0.0,1.0,0.0,0.0,0.0,0.00034393949930750477,1
4536127,93,"Finally, prediction needs to be scalable so it can handle video workloads at a global scale like Facebook.",5,0,3,0.24155844155844156,18,18,0.3333333333333333,0.1111111111111111,0.6111111111111112,0.0,0.0,0.0,0.0006589737408680297,0
45435119,19,"For that purpose, we designed a new version named Inception-v4 which has a more uniform simplified architecture and more inception modules than Inception-v3.",0,0,8,0.15702479338842976,23,23,0.30434782608695654,0.13043478260869565,0.5217391304347826,0.0,0.0,0.0,0.0005771444478561613,1
34958521,146,This establishes a dissociation between behavior in the information plane and generalization dynamics: networks that compress may (Fig.,2,0,51,0.4022038567493113,18,18,0.4444444444444444,0.1111111111111111,0.6111111111111112,0.0,0.0,0.0,0.0005551819581258588,1
42045072,100,The join operation ‘ merges two feature blobs into one.,3,0,11,0.4830917874396135,10,10,0.6,0.1,0.8,0.0,0.0,0.0,0.00039285995775028816,1
30789903,206,"Most importantly, we demonstrated that a simple, straightforward and a relatively unoptimized approach can outperform a mature SMT system, so further work will likely lead to even greater translation accuracies.",13,0,9,0.9856459330143541,30,30,0.3,0.1,0.6,0.0,0.0,0.0,0.0007389161415539608,1
51116334,162,We therefore excluded the long-term penalty and the multi-pass approach from the quantitative comparison and present only qualitative results.,11,0,1,0.8663101604278075,19,19,0.21052631578947367,0.05263157894736842,0.5789473684210527,0.0,0.0,0.0,0.0006534474899467056,0
7590139,264,The 7M frames required to match DQN’s final performance correspond to less than 10 hours of wall-clock time.,4,0,16,0.7787610619469026,18,18,0.3888888888888889,0.1111111111111111,0.7222222222222222,0.0,0.0,0.0,0.0006781259384436289,0
70481957,33,"3 Word Embeddings with Stochastic Dimensionality
Having introduced the fixed-dimensional embedding techniques SG and CBOW, we now define extensions that make vector dimensionality a random variable.",0,0,0,0.23741007194244604,26,26,0.5384615384615384,0.11538461538461539,0.6923076923076923,0.0,0.0,0.0,0.000783405672740454,1
79471009,186,"We replicated the setting from the ImageNet experiments in the previous section, where new classes were introduced to a pre-trained model.",8,0,2,0.6863468634686347,21,21,0.2857142857142857,0.14285714285714285,0.5238095238095238,0.0,0.0,0.0,0.000682114779290536,1
97381495,153,"The meaning attached to this binding is rather protocol-dependent, and often subtle.",0,0,146,0.2802197802197802,12,12,0.16666666666666666,0.16666666666666666,0.5833333333333334,0.0,0.0,0.0,0.0004872628515872726,1
66912872,218,The output of this block is an 1-hot encoded memory address.,7,0,11,0.6246418338108882,11,11,0.36363636363636365,0.09090909090909091,0.5454545454545454,0.0,0.0,0.0,0.00048307061668173237,1
23929837,167,Each d ta point shows the average number of visits for each state over the last 1000 episodes.,9,0,22,0.7660550458715596,18,18,0.3888888888888889,0.05555555555555555,0.5555555555555556,0.0,0.0,0.0,0.0005497151259804459,0
88246188,210,But the small differences among A/B/C indicate that projection shortcuts are not essential for addressing the degradation problem.,9,0,51,0.47404063205417607,18,18,0.3333333333333333,0.16666666666666666,0.6111111111111112,0.0,0.0,0.0,0.000592093343549379,0
79305631,217,"7 Conclusion
Multiverse databases are a promising approach that makes common bugs in today’s web applications harmless.",0,0,0,0.9774774774774775,17,17,0.4117647058823529,0.17647058823529413,0.7647058823529411,0.0,0.0,0.0,0.0006549710515976827,0
46507565,502,"If packet-based network policy is needed, a standard overlay network should be used instead.",22,0,26,0.9127272727272727,14,14,0.42857142857142855,0.21428571428571427,0.6428571428571429,0.0,0.0,0.0,0.0005843541451441239,0
17539393,114,We will explain this mechanism more fully in a later section.,0,1,68,0.2446351931330472,11,11,0.18181818181818182,0.09090909090909091,0.45454545454545453,0.0,0.0,0.0,0.00044365627485347425,1
45612165,119,"Nonetheless, this method allowed for episodes containing a large number of unique classes.",7,0,25,0.44074074074074077,13,13,0.38461538461538464,0.15384615384615385,0.6923076923076923,0.0,0.0,0.0,0.000587611799303538,0
202387,637,"After developing an initial set of labeling functions, it is important for users to visualize the errors of the end model.",25,0,10,0.9725190839694656,21,21,0.2857142857142857,0.19047619047619047,0.5238095238095238,0.0,0.0,0.0,0.0006483704782637976,0
85853580,107,"The wi are the rows of the weight matrix, each of which is constructed by multiplying a non-stochastic parameter vector ✓i by a stochastic scale variable si.",7,0,4,0.5846994535519126,27,27,0.2962962962962963,0.18518518518518517,0.5185185185185185,0.0,0.0,0.0,0.0006682423086043759,0
31303819,54,Chen et al.,1,0,16,0.21686746987951808,3,3,0.6666666666666666,0.3333333333333333,1.0,0.0,0.0,0.0,0.0003307750257065511,0
49333267,32,An important aspect of Heron is that it allows extensibility of the modules.,0,0,32,0.10256410256410256,13,13,0.3076923076923077,0.15384615384615385,0.46153846153846156,0.0,0.0,0.0,0.00044329583312270756,0
15643187,210,"4.4 Speaker identification from raw waveform
We also perform the speaker identification task using the corpus from VCTK [26].",0,0,0,0.7291666666666666,19,19,0.47368421052631576,0.10526315789473684,0.7368421052631579,0.0,0.0,0.0,0.0004991911269931534,1
39382584,22,"Daimler stereo, ETH, and KITTI provide stereo information.",1,0,7,0.10091743119266056,8,8,0.75,0.125,0.875,0.0,0.0,0.0,0.000334104266851583,1
40771210,132,"Importantly, our sketch does not need to know what those values are beforehand.",6,0,1,0.34108527131782945,13,13,0.23076923076923078,0.3076923076923077,0.46153846153846156,0.0,0.0,0.0,0.00048436258809557886,1
97291551,38,"Our main goal for adapting this scientific approach to our networking class is for students to obtain a detailed, in-depth understanding of a significant paper, its key ideas, and its key results.",2,0,3,0.10919540229885058,32,32,0.25,0.09375,0.5625,0.0,0.0,0.0,0.0008037638445235273,1
85839366,71,Baker et al.,1,0,29,0.16027088036117382,3,3,0.6666666666666666,0.3333333333333333,1.0,0.0,0.0,0.0,0.0002828425772513066,0
66006367,34,"This forms our central experiment:
1.",1,0,31,0.05214723926380368,6,6,0.16666666666666666,0.16666666666666666,0.6666666666666666,0.0,0.0,0.0,0.00034463726352830537,1
82387857,119,"If the solution is correct, the contract sends the reward to the submitter (Line 26).",0,0,119,0.16102841677943167,15,15,0.3333333333333333,0.2,0.5333333333333333,0.0,0.0,0.0,0.0005268948356034231,1
2899329,258,"We recognize the validity of these considerations, and also recognize that these standards are at times exacting.",19,0,7,0.9214285714285714,17,17,0.23529411764705882,0.23529411764705882,0.47058823529411764,0.0,0.0,0.0,0.000421656924453111,1
80719489,141,"The autoencoder we used for MNIST had 4 layers, 2 for the encoder and 2 for the decoder.",7,0,7,0.6650943396226415,18,18,0.2222222222222222,0.1111111111111111,0.5,0.0,0.0,0.0,0.00048157604014643864,1
8151447,7,"During this period, the data throughput from LBL to UC Berkeley (sites separated by 400 yards and two IMP hops) dropped from 32 Kbps to 40 bps.",0,0,7,0.026415094339622643,27,27,0.4074074074074074,0.1111111111111111,0.6666666666666666,0.0,0.0,0.0,0.000620295037958223,1
62769214,140,"The slightly worse performance of the features from Model 3 can be attributed to the lower receptive field and the 6th extra pooling, which caused transfer of prediction power from Spat.3× 3 to Spat.1× 1.",7,0,21,0.9210526315789473,35,35,0.2857142857142857,0.08571428571428572,0.6,0.0,0.0,0.0,0.0007599920186304857,0
92615357,230,We solve this problem with a context-sensitive approximation.,0,0,230,0.4590818363273453,8,8,0.25,0.125,0.5,0.0,0.0,0.0,0.0004438533415146428,1
40771210,131,"2.2 Implementation Details
Most systems often have built-in timeouts and a minimum granularity, so the values coming into a sketch usually have an effective minimum and maximum.",0,0,0,0.3385012919896641,27,27,0.37037037037037035,0.1111111111111111,0.5925925925925926,0.0,0.0,0.0,0.0006593398248597261,0
70889889,31,"In an effort to speed up the convergence of this optimization procedure, we propose to reparameterize each weight vector w in terms of a parameter vector v and a scalar parameter g and to perform stochastic gradient descent with respect to those parameters instead.",1,0,3,0.1962025316455696,44,44,0.38636363636363635,0.11363636363636363,0.5454545454545454,0.0,0.0,0.0,0.0008223999264660182,0
31194274,88,"loan decisions are made in a risk averse manner, by using the following decision rule: check whether the lower end of the 95% confidence interval for an individual is above a fixed “approval threshold” of 90%.",2,0,44,0.36666666666666664,36,36,0.3333333333333333,0.1388888888888889,0.6111111111111112,0.0,0.0,0.0,0.00081710871628084,0
76817909,305,"However, note that these are not RGB images.",15,0,24,0.941358024691358,8,8,0.375,0.25,0.5,0.0,0.0,0.0,0.00033865685376545314,0
57956236,122,"We consider regions with overlap greater than 0.35 with the ground truth for learning this task, while ignoring the rest.",5,0,15,0.3885350318471338,20,20,0.3,0.15,0.55,0.0,0.0,0.0,0.0006522026240685235,1
98238949,151,"Answering natural language questions
So far our discussion has focused on the neural module net architecture, without reference to the remainder of Figure 1.",0,0,0,0.6565217391304348,24,24,0.375,0.125,0.6666666666666666,0.0,0.0,0.0,0.0007384705332228572,0
42443464,164,those starting with “what was” or “what did”.,24,0,3,0.9590643274853801,8,8,0.25,0.25,0.625,0.0,0.0,0.0,0.00028266398180735785,0
51254358,78,"Consider a natural language sentence with a sequence of T words s=w1, ...,wT , RNN embeds it through the following computations: it reads words in the sentence one by one, and updates a hidden state at each time step.",4,0,6,0.19164619164619165,39,39,0.38461538461538464,0.10256410256410256,0.5897435897435898,0.0,0.0,0.0,0.0007853556790434014,1
69481324,46,"3.1 Preliminaries
We represent a graph G as (A,F ), where A ∈ {0, 1}n×n is the adjacency matrix, and F ∈ Rn×d is the node feature matrix assuming each node has d features.1 Given a set of labeled graphs D = {(G1, y1), (G2, y2), ...} where yi ∈ Y is the label corresponding to graph Gi ∈ G, the goal of graph classification is to learn a mapping f : G → Y that maps graphs to the set of labels.",0,0,0,0.21495327102803738,83,83,0.5060240963855421,0.1566265060240964,0.6265060240963856,0.0,0.0,0.0,0.0009850472899075727,1
18958324,162,"of the brambling bird, Fig.",7,0,4,0.4186046511627907,5,5,0.6,0.0,0.6,0.0,0.0,0.0,0.0002760095807001417,0
17601393,106,"More importantly, as the number of models grows, the cost can easily double.",0,0,106,0.5380710659898477,13,13,0.3076923076923077,0.15384615384615385,0.5384615384615384,0.0,0.0,0.0,0.0005170288314086323,1
87068449,178,R’s action is ignored when t = 0 and H’s is ignored when t = 1.,5,0,17,0.6054421768707483,16,16,0.3125,0.25,0.5625,0.0,0.0,0.0,0.0002561831657588095,0
77684000,46,This makes the task harder and the models more general.,3,0,13,0.24864864864864866,10,10,0.4,0.1,0.5,0.0,0.0,0.0,0.00043765144959970615,1
17675091,220,"For example, if the network sees a picture of a dog but is uncertain what type of dog it is, it will still predict “dog” with high confidence but have lower confidences spread out among the hyponyms.",4,0,42,0.8148148148148148,37,37,0.2702702702702703,0.16216216216216217,0.5135135135135135,0.0,0.0,0.0,0.000579820644365959,1
57983162,70,"(1) is illustrated in
Figure 1, where a color represents a pair of (i, j).",1,0,33,0.3431372549019608,15,15,0.4,0.2,0.6,0.0,0.0,0.0,0.00044147152093086217,1
85839366,132,Resolution is done by choosing one of the incoming edges as the primary one.,4,0,10,0.2979683972911964,14,14,0.21428571428571427,0.2857142857142857,0.5714285714285714,0.0,0.0,0.0,0.0004463173547392547,1
22030520,129,"Due to space limitations, we only discuss a subset of the sub-categories (14).",0,0,129,0.2860310421286031,13,13,0.46153846153846156,0.07692307692307693,0.5384615384615384,0.0,0.0,0.0,0.0005268253352353409,1
55410278,124,"This demonstrates that the CNN learned to detect useful road features on its own, i. e., with only the human steering angle as training signal.",12,0,2,0.9465648854961832,25,25,0.36,0.16,0.6,0.0,0.0,0.0,0.0006789720530822763,0
11779349,121,Let ξ be a mixture model over a class of learningpositive modelsM.,5,0,13,0.2965686274509804,12,12,0.3333333333333333,0.16666666666666666,0.5833333333333334,0.0,0.0,0.0,0.00038973560312930344,1
67696398,232,"In the latter case, the framework tells the scheduler which processes previously dirtied the buffer; depending on policy, the scheduler could revise accounting statistics, shifting some (or all) of the responsibility for the I/O to the last writer.",15,0,17,0.4863731656184486,38,38,0.2631578947368421,0.18421052631578946,0.6052631578947368,0.0,0.0,0.0,0.0006614190499721039,0
42045072,190,"Contrast with a plain 40-layer network trained alone (dashed blue line), which never makes fast progress.",10,0,2,0.9178743961352657,16,16,0.375,0.1875,0.8125,0.0,0.0,0.0,0.0006794378462509144,0
10587146,32,"Our Approach and Results
Our technical approach relies on the observation that the classic Mallows (1957) model is an unusually good fit with our problem.",0,0,0,0.10423452768729642,25,25,0.4,0.04,0.56,0.0,0.0,0.0,0.0006118865757630098,1
11418476,275,"At the dialogue level, we observe that a significant amount of errors occur at turns having a change of emotion from the previous turn of the same party.",16,0,6,0.9482758620689655,28,28,0.32142857142857145,0.10714285714285714,0.4642857142857143,0.0,0.0,0.0,0.000714516643125778,1
16124640,84,[24] use observational causal discovery techniques to determine the direction of time in video playback.,4,0,10,0.3181818181818182,15,15,0.6,0.06666666666666667,0.7333333333333333,0.0,0.0,0.0,0.0005896524157863196,0
74156567,40,"Since the advent of columnstores, which significantly outperform B+ trees for data analysis workloads, many commercial RDBMS vendors have added support for columnstore indexes (CSI).",2,0,3,0.08213552361396304,25,25,0.44,0.2,0.76,0.0,0.0,0.0,0.0007089230475883174,1
88655260,0,"Software-Defined Far Memory in Warehouse-Scale Computers
Increasing memory demand and slowdown in technology scaling pose important challenges to total cost of ownership (TCO) of warehouse-scale computers (WSCs).",0,0,0,0.0,27,27,0.5185185185185185,0.07407407407407407,0.7777777777777778,0.0,0.0,0.0,0.0007510825806080979,1
74261188,413,"Third, our model did not require interleaved learning for the schematic system, eliminating the need for independent and identically distributed memory replay events.",0,1,413,0.8900862068965517,23,23,0.34782608695652173,0.13043478260869565,0.6521739130434783,0.0,0.0,0.0,0.0006751852849635373,1
22528856,316,Tabletop scenes: For the results shown in Fig.,18,0,12,0.9080459770114943,8,8,0.5,0.125,0.625,0.0,0.0,0.0,0.0003921693075998858,1
45612165,37,2.,0,0,0,0.13703703703703704,1,1,0.0,0.0,1.0,0.0,0.0,0.0,0.0,1
99878837,61,(2015a) on the Twitter domain.,4,0,7,0.27601809954751133,5,5,0.6,0.0,0.6,0.0,0.0,0.0,0.0003424184852448088,0
52492536,187,"Figure 21, and Supp.",8,0,2,0.8423423423423423,4,4,0.5,0.0,0.75,0.0,0.0,0.0,0.00027943113924224915,0
12239056,23,"This is most evident in how RoIPool [18, 12], the de facto core operation for attending to instances, performs coarse spatial quantization for feature extraction.",0,0,13,0.06990881458966565,25,25,0.28,0.16,0.64,0.0,0.0,0.0,0.0006562283891443061,0
45186835,59,"If the secret to be extracted is not displayed, such as a token in a hidden form field or link URL, the attacker can use the CSS attribute accessor and content property to extract the secret and make it visible as text, so that style directives can be applied to it.",0,0,59,0.17507418397626112,51,51,0.21568627450980393,0.21568627450980393,0.49019607843137253,0.0,0.0,0.0,0.0008849635116512643,1
15643187,173,"Nevertheless, the dilated vanilla has yet another significant performance gain over the skip Vanilla, which is consistent with our argument in section 3, that the DILATEDRNN has a much more balanced memory over a wide range of time periods than RNNs with the regular skips.",11,0,13,0.6006944444444444,45,45,0.3333333333333333,0.06666666666666667,0.5555555555555556,0.0,0.0,0.0,0.0008010178392900231,1
13135318,425,"In addition, the example handles computing processes failures.",25,0,23,0.8284600389863548,8,8,0.25,0.375,0.75,0.0,0.0,0.0,0.0004829240138227767,1
66357293,339,The primary overhead for PHYS-MEM is the cost of a virtual function call for each written lineage edge.,15,0,13,0.45139813581890814,18,18,0.3888888888888889,0.1111111111111111,0.5555555555555556,0.0,0.0,0.0,0.0005611570282287996,0
55410278,70,"As of March 28, 2016, about 72 hours of driving data was collected.",3,0,8,0.5343511450381679,13,13,0.3076923076923077,0.15384615384615385,0.6153846153846154,0.0,0.0,0.0,0.0005537849108356044,1
2852538,240,Hashimoto et al.,0,0,0,0.898876404494382,3,3,0.6666666666666666,0.0,1.0,0.0,0.0,0.0,0.0002828425772513066,0
39570633,18,"There is also a long history of unsupervised representation learning (Olshausen & Field, 1997).",0,0,9,0.1016949152542373,14,14,0.2857142857142857,0.14285714285714285,0.7142857142857143,0.0,0.0,0.0,0.000521509859138763,0
39038842,0,"Improving User Perceived Page Load Times Using Gaze
We take a fresh look at Web page load performance from the point of view of user experience.",0,0,0,0.0,26,26,0.6153846153846154,0.07692307692307693,0.7307692307692307,0.0,0.0,0.0,0.0007073156418000752,1
6827132,255,"It clearly shows that our attacks controlled by our algorithm can achieve the predefined targets (5% drop ratio ρ(T), damage length PD < 100ms, millibottleneck length PMB < 500ms).",0,2,25,0.6728232189973615,29,29,0.41379310344827586,0.20689655172413793,0.7586206896551724,0.0,0.0,0.0,0.0006730508555237982,1
76874430,291,"Given this, we designed the NVM-InP engine to avoid these issues.",7,0,26,0.3125671321160043,11,11,0.36363636363636365,0.2727272727272727,0.6363636363636364,0.0,0.0,0.0,0.0004867466449773028,1
37263635,162,"The claimed merits of functional programming — in conciseness, mathematical tractability, potential for parallel execution — have been argued in many places so we will not dwell on them here.",11,0,5,0.4750733137829912,30,30,0.26666666666666666,0.16666666666666666,0.5666666666666667,0.0,0.0,0.0,0.0005605305028808038,0
91200961,143,"In this modified residual block, we replace the first 3×3 convolution module with a corner pooling module, which first processes the features from the backbone network by two 3×3 convolution modules 1 with 128 channels and then applies a corner pooling layer.",7,0,17,0.6217391304347826,42,42,0.30952380952380953,0.11904761904761904,0.6428571428571429,0.0,0.0,0.0,0.0007626462556605461,0
36197895,485,"Lectures in the Sciences of Complexity (Addison-Wesley, Reading, MA, 1989).",0,0,485,0.6423841059602649,10,10,0.6,0.0,0.7,0.0,0.0,0.0,0.00044336021960204256,0
86423785,211,"If these assumptions hold true for a given video, we can expect a large p-value in the forward direction and a small one backward, and thus a big difference in p-values.",12,0,8,0.9590909090909091,31,31,0.1935483870967742,0.0967741935483871,0.5483870967741935,0.0,0.0,0.0,0.0007665016931017513,0
16973018,60,"For NER, we add a CRF layer on top of the LSTM states.",4,0,11,0.3191489361702128,13,13,0.46153846153846156,0.07692307692307693,0.5384615384615384,0.0,0.0,0.0,0.00043821420756527674,0
64175585,357,"As shown in Figure 1, once the system is trained, we achieve a recall of 0.868 with k (analyst bandwidth) set to 200, whereas the unsupervised-ML approach achieves 0.737, even when the analyst is shown 1000 entities a day.",17,0,13,0.5467075038284839,39,39,0.2564102564102564,0.1794871794871795,0.6153846153846154,0.0,0.0,0.0,0.0007396244607005484,1
8363020,115,"Since these objects have been described in the paired image-caption training data, we expect caption models trained only on COCO to perform reasonably well on this subset, albeit with some negative impact due
3These classes are not included either because they are not present in the underlying Open Images val and test splits, or because they got filtered out by our image subset selection strategy favoring more complex images.",5,0,19,0.391156462585034,69,69,0.2898550724637681,0.18840579710144928,0.5797101449275363,0.0,0.0,0.0,0.0010140040895670142,0
57956236,96,"We therefore add conv1a and conv3a convolutional layers to pool1, conv3 layers to obtain consistent feature maps of dimensions 6×6×256 at the output.",4,0,13,0.3057324840764331,23,23,0.34782608695652173,0.13043478260869565,0.6956521739130435,0.0,0.0,0.0,0.0006186719742012783,1
70335565,25,"In addition, the timing of egg-laying of some species is also amazing.",2,0,8,0.15151515151515152,12,12,0.25,0.08333333333333333,0.5,0.0,0.0,0.0,0.00034287593287034046,1
62996279,199,In our opinion this article opens an interesting line of research that deserve further attention and study.,8,0,8,0.9754901960784313,17,17,0.35294117647058826,0.11764705882352941,0.5294117647058824,0.0,0.0,0.0,0.00048823012574615343,1
42045072,61,"Recent work further elaborates upon them [22, 6].",2,0,14,0.2946859903381642,8,8,0.125,0.25,0.75,0.0,0.0,0.0,0.0003440070054068189,0
89581601,77,This would result in unbounded growth of model parameters without actually improving the loss.,2,0,28,0.41621621621621624,14,14,0.2857142857142857,0.14285714285714285,0.7142857142857143,0.0,0.0,0.0,0.0005502467455326727,0
597051,268,"Berkeley Center for Long-Term Cybersecurity, and Berkeley DeepDrive.",10,0,7,0.9925925925925926,8,8,0.75,0.0,0.75,0.0,0.0,0.0,0.00034922641174105293,0
61298922,42,"Our end-to-end attack, named GLitch, uses all these GPU primitives in orchestration to reliably compromise the browser on a mobile device using only microarchitectural attacks in under two minutes.",0,0,31,0.07046979865771812,29,29,0.3103448275862069,0.13793103448275862,0.6206896551724138,0.0,0.0,0.0,0.0007337231795933771,1
30748495,101,"For Gf (respectively Gb) defined above, one such ordering is immediately available – the forward sequence order (1, 2, .",3,0,20,0.35815602836879434,20,20,0.3,0.15,0.8,0.0,0.0,0.0,0.00059393604395161,1
23942242,27,In Section 3 we discuss related work.,0,0,16,0.1125,7,7,0.2857142857142857,0.2857142857142857,0.7142857142857143,0.0,0.0,0.0,0.00039561868311611893,0
82314288,244,"For simplicity we refer to the last convolution layers in set 3, 4 and 5 as ’conv3’, ’conv4’, and ’conv5’ respectively.",14,0,2,0.746177370030581,21,21,0.3333333333333333,0.047619047619047616,0.6190476190476191,0.0,0.0,0.0,0.0004828983622787527,1
87411149,116,"For more complex views, such as counters, users can execute RAMP transactions over specialized data structures such as the CRDT G-Counter [40].",2,0,37,0.16714697406340057,22,22,0.45454545454545453,0.045454545454545456,0.5909090909090909,0.0,0.0,0.0,0.0006810671745519704,1
99295545,52,"3.1 Rendering engine
The rendering engine is implemented using Panda3D [39], an open-source 3D game engine which ships with complete Python bindings.",0,0,0,0.52,22,22,0.4090909090909091,0.22727272727272727,0.7727272727272727,0.0,0.0,0.0,0.0005793076743103106,1
92615357,446,We optimize this code by introducing a check for the value in top_diff.,0,1,213,0.8902195608782435,13,13,0.3076923076923077,0.15384615384615385,0.46153846153846156,0.0,0.0,0.0,0.0004410011153486527,1
43791696,10,"Introduction
1 Introduction
Many modern applications of neural networks have to deal with data represented, or representable, as very large sparse vectors.",0,0,0,0.02557544757033248,22,22,0.45454545454545453,0.09090909090909091,0.6818181818181818,0.0,0.0,0.0,0.0006254284771291497,1
11684235,211,"Thus, we have supervised training data where I ′ is a counter-example from INN (K = 24) for question Q and answer A.",6,0,16,0.74822695035461,23,23,0.34782608695652173,0.21739130434782608,0.6086956521739131,0.0,0.0,0.0,0.0005533828823546122,0
84030160,104,"Further details on the preprocessing of the data can be found in Appendix H.
Inductive biases.",3,0,19,0.41935483870967744,16,16,0.4375,0.125,0.5,0.0,0.0,0.0,0.0004776218563949289,0
36779622,84,"However, we can augment this input representation with intra-sentence attention to encode compositional relationships between words within each sentence, as proposed by Cheng et al.",6,0,1,0.56,25,25,0.32,0.12,0.64,0.0,0.0,0.0,0.0006545422096726676,1
23313716,447,"As future work, we plan to reorder non-independent changes in order to improve throughput, and provide a better balance between starvation and fairness.",0,2,157,0.9571734475374732,23,23,0.2608695652173913,0.17391304347826086,0.6086956521739131,0.0,0.0,0.0,0.0006865099028614251,1
68399070,112,1 controls the balance between the two task losses.,6,0,33,0.3393939393939394,9,9,0.3333333333333333,0.1111111111111111,0.6666666666666666,0.0,0.0,0.0,0.0003934466525410055,0
70335565,95,"C. Comparison of CS with PSO and GA
Recent studies indicate that PSO algorithms can outperform genetic algorithms (GA) [8] and other conventional algorithms for many optimization problems.",0,0,0,0.5757575757575758,28,28,0.4642857142857143,0.14285714285714285,0.7142857142857143,0.0,0.0,0.0,0.0006241444317286809,0
39038842,2,"However, most page load optimizations are designed to improve the traditional PLT metrics, rendering their impact on user experience uncertain.",0,0,0,0.004761904761904762,20,20,0.45,0.2,0.7,0.0,0.0,0.0,0.0006869440202269018,0
54139177,218,4.2.,0,0,0,0.5343137254901961,1,1,0.0,0.0,1.0,0.0,0.0,0.0,0.0,0
61603670,127,"2.6 Transaction Retry
To ensure that transactions abort only when they encounter application-visible conflicts, WTF implements its own concurrency control on top of HyperDex that re-
tries aborted transactions.",0,0,0,0.3182957393483709,29,29,0.3793103448275862,0.1724137931034483,0.6551724137931034,0.0,0.0,0.0,0.0006784548512898539,1
16027177,346,[48] nd bug- xing frequency and bug- xing recency of source code les are helpful for bug localization.,17,0,10,0.8963730569948186,18,18,0.4444444444444444,0.1111111111111111,0.7777777777777778,0.0,0.0,0.0,0.0004866778139140725,0
70335565,106,Each function evaluation is virtually instantaneous on modern personal computer.,5,0,11,0.6424242424242425,10,10,0.3,0.1,0.7,0.0,0.0,0.0,0.0004801890848395668,0
37479343,436,"As a result, we obtain strict generalization of classic sketching algorithms, unifying the trade-off between memory, accuracy and time adaptability in a single framework.",0,4,143,0.7569444444444444,24,24,0.375,0.125,0.625,0.0,0.0,0.0,0.0006807881202736005,0
97980035,57,"Despite state-of-theart performance, these methods are computationally suboptimal because they require evaluating a CNN over more than 2, 000 overlapping candidate regions independently.",1,0,46,0.1701492537313433,23,23,0.21739130434782608,0.21739130434782608,0.6521739130434783,0.0,0.0,0.0,0.000736703375655314,0
71546396,358,"In the case of MarioNet, disabling service workers could indeed prevent the persistence and stealthiness of in-browser malicious computation.",20,0,8,0.7489539748953975,19,19,0.3684210526315789,0.10526315789473684,0.6842105263157895,0.0,0.0,0.0,0.0005604859626539971,1
45765062,370,The coefficient of the linear regression indicates that exploits appear at an approximately 30% faster rate every year.,11,0,52,0.7489878542510121,18,18,0.2777777777777778,0.1111111111111111,0.6666666666666666,0.0,0.0,0.0,0.0006579528977587016,1
65595064,282,"5.4 Memory protection benefit
To evaluate memory safety, we used the BOdiagsuite suite of 291 programs from Kratkiewicz [24] and used by Hardbound [17].",0,0,0,0.752,24,24,0.5,0.125,0.7083333333333334,0.0,0.0,0.0,0.0006244843840723782,1
67744436,28,Early methods were based on stacked (often denoising) autoencoders or restricted Boltzmann machines [10–13].,2,0,1,0.1564245810055866,14,14,0.35714285714285715,0.2857142857142857,0.7857142857142857,0.0,0.0,0.0,0.0006164695926206369,1
84480736,316,• The quality of clusters by PBooster decreases with increase in value of λ.,15,0,20,0.9080459770114943,14,14,0.5,0.0,0.5714285714285714,0.0,0.0,0.0,0.00044361231650300894,0
52464539,34,"For example, many learning solutions assume that we can take a random sample from the universe of items, manually label the sample to create training data, then train a classifier.",0,0,25,0.05821917808219178,30,30,0.26666666666666666,0.2,0.6,0.0,0.0,0.0,0.0007405886960341259,1
597051,158,"While there is a large gap between our self-supervised model and a version of I3D that has been pretrained on the closely-related Kinetics dataset (94.5%), the performance of our model (with both sound and vision) is close to the (visual-only) I3D pretrained with ImageNet [66] (84.2%).",5,0,10,0.5851851851851851,46,46,0.32608695652173914,0.15217391304347827,0.5,0.0,0.0,0.0,0.000826111678763302,1
52492536,52,"(4) In these equations, ∗ is the convolution operator, ?",1,0,24,0.23423423423423423,10,10,0.4,0.1,0.6,0.0,0.0,0.0,0.0003456319901649668,0
81780960,315,"We also show that Diamond’s DOCC improves performance of transactional guarantees, and that data push notifications reduce the latency of wide-area transactions.",30,0,2,0.7682926829268293,22,22,0.4090909090909091,0.13636363636363635,0.6818181818181818,0.0,0.0,0.0,0.0006803843294189449,1
45765062,249,The market mechanism generates strong disincentives for the creation of multiple accounts [8].,10,0,9,0.5040485829959515,13,13,0.38461538461538464,0.15384615384615385,0.6923076923076923,0.0,0.0,0.0,0.0005243965736395261,0
74156567,14,It is generally understood that columnstores are crucial to achieving high performance for analytic queries and that B+ tree indexes are key to supporting transactional workload efficiently.,1,0,4,0.028747433264887063,27,27,0.2962962962962963,0.18518518518518517,0.6296296296296297,0.0,0.0,0.0,0.00073828480611763,1
8601517,198,"To validate the proposed methods, in both Section 4.1 and 4.2, a standalone IoU-Net (without R-CNN modules) is trained separately with the object detectors.",10,0,2,0.8497854077253219,24,24,0.2916666666666667,0.16666666666666666,0.625,0.0,0.0,0.0,0.0007071524068229253,0
53809041,4,"We address this issue by proposing a novel sequence level training algorithm that directly optimizes the metric used at test time, such as BLEU or ROUGE.",0,0,0,0.011267605633802818,26,26,0.34615384615384615,0.15384615384615385,0.6153846153846154,0.0,0.0,0.0,0.0007524746210553158,1
70335565,99,Now we will compare the Cuckoo Search with PSO and genetic algorithms for various standard test functions.,5,0,4,0.6,17,17,0.35294117647058826,0.058823529411764705,0.5882352941176471,0.0,0.0,0.0,0.0005580599253725764,1
2577868,184,With this method we solve difficult Mujoco navigation tasks with sparse rewards that appear impossible to solve using standard RL algorithms.,10,0,2,0.8141592920353983,21,21,0.3333333333333333,0.19047619047619047,0.7142857142857143,0.0,0.0,0.0,0.0007140381870725857,0
24824894,40,"However, despite accumulating evidence that Simpson’s paradox a ects inference of trends in social and behavioral data [1, 2, 15, 19], researchers do not routinely test for it in their studies.",1,0,32,0.12539184952978055,31,31,0.3225806451612903,0.12903225806451613,0.6451612903225806,0.0,0.0,0.0,0.0007343754906905135,1
7912651,203,"This raises their
minimum latency, but lets them employ highly efficient recovery techniques.",10,0,2,0.46774193548387094,13,13,0.23076923076923078,0.23076923076923078,0.6923076923076923,0.0,0.0,0.0,0.0005931865046314223,0
16973018,149,"A Experimental details
For fair comparison, all experiments include extensive hyper-parameter tuning.",0,0,0,0.7925531914893617,12,12,0.5,0.08333333333333333,0.75,0.0,0.0,0.0,0.0006276732190944415,0
54139177,110,He showed via simulation that common load-balancing schemes that perform well for JSQ/FCFS do not perform well for JSQ/PS.,11,0,4,0.2696078431372549,19,19,0.21052631578947367,0.21052631578947367,0.631578947368421,0.0,0.0,0.0,0.0005633333609568782,1
87411149,153,"In the distributed systems literature, synchronization independence for replicated transactions is called transactional availability [5].",6,0,12,0.22046109510086456,15,15,0.4,0.13333333333333333,0.7333333333333333,0.0,0.0,0.0,0.0006255160837806093,1
88655260,234,"However, manual one-off tuning of these parameters involves many iterations of trial and error with A/B testing in production systems, which is risky, time-consuming, and susceptible to workload behavior shift over time.",0,1,188,0.6,32,32,0.375,0.125,0.65625,0.0,0.0,0.0,0.000765297543694852,0
89628084,113,"Consequently, BBR periodically spends an RTprop interval at a pacing_gain > 1, which increases the sending rate and inflight.",0,0,79,0.3779264214046823,19,19,0.47368421052631576,0.10526315789473684,0.6842105263157895,0.0,0.0,0.0,0.0005239771568201958,1
263861,59,"For example, TensorFlow achieves high GPU utilization by using the graph’s dependency structure to issue a sequence of kernels to the GPU without waiting for intermediate results.",4,0,10,0.15902964959568733,27,27,0.37037037037037035,0.14814814814814814,0.6666666666666666,0.0,0.0,0.0,0.0007582240133455159,1
81001972,305,We believe that QUIC’s loss recovery mechanisms may also play a role in decreasing Search latency at higher RTTs.,0,0,305,0.5968688845401174,19,19,0.42105263157894735,0.15789473684210525,0.7368421052631579,0.0,0.0,0.0,0.0006586878515661974,1
32338938,188,We also experimented with ROX-style [12] join ordering.,8,0,17,0.4908616187989556,8,8,0.5,0.125,0.75,0.0,0.0,0.0,0.0004441023549999663,0
11779349,383,"Anecdotally, we found that using the life loss signal, while helpful in achieving high scores in some games, is detrimental in MONTEZUMA’S REVENGE.",17,0,56,0.9387254901960784,23,23,0.30434782608695654,0.17391304347826086,0.6086956521739131,0.0,0.0,0.0,0.0005897971921617176,1
4647896,95,The bigrams with score above the chosen threshold are then used as phrases.,7,0,7,0.6462585034013606,13,13,0.38461538461538464,0.15384615384615385,0.46153846153846156,0.0,0.0,0.0,0.00043989105479868933,1
67930407,227,"Given a narrative context 〈O1, O2〉 and two hypotheses, they were asked to choose the more plausible hypothesis.",14,0,15,0.8107142857142857,18,18,0.2777777777777778,0.2222222222222222,0.6111111111111112,0.0,0.0,0.0,0.0005918733162415941,0
79512250,164,"The results from all of these experiments show similar or better accuracy performance when using CLR versus using a fixed learning rate, even though the performance drops at
some of the learning rate values within this range.",9,0,17,0.7387387387387387,37,37,0.35135135135135137,0.10810810810810811,0.6216216216216216,0.0,0.0,0.0,0.0007238836964366059,0
11481096,204,"To have a better feeling for the control performance of the learned controller, we analytically designed a linear controller for the cartpole regulator benchmark.",0,2,156,0.918918918918919,24,24,0.2916666666666667,0.08333333333333333,0.5416666666666666,0.0,0.0,0.0,0.0005256521882406066,0
96747724,37,"• LIME, an algorithm that can explain the predictions of any classifier or regressor in a faithful way, by approximating it locally with an interpretable model.",1,0,27,0.08078602620087336,26,26,0.3076923076923077,0.07692307692307693,0.5,0.0,0.0,0.0,0.0006173474200609826,1
48141212,52,"Within any single thread, events are ordered in the order in which they occurred.",0,0,52,0.13333333333333333,14,14,0.21428571428571427,0.21428571428571427,0.5,0.0,0.0,0.0,0.00048135039742650855,1
88655260,217,"Whenever kstaled updates the age of a page, it also updates two per-job histograms: (1) cold age histogram, a histogram over page ages that tracks time T for which pages have not been accessed and (2) promotion histogram, a histogram recording the age of the page when it is accessed.",0,1,171,0.5564102564102564,50,50,0.32,0.2,0.58,0.0,0.0,0.0,0.0005581800807233393,0
99384474,4,"1 Introduction
Over the past decade, there has been a long line of work on designing datacenter topologies [2, 35, 31, 32, 3, 4, 20, 1].",0,0,0,0.005917159763313609,26,26,0.23076923076923078,0.15384615384615385,0.6923076923076923,0.0,0.0,0.0,0.0006842539829603304,1
24928430,590,The fourth line follows from s2 > s3.,15,0,154,0.7898259705488622,8,8,0.25,0.125,0.75,0.0,0.0,0.0,0.0004435337566951694,0
46507565,174,"Because SlimSocket has the exact same interface as the POSIX socket, and Slim dynamically links SlimSocket into the application, the application binary need not be modified.",8,0,13,0.31636363636363635,26,26,0.34615384615384615,0.11538461538461539,0.5384615384615384,0.0,0.0,0.0,0.0006524160565188179,1
97703387,65,"In the simplest case for maximum optimization problems, the brightness I of a firefly at a particular location x can be chosen as I(x) ∝ f(x).",7,0,2,0.40372670807453415,26,26,0.34615384615384615,0.07692307692307693,0.5384615384615384,0.0,0.0,0.0,0.0005606561188240642,1
15084340,109,"Participants described how challenging requirements lead to a complex architecture:
“Highly demanding non-functional requirements are in my mind a direct driver of complexity and will require more effort to address, particularly as there are tradeoffs between them – for example, performance versus security.” (P31, enterprise architect) Legacy systems are those that are no longer being ‘engineered’ but rather are simply patched or hacked as requirements change [33], [34].",3,0,17,0.40823970037453183,68,68,0.27941176470588236,0.20588235294117646,0.5882352941176471,0.0,0.0,0.0,0.0010383826353466726,0
33126132,105,"Other methods for `1-regularized regression like interior-point methods (Koh et al., 2007) usually require computing second-order information.",4,0,4,0.28150134048257375,17,17,0.29411764705882354,0.17647058823529413,0.8823529411764706,0.0,0.0,0.0,0.0007261907427840332,0
5681713,559,Some of them followed up via email for a more in-depth conversation.,28,0,3,0.9637931034482758,12,12,0.16666666666666666,0.08333333333333333,0.4166666666666667,0.0,0.0,0.0,0.0003451470001936582,1
22546727,105,We found that α = 3/4 gives a modest improvement over a linear version with α = 1.,2,0,55,0.3710247349823322,18,18,0.2222222222222222,0.16666666666666666,0.6666666666666666,0.0,0.0,0.0,0.0004421276491462374,0
51254358,224,"For example, Failed to load the JNI Library, What is the difference between StringBuilder and StringBuffer?, andWhy does Java have transient fields?.",14,0,15,0.5503685503685504,22,22,0.45454545454545453,0.22727272727272727,0.5454545454545454,0.0,0.0,0.0,0.0005908763425574791,0
26668230,183,"In contrast, semantic loss does provide a learning signal on unlabeled samples, by forcing the underlying classifier to make an decision and construct a confident hypothesis for all data.",7,0,43,0.44096385542168676,29,29,0.27586206896551724,0.1724137931034483,0.5862068965517241,0.0,0.0,0.0,0.0008306712797839511,0
3913778,259,"This question was intended to be lightweight so that respondents could answer easily, while at the same time accounting for the wide variety of ML techniques applied.",0,1,215,0.7421203438395415,27,27,0.25925925925925924,0.2222222222222222,0.5185185185185185,0.0,0.0,0.0,0.0007093988694472398,1
33714440,16,"There is, of course, significant ongoing work both on cutting down the number of RTTs a Web request takes, and on improving last-mile latencies.",1,0,10,0.0975609756097561,24,24,0.375,0.08333333333333333,0.5833333333333334,0.0,0.0,0.0,0.0006207085362550304,1
50388820,377,"We observe that the there is no single “second best” caching system: the order of the competitors OneRFpolicy, TAO++, and LAMA++ is flipped between Figures 12 and 8.",20,0,20,0.7263969171483622,28,28,0.2857142857142857,0.21428571428571427,0.5357142857142857,0.0,0.0,0.0,0.0005582494227416402,0
87885377,87,"This finding makes sense given that the representation for the [CLS] token is used as input for the “next sentence prediction” task during pre-training, so it attends broadly to aggregate a representation for the
whole input in the last layer.",5,0,7,0.42028985507246375,40,40,0.325,0.15,0.55,0.0,0.0,0.0,0.0007698770021197696,1
36197895,281,"These intuitive ideas have been confirmed numerically10,85 and analytically86,87 by examining how the average path length and size of the giant component depend on the number and degree of the nodes removed.",0,0,281,0.37218543046357616,32,32,0.28125,0.15625,0.53125,0.0,0.0,0.0,0.0007633905122959003,1
11313245,441,"Horizontal Scaling: To fully exploit the hardware resources, we run a separate logical node with 8 worker threads on each socket of a single machine (DrTM(S)).",24,0,8,0.8647058823529412,26,26,0.38461538461538464,0.07692307692307693,0.6538461538461539,0.0,0.0,0.0,0.0007913760411300596,1
32248697,30,"To exploit this structural property for learning more efficient representations, we propose to compute embeddings not in Euclidean but in hyperbolic space, i.e., space with constant negative curvature.",0,0,25,0.15306122448979592,28,28,0.25,0.14285714285714285,0.6071428571428571,0.0,0.0,0.0,0.0007577008198824756,1
96747724,20,Request permissions from permissions@acm.org.,1,0,10,0.043668122270742356,4,4,0.5,0.0,0.75,0.0,0.0,0.0,0.0003594272416210939,0
91451160,497,"CONCLUSION AND DISCUSSION
Scalable analytics are a clear priority for the research and industrial communities.",0,0,0,0.7341211225997046,15,15,0.5333333333333333,0.06666666666666667,0.6,0.0,0.0,0.0,0.0005960034300943997,1
35928796,175,"Part of the problem, we suggest, is that academic research has focused too much on whole-program analysis, or on specify-first, both of which severely limit the number of use cases.",6,0,8,0.9887005649717514,30,30,0.23333333333333334,0.16666666666666666,0.5,0.0,0.0,0.0,0.000678159441457911,1
26473847,84,There are already many great works in the field of semantic image segmentation.,1,0,38,0.3888888888888889,13,13,0.3076923076923077,0.07692307692307693,0.6153846153846154,0.0,0.0,0.0,0.0004848298801786033,1
34958521,95,"3 INFORMATION PLANE DYNAMICS IN DEEP LINEAR NETWORKS
The preceding section investigates the role of nonlinearity in the observed compression behavior, tracing the source to double-saturating nonlinearities and the binning methodology used to calculate mutual information.",0,0,0,0.26170798898071623,36,36,0.4722222222222222,0.1388888888888889,0.6944444444444444,0.0,0.0,0.0,0.0008530908900079681,0
66226432,233,The model achieves state-of-the-art results on standard speech benchmarks such as TIMIT and Blizzard.,11,0,2,0.9628099173553719,14,14,0.42857142857142855,0.07142857142857142,0.6428571428571429,0.0,0.0,0.0,0.0005539210399477249,1
25710556,263,Both of these networks use batch normalization.,18,0,6,0.9392857142857143,7,7,0.42857142857142855,0.14285714285714285,0.5714285714285714,0.0,0.0,0.0,0.000393671537659249,1
66403710,104,(2013).,6,0,11,0.4928909952606635,1,1,1.0,0.0,1.0,0.0,0.0,0.0,0.0002,0
82220044,134,"(7)
the learner L will select a ranking function f from a family of ranking functions F that maximizes the empirical τ
τS(f) = 1
n n∑ i=1 τ(rf(qi) , r∗i ).",5,0,6,0.29777777777777775,32,32,0.40625,0.125,0.75,0.0,0.0,0.0,0.000567229080915514,0
597051,131,"One might ask how this self-supervised approach to localization relates to generative approaches, such as classic mutual information methods [24,25].",4,0,9,0.48518518518518516,20,20,0.3,0.15,0.7,0.0,0.0,0.0,0.0007372851731052223,0
59277766,250,Perhaps most practically significant is the fact that the model can generalize to new questions.,10,0,124,0.746268656716418,15,15,0.2,0.13333333333333333,0.5333333333333333,0.0,0.0,0.0,0.0005139973819104872,1
518237,283,"On the other hand, joint fusion considers textual information as more important.",14,0,22,0.889937106918239,12,12,0.4166666666666667,0.0,0.5833333333333334,0.0,0.0,0.0,0.0005221089627654345,0
78339451,4,"Training on various image datasets, we show convincing evidence that our deep convolutional adversarial pair learns a hierarchy of representations from object parts to scenes in both the generator and discriminator.",0,0,0,0.024390243902439025,31,31,0.3225806451612903,0.12903225806451613,0.6129032258064516,0.0,0.0,0.0,0.0008157853369858817,0
4206973,144,"And it should be noted that unlike SGD which performs tens of thousands of iterations, the number of iterations performed by our HF approach rarely exceeds 200.",8,0,19,0.5691699604743083,27,27,0.2962962962962963,0.18518518518518517,0.5555555555555556,0.0,0.0,0.0,0.0007216495054352479,1
88532041,54,V is the vocabulary size.,5,0,3,0.27979274611398963,5,5,0.4,0.2,0.6,0.0,0.0,0.0,0.00027859223429900807,1
53809041,214,"In the next section we describe the MIXER algorithm which addresses these issues, better targeting text generation applications.",8,0,47,0.6028169014084507,18,18,0.3333333333333333,0.16666666666666666,0.6666666666666666,0.0,0.0,0.0,0.0005606405929882952,0
81780960,300,"6.2.2 Simplifying Reactive Libraries
In addition to simplifying the design and programming of reactive apps, we found that Diamond facilitates the creation of general-purpose reactive libraries.",0,0,0,0.7317073170731707,26,26,0.3076923076923077,0.15384615384615385,0.6538461538461539,0.0,0.0,0.0,0.0005788709270025522,1
2577868,127,We train Ant and Humanoid in the default flat plane environments during this stage.,8,0,1,0.5619469026548672,14,14,0.42857142857142855,0.07142857142857142,0.5714285714285714,0.0,0.0,0.0,0.0005236003794650526,1
99384474,205,This is the ratio of the aggregate capacity of all “northbound” links exiting a block to the aggregate capacity of all “southbound” links to/from the servers within the block.,11,0,5,0.3032544378698225,29,29,0.3448275862068966,0.10344827586206896,0.5172413793103449,0.0,0.0,0.0,0.00046980690946869905,1
3855110,83,"We follow what we believe is a more powerful approach, where the computational model is trained to predict measurable intermediate cell variables, also known as molecular phenotypes, first, and then these variables can be linked to phenotype [Fig.",0,0,83,0.050889025137952175,38,38,0.23684210526315788,0.2631578947368421,0.5526315789473685,0.0,0.0,0.0,0.000721071531775615,1
83267919,67,"Robust learning from untrusted sources
Given a small reference dataset, we want to leverage additional training data from multiple untrusted sources in an optimal way, so that the obtained predictor performs well on a target distribution.",0,0,0,0.22039473684210525,36,36,0.3055555555555556,0.1111111111111111,0.6666666666666666,0.0,0.0,0.0,0.000846883814342697,1
63848470,29,There are two important components of this framework: the state representation and the critic.,1,0,7,0.13744075829383887,14,14,0.35714285714285715,0.07142857142857142,0.5,0.0,0.0,0.0,0.0004839993982464736,1
96831204,123,The parameters which achieve the best unlabeled attachment score on the development set will be chosen for final evaluation.,4,0,8,0.5857142857142857,19,19,0.3157894736842105,0.15789473684210525,0.5789473684210527,0.0,0.0,0.0,0.0006264291017056499,0
94730041,169,"4.2 ATARI game with delayed rewards
Game Description We consider ‘Montezuma’s Revenge’, an ATARI game with sparse, delayed rewards.",0,0,0,0.7752293577981652,19,19,0.47368421052631576,0.10526315789473684,0.7894736842105263,0.0,0.0,0.0,0.00048481979406496075,0
60253398,439,It is important to note that Arbel and Morrison [3] proposed an RCU predicate primitive that allows them to reduce the cost of synchronize calls.,16,0,66,0.8491295938104448,25,25,0.36,0.2,0.56,0.0,0.0,0.0,0.0006556588297663282,0
75962230,122,"Although my own previous enthusiasm has been for syntactically rich languages like the Algol family, I now see clearly and concretely the force of Minsky's 1970 Tufing lecture [19], in which he argued that Lisp's uniformity of structure and power of self reference gave the programmer capabilities whose content was well worth the sacrifice of visual form.",0,0,122,0.3546511627906977,57,57,0.3333333333333333,0.10526315789473684,0.6140350877192983,0.0,0.0,0.0,0.0009073609160564016,1
34958521,180,"Hence the inputs Xirrel contribute only noise, while the Xrel contain signal.",4,0,3,0.49586776859504134,12,12,0.4166666666666667,0.08333333333333333,0.6666666666666666,0.0,0.0,0.0,0.0004449422084278716,0
13135318,370,"At each iteration of the sieve, the stream of candidates is filtered by using the latest prime found.",23,0,5,0.7212475633528265,18,18,0.2777777777777778,0.16666666666666666,0.5,0.0,0.0,0.0,0.00047952464803194874,0
63621777,253,"We believe that this work, which departs from the recent trend of using more features and employing a more powerful metric learning technique, has addressed this challenge, closing the vast majority of this performance gap.",10,0,5,0.98828125,35,35,0.2571428571428571,0.2,0.5428571428571428,0.0,0.0,0.0,0.0008034825103731967,0
35928796,153,We have implemented a caching system for analysis results.,5,0,30,0.864406779661017,9,9,0.4444444444444444,0.2222222222222222,0.5555555555555556,0.0,0.0,0.0,0.0003927780899481745,0
42200029,101,Sequence numbers were introduced to prevent newer data from being overwritten.,8,0,2,0.554945054945055,11,11,0.2727272727272727,0.36363636363636365,0.6363636363636364,0.0,0.0,0.0,0.0004380311365224121,0
69502658,471,The results confirm the effectiveness and efficiency of Log3C in practice.,1,2,51,0.98125,11,11,0.45454545454545453,0.09090909090909091,0.5454545454545454,0.0,0.0,0.0,0.00048017196304819864,0
57956236,306,"As can be seen from this figure, our method is able to simultaneously perform all the four tasks on images containing extreme pose, illumination, and resolution variations with cluttered background.",15,0,13,0.9745222929936306,30,30,0.26666666666666666,0.16666666666666666,0.5666666666666667,0.0,0.0,0.0,0.0007380741549095098,0
36200725,232,The 2D bounding boxes are obtained by projecting 3D detections onto images.,10,0,3,0.9469387755102041,12,12,0.3333333333333333,0.25,0.75,0.0,0.0,0.0,0.000524558565923845,1
32533290,20,It seems natural to ask if spatial-pooling can usefully be applied in a gentler manner.,0,0,13,0.12658227848101267,15,15,0.13333333333333333,0.26666666666666666,0.5333333333333333,0.0,0.0,0.0,0.0004879081721464977,0
93195231,27,"We compare emotion and sentiment intensity scores that the systems predict on pairs of sentences in the EEC that differ only in one word corresponding to race or gender (e.g., ‘This man made me feel angry’ vs. ‘This woman made me feel angry’).",0,0,27,0.12162162162162163,43,43,0.32558139534883723,0.20930232558139536,0.6511627906976745,0.0,0.0,0.0,0.0007918845524620079,0
48091191,63,(1) Local or global files (about 40% of data-format incidents): different parties assume different formats about certain files or database tables.,8,0,6,0.35795454545454547,21,21,0.3333333333333333,0.047619047619047616,0.8095238095238095,0.0,0.0,0.0,0.000690174164638998,1
8151447,4,The algorithms are rooted in the idea of achieving network stability by forcing the transport connection to obey a ‘packet conservation’ principle.,0,0,4,0.01509433962264151,22,22,0.4090909090909091,0.22727272727272727,0.5909090909090909,0.0,0.0,0.0,0.0006225609474753546,1
29796623,141,"When unrolling non-statecall edges during code generation, assignment operations are statically tracked by the SPL compiler in a symbol table.",9,0,6,0.6878048780487804,20,20,0.4,0.15,0.65,0.0,0.0,0.0,0.0006504839038413199,0
58884367,115,"For the task of evaluating open-domain question answering over Wikipedia, we use the SQuAD development set QA pairs only, and we ask systems to uncover the correct answer spans without having access to the associated paragraphs.",7,0,8,0.5958549222797928,36,36,0.3611111111111111,0.2222222222222222,0.6388888888888888,0.0,0.0,0.0,0.0009018473849901192,1
2852538,50,2018).,0,0,0,0.18726591760299627,1,1,0.0,0.0,1.0,0.0,0.0,0.0,0.0002,0
62302416,149,"The critic, however, can’t saturate, and converges to a linear function that gives remarkably clean gradients everywhere.",3,0,38,0.41046831955922863,17,17,0.4117647058823529,0.11764705882352941,0.7058823529411765,0.0,0.0,0.0,0.0005564258799497441,0
70335565,27,"In general, the cuckoo eggs hatch slightly earlier than their host eggs.",2,0,10,0.16363636363636364,12,12,0.3333333333333333,0.08333333333333333,0.6666666666666666,0.0,0.0,0.0,0.00039858899167704665,1
74156567,365,"For the TPC-DS workload, there are 11 queries where a hybrid design results in more than an order of magnitude reduction in execution cost compared to columnstore-only.",17,0,12,0.7494866529774127,27,27,0.37037037037037035,0.1111111111111111,0.5185185185185185,0.0,0.0,0.0,0.0007632417878361263,1
76874430,52,Our analysis shows that the NVM-optimized storage engines improve the DBMS’s throughput by a factor of 5.5× while reducing the number of writes to NVM in half.,1,0,43,0.055853920515574654,27,27,0.37037037037037035,0.1111111111111111,0.5555555555555556,0.0,0.0,0.0,0.000711354259120686,0
80719489,172,"By this metric, it appears as though the samples are not merely data examples.",7,0,38,0.8113207547169812,14,14,0.2857142857142857,0.14285714285714285,0.5,0.0,0.0,0.0,0.000477169533936005,0
263861,249,This behavior is compatible with the relaxed guarantees of asynchronous SGD [20].,14,0,15,0.6711590296495957,12,12,0.3333333333333333,0.08333333333333333,0.5833333333333334,0.0,0.0,0.0,0.00048647936260498223,0
597051,260,Please see our video for results.,0,0,0,0.9629629629629629,6,6,0.5,0.16666666666666666,0.6666666666666666,0.0,0.0,0.0,0.0002791869896113569,0
42851012,113,"for different persons), and content-aware aggregation can learn to select features that are more discriminative for the identity of the input image set.",5,0,20,0.46122448979591835,23,23,0.30434782608695654,0.13043478260869565,0.5217391304347826,0.0,0.0,0.0,0.0006801370662141045,1
53935450,56,"Reinforcement learning aims to optimize the policy πθ over episodes, i.e., to identify the policy parameters θ that optimizes the expected reward.",1,0,15,0.13176470588235295,22,22,0.36363636363636365,0.22727272727272727,0.6818181818181818,0.0,0.0,0.0,0.0006709578404362011,0
99384474,566,A.4 FatClique Expansion Algorithm Algorithm 1 shows the expansion algorithm for FatClique.,24,0,51,0.8372781065088757,12,12,0.6666666666666666,0.08333333333333333,0.8333333333333334,0.0,0.0,0.0,0.0003770184123265611,0
41161677,388,The time-series results show that the self-adaptive applications behaves as intended.,0,0,388,0.4459770114942529,11,11,0.45454545454545453,0.09090909090909091,0.6363636363636364,0.0,0.0,0.0,0.0005508398232994092,1
63621777,11,"Moreover, the system produces an extremely compact face representation, in sheer contrast to the shift
toward tens of thousands of appearance features in other recent systems [5, 7, 2].",0,0,4,0.04296875,29,29,0.41379310344827586,0.06896551724137931,0.6896551724137931,0.0,0.0,0.0,0.0007114628305674653,0
24169489,12,"However, for large complex software products, there is an additional need to check that changes do not negatively impact other parts of the software and they comply with system constraints such as backward compatibility, performance, security etc.",0,0,0,0.02146690518783542,37,37,0.35135135135135137,0.13513513513513514,0.5675675675675675,0.0,0.0,0.0,0.0007509007737209718,0
45518901,353,This indicates a significant gap between security theory and coding practices.,10,0,49,0.7463002114164905,11,11,0.36363636363636365,0.18181818181818182,0.6363636363636364,0.0,0.0,0.0,0.0005270906653133198,0
97381495,390,"CCITT Blue Book, Recommendation X.509 and IS0 9594-8: The DirectoryAuthentication Framework.",0,0,383,0.7142857142857143,11,11,0.7272727272727273,0.0,0.8181818181818182,0.0,0.0,0.0,0.00034343958318481865,0
32248697,48,This type of construction is possible as hyperbolic disc area and circle length grow exponentially with their radius.1 See Figure 1b for an example.,1,0,7,0.24489795918367346,24,24,0.375,0.08333333333333333,0.625,0.0,0.0,0.0,0.0007050359132356657,1
64175585,191,"The input and output layers have the same number of nodes, while intermediate layers are composed of a reduced number of nodes.",9,0,4,0.29249617151607965,22,22,0.36363636363636365,0.13636363636363635,0.5,0.0,0.0,0.0,0.0005425352961486054,1
30995172,348,"When the accesses go to flash, the median response time is 800 µs.",22,0,29,0.7372881355932204,13,13,0.3076923076923077,0.23076923076923078,0.6153846153846154,0.0,0.0,0.0,0.0005192402401852411,0
29703573,152,"name entities, dates, etc.)",14,0,8,0.8172043010752689,4,4,0.75,0.25,1.0,0.0,0.0,0.0,0.0002,1
98262950,217,"We report the standard COCO metrics of Average Precision (AP), AP50, and AP75, for bounding box detection (AP
bbox) and instance segmentation (APmask).",5,0,10,0.7640845070422535,23,23,0.6086956521739131,0.08695652173913043,0.7391304347826086,0.0,0.0,0.0,0.0006473625335321539,0
35377831,470,"When there is no cell with a sufficiently active segment, we choose a random segment on a random cell in that minicolumn to learn.",0,1,400,0.9325396825396826,24,24,0.2916666666666667,0.125,0.4583333333333333,0.0,0.0,0.0,0.0004967168218780285,0
66302705,338,"Similar to storage usage variation, the network
usage will be affected by the road network, the traffic flow and the trajectory aggregation.",0,0,338,0.896551724137931,22,22,0.36363636363636365,0.18181818181818182,0.5909090909090909,0.0,0.0,0.0,0.0006380572587785869,1
17539393,49,"Experimental results show that the coincident activation of 8–20
FIGURE 1 | Comparison of neuron models.",0,1,3,0.10515021459227468,16,16,0.4375,0.0625,0.75,0.0,0.0,0.0,0.0005557018454815817,0
73515355,256,Serverless offerings like Athena provide an alternative “instant on” query service.,12,0,18,0.43025210084033616,11,11,0.45454545454545453,0.09090909090909091,0.9090909090909091,0.0,0.0,0.0,0.0004453093412233066,1
96308075,282,"Such hints are instructions such as exit, abort, throw, false assertion, error logging, etc.",17,0,13,0.6666666666666666,14,14,0.5,0.14285714285714285,0.7142857142857143,0.0,0.0,0.0,0.0004849214801473198,0
21145042,44,Dremel builds on ideas from web search and parallel DBMSs.,0,0,38,0.08058608058608059,10,10,0.5,0.0,0.7,0.0,0.0,0.0,0.0004851672184009107,0
33714440,141,"Exploiting this consolidation, we propose a design for speeding up Web page delivery, especially for users behind a poor last-mile, showing that PLTs can be reduced by 43−53% following this simple approach, even with our preliminary implementation.",11,0,1,0.8597560975609756,37,37,0.2702702702702703,0.16216216216216217,0.6216216216216216,0.0,0.0,0.0,0.0008382125893124665,0
11779349,378,"Our experiments involved the stochastic version of the Arcade Learning Environment (ALE) without a terminal signal for life loss, which is now the default ALE setting.",17,0,51,0.9264705882352942,26,26,0.46153846153846156,0.07692307692307693,0.6153846153846154,0.0,0.0,0.0,0.0006801900948622422,0
24169489,232,"Step 3: Depending on the binary result, the originally executed test is marked as skipped or executed in a separate simulation table.",0,0,232,0.4150268336314848,22,22,0.22727272727272727,0.22727272727272727,0.6363636363636364,0.0,0.0,0.0,0.0006277223867670581,0
88655260,380,"Similarly, more aggressive ML-based tuning can provide additional benefits.",0,1,334,0.9743589743589743,9,9,0.3333333333333333,0.1111111111111111,0.7777777777777778,0.0,0.0,0.0,0.0005554315997210258,1
84548548,217,"To mitigate instability and incorrect results, we differentiate VM start-up and steady-state.",23,0,3,0.5621761658031088,12,12,0.16666666666666666,0.16666666666666666,0.6666666666666666,0.0,0.0,0.0,0.0005508715193609176,1
11773091,78,"The Lindi front-end implementation for Naiad performs surprisingly poorly; we tracked this down to an implementation decision in the Naiad back-end, which uses only a single input reader thread per machine, rather than having multi-threaded parallel reads.",3,0,15,0.15789473684210525,37,37,0.35135135135135137,0.10810810810810811,0.6216216216216216,0.0,0.0,0.0,0.0007919666361046839,0
26668230,308,The authors thank Arthur Choi and Yujia Shen for helpful discussions.,14,0,1,0.7421686746987952,11,11,0.5454545454545454,0.09090909090909091,0.7272727272727273,0.0,0.0,0.0,0.00039943068874131034,0
98757756,167,"In order to have the best approximation, we perform hyper-parameter search for the learning algorithm to find the one resulting best performance for a model trained on only one pass of the data which, in our experiments, result in learning rates bigger than ones used for multi-epoch model training.",4,0,22,0.5798611111111112,49,49,0.30612244897959184,0.14285714285714285,0.5918367346938775,0.0,0.0,0.0,0.0009473978121353482,1
61298922,507,This provides us with the desired arbitrary read/write primitive.,28,0,24,0.8506711409395973,9,9,0.2222222222222222,0.1111111111111111,0.6666666666666666,0.0,0.0,0.0,0.0004871347783529707,1
78412080,331,• Fail-Slow fault injections: System architects can inject fail-slow root causes reported in this paper to their systems and analyze the impacts.,23,0,26,0.868766404199475,22,22,0.4090909090909091,0.18181818181818182,0.6818181818181818,0.0,0.0,0.0,0.0006252007711523627,1
24169489,300,"Relating these suppressed false alarms with the corresponding cost factor for test failure inspections (𝐶𝑜𝑠𝑡𝑖𝑛𝑠𝑝𝑒𝑐𝑡), identifies the relative improvement with respect to test inspection time and the associated development cost improvements.",0,1,10,0.5366726296958855,31,31,0.45161290322580644,0.22580645161290322,0.7096774193548387,0.0,0.0,0.0,0.0007552254778418958,0
26955055,247,7 and 8 we plot the Average Accuracy (Eq.,14,0,12,0.95,9,9,0.3333333333333333,0.1111111111111111,0.6666666666666666,0.0,0.0,0.0,0.000396278981783142,1
21542239,151,"Conjugate gradients clearly stand out as being the fastest of these methods, so our following results use the conjugate gradient method.",8,0,14,0.5592592592592592,21,21,0.3333333333333333,0.19047619047619047,0.5714285714285714,0.0,0.0,0.0,0.0005831730556152602,1
45186835,28,"To date, little is known about how widespread RPO vulnerabilities are on the Web.",0,0,28,0.0830860534124629,14,14,0.21428571428571427,0.2857142857142857,0.5,0.0,0.0,0.0,0.00048581858283194406,0
17675091,103,The network predicts 5 bounding boxes at each cell in the output feature map.,2,0,69,0.3814814814814815,14,14,0.5,0.07142857142857142,0.6428571428571429,0.0,0.0,0.0,0.0005574446356830891,1
87208689,114,4.1.2.,0,0,0,0.2814814814814815,1,1,0.0,0.0,1.0,0.0,0.0,0.0,0.0,1
97703387,113,"As the firefly algorithm is usually in somewhere between these two extremes, it is possible to adjust the parameter γ and α so that it can outperform both the random search and PSO.",9,0,20,0.7018633540372671,33,33,0.2727272727272727,0.12121212121212122,0.45454545454545453,0.0,0.0,0.0,0.0005580089296675336,1
1873334,226,"In our model, T1 reads xinit and T2 creates a later version x2.",0,0,226,0.5885416666666666,13,13,0.46153846153846156,0.15384615384615385,0.6923076923076923,0.0,0.0,0.0,0.0005562018575251305,0
39674358,109,Our approach draws on EventDriven Functional Reactive Programming (E-FRP) [36] to abstract input events as time-varying streaming data.,6,0,16,0.30362116991643456,18,18,0.5555555555555556,0.05555555555555555,0.7777777777777778,0.0,0.0,0.0,0.0006781185264747293,1
36278339,102,"Finally, we give some analyses about our method in different aspects.",6,0,1,0.5,11,11,0.2727272727272727,0.09090909090909091,0.5454545454545454,0.0,0.0,0.0,0.00043663107504124935,0
4536127,52,"Videos are shown to users by a player that downloads progressive chunks of the video from a content distribution network [22, 38].",2,0,4,0.13506493506493505,22,22,0.36363636363636365,0.18181818181818182,0.5909090909090909,0.0,0.0,0.0,0.0006800774678188852,0
36200725,26,"This enables us to design a novel, reliable and efficient 3D object detector based on multiple sensors.",1,0,21,0.10612244897959183,17,17,0.23529411764705882,0.17647058823529413,0.7058823529411765,0.0,0.0,0.0,0.0006523081554188697,1
43018598,348,The timer is set with a timeout value dur at line 4.,20,0,22,0.8036951501154734,12,12,0.4166666666666667,0.16666666666666666,0.5833333333333334,0.0,0.0,0.0,0.00043111372713965015,0
4353776,208,[2012].,14,0,12,0.6153846153846154,1,1,1.0,0.0,1.0,0.0,0.0,0.0,0.0002,1
91200961,105,"Hence, a location (x, y) in the image is mapped to the location (
⌊ x n ⌋, ⌊ y n ⌋ )
in the heatmaps, where n is the downsampling factor.",5,0,15,0.45652173913043476,32,32,0.5,0.125,0.625,0.0,0.0,0.0,0.00037570853836937874,1
97703387,70,"For a given medium with a fixed light absorption coefficient γ, the light intensity I varies with the distance r. That is I = I0e
−γr, where I0 is the original light intensity.",7,0,7,0.43478260869565216,33,33,0.3333333333333333,0.18181818181818182,0.5757575757575758,0.0,0.0,0.0,0.0005148226279137327,1
48141212,41,"Although programmers occasionally deliberately allow a data race when the nondeterminism seems harmless, usually a potential data race is a serious error caused by failure to synchronize properly.",0,0,41,0.10512820512820513,28,28,0.32142857142857145,0.21428571428571427,0.7142857142857143,0.0,0.0,0.0,0.0006350095574320772,1
8264189,187,The baseline features (4.5) perform best among other features.,12,0,2,0.7030075187969925,9,9,0.3333333333333333,0.1111111111111111,0.7777777777777778,0.0,0.0,0.0,0.000385401104060761,0
71370947,65,The elimination of striding has reduced their receptive fields by a factor of 4 in each dimension.,1,0,35,0.2838427947598253,17,17,0.29411764705882354,0.11764705882352941,0.47058823529411764,0.0,0.0,0.0,0.00044643787286057613,0
36051826,26,"These approaches work well on array-based applications, such as scientific workloads, where most data follows a regular layout and uses homogeneous data types.",1,0,16,0.047186932849364795,23,23,0.30434782608695654,0.13043478260869565,0.6521739130434783,0.0,0.0,0.0,0.0007089367612834594,1
14819310,129,"Second, when the preceding command is serviced, the caller issues the flush command and waits for its completion.",4,0,20,0.22013651877133106,18,18,0.4444444444444444,0.05555555555555555,0.5555555555555556,0.0,0.0,0.0,0.0005021185515056605,1
36779622,56,"First, soft-align the elements of ā and b̄ using a variant of neural attention (Bahdanau et al., 2015) and decompose the problem into the comparison of aligned subphrases.",2,0,26,0.37333333333333335,28,28,0.39285714285714285,0.10714285714285714,0.6428571428571429,0.0,0.0,0.0,0.0007273009849345278,1
47723293,159,"We have four types of networks: the PixelRNN based on Row LSTM, the one based on Diagonal BiLSTM, the fully convolutional one and the MultiScale one.",11,0,1,0.6309523809523809,26,26,0.34615384615384615,0.11538461538461539,0.6153846153846154,0.0,0.0,0.0,0.0006196602783950803,1
63621777,57,"2D Alignment We start our alignment process by detecting 6 fiducial points inside the detection crop, centered at the center of the eyes, tip of the nose and mouth locations as illustrated in Fig.",2,0,14,0.22265625,34,34,0.2647058823529412,0.11764705882352941,0.6176470588235294,0.0,0.0,0.0,0.0007145826083711698,1
42200029,149,"Debugging tools: When a testing or verification tool identifies a possible bug, the process of debugging has only just begun.",10,0,28,0.8186813186813187,20,20,0.35,0.2,0.55,0.0,0.0,0.0,0.0005877582538422631,0
89628084,171,"To achieve full bandwidth, existing loss-based congestion controls require the loss rate to be less than the inverse square of the BDP17 (for example, < one loss per 30 million packets for a 10Gbps/100ms path).",0,0,137,0.5719063545150501,35,35,0.37142857142857144,0.11428571428571428,0.7142857142857143,0.0,0.0,0.0,0.0007524754262594928,1
85123331,173,3.,0,0,173,0.27073552425665104,1,1,0.0,0.0,1.0,0.0,0.0,0.0,0.0,0
35377831,7,"Because columns integrate input over time and space, the network learns models of complex objects that extend well beyond the receptive field of individual cells.",0,0,7,0.013888888888888888,25,25,0.32,0.12,0.68,0.0,0.0,0.0,0.0007595927418415795,0
73515355,359,EBS is an order of magnitude more expensive than S3 due to two characteristics.,14,0,25,0.6033613445378151,14,14,0.35714285714285715,0.07142857142857142,0.5714285714285714,0.0,0.0,0.0,0.0004843965692403682,0
85839366,109,Using this strategy to search large spaces of complex image models requires considerable computation.,3,0,14,0.24604966139954854,14,14,0.35714285714285715,0.21428571428571427,0.7857142857142857,0.0,0.0,0.0,0.0006490018542062224,1
57934330,39,"“the ” and “a”, “ room” and “bedroom ”, etc...) have similar semantic and grammatical roles.",1,0,30,0.1266233766233766,16,16,0.5,0.0625,0.75,0.0,0.0,0.0,0.0003932736900553738,0
60253398,51,"Each writer thread, after completing the modifications to the logged object copies, commits them by incrementing the clock to a new value, and waits for all readers that started before the clock increment (have a clock value lower than it) to complete.",0,0,45,0.09864603481624758,42,42,0.3333333333333333,0.16666666666666666,0.5476190476190477,0.0,0.0,0.0,0.0006321434089551283,0
31459000,146,"Undoubtedly, their relative merits highly depend on the application and environment.",12,0,1,0.8902439024390244,11,11,0.36363636363636365,0.09090909090909091,0.6363636363636364,0.0,0.0,0.0,0.0004446047382205797,0
16124640,141,"(2)
Using data of this form, we will train a neural network to classify samples from probability distributions as causal or anticausal.",7,0,5,0.5340909090909091,22,22,0.45454545454545453,0.09090909090909091,0.5909090909090909,0.0,0.0,0.0,0.0006506411542071248,0
23942242,156,"Our generalization experiments consists of the following: for the CIFAR-10 and SVHN datasets, we take some established high-performance CNN architectures (while they are not state of the art, they are typically very close to state of the art performance) and train them on one of the following: {Xunfilteredtrain , Xradialtrain , Xrandomtrain } and then test the accuracy of each of these trained models on all of the following test sets {Xunfilteredtest , Xradialtest , Xrandomtest }.",6,0,1,0.65,77,77,0.3116883116883117,0.11688311688311688,0.5454545454545454,0.0,0.0,0.0,0.000900523999744397,1
38830210,71,"For DenseNet, our model follows the same setup as in (Huang et al., 2016), with depth L = 100, growth rate k = 12 (Dense-BC) and dropout rate 0.",4,0,2,0.284,29,29,0.3448275862068966,0.13793103448275862,0.7241379310344828,0.0,0.0,0.0,0.000771153754422077,1
80719489,34,The idea is simple: compare statistics between the two datasets and if they are similar then the samples are likely to come from the same distribution.,1,0,2,0.16037735849056603,26,26,0.19230769230769232,0.15384615384615385,0.4230769230769231,0.0,0.0,0.0,0.0006286091416826452,1
73515355,412,AWS proprietary and shared-nothing systems tend to be less data-compatible than others.,15,0,24,0.692436974789916,12,12,0.25,0.16666666666666666,0.6666666666666666,0.0,0.0,0.0,0.0004745779398697562,0
22744554,63,(2016).,4,0,40,0.2916666666666667,1,1,1.0,0.0,1.0,0.0,0.0,0.0,0.0002,0
11313245,375,"On the contrary, as shown in Figure 11(a), a long update interval of softtime can reduce false aborts due to the timer thread.",17,0,9,0.7352941176470589,23,23,0.30434782608695654,0.08695652173913043,0.6086956521739131,0.0,0.0,0.0,0.0006503679601363271,0
85839366,283,"Following Tuson & Ross (1998), we attempted to evolve the mutation probability distribution too.",11,0,34,0.6388261851015802,14,14,0.42857142857142855,0.21428571428571427,0.7857142857142857,0.0,0.0,0.0,0.00047897860791453926,0
58308538,125,NC Embeddings.,12,0,22,0.8561643835616438,2,2,1.0,0.0,1.0,0.0,0.0,0.0,0.0002790600834396883,1
25766140,79,"Thus, our type level analogue of conditional branching does not depend on data but rather simulates the ability to take either branch of a conditional through a non-deterministic step.",2,0,12,0.17954545454545454,29,29,0.3103448275862069,0.13793103448275862,0.5862068965517241,0.0,0.0,0.0,0.0006237835936014798,1
263861,179,"3.4 Dynamic control flow
TensorFlow supports advanced machine learning algorithms that contain conditional and iterative control flow.",0,0,0,0.48247978436657685,17,17,0.5294117647058824,0.17647058823529413,0.8823529411764706,0.0,0.0,0.0,0.0006582625654169398,1
39570633,2,"Specifically, we find a single unit which performs sentiment analysis.",0,0,0,0.011299435028248588,10,10,0.4,0.2,0.7,0.0,0.0,0.0,0.0004861322644829878,1
72744034,232,"This
consideration holds for all the ecosystems and for all the bad smells analyzed, thus confirming the common wisdom that the deadline pressure on developers can be one of the main causes for smell introduction.",6,0,34,0.6685878962536023,35,35,0.2857142857142857,0.11428571428571428,0.5142857142857142,0.0,0.0,0.0,0.0007138780269606499,1
31183232,22,"2 Task
We now give a formal definition of the task of answering path queries on a knowledge base.",0,0,0,0.07801418439716312,19,19,0.3684210526315789,0.10526315789473684,0.5789473684210527,0.0,0.0,0.0,0.0005580579270165658,1
22030520,186,"In fact, we observed that clauses related to choice of jurisdiction were a controversial topic within Debian in terms of their impact on software’s freeness.",0,0,186,0.4124168514412417,25,25,0.4,0.12,0.56,0.0,0.0,0.0,0.0006240347826143421,1
7255717,224,"Method CA Text twice Inception score 64×64 Stage-I GAN no / 2.66 ± .03
yes / 2.95 ± .02
256×256 Stage-I GAN no / 2.48 ± .00yes / 3.02 ± .01
128×128 StackGAN yes no 3.13 ± .03 no yes 3.20 ± .03 yes yes 3.35 ± .02 256×256 StackGAN yes no 3.45 ± .02 no yes 3.31 ± .03 yes yes 3.70 ± .04
Table 2.",11,0,10,0.8715953307392996,67,67,0.373134328358209,0.07462686567164178,0.9104477611940298,0.0,0.0,0.0,0.0006893646946777041,0
18958324,114,"We have two orthogonal hypotheses for why this happens: 1) Φ (the DNN from [31]) is a heavily modified version of E (CaffeNet); 2) the two types of images are too different: the primarily object-centric ImageNet dataset vs. the UCF-101 dataset, which focuses on humans performing actions.",4,0,9,0.29457364341085274,47,47,0.3617021276595745,0.1276595744680851,0.6382978723404256,0.0,0.0,0.0,0.0009238691275723183,1
3913778,102,Our study design was approved by Microsoft’s Ethics Advisory Board.,0,1,58,0.2922636103151863,10,10,0.6,0.2,0.7,0.0,0.0,0.0,0.00039412294402444,0
30485653,137,For a given normalized pixel radius (normalized by the torso height of each sample) we count the number of images in the test-set for which the distance of the predicted UV joint location to the ground-truth location falls within the given radius.,6,0,17,0.8726114649681529,42,42,0.3333333333333333,0.11904761904761904,0.5476190476190477,0.0,0.0,0.0,0.0007761154294727533,0
61360879,51,It is typically assumed that the demonstrations come from an expert who is behaving near-optimally under some unknown cost.,5,0,1,0.2698412698412698,19,19,0.15789473684210525,0.2631578947368421,0.47368421052631576,0.0,0.0,0.0,0.000563053202471326,0
24312671,242,"ρπ1(x, y) = 2
N2 δ(y ≤ N/2) and ρπ2(x, y) =
2
N2 δ(y > N/2) (4)
5In some environments, such as mountain car, it is desirable for the agent to end the episode as quickly as possible.",14,0,15,0.622107969151671,39,39,0.46153846153846156,0.10256410256410256,0.6923076923076923,0.0,0.0,0.0,0.0005505004583048683,0
32533290,93,"(1)
We call the two cases disjoint and overlapping, respectively.",1,0,22,0.5886075949367089,10,10,0.5,0.1,0.7,0.0,0.0,0.0,0.00039572224162511726,1
37263635,149,Only terms which are well-typed according to the theory are permitted.,10,0,2,0.436950146627566,11,11,0.18181818181818182,0.2727272727272727,0.45454545454545453,0.0,0.0,0.0,0.00044146732435444,0
23313716,395,"Since its launch, our mainlines have remained green at all times.",0,2,105,0.8458244111349036,11,11,0.18181818181818182,0.18181818181818182,0.5454545454545454,0.0,0.0,0.0,0.00028082304324640063,1
48141212,88,"For each shared variable v, Eraser maintains the set C(v) of candidate locks for v. This set contains those locks that have protected v for the computation so far.",0,0,88,0.22564102564102564,29,29,0.3793103448275862,0.1724137931034483,0.5862068965517241,0.0,0.0,0.0,0.0006350809519745486,1
25766140,155,"Blocks 2 and 4 represent the bodies of the first two cases, respectively.",8,0,27,0.3522727272727273,13,13,0.38461538461538464,0.0,0.6923076923076923,0.0,0.0,0.0,0.00039973299565316617,0
37171167,78,"It is a list of word vectors, M = {mi }i=1..D , where mi is a xed dimensional vector.",3,0,3,0.2965779467680608,19,19,0.47368421052631576,0.10526315789473684,0.5789473684210527,0.0,0.0,0.0,0.0004406730721212759,0
19173630,151,Arnaud Bergeron provided much-needed support with LATEX typesetting.,9,0,3,0.9741935483870968,8,8,0.625,0.125,0.875,0.0,0.0,0.0,0.0003460949912788176,0
61360879,145,"4 GANs for training EBMs
Now that we have highlighted the connection between GANs andgui ed cost learning, the application of GANs to EBMs follows directly.",0,0,0,0.7671957671957672,26,26,0.34615384615384615,0.23076923076923078,0.6153846153846154,0.0,0.0,0.0,0.0005271888950727444,1
63531440,219,We highlight that the first arXiv post of our work predates their work.,8,0,7,0.9820627802690582,13,13,0.3076923076923077,0.15384615384615385,0.5384615384615384,0.0,0.0,0.0,0.0003983917793336252,1
69694249,433,Our model here uses an MLP encoder and an RNN decoder (as the dynamics are not Markovian).,27,0,47,0.9622222222222222,17,17,0.4117647058823529,0.17647058823529413,0.5294117647058824,0.0,0.0,0.0,0.0005205935092804138,1
91812941,52,EPOpt was able to improve generalization (both interpolation and extrapolation) but only when combined with PPO on environments with continuous action spaces and only one of the two policy/value function architectures we consider.,0,0,43,0.15757575757575756,33,33,0.2727272727272727,0.15151515151515152,0.5757575757575758,0.0,0.0,0.0,0.0007886334300643622,1
11313245,393,"However, in RTM’s fallback handler and readonly transactions, DrTM has to lock both local and remote records.",19,0,1,0.7705882352941177,17,17,0.35294117647058826,0.11764705882352941,0.6470588235294118,0.0,0.0,0.0,0.0005253534227982037,0
29703573,169,COPYNET is also related to the effort to solve the OOV problem in neural machine translation.,16,0,2,0.9086021505376344,16,16,0.375,0.1875,0.625,0.0,0.0,0.0,0.0005235909781984971,1
23426061,165,The results are presented in tables 1 and 2.,9,0,4,0.7894736842105263,9,9,0.2222222222222222,0.2222222222222222,0.5555555555555556,0.0,0.0,0.0,0.00033999687012331006,1
74156567,323,"The sub-problem of efficiently estimating the number of runs in a column efficiently (e.g., with a limited number of sorts of the sample) remains open.",14,0,6,0.6632443531827515,25,25,0.28,0.12,0.56,0.0,0.0,0.0,0.0006350114405583074,0
51116334,66,"(1)
The style loss is also a mean squared error, but between the correlations of the filter responses expressed by their Gram matrices Al ∈ RNl×Nl for the style image a and Gl ∈ RNl×Nl for the stylized image x.",2,0,10,0.35294117647058826,40,40,0.45,0.075,0.6,0.0,0.0,0.0,0.0007203222102574508,1
18322264,107,Then it simply forms a sentence “What is the color of the [object]” with the “object” replaced by the actual noun.,6,0,14,0.47555555555555556,21,21,0.23809523809523808,0.14285714285714285,0.47619047619047616,0.0,0.0,0.0,0.0005575676083503022,0
7255717,186,The inception scores and average human ranks for our proposed StackGAN and compared methods are reported in Table 1.,10,0,5,0.7237354085603113,19,19,0.2631578947368421,0.21052631578947367,0.631578947368421,0.0,0.0,0.0,0.0006220799818094201,0
8151447,63,"3 Adapting to the path: congestion avoidance
If the timers are in good shape, it is possible to state with some confidence that a timeout indicates a lost packet and not a broken timer.",0,0,0,0.23773584905660378,34,34,0.29411764705882354,0.11764705882352941,0.5,0.0,0.0,0.0,0.0007636570543859554,1
50388820,504,"First, it is the only system to utilize the cache for reducing overall request tail latency.",24,0,37,0.9710982658959537,16,16,0.3125,0.1875,0.5625,0.0,0.0,0.0,0.0005268223427037664,1
13655370,99,"(11)
Proof.",1,0,59,0.4074074074074074,2,2,1.0,0.0,1.0,0.0,0.0,0.0,0.0002821263475993515,0
49139111,58,"B. Contextual Unimodal and Multimodal Classification
Secondly, the context-independent unimodal features (from Step A) are fed into a LSTM network (termed contextual LSTM) that allows consecutive utterances in a video to share information in the feature extraction process (Section 3.2).",0,0,58,0.2510822510822511,40,40,0.5,0.125,0.725,0.0,0.0,0.0,0.0008596647936966508,1
86508243,307,Recall that we have two generators: the global generator and the local enhancer.,14,0,7,0.9746031746031746,13,13,0.23076923076923078,0.15384615384615385,0.5384615384615384,0.0,0.0,0.0,0.0004440296308841475,1
76874430,293,This is sufficient because both the pointer and the tuple referred to by the pointer are stored on NVM.,7,0,28,0.3147153598281418,19,19,0.21052631578947367,0.21052631578947367,0.3684210526315789,0.0,0.0,0.0,0.0004658754395817068,1
41161677,509,177–186.,0,0,509,0.5850574712643678,1,1,0.0,0.0,1.0,0.0,0.0,0.0,0.0,0
21145042,521,"The method ends the nested record Links and starts new records Name and Language, in that order.",16,0,20,0.9542124542124543,17,17,0.4117647058823529,0.11764705882352941,0.6470588235294118,0.0,0.0,0.0,0.0006229080669287191,1
57956236,154,It is quite possible that some faces with poor illumination or small size fail to get captured by any candidate region with a high overlap.,6,0,11,0.49044585987261147,25,25,0.2,0.16,0.56,0.0,0.0,0.0,0.0006851531742723881,1
72744034,79,"As done for DECOR, quality metrics are computed for all code artifacts only during the first commit, and updated at each subsequent commit for added and modified files.",3,0,18,0.2276657060518732,28,28,0.25,0.21428571428571427,0.5357142857142857,0.0,0.0,0.0,0.0006350030686840855,0
31459000,66,These instances are mainly designed to accelerate workloads with massive parallelism.,6,0,19,0.4024390243902439,11,11,0.2727272727272727,0.2727272727272727,0.6363636363636364,0.0,0.0,0.0,0.0004868578857485868,0
65595064,120,We have altered all standard methods of accessing process memory to use an explicit capability (respecting the principle of intentional use).,3,0,30,0.32,21,21,0.23809523809523808,0.23809523809523808,0.6190476190476191,0.0,0.0,0.0,0.0005886803510480527,1
72744034,107,1 reports an example aimed at illustrating the smellintroducing commit identification for a file fj .,3,0,46,0.30835734870317005,16,16,0.375,0.1875,0.6875,0.0,0.0,0.0,0.00048186813674467666,0
51254358,148,"When trained on the set of ⟨C,D+,D-⟩ triples, the CODEnn predicts the cosine similarities of both ⟨C,D+⟩ and ⟨C,D-⟩ pairs and minimizes the ranking loss [18, 22]: L(θ ) =
∑ <C,D+,D->∈P max (0, ϵ − cos(c, d +) + cos(c, d-)) (12)
where θ denotes the model parameters, P denotes the training dataset, ϵ is a constant margin.",8,0,4,0.36363636363636365,59,59,0.4406779661016949,0.15254237288135594,0.711864406779661,0.0,0.0,0.0,0.0008583031908943064,1
85839366,52,Back-propagation and evolution can be combined as in Stanley et al.,1,0,10,0.11738148984198646,11,11,0.36363636363636365,0.18181818181818182,0.5454545454545454,0.0,0.0,0.0,0.00043494536558713473,0
74164301,46,"Our approach annotates the training corpus with explicit alignment information that enables the NMT system to emit, for each OOV word, a “pointer” to its corresponding word in the source sentence.",1,0,39,0.22115384615384615,31,31,0.3548387096774194,0.16129032258064516,0.5806451612903226,0.0,0.0,0.0,0.0006989563784138551,1
71546396,129,"In the latter case, malicious actors can use a variety of methods (e.g., redirect scripts [28], [37] or social engineering) to break out of the iframe and open a new tab on the user’s browser for registering their own service worker.",6,0,6,0.2698744769874477,41,41,0.2926829268292683,0.14634146341463414,0.5853658536585366,0.0,0.0,0.0,0.0008576857134617843,0
76817909,97,"Formally, a level is a distribution of missions, where a mission combines an instruction within an initial environment state.",5,0,2,0.2993827160493827,19,19,0.42105263157894735,0.10526315789473684,0.5789473684210527,0.0,0.0,0.0,0.0005564101735962832,1
97923725,29,"The reused hidden states serve as memory for the current segment, which builds up a recurrent connection between the segments.",0,0,21,0.06290672451193059,20,20,0.3,0.1,0.55,0.0,0.0,0.0,0.000625858941411525,1
6777051,42,"Despite recent progress in training better environment models, a key issue addressed by I2As is that a learned model cannot be assumed to be perfect; it might sometimes make erroneous or nonsensical predictions.",1,0,16,0.10880829015544041,33,33,0.21212121212121213,0.24242424242424243,0.6666666666666666,0.0,0.0,0.0,0.00078349885757699,0
7305163,212,"In Hyperledger, for example, the get(k) operation returns the last value of k that is written or being batched.",7,0,20,0.3068017366136035,19,19,0.3157894736842105,0.2631578947368421,0.5263157894736842,0.0,0.0,0.0,0.00047915095898740925,0
84548548,298,"This transformation indicates that most developers prefer to use ArrayList in their code, which in general is considered to be faster, neglecting use cases in which LinkedList performs better; e.g., when the program has many list insertion or removal operations.",24,0,67,0.772020725388601,40,40,0.35,0.225,0.575,0.0,0.0,0.0,0.0007888011320744555,1
12239056,51,"[10] proposed a complex multiple-stage cascade that predicts segment proposals from bounding-box proposals, followed by classification.",1,0,9,0.15501519756838905,16,16,0.4375,0.1875,0.75,0.0,0.0,0.0,0.0006860248537466014,0
43018598,41,"For example, around 58% of blocking bugs are caused by message passing.",1,0,20,0.09468822170900693,12,12,0.3333333333333333,0.25,0.6666666666666666,0.0,0.0,0.0,0.0005242827011955253,0
35928796,9,"INFER itself is based on recent academic research in program analysis [5], which applied a relatively recent development in logics of programs, separation logic [10].",1,0,2,0.05084745762711865,25,25,0.4,0.12,0.68,0.0,0.0,0.0,0.0007237506301390279,1
65062778,96,Our pruning method here is based on a simple uniform combination of paraphrase probabilities and similarity scores.,6,0,17,0.8495575221238938,17,17,0.35294117647058826,0.17647058823529413,0.5882352941176471,0.0,0.0,0.0,0.0006226307233704027,1
46342402,1,"The method is straightforward to implement, is computationally efficient, has little memory requirements, is invariant to diagonal rescaling of the gradients, and is well suited for problems that are large in terms of data and/or parameters.",0,0,0,0.00423728813559322,36,36,0.2777777777777778,0.25,0.5555555555555556,0.0,0.0,0.0,0.000810616093357802,1
45435119,67,"The first one “Inception-ResNet-v1” roughly the computational cost of Inception-v3, while “Inception-ResNet-v2” matches the raw cost of the newly introduced Inception-v4 network.",4,0,5,0.5537190082644629,22,22,0.3181818181818182,0.045454545454545456,0.6818181818181818,0.0,0.0,0.0,0.0006071377307076153,0
73515355,255,"All cloud nodes require time to initialize and pass system checks before a DBMS can be started, with systems using local storage like Redshift taking longest to initialize.",12,0,17,0.42857142857142855,28,28,0.2857142857142857,0.32142857142857145,0.6785714285714286,0.0,0.0,0.0,0.000778610791123027,1
68635574,415,"Given 1-4, the forget gate can take value at most f∞ < 0.64.",20,0,33,0.9673659673659674,13,13,0.3076923076923077,0.15384615384615385,0.6923076923076923,0.0,0.0,0.0,0.0004362554972809968,0
13655370,15,"However ReLUs are non-negative and, therefore, have a mean activation larger than zero.",0,0,3,0.06172839506172839,13,13,0.3076923076923077,0.15384615384615385,0.6923076923076923,0.0,0.0,0.0,0.0004890377607298576,1
11636296,101,"With backward branching the agent does not need to plan far into the future; when it is in possession of a key, a successful strategy is always to open the matching lock.",9,0,8,0.49029126213592233,32,32,0.25,0.21875,0.46875,0.0,0.0,0.0,0.000717252081696446,0
76635514,16,They also produce a steady flow of CPU and I/O usage.,0,0,16,0.09248554913294797,11,11,0.36363636363636365,0.09090909090909091,0.6363636363636364,0.0,0.0,0.0,0.00044314436411227665,0
60253398,123,The first set of operations will read the old object copies while the second set will read the new object copies of this writer.,3,0,6,0.2379110251450677,24,24,0.2916666666666667,0.08333333333333333,0.5833333333333334,0.0,0.0,0.0,0.0005607398366938675,1
4830217,440,[20] P. E. Utgoff.,12,0,70,0.9713024282560706,4,4,0.75,0.0,1.0,0.0,0.0,0.0,0.0002,0
8455503,30,"As a result, pages load more slowly than necessary.",0,1,15,0.06993006993006994,9,9,0.3333333333333333,0.0,0.5555555555555556,0.0,0.0,0.0,0.0004431280497017953,0
73180675,117,"Kümmerer, M., Theis, L. & Bethge, M. Deep Gaze I: Boosting Saliency Prediction
with Feature Maps Trained on ImageNet.",3,0,26,0.5416666666666666,19,19,0.7894736842105263,0.05263157894736842,0.8947368421052632,0.0,0.0,0.0,0.0005870369060304096,0
41840073,36,"Finally, we show several practical applications enabled by this analytic framework, from comparing internal representations across different layers, GAN variants and datasets; to debugging and improving GANs by locating and ablating “artifact” units (Figure 1e); to understanding contextual relationships between objects in scenes; to manipulating images with interactive object-level control.",0,0,24,0.14173228346456693,50,50,0.28,0.2,0.72,0.0,0.0,0.0,0.0010607949166736592,0
11791786,134,"The current inputs are represented by the subset of columns that contains active cells (black, Fig.",10,0,17,0.25769230769230766,16,16,0.3125,0.25,0.625,0.0,0.0,0.0,0.0006298913508006288,0
47397989,123,This is a surprising and fascinating result that reveals the predictive power of disagreement between arti cial intelligence systems.,6,0,30,0.5913461538461539,19,19,0.2631578947368421,0.10526315789473684,0.5789473684210527,0.0,0.0,0.0,0.0005564666868365094,0
90525296,28,"Our concrete contributions are:
1. defining a programming language that is expressive enough to include real-world programming problems while being high-level enough to be predictable from input-output examples;
2. models for mapping sets of input-output examples to program properties; and
3. experiments that show an order of magnitude speedup over standard program synthesis techniques, which makes this approach feasible for solving problems of similar difficulty as the simplest problems that appear on programming competition websites.",0,0,24,0.06947890818858561,75,75,0.3333333333333333,0.16,0.6533333333333333,0.0,0.0,0.0,0.0011505103176101031,1
8799962,166,"For this predictive question, we defined a single demon that predicts the number of timesteps until one of the robot’s wheels approaches zero velocity (i.e., comes to a complete stop) under current environmental conditions.",6,0,16,0.5478547854785478,34,34,0.29411764705882354,0.11764705882352941,0.6176470588235294,0.0,0.0,0.0,0.0007897120325252744,1
55410278,12,The system operates at 30 frames per second (FPS).,0,0,0,0.0916030534351145,9,9,0.3333333333333333,0.1111111111111111,0.7777777777777778,0.0,0.0,0.0,0.000395481002736422,1
65062778,14,• Computing distributional similarity scores for each of the paraphrases using the Google ngrams and the Annotated Gigaword corpus.,1,0,8,0.12389380530973451,19,19,0.5263157894736842,0.05263157894736842,0.631578947368421,0.0,0.0,0.0,0.0005898779569827688,1
69467563,189,"In this type of test, we create a query consisting of a word-year pair that is particularly the representative of that word in that year, and look for other word-year pairs in its vicinity, for different years.",9,0,2,0.5869565217391305,37,37,0.32432432432432434,0.05405405405405406,0.4594594594594595,0.0,0.0,0.0,0.0006398851883585077,0
74547298,63,Hence the amoun t of s tack space used for the pa r ame te r s is cons tan t and known for every call.),0,1,53,0.4090909090909091,26,26,0.46153846153846156,0.11538461538461539,0.5769230769230769,0.0,0.0,0.0,0.0004333074891838537,0
19050347,42,"METHOD
In order to predict depth, semantic and instance segmentation in real-time, we modify the ENet architecture into a multi-branched network, having three output branches, one for each task (see Fig.",0,0,0,0.3684210526315789,31,31,0.3548387096774194,0.16129032258064516,0.6451612903225806,0.0,0.0,0.0,0.000834589038588813,1
97703387,114,"In fact, FA can find the global optima as well as all the local optima simultaneously in a very effective manner.",9,0,21,0.7080745341614907,21,21,0.19047619047619047,0.047619047619047616,0.5238095238095238,0.0,0.0,0.0,0.0004755926250595512,1
82387857,31,A smart contract is identified by an address (a 160-bit identifier) and its code resides on the blockchain.,0,0,31,0.04194857916102842,18,18,0.2777777777777778,0.1111111111111111,0.5555555555555556,0.0,0.0,0.0,0.0005934040095548524,1
22546727,257,The most important remaining variable to control for is training time.,12,0,2,0.9081272084805654,11,11,0.09090909090909091,0.36363636363636365,0.5454545454545454,0.0,0.0,0.0,0.000481844906805522,0
79471009,209,"5 CONCLUSION
We have described Memory-based Parameter Adaptation (MbPA), a scheme for using an episodic memory structure to locally adapt the parameters of a neural network based upon the current input context.",0,0,0,0.7712177121771218,32,32,0.3125,0.1875,0.6875,0.0,0.0,0.0,0.00084717297799476,1
37263635,213,This makes Haskell a viable choice for production use in a range of areas.,13,0,24,0.624633431085044,14,14,0.42857142857142855,0.07142857142857142,0.5714285714285714,0.0,0.0,0.0,0.000518354609709694,0
68340528,65,"We denote the user-news interaction matrix as W ∈ {0, 1}m×n , where Wi j = 1 indicates that user ui has shared the news piece aj ; otherwise Wi j = 0.",0,0,65,0.24904214559386972,33,33,0.45454545454545453,0.15151515151515152,0.7878787878787878,0.0,0.0,0.0,0.0006283645576087026,1
23942242,0,"Measuring the tendency of CNNs to Learn Surface Statistical Regularities
Deep CNNs are known to exhibit the following peculiarity: on the one hand they generalize extremely well to a test set, while on the other hand they are extremely sensitive to so-called adversarial perturbations.",0,0,0,0.0,44,44,0.29545454545454547,0.1590909090909091,0.5909090909090909,0.0,0.0,0.0,0.0007937142720453922,0
26473847,215,"We show that by using our method for RL training, it is possible to obtain a self driving vehicle that can be placed in the real world.",9,0,10,0.9953703703703703,27,27,0.2222222222222222,0.25925925925925924,0.48148148148148145,0.0,0.0,0.0,0.0006801588335111526,0
96831204,77,Here we use a special token NULL to represent a non-existent element.,3,0,7,0.36666666666666664,12,12,0.16666666666666666,0.16666666666666666,0.5833333333333334,0.0,0.0,0.0,0.0005201387583090935,0
28037079,116,"2.1 Geographical Convenience Inference
In this section, we discuss how to infer the geographical convenience of a business b for a user i , i.e., дb,i , based on customer i’s historical check-ins.",0,0,116,0.3504531722054381,33,33,0.36363636363636365,0.09090909090909091,0.6363636363636364,0.0,0.0,0.0,0.0006511602362112772,1
94646863,99,"For example, we could handle superlative utterances (“What NBA player is tallest?”) by adding a template with an argmax operator.",3,0,23,0.38976377952755903,20,20,0.35,0.2,0.65,0.0,0.0,0.0,0.0005581648700240029,0
47723293,220,To our knowledge this is the best reported result on MNIST so far.,17,0,2,0.873015873015873,13,13,0.23076923076923078,0.15384615384615385,0.46153846153846156,0.0,0.0,0.0,0.00048806876076095996,1
4784102,497,"Computational linguistics, 22(1):39–71, 1996.",24,0,39,0.5874704491725768,4,4,0.25,0.25,1.0,0.0,0.0,0.0,0.00044403512862568244,1
7590139,10,Prioritized experience replay (Schaul et al.,0,0,5,0.029498525073746312,6,6,0.6666666666666666,0.3333333333333333,1.0,0.0,0.0,0.0,0.0004322109907083069,1
36200725,60,"In contrast, in this paper we perform the opposite operation.",3,0,8,0.24489795918367346,10,10,0.3,0.1,0.5,0.0,0.0,0.0,0.00044180914650597693,0
91812941,284,"RL2 is difficult to train, and in its success cases provides no clear generalization advantage over the vanilla deep RL algorithms or EPOpt.",8,0,8,0.8606060606060606,23,23,0.391304347826087,0.13043478260869565,0.6086956521739131,0.0,0.0,0.0,0.0006882864289338857,1
3953515,96,"By combining predictions for all default boxes with different scales and aspect ratios from all locations of many feature maps, we have a diverse set of predictions, covering various input object sizes and shapes.",4,0,35,0.35687732342007433,34,34,0.4117647058823529,0.08823529411764706,0.6176470588235294,0.0,0.0,0.0,0.0008434998669897809,1
73515355,319,"Therefore, we conclude that Q1 shows a 2x or less advantage from using EBS over S3.",13,0,62,0.5361344537815126,16,16,0.25,0.1875,0.625,0.0,0.0,0.0,0.0005526292788513553,0
7415123,127,Eq.,11,0,8,0.7559523809523809,1,1,1.0,0.0,1.0,0.0,0.0,0.0,0.0002,0
26105266,111,"Additionally, we validate that the CNN architecture used in DCGAN is not the key contributing factor of the model’s performance by training a purely supervised CNN with the same architecture on the same data and optimizing this model via random search over 64 hyperparameter trials (Bergstra & Bengio, 2012).",13,0,4,0.676829268292683,49,49,0.30612244897959184,0.14285714285714285,0.5918367346938775,0.0,0.0,0.0,0.0008829450952118448,0
37263635,99,"(λx.f(xx))(λx.f(xx))
The reader may satisfy himself that we have Y F ⇔ F (Y F ) as required.",5,0,43,0.2903225806451613,18,18,0.3888888888888889,0.16666666666666666,0.6111111111111112,0.0,0.0,0.0,0.00034468512146442967,1
87208689,332,"This work was partially supported by the National Science Foundation through award CNS-1514457, Qualcomm, and the Hewlett Foundation through the Center for Long-Term Cybersecurity.",34,0,2,0.8197530864197531,24,24,0.4583333333333333,0.08333333333333333,0.5833333333333334,0.0,0.0,0.0,0.0005901986039846507,0
37479343,77,"The total increment to item i during time instance (or interval) t will be denoted by cti, which is an aggregation of many streaming updates arriving at t. The results in this paper, without loss of any generality and for notational convenience, will use cti to refer to the current update.",0,1,3,0.13368055555555555,51,51,0.3137254901960784,0.1568627450980392,0.5294117647058824,0.0,0.0,0.0,0.0008313540982538015,0
28037079,42,"To know and comment on a local business, a customer has to physically visit that business.",0,0,42,0.1268882175226586,16,16,0.1875,0.25,0.5,0.0,0.0,0.0,0.0005015736402606338,1
12239056,174,Results are shown in Table 2 and discussed in detail next.,6,0,1,0.5288753799392097,11,11,0.2727272727272727,0.2727272727272727,0.6363636363636364,0.0,0.0,0.0,0.0003959678249891021,0
38469042,90,"Each image can be labeled according to either the SR or SD rules, so we can ensure the image distribution is identical between the two problem types.",0,0,85,0.5113636363636364,27,27,0.25925925925925924,0.2222222222222222,0.5185185185185185,0.0,0.0,0.0,0.0006500239927360151,1
79305631,185,Differentially-private aggregations.,10,0,15,0.8333333333333334,2,2,1.0,0.0,1.0,0.0,0.0,0.0,0.0002,1
13793499,284,"For directory services and government pages, there is a clear banding of local requests.",0,0,284,0.9044585987261147,14,14,0.42857142857142855,0.07142857142857142,0.5714285714285714,0.0,0.0,0.0,0.0005251657968464891,0
61603670,44,"A file in WTF, then is a sequence of slices and their associated offsets.",3,0,2,0.11027568922305764,14,14,0.35714285714285715,0.14285714285714285,0.42857142857142855,0.0,0.0,0.0,0.00048231914804632085,1
34958521,54,"Thus, the choice of nonlinearity substantively affects the dynamics in the information plane.",1,0,19,0.1487603305785124,13,13,0.38461538461538464,0.07692307692307693,0.6153846153846154,0.0,0.0,0.0,0.00048293827057986605,1
73180675,121,"Khaligh-Razavi, S.-M. & Kriegeskorte, N. Deep Supervised, but Not Unsupervised, Mod-
els May Explain IT Cortical Representation.",3,0,30,0.5601851851851852,17,17,0.7647058823529411,0.058823529411764705,0.8235294117647058,0.0,0.0,0.0,0.000521302867436353,0
14819310,102,The storage controller can freely schedule the commands in its command queue.,3,0,38,0.17406143344709898,12,12,0.4166666666666667,0.08333333333333333,0.5833333333333334,0.0,0.0,0.0,0.0005250467499068499,1
53809041,208,REINFORCE is an elegant algorithm to train at the sequence level using any user-defined reward.,8,0,41,0.5859154929577465,15,15,0.3333333333333333,0.2,0.6,0.0,0.0,0.0,0.0005865390542870783,1
66912872,4,"Specifically, with an extended set of race logic operations, we show that tree-based classifiers can be naturally encoded, and that common classification tasks can be implemented efficiently as a programmable accelerator in this class of logic.",0,0,0,0.011461318051575931,36,36,0.25,0.1111111111111111,0.5555555555555556,0.0,0.0,0.0,0.0008102901748782118,0
34958521,68,"Intuitively, for small weights w1 ≈ 0, neural activities lie near zero on the approximately linear part of the tanh function.",1,0,33,0.18732782369146006,21,21,0.3333333333333333,0.09523809523809523,0.7619047619047619,0.0,0.0,0.0,0.0007088965574952577,0
79471009,156,"Unlike EWC we do not store any tasks identifiers, merely appending the memory with a few examples.",6,0,19,0.5756457564575646,17,17,0.23529411764705882,0.23529411764705882,0.5294117647058824,0.0,0.0,0.0,0.00048067082700654527,0
68340528,82,"Specifically, giving the newsword matrix X ∈ Rn×t , NMF methods try to find two nonnegative matrices D ∈ Rn×d+ and V ∈ Rt×d+ , where d is the dimension of the latent space, by solving the following optimization problem,
min D,V≥0
∥ X − DVT ∥2F + λ(∥D∥ 2 F + ∥V∥ 2 F ) (1)
where D and V are the nonnegative matrices indicating low dimension representations of news pieces and words.",0,0,82,0.31417624521072796,74,74,0.527027027027027,0.13513513513513514,0.7432432432432432,0.0,0.0,0.0,0.0009209697687670319,1
87068449,61,"One of our contributions is to prove that this may be suboptimal behavior in a CIRL game, as H may choose to accept less reward on a particular action in order to convey more information to R. In CIRL the DBE assumption prescribes a fixed policy for H. As a result, many IRL algorithms can be derived as state estimation for a best response to different πH, where the state includes the unobserved reward parametrization θ. Ng & Russell (2000), Abbeel & Ng (2004), and Ratliff et al.",1,0,10,0.20748299319727892,88,88,0.38636363636363635,0.125,0.625,0.0,0.0,0.0,0.0010372282215623503,0
55048906,114,"Weight Sensitivity The algorithm is less fragile to adjustments in style weight; typically as the weight increases, the image degenerates and becomes a patchwork of the style content.",5,0,20,0.7307692307692307,28,28,0.42857142857142855,0.10714285714285714,0.6071428571428571,0.0,0.0,0.0,0.0004990033727787926,0
50524744,104,Manually producing summaries for all of the application-visible methods of the Android API is daunting task that is potentially error prone.,0,0,104,0.13885180240320427,21,21,0.2857142857142857,0.19047619047619047,0.5714285714285714,0.0,0.0,0.0,0.0006829039611335174,0
34524227,49,The software that is uploaded by developers is organized as follows.,0,0,49,0.12009803921568628,11,11,0.2727272727272727,0.36363636363636365,0.45454545454545453,0.0,0.0,0.0,0.00039637207663190355,0
13655370,233,"From last equation, we obtain further( 1 − ET (a)E−1(a aT ) E(a) )−1 = 1 + ET (a)Var−1(a) E(a) .",11,0,9,0.9588477366255144,21,21,0.47619047619047616,0.09523809523809523,0.8571428571428571,0.0,0.0,0.0,0.00039571528757830794,0
18958324,91,We thus use this G6 DGN as the default prior for the experiments in the rest of the paper.,3,0,17,0.2351421188630491,19,19,0.3157894736842105,0.05263157894736842,0.47368421052631576,0.0,0.0,0.0,0.00048245471896257844,1
13040160,116,"Since the code to compute the gradient is not written by the programmer, there is limited opportunity for programmers to guide its optimization: for example, there are no identifiers in scope for intermediate values computed as part of the gradient, to which programmers could manually assign layouts.",0,0,116,0.6904761904761905,47,47,0.2978723404255319,0.1702127659574468,0.5106382978723404,0.0,0.0,0.0,0.0007799478370420541,0
76514111,51,"However, the addition of two highway layers was shown to improve the quality of the language model in (Kim et al., 2016) so we also kept these additional layers in our case.",3,0,14,0.5604395604395604,32,32,0.3125,0.125,0.59375,0.0,0.0,0.0,0.0007430768940275557,1
91200961,50,"One-stage object detectors On the other hand, YOLO [30] and SSD [25] have popularized the one-stage approach, which removes the RoI pooling step and detects objects in a single network.",2,0,10,0.21739130434782608,30,30,0.43333333333333335,0.16666666666666666,0.6333333333333333,0.0,0.0,0.0,0.0007877806391744012,0
518237,78,"However, designing these features is a tedious process which requires expert knowledge and it is not guaranteed that all features that can capture the emotions are covered.",1,0,24,0.24528301886792453,27,27,0.2222222222222222,0.25925925925925924,0.48148148148148145,0.0,0.0,0.0,0.000620875722814746,1
63188694,116,"In this modified Hazelcast version, we introduced the lockAll() and unlockAll() methods for contacting the broker.",8,0,1,0.36024844720496896,16,16,0.3125,0.1875,0.5625,0.0,0.0,0.0,0.00044217665921503506,0
91451160,166,"As a result, all large-data movement is done within the database engine and its buffer pool.",8,0,46,0.24519940915805022,16,16,0.375,0.125,0.5625,0.0,0.0,0.0,0.0005533664963854056,1
15062404,126,"In the failure prediction literature, the classifier F is first learned from a training set D = {(xi, yi)} N i=1, where D ⊂ U , yi is the ground truth label of image xi, and N the number of training samples.",4,0,8,0.4064516129032258,42,42,0.5714285714285714,0.11904761904761904,0.6428571428571429,0.0,0.0,0.0,0.0007172748550168944,1
66883240,150,Random: Correct answers from random questions in the dataset.,3,0,70,0.31512605042016806,9,9,0.5555555555555556,0.0,0.6666666666666666,0.0,0.0,0.0,0.0004293456457140023,0
88049354,36,[25] cluster detections into typical orientations so that when their classifier makes predictions additional information is available indicating the likely location of a neighboring joint.,2,0,12,0.1411764705882353,25,25,0.32,0.12,0.64,0.0,0.0,0.0,0.0007667134284975537,0
50524744,475,This set represents 26% of the total classes of our ADI.,0,0,475,0.6341789052069426,11,11,0.2727272727272727,0.09090909090909091,0.5454545454545454,0.0,0.0,0.0,0.0004429083368503486,0
56472821,642,"EXPERIENCES
In the process of building and deploying GFS, we have experienced a variety of issues, some operational and some technical.",0,0,0,0.8966480446927374,21,21,0.2857142857142857,0.14285714285714285,0.47619047619047616,0.0,0.0,0.0,0.0006255839180178314,1
38469042,139,This difference is then used to choose the appropriate same/different label.,0,0,134,0.7897727272727273,11,11,0.2727272727272727,0.2727272727272727,0.5454545454545454,0.0,0.0,0.0,0.00048258339699511655,1
85933068,20,"We then discuss the relationship between log-likelihood, classification performance, visual fidelity of samples and Parzen window estimates.",1,0,1,0.12269938650306748,17,17,0.4117647058823529,0.11764705882352941,0.6470588235294118,0.0,0.0,0.0,0.0006814163553640572,1
24824894,140,xp allows us to compare the trends of Eqs.,5,0,5,0.438871473354232,9,9,0.3333333333333333,0.2222222222222222,0.6666666666666666,0.0,0.0,0.0,0.00039326633254251547,0
33126132,5,Simulations show that our method is 100× faster than a maximum likelihood approach and selects 1/4 as many extraneous dependencies.,0,0,0,0.013404825737265416,20,20,0.3,0.15,0.65,0.0,0.0,0.0,0.0005922933860265959,0
56472821,59,Atomicity with minimal synchronization overhead is essential.,3,0,20,0.0824022346368715,7,7,0.42857142857142855,0.14285714285714285,0.7142857142857143,0.0,0.0,0.0,0.00039905029181730553,0
93025332,289,"At AWS, formal methods have been a big success.",0,0,289,0.956953642384106,9,9,0.3333333333333333,0.2222222222222222,0.5555555555555556,0.0,0.0,0.0,0.00044193165531862966,1
91200961,123,Let etk be the embedding for the top-left corner of object k and ebk for the bottom-right corner.,6,0,14,0.5347826086956522,18,18,0.2777777777777778,0.1111111111111111,0.5555555555555556,0.0,0.0,0.0,0.00043503350623654046,0
8455503,82,"Different paths down the tree apply additional rules to particular types of nodes, resulting in the “cascading” aspect of cascading style sheets.",0,1,67,0.19114219114219114,22,22,0.36363636363636365,0.13636363636363635,0.6818181818181818,0.0,0.0,0.0,0.0006668777052003382,0
45795840,109,"On the latency side, for our programmable NIC, the cached PCIe DMA read latency is 800 ns due to additional processing delay in FPGA.",6,0,3,0.22336065573770492,24,24,0.4166666666666667,0.041666666666666664,0.6666666666666666,0.0,0.0,0.0,0.0006797613058678573,0
38867178,37,"This dataset and our full implementation are available at https://github.com/tkarras/progressive_growing_of_gans, trained networks can be found at https://drive.google.com/open?id=0B4qLcYyJmiz0NHFULTdYc05lX0U along with result images, and a supplementary video illustrating the datasets, additional results, and latent space interpolations is at https://youtu.be/G06dEcZ-QTg.",0,0,30,0.13261648745519714,37,37,0.32432432432432434,0.16216216216216217,0.5945945945945946,0.0,0.0,0.0,0.0008189215917413778,0
66883240,11,"However, the current state of the art demonstrates that a coarse scene-level understanding of an image paired with word n-gram statistics suffices to generate reasonable image captions, which suggests image captioning may not be as “AI-complete” as desired.",1,0,3,0.023109243697478993,38,38,0.34210526315789475,0.13157894736842105,0.631578947368421,0.0,0.0,0.0,0.0008857571880878557,1
17409856,64,"Considering the top recurrent layer in a deep LSTM, with ht being the current target hidden state as in Figure 2, one can compute the probability of decoding each target wordyt as:
p (yt|y<t, s) = softmax (ht) (2)
For a parallel corpusD, we train our model by minimizing the below cross-entropy loss:
J = ∑
(x,y)∈D − log p(y|x) (3)
Attention Mechanism – The early NMT approaches (Sutskever et al., 2014; Cho et al., 2014), which we have described above, use only the last encoder state to initialize the decoder, i.e., setting the input representations i Eq.",3,0,16,0.2831858407079646,98,98,0.41836734693877553,0.14285714285714285,0.7040816326530612,0.0,0.0,0.0,0.0012568486309806192,1
75962230,36,.,0,0,141,0.10465116279069768,1,1,0.0,0.0,1.0,0.0,0.0,0.0,0.0,1
26277001,252,"We download Atheism and Christianity websites from the DMOZ directory and human curated lists, yielding 819 webpages in each class.",17,0,4,0.5502183406113537,20,20,0.3,0.2,0.65,0.0,0.0,0.0,0.0005234487008161756,0
45518901,147,"During 2009-2011, most posts were about Java platform security.",8,0,22,0.3107822410147992,9,9,0.4444444444444444,0.1111111111111111,0.5555555555555556,0.0,0.0,0.0,0.000488661152637588,1
26668230,168,"This is normally done for Horn clauses, but since they are not sufficiently expressive for our constraints, we apply fuzzy operators to arbitrary sentences instead.",7,0,28,0.40481927710843374,25,25,0.2,0.2,0.56,0.0,0.0,0.0,0.0006264850817276064,0
13135318,36,"Our proposed solution provides a distributed deterministic dataflow solution which operates transparently over distributed Erlang, providing the ability to have highly-available, fault-tolerant, deterministic computations.",1,0,26,0.07017543859649122,24,24,0.25,0.25,0.7083333333333334,0.0,0.0,0.0,0.0007384804671366969,1
24169489,164,"Thus, if the estimated cost of not executing the test (𝐶𝑜𝑠𝑡𝑠𝑘𝑖𝑝) is lower than the cost executing it (𝐶𝑜𝑠𝑡𝑒𝑥𝑒𝑐), THEO will skip the test execution—not selecting the test to be executed.",0,0,164,0.29338103756708406,31,31,0.2903225806451613,0.22580645161290322,0.5483870967741935,0.0,0.0,0.0,0.0005942195121833942,1
7120002,141,"Specifically, we used MNIST classification, but with a different permutation of the pixels for the old task and the new task.",7,0,8,0.7085427135678392,21,21,0.3333333333333333,0.047619047619047616,0.5238095238095238,0.0,0.0,0.0,0.0006130348332343986,1
17754953,153,Validators need a way to deterministically reproduce the miner’s concurrent schedule.,0,0,153,0.4473684210526316,11,11,0.45454545454545453,0.18181818181818182,0.7272727272727273,0.0,0.0,0.0,0.0004827884131779096,1
86508243,180,Then we perform aK-means clustering on these features for each semantic category.,7,0,17,0.5714285714285714,12,12,0.25,0.08333333333333333,0.5,0.0,0.0,0.0,0.0005208510878875182,1
23313716,80,This number grows to 40% with only 16 concurrent and potentially conflicting changes.,0,1,20,0.17130620985010706,13,13,0.23076923076923078,0.15384615384615385,0.6153846153846154,0.0,0.0,0.0,0.0005575846698021674,0
84548548,60,"For all 43 subjects, artemis find variants that outperforms the original for all three objectives.",6,0,2,0.15544041450777202,15,15,0.2,0.13333333333333333,0.6,0.0,0.0,0.0,0.0005261699764115125,0
28727146,152,"That drop of female representation is illustrated on Figure 1 in red for Adamic-Adar recommendations and green for the Random Walk, where the size of the circle drawn
helps interpret the relative size of the selected group.",0,1,80,0.5205479452054794,37,37,0.32432432432432434,0.13513513513513514,0.5675675675675675,0.0,0.0,0.0,0.0008350812214805686,0
36051826,488,"Small objects occupy over 95% of the memory footprint in these workloads, so trends are similar to those of object-heavy Java workloads.",29,0,3,0.8856624319419237,22,22,0.3181818181818182,0.09090909090909091,0.5454545454545454,0.0,0.0,0.0,0.0006269160097370385,1
27086937,80,1: (A) A novel network-regularized sparse logistic regression framework by considering the difference between the absolute values of the coefficients.,4,0,15,0.2597402597402597,20,20,0.35,0.1,0.65,0.0,0.0,0.0,0.0006831344680752759,0
98238949,49,"Rather than thinking of question answering as a problem of learning a single function to map from questions and contexts to answers, it’s perhaps useful to think of it as a highly-multitask learning setting, where each problem instance is associated with a novel task, and the identity of that task is expressed only noisily in language.",1,0,6,0.21304347826086956,56,56,0.25,0.16071428571428573,0.5178571428571429,0.0,0.0,0.0,0.0009400403997308016,0
46507565,247,"4.2 Supporting Flexible Network Policies
This section describes Slim’s support for both control- and data-plane policies.",0,0,0,0.4490909090909091,16,16,0.375,0.125,0.75,0.0,0.0,0.0,0.0006256705942037534,1
61298922,415,"ROWHAMMER ATTACKS FROM THE GPU
We now have access to contiguous physical memory directly in JavaScript using our GPU-based side-channel attack discussed in Section VII.",0,0,0,0.6963087248322147,25,25,0.44,0.12,0.64,0.0,0.0,0.0,0.0007321132567692739,1
28727146,163,"4.1 Organic growth
The first model we introduce, adapted from an existing model, reproduces a network’s spontaneous addition of edges, where each node has a label, blue (B) or red (R), and at each point in time the network grows as:
• Minority-majority partition: a new node X0 enters the network and receives label R with probability r and B with probability 1 − r (for 0 ≤ r ≤ 1/2).",0,1,91,0.5582191780821918,71,71,0.352112676056338,0.14084507042253522,0.6901408450704225,0.0,0.0,0.0,0.0009013138420603168,1
30995172,445,"High-throughput Storage and Analysis: Recent work such as Hadoop or MapReduce [9] running on GFS [15] has examined techniques for scalable, high-throughput computing on massive datasets.",26,0,31,0.9427966101694916,26,26,0.46153846153846156,0.15384615384615385,0.6923076923076923,0.0,0.0,0.0,0.0007685003204345675,0
62302416,93,"See Appendix C
All this shows that EM is a much more sensible cost function for our problem than at least the Jensen-Shannon divergence.",2,0,47,0.256198347107438,24,24,0.375,0.125,0.5416666666666666,0.0,0.0,0.0,0.0005510318178495691,1
44148071,599,3.,25,0,20,0.7376847290640394,1,1,0.0,0.0,1.0,0.0,0.0,0.0,0.0,0
5225266,152,Sliding window operators ThemergeByWindow operator merges all graphs from a sliding window of past time intervals into one graph.,16,0,12,0.5371024734982333,19,19,0.47368421052631576,0.15789473684210525,0.7368421052631579,0.0,0.0,0.0,0.0005824193709536412,1
84480736,296,"5.4 Utility Analysis
To answer the second question, we investigate the utility of the manipulated histories to estimate the change in quality of services.",0,0,0,0.8505747126436781,24,24,0.3333333333333333,0.125,0.5833333333333334,0.0,0.0,0.0,0.0006193814977733409,1
82043898,483,"Godfrey, D. Neuse, Serge.",9,0,85,0.9877300613496932,4,4,1.0,0.0,1.0,0.0,0.0,0.0,0.0,0
37479343,81,"It is accessed via d pairwise-independent hash functions h1, h2, ..., hd : {1, 2, ..., N} 7→ {1, 2, ..., w}.",0,1,7,0.140625,22,22,0.2727272727272727,0.18181818181818182,0.8636363636363636,0.0,0.0,0.0,0.0005241287602349842,1
81535007,111,Interaction between agents is considered in Sec.,3,0,19,0.41729323308270677,7,7,0.42857142857142855,0.2857142857142857,0.5714285714285714,0.0,0.0,0.0,0.00039972371196760693,0
59320034,41,DCV is the stream of datasets which will be used during cross-validation; DCV allows the learner to replay all samples multiple times for the purposes of model hyper-parameter selection.,1,0,8,0.1576923076923077,29,29,0.3793103448275862,0.20689655172413793,0.5517241379310345,0.0,0.0,0.0,0.0007890511036508967,1
53269747,410,This conclusion resonates with some of the findings in [42] which sets out to improve cost models but shows major improvements by refining cardinality estimates with additional sampling.,27,0,16,0.7308377896613191,28,28,0.32142857142857145,0.17857142857142858,0.5714285714285714,0.0,0.0,0.0,0.0007409956104568529,1
88655260,57,Remotememory.,0,1,11,0.14615384615384616,1,1,1.0,0.0,1.0,0.0,0.0,0.0,0.0,0
52208833,221,"A.3.4 GLUE Dataset
The GLUE dataset [34] is a collection of 9 natural language understanding tasks.",0,0,0,0.7892857142857143,16,16,0.625,0.0625,0.75,0.0,0.0,0.0,0.0005168203879886938,1
72744034,197,Why are code smells introduced?,0,0,0,0.5677233429394812,5,5,0.4,0.4,0.6,0.0,0.0,0.0,0.0003399021207294308,1
39674358,152,"The build operator performs a data join [10] to generate one scene graph element (or “mark”) per tuple in the backing dataset, and the evaluate operator runs the appropriate encoding functions.",11,0,3,0.4233983286908078,31,31,0.5483870967741935,0.0967741935483871,0.7419354838709677,0.0,0.0,0.0,0.0008136327505000447,0
14819310,397,The concurrencies in journaling in EXT4 (no flush) and in EXT4 (quick flush) have their price.,13,0,35,0.6774744027303754,16,16,0.5,0.125,0.5625,0.0,0.0,0.0,0.00042412698211107534,1
97592875,526,"68 % C A C T U sM A M L (o ur s) ,P = 5 0 ,k = 5 0 0 36 .2 4 ± 0.",17,0,191,0.8930390492359932,28,28,0.4642857142857143,0.10714285714285714,0.8571428571428571,0.0,0.0,0.0,0.00028208252707408654,0
10374612,152,"Because many programs have significant compute time between file accesses, the improvement in response time for longer lease terms is insignificant.",0,0,152,0.4053333333333333,21,21,0.38095238095238093,0.14285714285714285,0.6666666666666666,0.0,0.0,0.0,0.0006585275923270893,0
11836666,215,"However, this form of transfer learning operates at a superficial level.",8,0,12,0.8669354838709677,11,11,0.45454545454545453,0.09090909090909091,0.6363636363636364,0.0,0.0,0.0,0.0004362971115448545,1
65756728,205,"Hyperparameters KM ,KF control the size of subgraph and feature explanations respectively, which is informed by prior knowledge about the dataset.",0,0,205,0.6466876971608833,21,21,0.42857142857142855,0.19047619047619047,0.6190476190476191,0.0,0.0,0.0,0.000623432566994555,0
29796623,27,"None of the major implementations of protocols such as HTTP (Apache), SMTP (Sendmail/Postfix), or DNS (BIND) are regularly model-checked by their development teams.",0,0,22,0.13170731707317074,23,23,0.4782608695652174,0.08695652173913043,0.6086956521739131,0.0,0.0,0.0,0.0006214183171975084,1
66112363,31,"Their pulses vary in properties and can be correlated with their hunting strategies, depending on the species.",3,0,9,0.20394736842105263,17,17,0.29411764705882354,0.23529411764705882,0.47058823529411764,0.0,0.0,0.0,0.00048738427311660116,1
2899329,124,"While the best remedy for mathiness is to avoid it, some papers go further with exemplary exposition.",6,0,22,0.44285714285714284,17,17,0.23529411764705882,0.23529411764705882,0.5294117647058824,0.0,0.0,0.0,0.00034408034672387604,1
91325283,7,"1 Introduction
Developing learning algorithms for distributed compositional semantics of words has been a longstanding open problem at the intersection of language understanding and machine learning.",0,0,0,0.028688524590163935,26,26,0.4230769230769231,0.11538461538461539,0.6538461538461539,0.0,0.0,0.0,0.0007389791923821011,0
45518901,106,"When manually filtering retrieved posts, we also characterized relevant posts based on their security concerns, programming challenges, and security vulnerabilities.",6,0,18,0.22410147991543342,20,20,0.35,0.25,0.75,0.0,0.0,0.0,0.0006227933227215985,0
88049354,158,[15] is used for supervision.,7,0,21,0.6196078431372549,5,5,0.4,0.4,0.6,0.0,0.0,0.0,0.000340716405024515,0
80719489,37,"Written in this form, each term in Equation (2) only involves inner products between the φ vectors, and therefore the kernel trick can be applied.",1,0,5,0.17452830188679244,25,25,0.32,0.12,0.56,0.0,0.0,0.0,0.0006587503498755553,1
39382584,143,"4 Experiments
Based on our analysis in the previous section, three aspects seem to be the most promising in terms of impact on detection quality: better features (§3.9), additional data (§3.4), and context information (§3.5).",0,0,0,0.6559633027522935,35,35,0.37142857142857144,0.11428571428571428,0.6571428571428571,0.0,0.0,0.0,0.0008140019516424122,0
54139177,19,E-mail address: harchol@cs.cmu.edu (M. Harchol Balter).,2,0,11,0.04656862745098039,6,6,0.8333333333333334,0.0,1.0,0.0,0.0,0.0,0.00039738863673865874,0
84655302,28,(1) A serialization procedure turns the whole object graph reachable from o into a binary sequence.,3,0,3,0.061269146608315096,16,16,0.4375,0.125,0.625,0.0,0.0,0.0,0.0005541483157282489,1
69467563,309,"Temporal word embeddings and evaluations: While NLP tools have been used frequently to discover emerging wordmeanings and societal trends, many of them rely on changes in the co-occurrence or PMI matrix [11, 13, 22, 26, 37], changes in parts of speech, [23] or other statistical methods [4, 15, 35].",16,0,6,0.9596273291925466,49,49,0.32653061224489793,0.14285714285714285,0.673469387755102,0.0,0.0,0.0,0.0010182546548617455,1
72529720,216,Multi-scale feature extraction (using an image pyramid) may improve accuracy but does not exhibit a good speed-accuracy trade-off [2].,9,0,2,0.5524296675191815,19,19,0.42105263157894735,0.21052631578947367,0.7368421052631579,0.0,0.0,0.0,0.0007268345998942184,0
70889889,156,"Acknowledgments
We thank John Schulman for helpful comments on an earlier draft of this paper.",0,0,0,0.9873417721518988,15,15,0.4,0.06666666666666667,0.6,0.0,0.0,0.0,0.0005242007563547048,0
50388820,254,Our backends contain objects sampled from the OneRF object size distribution.,15,0,5,0.48940269749518306,11,11,0.45454545454545453,0.18181818181818182,0.7272727272727273,0.0,0.0,0.0,0.0005211940866062838,0
33714440,42,"Our results quantify latency to the Web servers directly via measurements, as opposed to looking at IP prefixes etc.",2,0,13,0.25609756097560976,19,19,0.3684210526315789,0.21052631578947367,0.6842105263157895,0.0,0.0,0.0,0.0006231299773933733,0
45518901,38,"We aim to identify security vulnerabilities in StackOverflow posts, because the bad practices recommended on the platform can become popular and cause profound negative impact.",1,0,29,0.080338266384778,25,25,0.36,0.16,0.64,0.0,0.0,0.0,0.0007173350618167369,1
36051826,194,This eliminates most associative lookups.,7,0,18,0.35208711433756806,5,5,0.2,0.2,0.6,0.0,0.0,0.0,0.0002,0
68642594,97,"However, once they have interiorized basic math skills in this setup, they can quickly adapt them to the problems they encounter in their real life, and rely on them to rapidly acquire more sophisticated mathematical techniques.",4,0,22,0.15772357723577235,36,36,0.19444444444444445,0.16666666666666666,0.5,0.0,0.0,0.0,0.0007425082377680446,0
7157784,179,[24] use a similar structure and call it the stacked what-where autoencoder (SWWAE).,9,0,26,0.8994974874371859,13,13,0.38461538461538464,0.07692307692307693,0.6923076923076923,0.0,0.0,0.0,0.000477075204843424,0
11313245,23,"Meanwhile, RDMA, which provides direct memory access (DMA) to the memory of a remote machine, has recently gained considerable interests in the systems community [21, 28, 37].",1,0,17,0.045098039215686274,27,27,0.37037037037037035,0.14814814814814814,0.7037037037037037,0.0,0.0,0.0,0.0007860859123823423,1
65062778,47,"To describe a phrase e, we gather counts for a set of contextual features for each occurrence of e in a corpus.",3,0,8,0.415929203539823,22,22,0.36363636363636365,0.09090909090909091,0.5,0.0,0.0,0.0,0.0005538713107540771,1
48141212,53,"Between threads, events are ordered according to the properties of the synchronization objects they access.",0,0,53,0.1358974358974359,15,15,0.3333333333333333,0.3333333333333333,0.5333333333333333,0.0,0.0,0.0,0.0005624894993277817,1
24169489,282,"Microsoft Windows, we enforce to execute a combination of test and execution context on the branch closest to trunk on which the test had been executed originally.",0,0,282,0.5044722719141324,27,27,0.3333333333333333,0.2222222222222222,0.5185185185185185,0.0,0.0,0.0,0.0006852795632758271,1
61580548,32,Fine-tuning involves copying the weights from a pre-trained network and tuning them on the downstream task.,0,0,23,0.10596026490066225,16,16,0.3125,0.125,0.5625,0.0,0.0,0.0,0.0005953622838666176,1
65123124,33,"Full capacity unitary RNN (FC uRNN) (Wisdom et al., 2016) proposed to overcome this issue by parameterizing the recurrent matrix with a full dimensional unitary matrix, hence sacrificing computational efficiency.",0,0,24,0.08148148148148149,30,30,0.36666666666666664,0.13333333333333333,0.8,0.0,0.0,0.0,0.0007086946814349856,0
69976012,214,We additionally performed experiments to see how the number of incuding points affects performance.,12,0,8,0.4841628959276018,14,14,0.2857142857142857,0.2857142857142857,0.6428571428571429,0.0,0.0,0.0,0.0005176697084913553,1
97381495,164,"A slightly simplified version of the protocol goes:
Message 1 A + S : A , B Message 2 S + A : {T,, L, K a b , B ,
Message 3 A + B : {T,, L , K a b , A } K ~ ~ ,
Message 4 B + A : { T a + 1 ) ~ ~ ~
ITS, L, K a b , A } K b , ) K a s
{ A , Ta}K,t,
Here, T, and T a are timestamps, and L is a lifetime.",0,0,157,0.30036630036630035,96,96,0.4791666666666667,0.07291666666666667,0.71875,0.0,0.0,0.0,0.0004841470981239962,0
81916449,99,The weights are often optimized to maximize the BLEU score on a development set.,5,0,3,0.3413793103448276,14,14,0.35714285714285715,0.21428571428571427,0.5714285714285714,0.0,0.0,0.0,0.0005225939640467197,0
45795840,143,"In addition to standard KVS operations as shown in the top part of Table 1, KV-Direct supports two types of vector operations: Sending a scalar to the NIC on the server and the NIC applies the update to each element in the vector; or send a vector to the server and the NIC updates the original vector element-by-element.",9,0,1,0.2930327868852459,58,58,0.3448275862068966,0.10344827586206896,0.5517241379310345,0.0,0.0,0.0,0.0007848577290021656,1
67696398,118,"In Figure 4, the journal could have conceivably batchedM1 andM2 separately; however, M1 depends on D2, data written by a process C to a different file, and thus A’s fsync depends on the persistence of C’s data.",6,0,12,0.24737945492662475,37,37,0.43243243243243246,0.10810810810810811,0.6756756756756757,0.0,0.0,0.0,0.0006591927909875842,0
7570292,134,"For the case of 2-dimensional state and 1-dimensional goals from the previous paragraph this mapping is also very simple m((x, y)) = x.",8,0,15,0.35170603674540685,23,23,0.391304347826087,0.043478260869565216,0.6086956521739131,0.0,0.0,0.0,0.000533632298451827,0
39674358,134,This relieves operators of the burden of propagating unrelated upstream changes.,9,0,6,0.3732590529247911,11,11,0.2727272727272727,0.18181818181818182,0.6363636363636364,0.0,0.0,0.0,0.0003415772856035146,1
17539393,335,One limitation of the HTM model presented in this paper is that it does not deal with the specific timing of sequences.,0,1,289,0.7188841201716738,22,22,0.2727272727272727,0.18181818181818182,0.45454545454545453,0.0,0.0,0.0,0.0006186371565698695,0
6827132,184,The network latency can be measured using the ping command.,0,1,31,0.48548812664907653,10,10,0.4,0.3,0.6,0.0,0.0,0.0,0.0004337774936935012,0
77684000,40,"However in the anonymised setup the context document is required for answering the query, whereas the original version could also be answered by someone with the requisite background knowledge.",3,0,7,0.21621621621621623,29,29,0.27586206896551724,0.1724137931034483,0.6206896551724138,0.0,0.0,0.0,0.0006571853258611456,0
36051826,189,"B is copied into the L1 pad, and A’s pointer to B is rewritten to point to its L1 copy.",7,0,13,0.3430127041742287,20,20,0.4,0.25,0.55,0.0,0.0,0.0,0.0004574970555288287,0
50897768,0,"Texture Networks: Feed-forward Synthesis of Textures and Stylized Images
Gatys et al.",0,0,0,0.0,12,12,0.75,0.0,0.8333333333333334,0.0,0.0,0.0,0.0006137740802025561,1
32338938,283,"Eddies: Continuously
adaptive query processing.",15,0,1,0.7389033942558747,5,5,0.8,0.0,1.0,0.0,0.0,0.0,0.00039574111393560045,0
65595064,23,"We envisage a conceptual model in which:
• memory accesses are not merely via arbitrary integers (checked against only the process address space), but also require an abstract capability, conferring an appropriate set of memory access permissions; • these abstract capabilities are constructed only by legitimate provenance chains1 of operations, successively reducing permissions from initial maximally permissive capabilities provided at machine reset; and
• code is not given access to excessive capabilities.",1,0,15,0.06133333333333333,72,72,0.3194444444444444,0.16666666666666666,0.6805555555555556,0.0,0.0,0.0,0.000993361054712568,1
87208689,263,Evaluation.,0,0,0,0.6493827160493827,1,1,1.0,0.0,1.0,0.0,0.0,0.0,0.0002,0
37010180,144,8 shows the results of these three settings.,6,0,11,0.5333333333333333,8,8,0.25,0.125,0.625,0.0,0.0,0.0,0.00034127687267936535,0
82043898,33,"The accuracy of forecasting results depends on the quality of the performance data (i.e., performance counters; such as CPU utilization, bandwidth consumption, network traffic and Disk IOPS) fed to the forecasting algorithms, i.e., missing value imputation, calculating and adjusting times stamp drifts of logged performance data across hundreds of VMs, identification and removal of outliers and anomalies and in cases, scaling and standardizing the data to remove bias among performance counters.",0,0,21,0.06748466257668712,71,71,0.5070422535211268,0.11267605633802817,0.6901408450704225,0.0,0.0,0.0,0.001007581489642307,1
18521109,126,"The output of addressing and then reading from memory in the first hop is:
o1 = ∑ i p1imi, p 1 i = Softmax(q >mi).",3,0,22,0.5727272727272728,25,25,0.4,0.16,0.64,0.0,0.0,0.0,0.0005194561502294101,0
93025332,7,"Introduction
Chris Newcombe, Tim Rath, Fan Zhang, Bogdan Munteanu, Marc Brooker, Michael Deardeuff
Amazon.com
29th September, 2014
Since 2011, engineers at Amazon Web Services (AWS) have been using formal specification and model checking to help solve difficult design problems in critical systems.",0,0,7,0.023178807947019868,42,42,0.6190476190476191,0.11904761904761904,0.8571428571428571,0.0,0.0,0.0,0.0008929590960165963,1
82314288,177,"And RoI-pooling is performed in each layer, resulting in a fixed-size feature tensor.",9,0,8,0.5412844036697247,13,13,0.3076923076923077,0.23076923076923078,0.5384615384615384,0.0,0.0,0.0,0.0005923298791431059,0
45043151,168,"In Figure 3, we showed several example translation results .",3,0,53,0.6387832699619772,10,10,0.4,0.1,0.8,0.0,0.0,0.0,0.00043781477042907066,1
22744554,14,"Retrieving answers directly from text is harder than from KBs because information is far less structured, is indirectly and ambiguously expressed, and is usually scattered across multiple documents.",1,0,6,0.06481481481481481,28,28,0.17857142857142858,0.21428571428571427,0.6428571428571429,0.0,0.0,0.0,0.0006844753264088058,0
55048906,64,"Before concatenation, the semantic channels are weighted by parameterγ to provide an additional user control point:
s l = xl‖γml (2)
For style images, the activations for the input image and its semantic map are concatenated together assls.",1,0,6,0.41025641025641024,38,38,0.42105263157894735,0.15789473684210525,0.631578947368421,0.0,0.0,0.0,0.0007956256946968423,1
86524123,155,"We do not observe any downward outliers, i.e.",8,0,18,0.62,8,8,0.25,0.25,0.5,0.0,0.0,0.0,0.00027951622402377257,0
45538669,21,"An issue is that clustering methods have been primarily designed for linear models on top of fixed features, and they scarcely work if the features have to be learned simultaneously.",1,0,15,0.07924528301886792,30,30,0.23333333333333334,0.3,0.5,0.0,0.0,0.0,0.0006750772025883344,0
88532041,120,"Training Since the relatively small size of the dataset does not allow for training an open domain dialog model, we adopted a domain adaption strategy where we first trained a standard SEQ2SEQ
2https://en.wikipedia.org/wiki/Friends 3https://en.wikipedia.org/wiki/The_
Big_Bang_Theory 4http://www.imsdb.com
models using a much larger OpenSubtitles (OSDb) dataset (Tiedemann, 2009), and then adapting the pre-trained model to the TV series dataset.",12,0,2,0.6217616580310881,57,57,0.2982456140350877,0.15789473684210525,0.6842105263157895,0.0,0.0,0.0,0.00102107082565893,1
37479343,503,Approximate frequency counts over data streams.,0,4,210,0.8732638888888888,6,6,0.6666666666666666,0.16666666666666666,0.8333333333333334,0.0,0.0,0.0,0.0004379711727247389,0
16027177,291,"More speci cally, we consider two scenarios, i.e., we apply RepLoc to the packages over (1) Debian packages that are previously un xed, and (2) the unreproducible packages from Guix.",14,0,3,0.7538860103626943,30,30,0.3,0.13333333333333333,0.6333333333333333,0.0,0.0,0.0,0.0004973427744307202,0
23929837,164,"In contrast, our approach with hierarchical Q-estimators learns to choose goals s4, s5 or s6, which statistically lead the agent to visit s6 before going back to s1.",9,0,19,0.7522935779816514,28,28,0.2857142857142857,0.21428571428571427,0.6428571428571429,0.0,0.0,0.0,0.0007395371382978617,0
42045072,151,Local drop-path uses 15% drop rate across the entire network.,8,0,1,0.7294685990338164,10,10,0.4,0.1,0.9,0.0,0.0,0.0,0.0005138894408731324,1
38867178,14,"Typically, a GAN consists of two networks: generator and discriminator (aka critic).",0,0,7,0.05017921146953405,12,12,0.4166666666666667,0.16666666666666666,0.75,0.0,0.0,0.0,0.0005245479548490482,1
83267919,150,Discussion.,4,0,20,0.4934210526315789,1,1,1.0,0.0,1.0,0.0,0.0,0.0,0.0002,0
49333267,223,In all our experiments we use Heron version 0.14.4 and Storm version 1.0.2.,0,0,223,0.7147435897435898,13,13,0.38461538461538464,0.07692307692307693,0.6153846153846154,0.0,0.0,0.0,0.000461723387867294,0
87885377,182,"With regards to analyzing attention, Vig (2019) builds a visualization tool for the BERT’s attention and reports observations about the attention behavior, but does not perform quantitative analysis.",12,0,7,0.8792270531400966,28,28,0.42857142857142855,0.14285714285714285,0.6071428571428571,0.0,0.0,0.0,0.0006992573668045787,0
93142771,20,(2011).,1,0,1,0.16393442622950818,1,1,1.0,0.0,1.0,0.0,0.0,0.0,0.0002,0
68635574,354,"Ignoring Lipschitz and smoothness constants, we’ve shown the entire sum is O ( kλk
(1−λ)2
) .",19,0,32,0.8251748251748252,17,17,0.35294117647058826,0.23529411764705882,0.7647058823529411,0.0,0.0,0.0,0.0005222382203398219,0
91451160,109,"It is also a portable, native language supported by a range of widely-deployed open source and commercial database engines.",7,0,1,0.16100443131462333,19,19,0.2631578947368421,0.10526315789473684,0.631578947368421,0.0,0.0,0.0,0.0006584244388561315,0
96308075,63,"Thereby, the settings from these nodes are not independent, and thus not useful for “learning”.",3,0,10,0.14893617021276595,15,15,0.2,0.06666666666666667,0.4666666666666667,0.0,0.0,0.0,0.0004414820085452335,0
78860785,43,"By analyzing 16 real-world networks where the number of edges m ranges from 159,000 to 2 billion we found the computational complexity to scale as Θ(m1.2).",0,0,35,0.04228121927236971,26,26,0.23076923076923078,0.15384615384615385,0.5769230769230769,0.0,0.0,0.0,0.0007345147864002587,1
48141212,374,6.,0,0,374,0.958974358974359,1,1,0.0,0.0,1.0,0.0,0.0,0.0,0.0,0
23313716,420,"SubmitQueue, on the other hand, needs to ensure the integrity of the mainline by performing several build steps before being able to commit a change.",0,2,130,0.8993576017130621,25,25,0.28,0.16,0.52,0.0,0.0,0.0,0.0006854379928830677,0
17601393,20,"Diverse requirements: Applications have queries with different accuracy, cost, and latency requirements [24].",0,0,20,0.10152284263959391,13,13,0.6153846153846154,0.15384615384615385,0.7692307692307693,0.0,0.0,0.0,0.0005576174399491062,1
80421460,200,"For word LMs, we invest more in batch size and learning rate tuning to find the best model on these larger training shards.",8,0,14,0.43010752688172044,23,23,0.34782608695652173,0.17391304347826086,0.6086956521739131,0.0,0.0,0.0,0.0006228787467673784,0
15084340,115,"They have a lot higher level of complexity for the same sized system.” (P14, solutions architect) Teams must reduce the risk to a suitable level.",3,0,23,0.4307116104868914,25,25,0.36,0.12,0.6,0.0,0.0,0.0,0.0006241182070852677,1
80719489,42,3.,5,0,16,0.19811320754716982,1,1,0.0,0.0,1.0,0.0,0.0,0.0,0.0,0
59277766,3,Our model converses by predicting the next sentence given the previous sentence or sentences in a conversation.,0,0,4,0.008955223880597015,17,17,0.35294117647058826,0.11764705882352941,0.5882352941176471,0.0,0.0,0.0,0.0004929348423105335,1
50538257,185,Conditional samples are shown in Figure 7.,13,0,5,0.74,7,7,0.2857142857142857,0.2857142857142857,0.7142857142857143,0.0,0.0,0.0,0.00039606901495849514,0
11542688,253,"In practice, implementations scale for whole classes of states and arguments, not just for specific histories.",13,0,6,0.4819047619047619,16,16,0.3125,0.0625,0.5625,0.0,0.0,0.0,0.0005936924926959933,1
93980002,110,2.,7,0,6,0.41353383458646614,1,1,0.0,0.0,1.0,0.0,0.0,0.0,0.0,0
86524123,210,Figure 5 shows on the right a typical trajectory of the execution rates during training for ConvNet-AIG 50.,9,0,53,0.84,18,18,0.4444444444444444,0.0,0.6111111111111112,0.0,0.0,0.0,0.0006489779152367144,0
44210578,86,"In Table 5 we report results for the three models using Precision, Recall, Macro F1, Accuracy at 1,3,5,10, and Coverage error.",11,0,1,0.86,21,21,0.42857142857142855,0.09523809523809523,0.7142857142857143,0.0,0.0,0.0,0.0006792774686708416,1
35247822,86,3.1.,0,0,0,0.3412698412698413,1,1,0.0,0.0,1.0,0.0,0.0,0.0,0.0,0
29474820,156,"Assuming it takes 40s to write output, we can see that the running time of 300s is appropriately proportioned for around 80s of I/O and 220s of compute.",8,0,4,0.8666666666666667,28,28,0.10714285714285714,0.21428571428571427,0.5714285714285714,0.0,0.0,0.0,0.0005541602597403318,1
15643187,218,"This baseline has 8 share-weight GRU networks, and each subnetwork works on 1/8 of the subsampled sequences.",13,0,8,0.7569444444444444,17,17,0.29411764705882354,0.11764705882352941,0.5882352941176471,0.0,0.0,0.0,0.000524549673403818,0
39353178,45,"It is important to note that an option is not a sequence of actions; it is a closed-loop control rule, meaning that it is responsive to on-going state changes.",2,0,20,0.2903225806451613,29,29,0.27586206896551724,0.1724137931034483,0.4482758620689655,0.0,0.0,0.0,0.0007133606666992579,1
90421095,129,"Sin of Inscrutability
The sin of inscrutability occurs when poor exposition obscures a claim.",0,0,0,0.23713235294117646,14,14,0.5,0.07142857142857142,0.6428571428571429,0.0,0.0,0.0,0.0003710069050223831,1
13655370,123,"In contrast to ReLUs, ELUs have negative values which pushes the mean of the activations closer to zero.",2,0,6,0.5061728395061729,18,18,0.3333333333333333,0.2222222222222222,0.5555555555555556,0.0,0.0,0.0,0.0005258359717412824,1
67744436,121,"What is remarkable is that in both cases, the generator does not simply stretch or rotate the digits but instead adjust other details like thickness or stroke style to make sure the resulting images are natural looking.",8,0,6,0.6759776536312849,37,37,0.21621621621621623,0.24324324324324326,0.5405405405405406,0.0,0.0,0.0,0.0008127561391242807,1
72788236,17,Copyright 2015 by the author(s).,0,0,12,0.06910569105691057,5,5,0.2,0.0,0.6,0.0,0.0,0.0,0.0003427255897481326,1
49139111,7,"Even though the primary focus of this paper is to classify sentiment in videos, we also show the performance of the proposed method for the finergrained task of emotion recognition.",0,0,7,0.030303030303030304,30,30,0.3,0.13333333333333333,0.5666666666666667,0.0,0.0,0.0,0.0006834577142113078,0
36200725,56,"Fusing information between LIDAR and images is non-trivial as images represent a projection of the world onto the camera plane, while LIDAR captures the world’s native 3D structure.",3,0,4,0.22857142857142856,28,28,0.35714285714285715,0.14285714285714285,0.6428571428571429,0.0,0.0,0.0,0.0006982176367252974,0
30995172,26,We have built a prototype 21-node FAWN cluster using 500 MHz embedded CPUs.,1,0,21,0.05508474576271186,13,13,0.38461538461538464,0.3076923076923077,0.7692307692307693,0.0,0.0,0.0,0.0006226245871683402,1
8151447,114,"• On each ack for new data, increasecwndby 1/cwnd(this is the additive increase).12 10In fig.",3,0,51,0.43018867924528303,15,15,0.4,0.06666666666666667,0.6666666666666666,0.0,0.0,0.0,0.00047471888746094566,1
23675750,162,"Generally, the term skill is defined as “an ability or proficiency acquired through training and practice” [2].",9,0,6,0.32727272727272727,17,17,0.47058823529411764,0.17647058823529413,0.6470588235294118,0.0,0.0,0.0,0.0005550273820914494,0
51450104,149,Yann Dauphin shared his Parzen window evaluation code with us.,9,0,1,0.9612903225806452,10,10,0.6,0.1,0.8,0.0,0.0,0.0,0.0004384429809968843,0
23942242,89,However we believe the more relevant research literature is coming from adversarial examples.,2,0,7,0.37083333333333335,13,13,0.23076923076923078,0.23076923076923078,0.6153846153846154,0.0,0.0,0.0,0.0005249398887152007,1
46342402,201,The method is straightforward to implement and requires little memory.,14,0,3,0.8516949152542372,10,10,0.2,0.4,0.6,0.0,0.0,0.0,0.0004840821160148857,1
37171167,101,"The rewards on intermediate steps are zeros, {rt = 0}t=1...T−1.",3,0,26,0.3840304182509506,10,10,0.3,0.2,0.7,0.0,0.0,0.0,0.0003983504161644038,1
39570633,115,The benefit of an L1 penalty in the low data regime (see Figure 2) is a clue.,5,0,1,0.6497175141242938,17,17,0.4117647058823529,0.11764705882352941,0.5882352941176471,0.0,0.0,0.0,0.0005123986356801298,1
75952682,1376,"Since we want to show that the approximation upper bounds the true expression, the addition of the approximation error is required here.",0,0,1358,0.648444863336475,22,22,0.22727272727272727,0.2727272727272727,0.5909090909090909,0.0,0.0,0.0,0.0005733542690527295,0
69013017,5,We propose a parameterization that reveals connections to exiting architectures and suggests a much richer set of architectures to be explored.,0,0,0,0.025252525252525252,21,21,0.23809523809523808,0.23809523809523808,0.5714285714285714,0.0,0.0,0.0,0.0005790835601381735,0
32338938,284,"In SIGMOD, 2000.",15,0,2,0.741514360313316,3,3,0.3333333333333333,0.0,0.6666666666666666,0.0,0.0,0.0,0.00028245148704356723,0
63621777,17,"In summary, we make the following contributions : (i) The development of an effective deep neural net (DNN) architecture and learning method that leverage a very large labeled dataset of faces in order to obtain a face representation that generalizes well to other datasets; (ii) An effective facial alignment system based on explicit 3D modeling of faces; and (iii) Advance the state of the art significantly in (1) the Labeled Faces in the Wild benchmark (LFW) [18], reaching near human-performance; and (2) the YouTube Faces dataset (YTF) [30], decreasing the error rate there by more than 50%.",0,0,10,0.06640625,97,97,0.35051546391752575,0.13402061855670103,0.6391752577319587,0.0,0.0,0.0,0.0012424755400630252,0
69119323,165,HardNet has an a slight advantage in a number of inliers per image.,10,0,18,0.8333333333333334,13,13,0.38461538461538464,0.07692307692307693,0.5384615384615384,0.0,0.0,0.0,0.00038584373517335175,1
66681632,214,This result suggests that a larger number of anchors is not sufficient in itself to improve accuracy.,8,0,28,0.6202898550724638,17,17,0.23529411764705882,0.17647058823529413,0.47058823529411764,0.0,0.0,0.0,0.0005553463869036256,0
96831204,106,"In our case, xi, xj , xk could come from different dimensions of three embeddings.",3,0,36,0.5047619047619047,15,15,0.4,0.06666666666666667,0.7333333333333333,0.0,0.0,0.0,0.0005545794437200861,0
86508243,150,"For example, when objects of the same class are next to one another, looking at the semantic label map alone cannot tell them apart.",6,0,7,0.47619047619047616,24,24,0.2916666666666667,0.125,0.5833333333333334,0.0,0.0,0.0,0.000589895397201212,0
72922440,93,Our final layer predicts both class probabilities and bounding box coordinates.,4,0,9,0.3263157894736842,11,11,0.45454545454545453,0.18181818181818182,0.7272727272727273,0.0,0.0,0.0,0.000560530764703515,0
66912872,7,CCS Concepts • Computer systems organization → Architectures; • Computing methodologies→Machine learning; • Hardware→ Hardware accelerators.,0,0,0,0.02005730659025788,16,16,1.0,0.0,1.0,0.0,0.0,0.0,0.000565691925574662,0
23313716,64,"In many cases, build sheriffs and engineers need to get involved in order to cherry-pick a set of patches for roll backs.",0,1,4,0.13704496788008566,22,22,0.3181818181818182,0.22727272727272727,0.6363636363636364,0.0,0.0,0.0,0.0005897772572032161,0
3953515,36,2.1) and the associated training methodology (Sec.,2,0,1,0.13382899628252787,7,7,0.42857142857142855,0.0,0.7142857142857143,0.0,0.0,0.0,0.00039166324566489256,0
37263635,2,A term in which all variables are bound is said to be closed otherwise it is open.,5,0,9,0.005865102639296188,17,17,0.11764705882352941,0.4117647058823529,0.4117647058823529,0.0,0.0,0.0,0.0004853884278689977,1
70691684,44,"The likelihood-ratio (LR) estimator, of which the popular REINFORCE algorithm is a special case (Williams, 1992; Peters & Schaal, 2006), provides a convenient method for estimating this gradient, and serves as the basis for all of the unbiased estimators discussed in this paper, including MuProp.",2,0,5,0.21568627450980393,45,45,0.3111111111111111,0.15555555555555556,0.6,0.0,0.0,0.0,0.0009650943005669218,1
42200029,45,"Instead, crashing node y
will.",2,0,11,0.24725274725274726,5,5,0.6,0.2,0.8,0.0,0.0,0.0,0.00028282543617336176,0
23313716,11,"In Fourteenth EuroSys Conference 2019 (EuroSys ’19), March 25–28, 2019, Dresden, Germany.",0,0,11,0.023554603854389723,12,12,0.6666666666666666,0.0,0.9166666666666666,0.0,0.0,0.0,0.0004503115583536246,0
74156567,150,"However, as the selectivity increases, and more data needs to be processed, the benefits of the efficient CSI scan and sort starts to dominate, and hence eventually CSI outperforms both the B+ tree-based options for selectivity values above 1%.",5,0,49,0.3080082135523614,39,39,0.38461538461538464,0.1282051282051282,0.5897435897435898,0.0,0.0,0.0,0.0007463301438549299,0
66681632,53,"As a result, FPNs are able to achieve higher accuracy than all existing state-of-the-art methods.",0,0,44,0.1536231884057971,15,15,0.26666666666666666,0.2,0.6,0.0,0.0,0.0,0.0005982589453608103,0
92615357,473,"Pinpointing that the code always loads the same values from the same location raised a red flag, clearly indicating an algorithmic deficiency.",0,2,24,0.9441117764471058,22,22,0.22727272727272727,0.18181818181818182,0.5909090909090909,0.0,0.0,0.0,0.0005587082135101206,1
13040160,120,It seems likely that it will be necessary to architect machine learning frameworks with automatic optimizers in mind before it will be possible to make the best use of whole-program optimization.,0,0,120,0.7142857142857143,31,31,0.1935483870967742,0.1935483870967742,0.5161290322580645,0.0,0.0,0.0,0.0007319143830058888,1
73515355,575,"[26] B. Varghese, L. T. Subba, L. Thai, and A. Barker.",19,0,107,0.9663865546218487,11,11,0.9090909090909091,0.0,0.9090909090909091,0.0,0.0,0.0,0.0002,0
21050319,307,Imposing the datagram model on the internet layer has deprived that layer of an important source of information which it could use in achieving these goals.,11,0,9,0.8319783197831978,26,26,0.3076923076923077,0.19230769230769232,0.5384615384615384,0.0,0.0,0.0,0.0005767086691653657,0
62302416,54,"• The Earth-Mover (EM) distance or Wasserstein-1
W (Pr,Pg) = inf γ∈Π(Pr,Pg)
E(x,y)∼γ [ ‖x− y‖ ] , (1)
where Π(Pr,Pg) denotes the set of all joint distributions γ(x, y) whose marginals are respectively Pr and Pg.",2,0,8,0.1487603305785124,37,37,0.5405405405405406,0.10810810810810811,0.7837837837837838,0.0,0.0,0.0,0.00045163059197709013,1
15643187,202,"This corpus contains 1 million words, which is small and prone to over-fitting.",12,0,2,0.7013888888888888,13,13,0.15384615384615385,0.15384615384615385,0.6153846153846154,0.0,0.0,0.0,0.0005225806228542536,0
93025332,195,"Therefore, using TLA+ in place of traditional proof writing would likely have improved time-to-market in addition to achieving higher confidence on system correctness
After DynamoDB was launched, T.R.",0,0,195,0.6456953642384106,28,28,0.42857142857142855,0.17857142857142858,0.7142857142857143,0.0,0.0,0.0,0.0007625064380465688,1
36200725,80,"In this paper we argue that continuous convolution is a good fit for our task, due to the fact that both camera view and BEV are connected through a 3D point set, and modeling such geometric relationships between them in a lossless manner is key to fusing information.",4,0,9,0.32653061224489793,48,48,0.2916666666666667,0.125,0.5,0.0,0.0,0.0,0.0009035810607341393,0
97291551,98,"The reproduction e↵ort is required to be an easy, two-step process: (1) download and install any code, and (2) click “run.” All code must be available in public code repositories.",3,0,31,0.28160919540229884,30,30,0.43333333333333335,0.2,0.6333333333333333,0.0,0.0,0.0,0.0006252220858297144,1
15757806,230,It is highly unlikely that the model’s solutions match those applied by successful humans.,14,0,11,0.9163346613545816,14,14,0.14285714285714285,0.21428571428571427,0.5714285714285714,0.0,0.0,0.0,0.0005565765007182578,0
63188694,39,"If the requested locks are at the broker, the broker responds immediately.",2,0,6,0.12111801242236025,12,12,0.3333333333333333,0.16666666666666666,0.5,0.0,0.0,0.0,0.00037448227962480756,1
70889889,140,"5.4 Reinforcement Learning: DQN
Next we apply weight normalization to the problem of Reinforcement Learning for playing games on the Atari Learning Environment [2].",0,0,0,0.8860759493670886,24,24,0.5416666666666666,0.08333333333333333,0.7083333333333334,0.0,0.0,0.0,0.0006331078263823327,1
66681632,106,Each lateral connection merges feature maps of the same spatial size from the bottom-up pathway and the top-down pathway.,2,0,19,0.3072463768115942,19,19,0.3157894736842105,0.05263157894736842,0.5789473684210527,0.0,0.0,0.0,0.0005186506874416576,1
93025332,183,then moved on to checking the broader fault-tolerant algorithm.,0,0,183,0.6059602649006622,9,9,0.1111111111111111,0.2222222222222222,0.5555555555555556,0.0,0.0,0.0,0.0004833627811353832,0
23942242,2,We are concerned with the following question: How can a deep CNN that does not learn any high level semantics of the dataset manage to generalize so well?,0,0,0,0.008333333333333333,28,28,0.21428571428571427,0.21428571428571427,0.4642857142857143,0.0,0.0,0.0,0.0007079533803375255,0
8455503,280,"To avoid this dilemma, Polaris maintains per-origin priority queues.",0,2,184,0.6526806526806527,9,9,0.3333333333333333,0.2222222222222222,0.7777777777777778,0.0,0.0,0.0,0.000488373905792851,1
87208689,100,4.1.1.,0,0,0,0.24691358024691357,1,1,0.0,0.0,1.0,0.0,0.0,0.0,0.0,0
59320034,185,"F), while we focus on learning from few examples using memory efficient models.",7,0,4,0.7115384615384616,13,13,0.3076923076923077,0.23076923076923078,0.6153846153846154,0.0,0.0,0.0,0.0005217909015092361,0
15084340,114,"For example:
“Today’s systems tend to be more interconnected – they have a lot more interfaces to external systems than older systems which are typically standalone.",3,0,22,0.42696629213483145,26,26,0.23076923076923078,0.15384615384615385,0.5384615384615384,0.0,0.0,0.0,0.0006039673141748543,1
2852538,248,"Regarding the selection of the set of tasks, our work is closest to (Durrett and Klein 2014; Singh et al.",12,0,31,0.9288389513108615,20,20,0.3,0.15,0.6,0.0,0.0,0.0,0.0005811345233655409,1
69976012,94,"Similar to other architectures, a Set Transformer consists of an encoder followed by a decoder (cf.",4,0,1,0.21266968325791855,16,16,0.3125,0.1875,0.5625,0.0,0.0,0.0,0.0005919028311230575,1
13655370,29,"Recently “Leaky ReLUs” (LReLUs) that replace the negative part of the ReLU with a linear function have been shown to be superior to ReLUs (Maas et al., 2013).",0,0,17,0.11934156378600823,28,28,0.2857142857142857,0.21428571428571427,0.6071428571428571,0.0,0.0,0.0,0.0006748109656869581,1
62302416,20,This is useful in two ways.,1,0,17,0.05509641873278237,6,6,0.16666666666666666,0.16666666666666666,0.5,0.0,0.0,0.0,0.0002824888912761962,1
73180675,213,Caffe: Convolutional architecture for fast feature embedding.,3,0,122,0.9861111111111112,7,7,0.7142857142857143,0.0,0.8571428571428571,0.0,0.0,0.0,0.0004821942927559249,0
24928430,7,"Finally, we extract lessons from the algorithms and theory above to design a PyTorch-based implementation that can handle incomplete information and is scalable.",0,0,0,0.009370816599732263,23,23,0.21739130434782608,0.17391304347826086,0.5217391304347826,0.0,0.0,0.0,0.0006530450459285987,0
13040160,107,"Standard CSE favors materializing the activations to memory, but the limited amount of accelerator memory and its slowness relative to ALUs means that it may frequently be preferable to recompute activations instead.",0,0,107,0.6369047619047619,32,32,0.34375,0.1875,0.625,0.0,0.0,0.0,0.0005328220595270932,0
3913778,184,"First, the company hosts a twice-yearly internal conference on machine learning and data science, with at least one day devoted to introductions
295
Authorized licensed use limited to: Seoul National University.",0,1,140,0.5272206303724928,31,31,0.45161290322580644,0.0967741935483871,0.7741935483870968,0.0,0.0,0.0,0.0007538420746823804,1
16027177,214,"All the experiments are conducted on an Intel Core i7 4.20 GHz CPU server with 16 GB memory, running GNU/Linux with kernel 4.9.0.",10,0,1,0.5544041450777202,23,23,0.4782608695652174,0.13043478260869565,0.6956521739130435,0.0,0.0,0.0,0.0007131153156786325,0
24824894,266,"By isolating important subgroups in social data, our method can yield insights into their behaviors.",11,0,2,0.8338557993730408,15,15,0.3333333333333333,0.13333333333333333,0.6,0.0,0.0,0.0,0.0005163622258505612,1
35247822,31,"These layers use LSTM units in their state (Hochreiter & Schmidhuber, 1997; Graves & Schmidhuber, 2009) and adopt a convolution to compute at once all the states along one of the spatial dimensions of the data.",0,0,22,0.12301587301587301,36,36,0.3333333333333333,0.08333333333333333,0.6111111111111112,0.0,0.0,0.0,0.000771862225026366,0
72529720,1,"Advances like SPPnet [1] and Fast R-CNN [2] have reduced the running time of these detection networks, exposing region proposal computation as a bottleneck.",0,0,1,0.0025575447570332483,24,24,0.5,0.125,0.7083333333333334,0.0,0.0,0.0,0.0007123690983377051,1
47686356,143,The focus of this work is on understanding the usefulness of model primitives for task decomposition and the resulting improvement in sample efficiency from transfer.,6,0,12,0.5296296296296297,25,25,0.4,0.12,0.52,0.0,0.0,0.0,0.0007073715031971979,1
24753674,76,We accomplish the second objective by a penalty that encourages counterfactual predictions to be close to the nearest observed outcome from the respective treated or control set.,2,0,3,0.2275449101796407,27,27,0.18518518518518517,0.18518518518518517,0.5555555555555556,0.0,0.0,0.0,0.0007367274356208953,1
58308538,58,"In the following sections, ~x denotes the input vector representing the NC.",6,0,1,0.3972602739726027,12,12,0.4166666666666667,0.16666666666666666,0.6666666666666666,0.0,0.0,0.0,0.0005191770059680561,0
70889889,12,"While the architectures of neural networks differ widely across applications, they are typically mostly composed of conceptually simple computational building blocks sometimes called neurons: each such neuron computes a weighted sum over its inputs and adds a bias term, followed by the application of an elementwise nonlinear transformation.",0,0,5,0.0759493670886076,48,48,0.2708333333333333,0.14583333333333334,0.6458333333333334,0.0,0.0,0.0,0.0010294810852485418,1
57114772,258,"• Each component of Snuba boosts overall system performance We evaluate separate components of the Snuba system by changing how the β parameter is chosen in the synthesizer, how the pruner selects a heuristic to add to the committed set, and different label aggregation methods in the verifier.",15,0,6,0.42225859247135844,48,48,0.3125,0.16666666666666666,0.5833333333333334,0.0,0.0,0.0,0.0008200727900802539,1
93025332,176,"To achieve the highest level of confidence in the design, T.R.",0,0,176,0.5827814569536424,11,11,0.36363636363636365,0.09090909090909091,0.5454545454545454,0.0,0.0,0.0,0.0004435511421812554,0
88655260,271,"6 Evaluation
We deployed our far memory system implementation to Google’s WSC, spread geographically across multiple data centers serving hundreds of thousands of production services, and measured the metrics to study far memory performance and overheads.",0,1,225,0.6948717948717948,36,36,0.4166666666666667,0.1388888888888889,0.75,0.0,0.0,0.0,0.0008650839447768251,1
75952682,73,"The SELU activation function is given by
selu(x) = λ { x if x > 0 αex − α if x 6 0 .",0,0,55,0.03440150801131008,24,24,0.2916666666666667,0.16666666666666666,0.7916666666666666,0.0,0.0,0.0,0.00034261445194517685,1
17350626,13,Balancing the convergence of the discriminator and of the generator is a challenge: frequently the discriminator wins too easily at the beginning of training [6].,0,0,7,0.07514450867052024,25,25,0.32,0.12,0.48,0.0,0.0,0.0,0.0006060101196924129,0
92908954,239,"For blocking operations, the GHC implementation of STM cannot be used because the it may block the execution of worker threads.",0,0,239,0.6339522546419099,21,21,0.3333333333333333,0.19047619047619047,0.5714285714285714,0.0,0.0,0.0,0.0005586917516462302,0
77534612,1,We first match the question and passage with gated attention-based recurrent networks to obtain the question-aware passage representation.,0,0,1,0.0044444444444444444,18,18,0.3333333333333333,0.1111111111111111,0.6666666666666666,0.0,0.0,0.0,0.0006071919295365883,1
2852538,77,CR is thus a task which requires a form of semantic representation to cluster the mentions pointing to the same entity.,5,0,3,0.2883895131086142,21,21,0.2857142857142857,0.19047619047619047,0.5238095238095238,0.0,0.0,0.0,0.0006189606009127539,1
9563928,3,The word embedding model is based on meaningful textual view of a relational database and captures inter-/intra-attribute relationships between database tokens.,0,0,3,0.020134228187919462,21,21,0.3333333333333333,0.19047619047619047,0.6666666666666666,0.0,0.0,0.0,0.0007235244368984212,1
11636296,95,Training was split into two variants of the task: one with distractor branches of length 1; another one with distractor branches of length 3 (see Figure 3).,9,0,2,0.46116504854368934,27,27,0.4444444444444444,0.07407407407407407,0.7037037037037037,0.0,0.0,0.0,0.00046341095544679745,1
7305163,395,We exploit three properties of ForkBase in LineageChain.,16,0,1,0.5716353111432706,8,8,0.375,0.125,0.625,0.0,0.0,0.0,0.0003431879894594996,0
52208833,266,"Firstly, we found 4 typical patterns shared by both, as shown in Fig.",33,0,1,0.95,13,13,0.23076923076923078,0.23076923076923078,0.6923076923076923,0.0,0.0,0.0,0.00048396421981728403,0
687757,6,"Top-performing models, however, are based on very high-capacity networks that are computationally intensive and costly to train.",0,0,2,0.027649769585253458,17,17,0.17647058823529413,0.23529411764705882,0.5882352941176471,0.0,0.0,0.0,0.0006161919118481885,0
64175585,652,"The results show that the system learns to defend against unseen attacks: as time progresses and feedback is collected, the detection rate shows an increasing trend, improving by 3.41× with respect to a state-of-the-art unsupervised anomaly detector, and reducing false positives by more than 5×.",18,0,291,0.998468606431853,45,45,0.3111111111111111,0.17777777777777778,0.6,0.0,0.0,0.0,0.0009454231298736027,1
72529720,70,MultiBox does not share features between the proposal and detection networks.,2,0,17,0.17902813299232737,11,11,0.5454545454545454,0.09090909090909091,0.5454545454545454,0.0,0.0,0.0,0.00048358256839509735,0
99440206,78,"For the purposes of the present study, network motifs are subgraphs that meet the following criteria:
(i) The probability that it appears in a randomized network an equal or greater number of
times than in the real network is smaller than P = 0.01.",0,1,59,0.5379310344827586,44,44,0.25,0.1590909090909091,0.5454545454545454,0.0,0.0,0.0,0.0008463869898816875,1
80421460,188,"To reduce the computational requirements of the models, we
restrict the vocabulary to the top 10,000 most frequent words in the Billion Word Dataset (Chelba et al.",8,0,2,0.4043010752688172,27,27,0.3333333333333333,0.07407407407407407,0.5925925925925926,0.0,0.0,0.0,0.0007565308268141334,0
90525296,314,"6 shows the computation times of DFS, Enumerative search with a Sort and add scheme, and λ2 with a Sort and add scheme when searching for programs consistent with input-output examples generated from P = 100 different test programs of length T = 5.",17,0,12,0.7791563275434243,44,44,0.4090909090909091,0.13636363636363635,0.6590909090909091,0.0,0.0,0.0,0.0007707330305359646,0
77534612,25,We will update this technical report when there are significant improvements of R-NET on the SQuAD leaderboard.,0,0,25,0.1111111111111111,17,17,0.29411764705882354,0.11764705882352941,0.47058823529411764,0.0,0.0,0.0,0.0005265827969106929,1
1873334,59,"This is simply a disguised locking definition, requiring T1 and T2 to acquire long write-locks.",0,0,59,0.15364583333333334,15,15,0.3333333333333333,0.2,0.6666666666666666,0.0,0.0,0.0,0.0006277316787670803,0
47686356,77,Suppose we have access to K model primitives: T̂k : S × A → Π(S).,4,0,6,0.2851851851851852,15,15,0.6666666666666666,0.13333333333333333,0.6666666666666666,0.0,0.0,0.0,0.0003890067690744607,1
67744436,154,"C Experiment Setup
For all experiments, we use Adam [3] for online optimization and apply batch normalization [4] after most layers, the details of which are specified for each experiment.",0,0,0,0.8603351955307262,30,30,0.36666666666666664,0.16666666666666666,0.5666666666666667,0.0,0.0,0.0,0.0006955276657971506,0
68399070,176,"State-of-the-art mAP on VOC07, 2010, and 2012
2.",10,0,1,0.5333333333333333,8,8,0.25,0.0,0.75,0.0,0.0,0.0,0.00044420580596434293,1
96002700,140,"Moreover, by measuring time independently from the number of simulation steps, e.g., using simple wall-clock time, one should penalize inefficient learners spending a long time performing offline computations.",5,0,42,0.22764227642276422,28,28,0.35714285714285715,0.17857142857142858,0.7857142857142857,0.0,0.0,0.0,0.0007719621955971675,0
83267919,108,"Although any standard distance measure on the space of distributions could in theory be used to measure such differences, most of them would not provide any guarantees on the performance of the learned classifier.",3,0,36,0.35526315789473684,34,34,0.2647058823529412,0.11764705882352941,0.5,0.0,0.0,0.0,0.0006889364418478297,1
67696398,160,"Thus, the split framework tags I/O operations with sets of causes, instead of simple scalar tags (e.g., those implemented by Mesnier et al.",10,0,2,0.33542976939203356,23,23,0.391304347826087,0.08695652173913043,0.7391304347826086,0.0,0.0,0.0,0.0006397265298718447,0
12239056,127,Details are shown in Figure 4.,2,0,64,0.3860182370820669,6,6,0.3333333333333333,0.3333333333333333,0.6666666666666666,0.0,0.0,0.0,0.0003440242440241625,1
23426061,16,"Despite their flexibility and power, DNNs can only be applied to problems whose inputs and targets can be sensibly encoded with vectors of fixed dimensionality.",1,0,6,0.07655502392344497,25,25,0.32,0.16,0.56,0.0,0.0,0.0,0.0006875776847713194,0
11542688,287,POSIX has many other examples of compound return values.,14,0,16,0.5466666666666666,9,9,0.5555555555555556,0.1111111111111111,0.6666666666666666,0.0,0.0,0.0,0.0003916606812507893,0
36051826,102,"The remaining six benchmarks, which include databases, graph analytics, and a key-value store, have at least 40% and up to 75% of the heap footprint allocated to objects.",4,0,8,0.1851179673321234,28,28,0.17857142857142858,0.17857142857142858,0.5714285714285714,0.0,0.0,0.0,0.0007653662454105688,0
10587146,19,"Since 2017, we have been building on this approach in a collaboration with a Pittsburgh-based non-profit, 412 Food Rescue, that provides on-demand food donation distribution services.",0,0,13,0.06188925081433225,26,26,0.3076923076923077,0.15384615384615385,0.6153846153846154,0.0,0.0,0.0,0.0006023476844428097,1
46507565,228,"Most of today’s applications [32, 36] use a non-blocking I/O API (e.g., select, epoll) to achieve high I/O performance.",10,0,29,0.41454545454545455,19,19,0.42105263157894735,0.15789473684210525,0.7894736842105263,0.0,0.0,0.0,0.0006818183665827039,1
84480736,128,In order to have a finer level of granularity we follow the same approach as in [29] and adopt Latent Dirichlet Allocation (LDA) topic modeling technique [8].,5,0,12,0.367816091954023,27,27,0.4444444444444444,0.14814814814814814,0.5925925925925926,0.0,0.0,0.0,0.0006840591784973481,0
45538669,154,This measure can be applied to any assignment coming from the clusters or the true labels.,9,0,1,0.5811320754716981,16,16,0.1875,0.1875,0.4375,0.0,0.0,0.0,0.0005253766225745837,1
21145042,21,"3, No.",0,0,15,0.038461538461538464,2,2,0.5,0.0,1.0,0.0,0.0,0.0,0.0,1
85839366,81,We explore large model-architecture search spaces starting with basic initial conditions to avoid priming the system with information about known good strategies for the specific dataset at hand.,1,0,39,0.18284424379232506,28,28,0.2857142857142857,0.17857142857142858,0.6785714285714286,0.0,0.0,0.0,0.0008386128023243085,0
52464539,214,The Voting Master and the Filter combine these predictions into a final prediction.,7,0,20,0.3664383561643836,13,13,0.46153846153846156,0.0,0.5384615384615384,0.0,0.0,0.0,0.0005244823744816095,1
21050319,315,"In this way, the state information associated with the flow could be lost in a crash without permanent disruption of the service features being used.",11,0,17,0.8536585365853658,25,25,0.28,0.2,0.56,0.0,0.0,0.0,0.0006180248152329969,1
6726365,180,"To obtain a variety of suboptimal demonstrations, we generated 12 full-episode trajectories using PPO policies checkpointed every 50 training updates for all games except for Seaquest and Enduro.",14,0,1,0.5357142857142857,28,28,0.35714285714285715,0.14285714285714285,0.7142857142857143,0.0,0.0,0.0,0.0007622971962294344,0
75865335,342,"We follow [2, 4] and extend the PASCAL segmentation training set to include the extra annotations made available by Hariharan et al.",21,0,6,0.7066115702479339,22,22,0.2727272727272727,0.22727272727272727,0.7272727272727273,0.0,0.0,0.0,0.0006759326715157946,0
17754953,111,"Contracts’ data structures are instrumented to detect synchronization conflicts at run-time, in much the same way as mechanisms like transactional boosting [9].",0,0,111,0.32456140350877194,22,22,0.45454545454545453,0.13636363636363635,0.6818181818181818,0.0,0.0,0.0,0.0007055735181731071,1
518237,281,The discrepancy for common space fusion is lower as it considers image and text vector of a post as equally important.,14,0,20,0.8836477987421384,21,21,0.2857142857142857,0.09523809523809523,0.5714285714285714,0.0,0.0,0.0,0.0006821408343497035,0
47257042,238,"We presented videos of the demonstrations in pairs along with a brief text description of the goal of the game and asked workers to select which demonstration had better performance, with an option for selecting “Not Sure”.",18,0,9,0.7083333333333334,37,37,0.2972972972972973,0.13513513513513514,0.5405405405405406,0.0,0.0,0.0,0.0008391416974438518,0
52208833,87,"Two-Stream Self-Attention While the idea of target-aware representations removes the ambiguity in target prediction, how to formulate gθ(xz<t , zt) remains a non-trivial problem.",4,0,5,0.3107142857142857,24,24,0.3333333333333333,0.16666666666666666,0.6666666666666666,0.0,0.0,0.0,0.0007799489879492347,0
28037079,249,We first use three case examples to show the geographical influence on different types of local businesses.,0,0,249,0.7522658610271903,17,17,0.23529411764705882,0.17647058823529413,0.7058823529411765,0.0,0.0,0.0,0.0005823418358436075,0
17980043,135,"We will be comparing our method to some baseline methods:
• “Random pad”: This is a baseline for Net2WiderNet.",7,0,6,0.6367924528301887,19,19,0.42105263157894735,0.15789473684210525,0.47368421052631576,0.0,0.0,0.0,0.0004643062008741508,0
69502658,419,More debugging and diagnosis work are needed to identify the root cause of the problem and propose a complete bug-fixing solution.,1,1,37,0.8729166666666667,21,21,0.38095238095238093,0.19047619047619047,0.5714285714285714,0.0,0.0,0.0,0.000710097540815943,1
60516406,66,"Additionally details are given on algorithmic complexity and we expand upon the relation to rank order coding, PCA(principal component analysis) and nested dropout.",4,0,37,0.36464088397790057,23,23,0.391304347826087,0.21739130434782608,0.6956521739130435,0.0,0.0,0.0,0.0007890400766910297,1
263861,159,"For many operations, such as element-wise operators (Add, Sub, etc.",9,0,5,0.42857142857142855,10,10,0.5,0.1,0.7,0.0,0.0,0.0,0.0004887031881630701,0
82220044,350,"[2] B. Bartell, G. Cottrell, and R. Belew.",16,0,3,0.7777777777777778,8,8,0.875,0.0,0.875,0.0,0.0,0.0,0.0,0
49139111,212,We could not carry out a similar experiment for emotion recognition as no other utterance-level dataset apart from the IEMOCAP was available at the time of our experiments.,0,1,67,0.9177489177489178,28,28,0.25,0.07142857142857142,0.4642857142857143,0.0,0.0,0.0,0.0006781166711047406,0
84655302,277,"Root Object Recognition After copying all objects reachable from root into the buffer, we set a top mark, which is a special byte indicating the starting point of the next top-level object.",25,0,8,0.6061269146608315,32,32,0.34375,0.1875,0.59375,0.0,0.0,0.0,0.0007392949098098652,1
30485653,150,"Our network produces convincing results on the FLIC dataset (with low joint position error), however, because our simple Spatial-Model is less effective for a number of the highly articulated poses in the LSP dataset, our detector results in incorrect joint predictions for some images.",6,0,30,0.9554140127388535,44,44,0.36363636363636365,0.09090909090909091,0.6363636363636364,0.0,0.0,0.0,0.0008292372446815413,0
61580548,274,Many NLP systems have exploited MTL.,10,0,21,0.9072847682119205,6,6,0.5,0.3333333333333333,0.8333333333333334,0.0,0.0,0.0,0.00033877738492579443,0
11542688,14,Copyrights for third-party components of this work must be honored.,1,0,5,0.02666666666666667,10,10,0.3,0.1,0.6,0.0,0.0,0.0,0.0003386162713164119,1
52464539,545,"McGraw-Hill, 1997.",17,0,74,0.9332191780821918,2,2,0.0,0.0,1.0,0.0,0.0,0.0,0.0002820019917931276,0
11791786,241,= 𝑃 𝐶!,12,0,17,0.4634615384615385,3,3,0.6666666666666666,0.0,1.0,0.0,0.0,0.0,0.0,0
84480736,158,"Given topic probability distribution, privacy is measured as:
Privacy(pu ) = − m∑ j=1 puj logpuj (2)
The higher this metric is, the greater the user privacy.",7,0,10,0.4540229885057471,27,27,0.4074074074074074,0.18518518518518517,0.8148148148148148,0.0,0.0,0.0,0.0005362801793541424,1
73180675,90,"), the Bernstein Center for Computational Neuroscience (FKZ 01GQ1002) and the German Excellency Initiative through the Centre for Integrative Neuroscience Tübingen (EXC307)(M.B., A.S.E, L.A.G.)",2,0,27,0.4166666666666667,24,24,0.5416666666666666,0.041666666666666664,0.7083333333333334,0.0,0.0,0.0,0.00036428095696140923,0
93025332,160,"But so far we have always been able to find a way to express our intent in a way that is clear, direct, and can be model checked.",0,0,160,0.5298013245033113,28,28,0.17857142857142858,0.25,0.42857142857142855,0.0,0.0,0.0,0.0005798614580773473,0
30995172,94,"If the stored full key in the on-flash record matches the desired lookup key, the operation is complete.",6,0,17,0.19915254237288135,18,18,0.2222222222222222,0.2222222222222222,0.6111111111111112,0.0,0.0,0.0,0.0005904726789420363,0
49139111,25,We treat surrounding utterances as the context of the utterance that is aimed to be classified.,0,0,25,0.10822510822510822,16,16,0.1875,0.3125,0.4375,0.0,0.0,0.0,0.0005250902353383442,1
36200725,89,"Second, we encode
the 3D neighboring offset between the source LIDAR point and the target pixel on the dense BEV feature map, in order to model the dependence of each LIDAR point’s contribution on its relative position to the target.",4,0,18,0.363265306122449,40,40,0.45,0.075,0.575,0.0,0.0,0.0,0.0008338998284578633,1
40771210,268,"To get a sense of the scale, some of our customers have endpoints that handle over 10M points per second, and DDSketch provides accurate latency quantiles for these endpoints.",17,0,1,0.6925064599483204,29,29,0.3103448275862069,0.13793103448275862,0.5517241379310345,0.0,0.0,0.0,0.0006247545511872226,1
76817909,179,We define the sample efficiency as the minimum number of demonstrations or RL episodes required to train an agent to solve a given level.,9,0,10,0.5524691358024691,24,24,0.2916666666666667,0.20833333333333334,0.5833333333333334,0.0,0.0,0.0,0.0007402168945054673,1
38469042,12,It is just a binary image containing two curves.,0,0,7,0.06818181818181818,9,9,0.2222222222222222,0.2222222222222222,0.5555555555555556,0.0,0.0,0.0,0.00044263682427791366,0
3953515,155,"2.2, by default we use 6 default boxes per location.",7,0,9,0.5762081784386617,10,10,0.4,0.1,0.8,0.0,0.0,0.0,0.00036313882182795757,1
47397989,20,The second is an end-to-end neural network trained on a largescale naturalistic dataset of 420 hours or 45 million frames of autonomous driving in Tesla vehicles.,0,0,14,0.09615384615384616,26,26,0.2692307692307692,0.11538461538461539,0.6538461538461539,0.0,0.0,0.0,0.0006980437238231479,1
17539393,126,"HTM is an acronym for Hierarchical Temporal Memory, a term used to describe our models of neocortex (Hawkins et al., 2011).",0,1,80,0.2703862660944206,21,21,0.3333333333333333,0.19047619047619047,0.6666666666666666,0.0,0.0,0.0,0.0006172902302997068,1
75937139,148,(2) w.r.t.,4,0,8,0.4457831325301205,2,2,1.0,0.0,1.0,0.0,0.0,0.0,0.0,0
8601517,47,The Pearson correlation coefficient indicates that the localization accuracy is not well correlated with the classification confidence.,3,0,12,0.2017167381974249,17,17,0.4117647058823529,0.17647058823529413,0.5882352941176471,0.0,0.0,0.0,0.0005602967318768398,0
96217072,31,The 256 possible values for each colour channel are then modelled using a softmax.,1,0,9,0.25833333333333336,14,14,0.2857142857142857,0.21428571428571427,0.5714285714285714,0.0,0.0,0.0,0.0004820946812296542,0
7157784,168,"Specifically, there are inference paths from observed inputs to reconstructed inputs that do not go all the way up to the highest layers.",9,0,15,0.8442211055276382,23,23,0.2608695652173913,0.21739130434782608,0.4782608695652174,0.0,0.0,0.0,0.0005404860671892761,1
36278339,111,"(2017): The original dataset consists of 4500966 sentence pairs, with 4173550 left after filtering pairs which contains more than 50 tokens on either side after tokenization.",7,0,8,0.5441176470588235,26,26,0.3076923076923077,0.11538461538461539,0.6538461538461539,0.0,0.0,0.0,0.0006378867338221974,1
65756728,32,"On synthetic graphs with planted network motifs, which play a role in determining node labels, we show that GNNEXPLAINER accurately identifies the subgraphs/motifs as well as node features that determine node labels outperforming alternative baseline approaches by up to 43.0% in explanation accuracy.",0,0,32,0.10094637223974763,43,43,0.32558139534883723,0.13953488372093023,0.6511627906976745,0.0,0.0,0.0,0.0008733839238842766,1
11354749,68,"More precisely, we map each word to a random bit sequence of length bmax(1,−α × log P(word) + β)c. By changing variables α and β we can vary between smooth but long sentences (α = 1 and β = 0) to XKCD-style phrases (α = 0 and β = 15).",0,0,68,0.4689655172413793,50,50,0.36,0.14,0.7,0.0,0.0,0.0,0.0008081071964308972,0
36779622,83,"3.4 Intra-Sentence Attention (Optional)
In the above model, the input representations are simple word embeddings.",0,0,0,0.5533333333333333,15,15,0.4666666666666667,0.06666666666666667,0.6666666666666666,0.0,0.0,0.0,0.0005898931565758821,0
86423785,80,"Statistical flow method
Without semantic information, the most telling cues for the Arrow of Time in video data may well come from pat-
terns of motion.",0,0,0,0.36363636363636365,26,26,0.38461538461538464,0.07692307692307693,0.6923076923076923,0.0,0.0,0.0,0.0006737639336866175,1
66403710,121,"(2014) except, since we are embedding into RN+ , we constrain the embedding vectors to have nonnegative entries by taking their absolute value.",9,0,1,0.5734597156398105,23,23,0.30434782608695654,0.2608695652173913,0.6086956521739131,0.0,0.0,0.0,0.0006141452829611803,1
99384474,64,"Deployment complexity can be reduced by careful packaging, placement and bundling strategies [31, 20, 1].",3,0,1,0.09467455621301775,15,15,0.26666666666666666,0.2,0.7333333333333333,0.0,0.0,0.0,0.0005617527541644975,1
9563928,49,"Thus, the vectors capture rst inter- and intraattribute relationships within a row (sentence) and then aggregate these relationships across the relation (document) to compute the collective semantic relationships.",0,0,49,0.3288590604026846,28,28,0.2857142857142857,0.10714285714285714,0.6785714285714286,0.0,0.0,0.0,0.0006425112931422636,1
13135318,71,.,0,0,0,0.13840155945419103,1,1,0.0,0.0,1.0,0.0,0.0,0.0,0.0,0
44148071,160,"The DQN learns to play Frostbite and other Atari games by combining a powerful pattern recognizer (a deep convolutional neural network) and a simple model-free reinforcement learning algorithm (Q-learning; Watkins & Dayan, 1992).",7,0,11,0.19704433497536947,33,33,0.2727272727272727,0.12121212121212122,0.7575757575757576,0.0,0.0,0.0,0.0008759786124891838,1
45765062,490,"Further, we find that exploit prices are aligned with or above those of ‘legitimate’ vulnerability markets, supporting work on the identification of incentives for responsible vulnerability disclosure and attack economics.",14,0,3,0.9919028340080972,30,30,0.3333333333333333,0.13333333333333333,0.5666666666666667,0.0,0.0,0.0,0.0005643638696359515,1
8264189,27,"• Unlike other works, we exploit sentiment and emotion features for sarcasm detection.",0,0,20,0.10150375939849623,13,13,0.46153846153846156,0.07692307692307693,0.6923076923076923,0.0,0.0,0.0,0.0005255105350526377,1
63188694,7,Our experiments show that Panopticon performed significantly better than distributed transactions as the the number of data items and number of servers involved in transactions increase.,3,0,12,0.021739130434782608,26,26,0.34615384615384615,0.15384615384615385,0.6153846153846154,0.0,0.0,0.0,0.000694411881750846,0
22744554,170,The best memory representation for directly reading documents uses “Window-level + Center Encoding + Title” (W = 7 and H = 2); see Table 3 for a comparison of results for different representation types.,10,0,15,0.7870370370370371,34,34,0.4411764705882353,0.11764705882352941,0.7941176470588235,0.0,0.0,0.0,0.0007995410494365996,1
84655302,233,"It maintains a queue gray holding records of every object that has been visited but not yet processed, as well as the location addr at which this object will be placed in the output buffer ob.",20,0,3,0.5098468271334792,36,36,0.19444444444444445,0.25,0.5,0.0,0.0,0.0,0.000710465014466677,1
62302416,187,"4.3 Improved stability
One of the benefits of WGAN is that it allows us to train the critic till optimality.",0,0,0,0.5151515151515151,20,20,0.35,0.15,0.6,0.0,0.0,0.0,0.0005243679062972226,1
518237,66,Existing techniques for multimodal classification are usually complex and they often require the presence of all modalities.,1,0,12,0.20754716981132076,17,17,0.23529411764705882,0.17647058823529413,0.5882352941176471,0.0,0.0,0.0,0.0005933604044540383,1
187460,231,"Of the remaining 4, 2 said that there should not have been more than one partition, while the other 2 said that while the non-trivial partitions were correct, some of the trivial partitions should have been grouped together in a new nontrivial partition.",0,1,159,0.5923076923076923,43,43,0.09302325581395349,0.20930232558139536,0.4186046511627907,0.0,0.0,0.0,0.0005166095938381435,0
88049354,187,"To see the effect of these choices we first compare a two-stacked network with four residual modules at each stage in the hourglass, and a single hourglass but with eight residual modules instead.",10,0,14,0.7333333333333333,33,33,0.24242424242424243,0.09090909090909091,0.5454545454545454,0.0,0.0,0.0,0.000598483055839405,1
87041789,270,"Again, independently of the resolution selected for the first conflicting pair, two repairs are possible (as the conflict resolution policies do not restrict them).",11,0,72,0.33251231527093594,24,24,0.3333333333333333,0.20833333333333334,0.6666666666666666,0.0,0.0,0.0,0.0005804647489539704,1
16027177,13,"In this study, source les include source code, scripts, Make les, build con gurations, etc [6].",1,0,2,0.03367875647668394,16,16,0.5625,0.1875,0.875,0.0,0.0,0.0,0.0005175234694125859,0
16973018,163,Feature extraction for ELMo treated each sentence independently.,8,0,14,0.8670212765957447,8,8,0.625,0.125,0.75,0.0,0.0,0.0,0.00048434144179747686,1
57983162,67,"(1)
Here rc(i, j) is the pooled response in the (i, j)-th bin for the c-th category, zi,j,c is one score map out of the k2(C + 1) score maps, (x0, y0) denotes the top-left corner of an RoI, n is the number of pixels in the bin, and Θ denotes all learnable parameters of the network.",1,0,30,0.3284313725490196,57,57,0.3684210526315789,0.12280701754385964,0.5964912280701754,0.0,0.0,0.0,0.0008304943704746137,1
66681632,99,This choice is natural since the deepest layer of each stage should have the strongest features.,2,0,12,0.28695652173913044,16,16,0.25,0.125,0.5,0.0,0.0,0.0,0.0004434620286173482,0
48141212,359,"On each write of v by thread t, set C(v) :5 C(v) ù locks held(t); if C(v) 5 { }, then issue a warning.",0,0,359,0.9205128205128205,24,24,0.4583333333333333,0.125,0.7083333333333334,0.0,0.0,0.0,0.0004830759493127507,0
87041789,315,We explain how this works with an example.,12,0,22,0.3879310344827586,8,8,0.125,0.25,0.375,0.0,0.0,0.0,0.0003416533438776173,1
18322264,196,"There is a lot of room for improvement in the counting task, and in fact this could be a separate computer vision problem on its own.",13,0,31,0.8711111111111111,26,26,0.38461538461538464,0.07692307692307693,0.46153846153846156,0.0,0.0,0.0,0.0006255557445531915,1
57956236,151,We propose two novel methods: Iterative Region Proposals (IRP) and Landmarks-based Non-Maximum Suppression (L-NMS) to improve the performance.,6,0,8,0.48089171974522293,18,18,0.3888888888888889,0.1111111111111111,0.7777777777777778,0.0,0.0,0.0,0.0007313272683998312,1
26473847,105,"The difference between traditional GANs and conditional GANs is that GANs learn a mapping from random noise vector z to output image s : G : z→ s, while conditional GANs take in both an image x and a noise vector z, and generate another image s : G : {x,z} → s, where s is usually in a different domain compared with x (For example, translate images to their segmentations).",3,0,4,0.4861111111111111,71,71,0.4788732394366197,0.056338028169014086,0.647887323943662,0.0,0.0,0.0,0.0007200762759579272,0
43791696,20,"[4], the use of
Noise Contrastive Estimation [5] in Mnih and Kavukcuoglu [6] and Mikolov et al.",0,0,10,0.05115089514066496,17,17,0.5882352941176471,0.058823529411764705,0.7058823529411765,0.0,0.0,0.0,0.0005118404688084257,0
14310989,243,"(11)
This simplest discretization, however, does not capture correctly the geometry of the underlying continuous manifold (for example, the graph Laplacian would typically not converge to the continuous Laplacian operator of the manifold with the increase of the sampling density [68]).",3,0,69,0.3333333333333333,41,41,0.34146341463414637,0.14634146341463414,0.6097560975609756,0.0,0.0,0.0,0.0008062785493332817,1
47686356,196,"(a) 0.4 and 0.5: good models with limited distinction (b) 0.5 and 1.0: good models with reasonable distinction
(c) 5.0 and 10.0: bad models with reasonable distinction (d) 9.0 and 10.0: bad models with limited distinction (e) 0.5 and 0.5: good models with no distinction
Shown in Figure 6a, while (a), (b), (c), and (d) exhibit limited degradation in performance, (d) experiences the most performance degradation on average.",9,0,11,0.725925925925926,68,68,0.3235294117647059,0.07352941176470588,0.7352941176470589,0.0,0.0,0.0,0.0006151755424954132,1
76874430,6,Our experimental evaluation on an NVM hardware emulator shows that these engines achieve up to 5.5× higher throughput than their traditional counterparts while reducing the amount of wear due to write operations by up to 2×.,0,0,2,0.00644468313641246,36,36,0.2777777777777778,0.1111111111111111,0.5555555555555556,0.0,0.0,0.0,0.0007655072084103527,1
72744034,258,Moha et al.,7,0,5,0.7435158501440923,3,3,0.6666666666666666,0.0,1.0,0.0,0.0,0.0,0.0002828425772513066,0
48411412,125,We found that simplifying the network by removing the pooling layers made it more accurate.,3,0,14,0.4681647940074906,15,15,0.2,0.26666666666666666,0.5333333333333333,0.0,0.0,0.0,0.0004777808648507293,1
75865335,397,The first is: Why are positive and negative examples defined differently for fine-tuning the CNN versus training the object detection SVMs?,24,0,1,0.8202479338842975,21,21,0.2857142857142857,0.19047619047619047,0.6666666666666666,0.0,0.0,0.0,0.0006824292714069961,0
26105266,46,Second is the trend towards eliminating fully connected layers on top of convolutional features.,5,0,7,0.2804878048780488,14,14,0.42857142857142855,0.21428571428571427,0.7142857142857143,0.0,0.0,0.0,0.0005550770248965582,0
90525296,246,"More broadly, if we view a DSL as defining a model and search as a form of inference algorithm, then there is a large body of work on using discriminativelytrained models to aid inference in generative models.",13,0,29,0.6104218362282878,37,37,0.2972972972972973,0.16216216216216217,0.5135135135135135,0.0,0.0,0.0,0.0007618915719232824,0
82314288,36,"under occlusions, illumination, facial poses, low-resolution conditions, etc.",1,0,24,0.11009174311926606,8,8,0.5,0.0,0.875,0.0,0.0,0.0,0.00044258805009829926,0
55048906,96,annotations.,5,0,2,0.6153846153846154,1,1,1.0,0.0,1.0,0.0,0.0,0.0,0.0002,1
89628084,118,"Figure 5 shows the effect on a 10Mbps, 40ms flow of BtlBw abruptly doubling to 20Mbps after 20 seconds of steady operation (top graph) then dropping to 10Mbps after another 20 seconds of steady operation at 20Mbps (bottom graph).",0,0,84,0.39464882943143814,39,39,0.3076923076923077,0.07692307692307693,0.6923076923076923,0.0,0.0,0.0,0.0005498390971240218,0
14310989,102,"Finally, the readers are invited to visit a dedicated website geometricdeeplearning.com for additional materials, data, and examples of code.",1,0,56,0.13991769547325103,19,19,0.3684210526315789,0.15789473684210525,0.631578947368421,0.0,0.0,0.0,0.0006173259466397726,0
81780960,94,"3.3 System Calls
While apps interact with Diamond largely through reactive data types, we provide a minimal system call interface, shown in Table 2, to support transactions and rmap.",0,0,0,0.22926829268292684,29,29,0.3793103448275862,0.10344827586206896,0.7241379310344828,0.0,0.0,0.0,0.0007621360242261497,0
45765062,259,"This is interesting to observe as EKIT products (and to a lesser degree MALWARE products [60]) are traded under the ‘exploit-as-a-service’ model, whereby the seller maintains a service for a period of time during which customers rent the kit to deliver their own attacks.",10,0,19,0.5242914979757085,44,44,0.3181818181818182,0.22727272727272727,0.5454545454545454,0.0,0.0,0.0,0.000730393098611615,1
98757756,279,"While our experiments demonstrate several desirable features of data Shapley, we should interpret it with care.",12,0,5,0.96875,16,16,0.3125,0.125,0.5625,0.0,0.0,0.0,0.0005486166977815791,1
91633253,16,"Current trend is to use nature-inspired metaheuristic algorithms to tackle such difficult problems, and it has been shown that metaheuristics are surprisingly very efficient.",1,0,7,0.10738255033557047,24,24,0.16666666666666666,0.2916666666666667,0.5416666666666666,0.0,0.0,0.0,0.0006804100159376377,1
77684000,141,"In addition we must also take into account that the vectors at each
6Memory constraints prevented us from experimenting with deeper Attentive Readers.",7,0,39,0.7621621621621621,23,23,0.2608695652173913,0.13043478260869565,0.6086956521739131,0.0,0.0,0.0,0.00048780606385803466,0
51254358,130,"Likewise, the API sequence A is embedded into a vector a using an RNN with maxpooling:
ht = tanh(W A[ht−1;at ]), ∀t = 1, 2, ..., NA a = maxpooling([h1, ..., hNA ])
(6)
where at ∈Rd is the embedding vector of API at ,W A is the matrix of trainable parameters in the RNN.",7,0,18,0.3194103194103194,55,55,0.5272727272727272,0.12727272727272726,0.6181818181818182,0.0,0.0,0.0,0.0007263391838785933,1
86423785,91,"With sufficient forward and reverse-time examples, a classifier can be trained to discriminate between the two classes.",6,0,11,0.41363636363636364,17,17,0.23529411764705882,0.17647058823529413,0.5294117647058824,0.0,0.0,0.0,0.0005573126816367276,0
7590139,313,Episodic control (Blundell et al.,5,0,15,0.9233038348082596,5,5,0.8,0.2,1.0,0.0,0.0,0.0,0.00038791699987340193,0
99384474,35,"It uses 50% fewer switches and 33% fewer patch panels than Clos at large scale, and has a 23% lower cabling cost (an estimate we are able to derive from published cable prices).",21,0,2,0.051775147928994084,33,33,0.30303030303030304,0.15151515151515152,0.6666666666666666,0.0,0.0,0.0,0.0007900355436828554,1
99341732,395,"If receiving f + 1 ready with matching fingerprinted crosschecksum fpcc, and if a server does not yet send a ready message, it sends a ready message to all other servers.",9,0,39,0.7015985790408525,31,31,0.1935483870967742,0.1935483870967742,0.5806451612903226,0.0,0.0,0.0,0.0005058048657541051,0
63621777,172,"The face identities in SFC were labeled by humans, which typically incorporate about 3% errors.",8,0,10,0.671875,15,15,0.3333333333333333,0.2,0.6,0.0,0.0,0.0,0.0005249785249028785,0
38779502,221,Some class-AP scores can be boosted significantly (e.g.,12,0,16,0.8371212121212122,8,8,0.125,0.375,0.625,0.0,0.0,0.0,0.00039668386876547123,1
36679338,3,"We conclude that while it is possible to use Zcash in a private way, it is also possible to shrink its anonymity set considerably by developing simple heuristics based on identifiable patterns of usage.",0,0,3,0.008333333333333333,34,34,0.17647058823529413,0.23529411764705882,0.5588235294117647,0.0,0.0,0.0,0.0007229680045281513,1
75952682,184,"Empirically, we found that dropout rates 1− q = 0.05 or 0.10 lead to models with good performance.",0,0,166,0.08671065032987747,18,18,0.3333333333333333,0.05555555555555555,0.7222222222222222,0.0,0.0,0.0,0.0005891488999189903,0
36278339,45,"Formally, given a set of input “objects” denoted as O = {o1, o2, · · · , on}, RN can be formed as a composition function of objects (Santoro et al., 2017), represented as
RN(O) = fφ (∑ i,j gθ (oi, oj) ) (6)
where oi is the i-th object, and fφ and gθ are functions used to calculate relations.",3,0,3,0.22058823529411764,60,60,0.48333333333333334,0.18333333333333332,0.7166666666666667,0.0,0.0,0.0,0.000872482133029577,1
63511892,277,"Apart from the ILSVRC classification layer, we also removed the last pooling layer to preserve the spatial information.",20,0,10,0.9389830508474576,18,18,0.3333333333333333,0.1111111111111111,0.6666666666666666,0.0,0.0,0.0,0.0005881122345473429,0
88246188,75,"If one hypothesizes that multiple nonlinear layers can asymptotically approximate complicated functions2, then it is equivalent to hypothesize that they can asymptotically approximate the residual functions, i.e., H(x) − x (assuming that the input and output are of the same dimensions).",4,0,1,0.16930022573363432,41,41,0.21951219512195122,0.1951219512195122,0.5609756097560976,0.0,0.0,0.0,0.0006895427508932056,0
84655302,359,"The entire SkywaySerializer class contains less than 100 lines of code, most of which was adapted directly from the existing JavaSerializer class.",31,0,6,0.7855579868708972,22,22,0.2727272727272727,0.18181818181818182,0.5909090909090909,0.0,0.0,0.0,0.0005799368044332773,0
48091191,52,"For example, we observed only a small number of configuration bugs caused by misspecification of configuration entries in configuration files, even though such bugs were reported to be common in other settings[28, 31]).",6,0,2,0.29545454545454547,33,33,0.3333333333333333,0.15151515151515152,0.5757575757575758,0.0,0.0,0.0,0.0006617418027490744,1
53269747,353,The shapes of the distributions are quite diverse.,24,0,7,0.6292335115864528,8,8,0.25,0.125,0.5,0.0,0.0,0.0,0.00039837237525064856,0
45765062,321,"Microsoft vulnerabilities alone make up for more than half the exploits traded as STANDALONE products (56%); unsurprisingly, vulnerabilities in Oracle and Adobe products, as well as Internet Explorer vulnerabilities, are prevalent in EKIT bundles, as these products are by design exposed to Internet requests [35, 48].",11,0,3,0.6497975708502024,46,46,0.41304347826086957,0.13043478260869565,0.6304347826086957,0.0,0.0,0.0,0.0006999561189528831,1
84548548,171,artemis repeats this process until the solutions in a generation converge.,19,0,10,0.4430051813471503,11,11,0.36363636363636365,0.09090909090909091,0.5454545454545454,0.0,0.0,0.0,0.00044329417915017956,1
61558513,223,"In the future, more research is necessary in the directions of (1) iterative reformulation under the proposed framework, (2) using information from modalities other than text, and (3) better reinforcement learning algorithms for a partially-observable environment.",17,0,4,0.9780701754385965,36,36,0.3611111111111111,0.1388888888888889,0.5833333333333334,0.0,0.0,0.0,0.000830874400447288,0
49519055,7,We also present analysis on CIFAR-10 with 100 and 1000 layers.,0,0,6,0.01580135440180587,11,11,0.2727272727272727,0.0,0.6363636363636364,0.0,0.0,0.0,0.0005247202945005025,0
91637218,94,Only once the model sees that John is relevant can it reason that the second iteration should retrieve where John was.,4,0,13,0.3533834586466165,21,21,0.2857142857142857,0.14285714285714285,0.47619047619047616,0.0,0.0,0.0,0.0005054369064942463,0
87827594,6,"We show that we are able to learn statistics that can be used for: clustering datasets, transferring generative models to new datasets, selecting representative samples of datasets and classifying previously unseen classes.",0,0,0,0.02666666666666667,32,32,0.1875,0.28125,0.65625,0.0,0.0,0.0,0.0007677906192328038,1
42731227,108,"4 ATARI EXPERIMENTS
With all these concepts in place, we now investigate to what extent replay with such prioritized sampling can improve performance in realistic problem domains.",0,0,0,0.4153846153846154,27,27,0.37037037037037035,0.07407407407407407,0.5555555555555556,0.0,0.0,0.0,0.0007381481729031229,1
66112363,147,"In addition, the rates of pulse emission and loudness can also be varied in a more sophisticated manner.",11,0,12,0.9671052631578947,18,18,0.2222222222222222,0.1111111111111111,0.5,0.0,0.0,0.0,0.00044494865586784985,1
17754953,166,A fork-join task is created for each action and stored for lookup by its identifier.,0,0,166,0.4853801169590643,15,15,0.26666666666666666,0.2,0.4666666666666667,0.0,0.0,0.0,0.0005575558251826421,0
99384474,366,Expansion Algorithms.,17,0,34,0.5414201183431953,2,2,1.0,0.0,1.0,0.0,0.0,0.0,0.0002795909516874596,1
17539393,112,A slightly depolarized cell fires earlier than it would otherwise if it subsequently receives sufficient feedforward input.,0,1,66,0.24034334763948498,17,17,0.23529411764705882,0.11764705882352941,0.7058823529411765,0.0,0.0,0.0,0.0005605996407079245,1
88655260,364,This limits wider far memory adoption.,0,1,318,0.9333333333333333,6,6,0.3333333333333333,0.16666666666666666,0.8333333333333334,0.0,0.0,0.0,0.0004394553860334928,0
71546396,341,"Comparison to state-of-the-art web botnets: In order to compare MarioNet with the state-of-the-art web-botnets, we load our password cracking algorithm in a set of web workers as described in related approaches [13], [54].",19,0,40,0.7133891213389121,33,33,0.3333333333333333,0.18181818181818182,0.6363636363636364,0.0,0.0,0.0,0.0007580759932594036,0
80421460,2,"As DL application domains grow, we would like a deeper understanding of the relationships between training set size, computational scale, and model accuracy improvements to advance the state-of-the-art.",0,0,0,0.004301075268817204,28,28,0.39285714285714285,0.14285714285714285,0.6785714285714286,0.0,0.0,0.0,0.0008493023932228464,1
58874274,383,"However, the access controls that govern web code (e.g., JavaScript from different web domains) and local code (i.e., Android native code) are not properly composed: the bridge code between web code and local code can interact with the Android system with the same access rights as its native host application, but does not enforce the same origin policy on calls from the web code to the bridge functions, thus opening this dangerous bridge interface to all loaded web code.",0,0,383,0.7962577962577962,79,79,0.4177215189873418,0.10126582278481013,0.620253164556962,0.0,0.0,0.0,0.0008104677580620024,0
8784223,280,In this case the remaining experts do not specialize at all and therefore can be removed from the architecture.,8,0,4,0.9180327868852459,19,19,0.15789473684210525,0.2631578947368421,0.3684210526315789,0.0,0.0,0.0,0.0004419570381397879,0
8363020,185,"The remaining models leverage the Open Images training data, enabling them to potentially describe these novel object classes.",7,0,30,0.6292517006802721,18,18,0.2777777777777778,0.2777777777777778,0.7222222222222222,0.0,0.0,0.0,0.0006765313839996986,1
29474820,85,"3.2 PyWren: A Prototype
We developed PyWren2 to rapidly evaluate these ideas, exposing a seamless map primitive from Python on top of AWS Lambda.",0,0,0,0.4722222222222222,24,24,0.5,0.125,0.6666666666666666,0.0,0.0,0.0,0.0006276194324474006,1
52492536,183,Figure 12: Drawing at different time steps on lsun samples.,7,0,13,0.8243243243243243,10,10,0.5,0.1,0.8,0.0,0.0,0.0,0.0005146146291943693,1
30485653,24,Johnson and Everingham [16] employ a cascade of body part detectors to obtain more discriminative templates.,2,0,7,0.15286624203821655,16,16,0.5,0.125,0.6875,0.0,0.0,0.0,0.0005612904583734744,1
84655302,140,"3 Design Overview
This section provides an overview of Skyway, explaining how Skyway is designed towards three goals — correctness, efficiency, and ease of integration.",0,0,0,0.3063457330415755,25,25,0.44,0.2,0.72,0.0,0.0,0.0,0.0006408296862016805,0
30748495,139,"‖ge|E| , where geit = h ei t′ , if ∃(t′, ei) ∈ I(xt), else g ei t = 0.",4,0,29,0.4929078014184397,20,20,0.4,0.1,0.85,0.0,0.0,0.0,0.00024515282064598156,0
40883301,37,"Previous approaches to GAN training have thus applied gradient descent on each player’s cost simultaneously, despite the lack of guarantee that this procedure will converge.",3,0,9,0.21511627906976744,25,25,0.36,0.16,0.64,0.0,0.0,0.0,0.0007661395095134061,1
90600191,122,The decoder with an external memory is illustrated in Figure 3.,7,0,4,0.5213675213675214,11,11,0.2727272727272727,0.18181818181818182,0.5454545454545454,0.0,0.0,0.0,0.0004391768016724967,1
63531440,3,"Specifically, we propose to train a spherical kmeans, after having reduced the MIPS problem to a Maximum Cosine Similarity Search (MCSS).",0,0,0,0.013452914798206279,21,21,0.42857142857142855,0.19047619047619047,0.6190476190476191,0.0,0.0,0.0,0.0006554504804909877,1
35928796,85,Bi-abduction.,4,0,9,0.480225988700565,1,1,1.0,0.0,1.0,0.0,0.0,0.0,0.0002,0
25766140,187,We write Γ[t 7→ t′] for the context Γ where the mapping from t is updated to t′.,9,0,18,0.425,18,18,0.2777777777777778,0.2222222222222222,0.5,0.0,0.0,0.0,0.0003983884356436532,0
15062404,27,"A pre-requisite of realistic classifiers is the ability to self-assess, i.e.",1,0,15,0.08709677419354839,11,11,0.36363636363636365,0.09090909090909091,0.5454545454545454,0.0,0.0,0.0,0.0004882073896908348,0
97291551,252,ACM.,0,0,0,0.7241379310344828,1,1,1.0,0.0,1.0,0.0,0.0,0.0,0.0002,0
99668388,39,"2.2 N-gram features
Bag of words is invariant to word order but taking explicitly this order into account is often computationally very expensive.",0,0,0,0.35454545454545455,23,23,0.30434782608695654,0.13043478260869565,0.6521739130434783,0.0,0.0,0.0,0.0006816918218936086,1
99341732,463,"10.2 Evaluation
Overview.We deploy and test our protocols on Amazon EC2 utilizing up to 92 nodes from ten different regions in five different continents.",0,0,0,0.822380106571936,24,24,0.375,0.08333333333333333,0.7083333333333334,0.0,0.0,0.0,0.0007082076170417743,1
74193008,184,"Too low of an η value reduces the method to the baseline algorithm, as the intrinsic reward contribution to the total reward r′ becomes negligible.",8,0,43,0.7510204081632653,25,25,0.32,0.08,0.6,0.0,0.0,0.0,0.0006391982472541424,0
24950879,96,"Collaborative Filtering-based Recommendation The training data consists of a set of users, where each user is described by a bag of items (described as unique features from the dictionary) that the user likes.",3,0,46,0.2742857142857143,33,33,0.36363636363636365,0.09090909090909091,0.5454545454545454,0.0,0.0,0.0,0.0007341527857912475,1
74547298,29,In this case our interest is always restricted to the most recent element in tile stack.,0,1,19,0.18831168831168832,16,16,0.3125,0.125,0.5,0.0,0.0,0.0,0.0004429181834696925,1
59277766,163,Human: is sky blue or black ?,10,0,37,0.48656716417910445,7,7,0.2857142857142857,0.14285714285714285,0.7142857142857143,0.0,0.0,0.0,0.0003429967312475884,0
38830210,99,"iSUN (Xu et al., 2015) consists of natural scene images.",5,0,17,0.396,10,10,0.5,0.1,0.9,0.0,0.0,0.0,0.000551901231602268,0
52208833,37,"• Inspired by the latest advancements in AR language modeling, XLNet integrates the segment recurrence mechanism and relative encoding scheme of Transformer-XL [9] into pretraining, which empirically improves the performance especially for tasks involving a longer text sequence.",0,0,32,0.13214285714285715,38,38,0.42105263157894735,0.13157894736842105,0.7105263157894737,0.0,0.0,0.0,0.0009675806116827865,1
30485653,148,We tune the network hyper-parameters using coarse meta-optimization to obtain maximal validation set performance within our computational budget (less than 100ms per forwardpropagation).,6,0,28,0.9426751592356688,23,23,0.34782608695652173,0.17391304347826086,0.782608695652174,0.0,0.0,0.0,0.0007533201256323345,0
17539393,77,"By forming more synapses than necessary to generate an NMDA spike, recognition becomes robust to noise and variation.",0,1,31,0.16523605150214593,18,18,0.2222222222222222,0.2777777777777778,0.6111111111111112,0.0,0.0,0.0,0.0005618986941345358,1
51254358,308,Figure 11a shows the first result of the query read an object from an xml file.,16,0,16,0.7567567567567568,16,16,0.375,0.125,0.625,0.0,0.0,0.0,0.0005566501733977524,1
39674358,261,The plot uses a nested scene graph in which each line segment is built by a dedicated build-evaluate-bound branch.,20,0,10,0.7270194986072424,19,19,0.3684210526315789,0.15789473684210525,0.5789473684210527,0.0,0.0,0.0,0.0007148711364399254,0
30485653,44,Bergtholdt et al.,2,0,27,0.2802547770700637,3,3,0.6666666666666666,0.0,1.0,0.0,0.0,0.0,0.0002828425772513066,0
74547298,22,"For example, one can construct a stack as follows: a number of successive storage locations are set aside for the stack and also an administrative quantity, the ""stack pointer"", that always points to the first free place in the stack (i.e.",0,1,12,0.14285714285714285,41,41,0.2926829268292683,0.0975609756097561,0.5853658536585366,0.0,0.0,0.0,0.000613337070409034,1
88246188,175,We also verify that the backward propagated gradients exhibit healthy norms with BN.,9,0,16,0.39503386004514673,13,13,0.38461538461538464,0.15384615384615385,0.6923076923076923,0.0,0.0,0.0,0.0004884809005547743,1
12239056,81,"To this we apply a per-pixel sigmoid, and define Lmask as the average binary cross-entropy loss.",2,0,18,0.24620060790273557,16,16,0.3125,0.0625,0.5625,0.0,0.0,0.0,0.000597178103407953,1
62056200,116,"The n masses had spring relations with their immediate neighbors (2(n− 1)), and all masses had rigid relations with the rigid object (2n).",2,0,17,0.4773662551440329,23,23,0.34782608695652173,0.13043478260869565,0.6086956521739131,0.0,0.0,0.0,0.0004706617852477371,0
24312671,95,"To ensure that states, not actions, are used to distinguish skills, we minimize the mutual information between skills and actions given the state, I(A;Z | S).",3,0,9,0.2442159383033419,26,26,0.34615384615384615,0.23076923076923078,0.6153846153846154,0.0,0.0,0.0,0.00061187443344456,1
56196,236,"4.4 Conclusion
We have demonstrated that modular compositional structure can provide a useful basis for transferring learned competence from previous tasks to new tasks.",0,0,0,0.9007633587786259,24,24,0.25,0.20833333333333334,0.6666666666666666,0.0,0.0,0.0,0.0007060602632131971,1
39674358,111,"Event streams are modeled as firstclass data sources and can thus drive visual encoding primitives, or be run through the full gamut of data transformations.",6,0,18,0.30919220055710306,25,25,0.32,0.24,0.64,0.0,0.0,0.0,0.0006603932736917346,1
45612165,18,"Although the term has been used in numerous senses (Schmidhuber et al., 1997; Caruana, 1997; Schweighofer & Doya, 2003; Brazdil et al., 2003), meta-learning generally refers to a scenario in which an agent learns at two levels, each associated with different time scales.",0,0,12,0.06666666666666667,43,43,0.27906976744186046,0.13953488372093023,0.7209302325581395,0.0,0.0,0.0,0.0008300058580809062,1
26668230,67,", Xn}, and a vector of probabilities p for the same variables X.",3,0,3,0.1614457831325301,13,13,0.3076923076923077,0.15384615384615385,0.5384615384615384,0.0,0.0,0.0,0.0003963637245904102,1
36200725,21,"Thus, it remains an open problem to design 3D detectors that can better exploit multiple modalities.",1,0,16,0.08571428571428572,16,16,0.1875,0.25,0.6875,0.0,0.0,0.0,0.0006240109764460063,0
99341732,230,Then it generates the corresponding fingerprinted crosschecksum for B with respect to the erasure coding scheme.,4,0,78,0.40852575488454707,16,16,0.375,0.1875,0.5625,0.0,0.0,0.0,0.0004859420876757874,0
11006232,126,Farmers combine seeds with nutrients to grow crops.,3,0,29,0.2775330396475771,8,8,0.5,0.25,0.75,0.0,0.0,0.0,0.00039883020630004755,1
71546396,402,Attack difficulty.,22,0,4,0.8410041841004184,2,2,1.0,0.0,1.0,0.0,0.0,0.0,0.0002825605541158623,0
10374612,245,"7 Conclusions
Leasing is an efficient, fault-tolerant approach to maintaining file cache consistency in distributed systems.",0,0,245,0.6533333333333333,16,16,0.4375,0.125,0.75,0.0,0.0,0.0,0.0006554890858828621,1
16973657,30,"To demonstrate the effectiveness of our proposed approach, we conducted experiments on five datasets for three tasks, including text classification, distantly supervised entity extraction, and entity classification.",0,0,24,0.12552301255230125,27,27,0.37037037037037035,0.18518518518518517,0.7037037037037037,0.0,0.0,0.0,0.0007030223358883369,1
6827132,61,"At the same time, the average response time is still in acceptable range under attack, making the illusion of “business as usual"" for system administrators.",0,0,61,0.16094986807387862,25,25,0.36,0.08,0.56,0.0,0.0,0.0,0.0005932614406555301,0
88548359,32,Such a blockchain database would address many of the limitations of blockchains such as the lack of a SQL interface.,1,0,31,0.10457516339869281,20,20,0.35,0.05,0.5,0.0,0.0,0.0,0.0005627687802413666,1
35928796,74,"There are intra-procedural analyses and linters which fit these scaling requirements, and which are routinely deployed at Facebook and other companies with similar scale codebases and workflows.",3,0,21,0.4180790960451977,27,27,0.2962962962962963,0.18518518518518517,0.5185185185185185,0.0,0.0,0.0,0.0006256928379226044,1
10587146,89,• Positional scoring rules.,4,0,2,0.2899022801302932,4,4,0.75,0.0,1.0,0.0,0.0,0.0,0.00034419092394026964,1
5225266,78,"3.1 Discretized Graph Streams
The main idea in GraphTau is to treat time-evolving graphs as a series of consistent graph snapshots, and dynamic graph computations as a series of deterministic batch computations on discrete time intervals.",0,0,0,0.2756183745583039,36,36,0.4444444444444444,0.05555555555555555,0.6666666666666666,0.0,0.0,0.0,0.0007988339081830456,1
34958521,70,"However for very large weights w1 →∞, the tanh hidden unit nearly always saturates, yielding a discrete variable that concentrates in just two bins.",1,0,35,0.1928374655647383,24,24,0.16666666666666666,0.125,0.7083333333333334,0.0,0.0,0.0,0.0006839341037222473,1
7255717,177,"For each sentence, 5 images are generated by each model.",9,0,20,0.688715953307393,10,10,0.3,0.2,0.5,0.0,0.0,0.0,0.00039315105393514525,1
99341732,17,"$15.00 https://doi.org/10.1145/3243734.3243812
Asynchronous BFT protocols [14, 21, 23, 70] are arguably themost appropriate solutions for building high-assurance and intrusiontolerant permissioned blockchains in wide-area (WAN) environments, as these asynchronous protocols are inherently more robust against timing and denial-of-service (DoS) attacks that can be mounted over an unprotected network such as the Internet.",1,0,13,0.03019538188277087,51,51,0.3137254901960784,0.13725490196078433,0.6470588235294118,0.0,0.0,0.0,0.0010294363685127768,1
11313245,126,"To this end, DrTM further checks the state of records inside local read and write oper-
3 There are two dependent transactions in TPC-C: order-status and payment.",5,0,18,0.24705882352941178,27,27,0.3333333333333333,0.1111111111111111,0.6296296296296297,0.0,0.0,0.0,0.0007374140247626578,0
51254358,249,"The MRR [45, 79] is the average of the reciprocal ranks of results of a set of queries Q .",14,0,40,0.6117936117936118,20,20,0.4,0.05,0.55,0.0,0.0,0.0,0.0005133716849607306,0
28037079,24,Personal preferences are learned from customers’ historical check-ins by applying collaborative filtering or matrix factorization techniques.,0,0,24,0.07250755287009064,16,16,0.3125,0.1875,0.75,0.0,0.0,0.0,0.0006857386349390337,1
21542239,181,4 to outperform the simpler multi-resolution architecture outlined above.,9,0,11,0.6703703703703704,9,9,0.4444444444444444,0.2222222222222222,0.7777777777777778,0.0,0.0,0.0,0.0004830907235861777,1
23929837,57,[38] provide a graph partioning approach to subgoal identification.,3,0,8,0.26146788990825687,9,9,0.3333333333333333,0.3333333333333333,0.7777777777777778,0.0,0.0,0.0,0.00044057773423481714,0
63848470,86,"✓ (a|s), which acts as a source (exploration distribution), the transition distribution p(s0|a, s) acts as an encoder (transition distribution) from a to s0, and the variational distribution q ⇠ (a|s 0, s) conveniently acts as a decoder (planning distribution) taking us from s0 to a.",4,0,9,0.4075829383886256,46,46,0.41304347826086957,0.17391304347826086,0.6739130434782609,0.0,0.0,0.0,0.0005563234407167548,1
31459000,48,ARM multicores deliver good energy proportionality [7] for server workloads [35].,6,0,1,0.2926829268292683,11,11,0.5454545454545454,0.18181818181818182,0.9090909090909091,0.0,0.0,0.0,0.0005240131248408497,1
36051826,497,"CMH Hotpads Zippads-BF Zippads
0.5
1.0
1.5
2.0
2.5
C o
m p
re s s io
n R
a ti o
gcbench silo
(a) Compression ratio.",29,0,12,0.9019963702359347,27,27,0.6296296296296297,0.037037037037037035,0.7407407407407407,0.0,0.0,0.0,0.00046042445071349845,1
11773091,437,"Practical experience with Musketeer
System integration complexity.",0,0,0,0.8846153846153846,7,7,0.7142857142857143,0.0,0.8571428571428571,0.0,0.0,0.0,0.00044609755235050264,0
47686356,29,"This assumption is less restrictive than that of successor representations [3, 5].",1,0,23,0.10740740740740741,12,12,0.25,0.16666666666666666,0.5833333333333334,0.0,0.0,0.0,0.0002817564080988528,1
6726365,112,"Given r̂θ, we then seek to optimize a policy π̂ that can outperform the demonstrations.",6,0,8,0.3333333333333333,15,15,0.26666666666666666,0.26666666666666666,0.5333333333333333,0.0,0.0,0.0,0.0004838284945466795,1
5225266,231,This dataset consists of about 41 million users and approximately 1.5 billion edges.,20,0,7,0.8162544169611308,13,13,0.23076923076923078,0.07692307692307693,0.6923076923076923,0.0,0.0,0.0,0.0005601620054590077,0
37135417,362,SparkR (STS) is around 1.2× slower than Spark and ScootR is up to 1.4× slower than Flink in the worst case.,0,0,362,0.7751605995717344,21,21,0.2857142857142857,0.09523809523809523,0.5714285714285714,0.0,0.0,0.0,0.0005032692778278177,1
69694249,379,no messages are passed along edges of this type.,26,0,14,0.8422222222222222,9,9,0.3333333333333333,0.2222222222222222,0.5555555555555556,0.0,0.0,0.0,0.0003980726297243239,0
29703573,47,Decoder: An RNN that reads M and predicts the target sequence.,5,0,4,0.25268817204301075,11,11,0.45454545454545453,0.18181818181818182,0.5454545454545454,0.0,0.0,0.0,0.00048728181247341027,1
51254358,356,"For example, Hill et al.",22,0,2,0.8746928746928747,5,5,0.6,0.2,0.8,0.0,0.0,0.0,0.00037746357648808267,0
30485653,154,For future work we expect to further improve upon these results by increasing the complexity and expressiveness of our simple spatial model (especially for unconstrained datasets like LSP).,7,0,2,0.9808917197452229,28,28,0.25,0.10714285714285714,0.6071428571428571,0.0,0.0,0.0,0.0007339135215076988,0
32560739,257,All of them involve a Priority Vehicle (PV) driving on the main road and an Other Vehicle (OV) performing a dangerous maneuver.,37,0,3,0.6163069544364509,22,22,0.3181818181818182,0.13636363636363635,0.5454545454545454,0.0,0.0,0.0,0.0005787416323768203,1
67930407,201,The task is formulated as a multiple-choice questionanswering problem.,11,0,2,0.7178571428571429,9,9,0.3333333333333333,0.2222222222222222,0.5555555555555556,0.0,0.0,0.0,0.00043548044079461036,1
68642594,367,"Thus, we believe that successful construction of intelligent machines
could automate computer programming, which will likely be done in the future simply through communication in natural language.",6,0,192,0.5967479674796748,27,27,0.25925925925925924,0.14814814814814814,0.6296296296296297,0.0,0.0,0.0,0.0007183405858390452,1
88532041,33,(2016) measures mutual information between message and response in order to reduce the proportion of generic responses typical of SEQ2SEQ systems.,2,0,14,0.17098445595854922,21,21,0.42857142857142855,0.047619047619047616,0.6666666666666666,0.0,0.0,0.0,0.0007375090200793823,0
47698609,12,Gopnik & Wellman (in press)).,2,0,5,0.12244897959183673,5,5,0.6,0.2,1.0,0.0,0.0,0.0,0.0002,0
37479343,39,"There has been a strong line of work in computing limited-memory summaries, popularly called sketches [13] of data streams, allowing approximate estimation of the counts [12, 1, 14, 6, 22, 10, 2], even over dynamic temporal streams [8, 17].",0,0,39,0.06770833333333333,39,39,0.2564102564102564,0.1794871794871795,0.7435897435897436,0.0,0.0,0.0,0.0009196529428304818,0
87411149,93,Secondary indexing.,2,0,14,0.1340057636887608,2,2,0.5,0.0,1.0,0.0,0.0,0.0,0.0002823699494093504,0
82220044,213,"Formalizing the assumption that
• users click by some > 0 more often on a more relevant link than on a less relevant link
• and that the decision of the user to click on a link is not influenced by other factors (i.e.",9,0,31,0.47333333333333333,44,44,0.22727272727272727,0.13636363636363635,0.4772727272727273,0.0,0.0,0.0,0.0005298088894151884,0
55410278,116,"We calculate the percentage autonomy by counting the number of interventions, multiplying by 6 seconds, dividing by the elapsed time of the simulated test, and then subtracting the result from 1:
autonomy = (1− (number of interventions) · 6 seconds elapsed time [seconds] ) · 100 (1)
Thus, if we had 10 interventions in 600 seconds, we would have an autonomy value of
(1− 10 · 6 600 ) · 100 = 90%
7.2 On-road Tests
After a trained network has demonstrated good performance in the simulator, the network is loaded on the DRIVETM PX in our test car and taken out for a road test.",0,0,0,0.8854961832061069,106,106,0.32075471698113206,0.12264150943396226,0.6415094339622641,0.0,0.0,0.0,0.0008791640016780798,0
79305631,218,"Our initial results indicate that a large, dynamic, and partially-stateful dataflow can support practical multiverse databases that are easy to use and achieve good performance and acceptable overheads.",11,0,1,0.9819819819819819,28,28,0.25,0.17857142857142858,0.6428571428571429,0.0,0.0,0.0,0.0008529178041801268,1
78190587,0,"Texture Synthesis Through Convolutional Neural Networks and Spectrum Constraints
This paper presents a significant improvement for the synthesis of texture images using convolutional neural networks (CNNs), making use of constraints on the Fourier spectrum of the results.",0,0,0,0.0,37,37,0.5135135135135135,0.10810810810810811,0.6756756756756757,0.0,0.0,0.0,0.0007750223548955706,0
6726365,137,"In all three tasks, the goal of the robot agent is to move forward as fast as possible without falling to the ground.",9,0,1,0.40773809523809523,23,23,0.17391304347826086,0.13043478260869565,0.5217391304347826,0.0,0.0,0.0,0.0005626291240160632,1
16027177,384,"Also, inspired by the record-and-play techniques [34] from the crash reproduction based debugging research [27, 47], it would be interesting to leverage these techniques to detect more accurate correspondence between the build commands executed and the built binaries.",19,0,6,0.9948186528497409,38,38,0.2631578947368421,0.2631578947368421,0.631578947368421,0.0,0.0,0.0,0.000901017243687092,1
99341732,13,"CCS ’18, October 15–19, 2018, Toronto, ON, Canada © 2018 Association for Computing Machinery.",1,0,9,0.023090586145648313,14,14,0.7142857142857143,0.0,0.9285714285714286,0.0,0.0,0.0,0.0005788548829951213,0
90525296,76,In LIPS we additionally specify an attribute function A that maps programs P of the DSL to finite attribute vectors a = A(P ).,2,0,10,0.18858560794044665,24,24,0.4166666666666667,0.125,0.625,0.0,0.0,0.0,0.0005686931921445705,0
26105266,94,We train on 32× 32 min-resized center crops.,10,0,1,0.573170731707317,8,8,0.25,0.125,0.75,0.0,0.0,0.0,0.0004314654321067713,0
92451519,45,"While depth could be directly used as an input, we argue that if presented as an additional loss it is actually more valuable to the learning process.",2,0,2,0.19230769230769232,27,27,0.18518518518518517,0.18518518518518517,0.48148148148148145,0.0,0.0,0.0,0.000678742312755003,1
3953515,79,"However, by utilizing feature maps from several different layers in a single network for prediction we can mimic the same effect, while also sharing parameters across all object scales.",4,0,18,0.2936802973977695,29,29,0.3103448275862069,0.13793103448275862,0.6206896551724138,0.0,0.0,0.0,0.0007305756956801291,0
26262723,16,"To distinguish this from a control sample, one needs to know that the word “overspill” is not common in American English (Davies, 2009), and the speaker is correcting themselves by saying “overspilling...overflowing”, which hints on signs of confusion and memory loss (Duke et al., 2002).",0,0,16,0.10191082802547771,45,45,0.24444444444444444,0.2222222222222222,0.5777777777777777,0.0,0.0,0.0,0.0008071044165007787,1
18521109,113,Memory Networks A high-level description of the memory network architecture we use is given in Fig.,3,0,9,0.5136363636363637,16,16,0.375,0.25,0.625,0.0,0.0,0.0,0.0006094694252353613,1
50897768,35,"In general, one may look at the process of generating an image x as the problem of drawing a sample from a certain distribution p(x).",1,0,1,0.1724137931034483,25,25,0.28,0.12,0.56,0.0,0.0,0.0,0.000622596576827474,1
28037079,96,"First, the parameters Θ are initialized using Normal distributions.",0,0,96,0.29003021148036257,9,9,0.3333333333333333,0.3333333333333333,0.7777777777777778,0.0,0.0,0.0,0.00043851328998089555,1
63188694,57,We present our implementation of Panopticon in Section 3 and then use this implementation to compare and contrast Panopticon’s improvements over Hazelcast distributed transaction processing in Section 4.,3,0,7,0.17701863354037267,28,28,0.35714285714285715,0.14285714285714285,0.6071428571428571,0.0,0.0,0.0,0.0006052138803733683,1
52464539,261,"Given a product title t, we can compute P (c|t), the probability that t has the product type c, for all product types, then return the top few product types that maximize P (c|t) as candidate product types for title t.
Roughly speaking, let f1, .",10,0,14,0.4469178082191781,46,46,0.5,0.10869565217391304,0.6521739130434783,0.0,0.0,0.0,0.0006021935832648606,0
36200725,4,Our experimental evaluation on both KITTI as well as a large scale 3D object detection benchmark shows significant improvements over the state of the art.,0,0,0,0.0163265306122449,25,25,0.32,0.04,0.6,0.0,0.0,0.0,0.0007369342478528444,0
74156567,91,We use the following broad categories of workloads in our performance study: (a) scans with single predicates with varying selectivity to study the trade-off between range scan of a B+ tree vs. columnstore scan; (b) sort and group by queries to study the benefit of the sort order supported by B+ tree; (c) update statements with varying numbers of updated rows to analyze the cost of updating the different index types; and (d)mixed workloads with different combinations of reads and updates.,3,0,18,0.1868583162217659,81,81,0.41975308641975306,0.1111111111111111,0.6419753086419753,0.0,0.0,0.0,0.0011595469757802845,1
99384474,119,"The number of cable trays, the design of the chassis, and the number of racks can be derived from the number of switches (and the number of servers and the datacenter floor dimensions, which
USENIX Association 16th USENIX Symposium on Networked Systems Design and Implementation 237
are inputs to the topology design).",5,0,17,0.1760355029585799,52,52,0.4807692307692308,0.07692307692307693,0.5576923076923077,0.0,0.0,0.0,0.000761113209396603,1
82821959,134,"We observe that for get operations, no blocking synchronization is needed.",0,0,134,0.33004926108374383,11,11,0.18181818181818182,0.2727272727272727,0.5454545454545454,0.0,0.0,0.0,0.0004451695380317446,0
66681632,199,"1(b)), especially for very deep ResNets.",8,0,13,0.5768115942028985,6,6,0.16666666666666666,0.0,0.6666666666666666,0.0,0.0,0.0,0.0003410391831298458,1
78499306,682,"http://research.microsoft.com/infernet [73] C Monteiro, R Bessa, V Miranda, A Botterud, J Wang, G Conzelmann, et al.",46,0,79,0.8119047619047619,16,16,0.9375,0.0,0.9375,0.0,0.0,0.0,0.0005534575110842119,0
82043898,257,We now detail the settings of each experiment for faults listed in TABLE II.,7,0,12,0.5255623721881391,14,14,0.35714285714285715,0.14285714285714285,0.5,0.0,0.0,0.0,0.000482868968174886,0
56196,170,"However, we can do better by incorporating the objective of MAML more deeply into both ONLINE and BOUNCEGRAD, by redefining the inner error function used in the optimization criterion for Θ: instead of using Θ directly, we will evaluate the result of taking one (or a few) gradient steps away from Θ, specialized to optimize D. So, eMAML(D,S,Θ) = ∑ {(x,y)∈D} L(SO(Θ,D,S)(x), y), where the optimized parameters O(Θ, D, S) are obtained by a gradient update: O(Θ, D, S) = Θ− η∇Θe(D,S,Θ).",7,0,3,0.648854961832061,82,82,0.3780487804878049,0.14634146341463414,0.6585365853658537,0.0,0.0,0.0,0.0009933432258643325,0
25766140,273,"The LTS of t0⟨⟩ is a tuple T = (S, t0⟨⟩,−→,A) such that S is a set of states implicitly labelled by behavioural type terms (we often identify labels and states), t0⟨⟩ ∈ S is the initial state, A ⊆ {τ } ∪ {τa | a ∈ A} is the set of labels, and −→⊆ S × A × S is the transition relation T
α−→ T ′ where the label α can be either a silent move, i.e., τ , or a synchronisation over a channel, e.g., τa .",10,0,33,0.6204545454545455,90,90,0.4777777777777778,0.1111111111111111,0.5777777777777777,0.0,0.0,0.0,0.000664207383664837,0
82821959,373,"It improves on LevelDB in two key ways: (1) by using fine-grained locking to increase concurrency, and (2) by using a different merging strategy.",0,0,373,0.9187192118226601,24,24,0.2916666666666667,0.20833333333333334,0.6666666666666666,0.0,0.0,0.0,0.0006856220271680891,1
26262723,0,"Detecting Linguistic Characteristics of Alzheimer’s Dementia by Interpreting Neural Models
Alzheimer’s disease (AD) is an irreversible and progressive brain disease that can be stopped or slowed down with medical treatment.",0,0,0,0.0,30,30,0.36666666666666664,0.2,0.6333333333333333,0.0,0.0,0.0,0.0006254282533962933,1
13655370,43,"Since for neural networks the Fisher information matrix is typically too expensive to compute, different approximations of the natural gradient have been proposed.",1,0,3,0.17695473251028807,23,23,0.2608695652173913,0.17391304347826086,0.6086956521739131,0.0,0.0,0.0,0.0007069520479610257,1
19173630,72,"We used k = 1, the least expensive option, in our experiments.",4,0,8,0.4645161290322581,12,12,0.25,0.16666666666666666,0.6666666666666666,0.0,0.0,0.0,0.0003894324116952413,0
17754953,1,"These smart contracts are executed many, many times, always without real concurrency.",0,0,1,0.0029239766081871343,12,12,0.16666666666666666,0.25,0.8333333333333334,0.0,0.0,0.0,0.0004876975408499723,1
27051635,177,"Join ACM today at acm.org/join
BE CREATIVE.",0,0,0,0.9833333333333333,7,7,0.8571428571428571,0.0,0.7142857142857143,0.0,0.0,0.0,0.00038282976793229675,1
44210578,14,"For example, the four leaf clover emoji is usually associated with good luck wishes, while in March, the same emoji indicates parties and drinking, due to St. Patrick day.",0,0,8,0.14,29,29,0.41379310344827586,0.10344827586206896,0.6551724137931034,0.0,0.0,0.0,0.0006238542470916243,1
89767636,272,"The owner of an active vRegion stores a vma tree for the vRegion, with each node in the tree being one vma.",15,0,8,0.46337308347529815,22,22,0.4090909090909091,0.045454545454545456,0.5,0.0,0.0,0.0,0.0004322114174046507,0
53721399,103,To simplify notation we label these BnB networks.,4,0,9,0.5819209039548022,8,8,0.375,0.25,0.625,0.0,0.0,0.0,0.0003925278666083293,0
81057283,6,Adversarial examples have been shown to generalize to the real world.,0,0,3,0.07317073170731707,11,11,0.18181818181818182,0.36363636363636365,0.5454545454545454,0.0,0.0,0.0,0.00048731116956930525,0
11112277,146,"Then, the count matrix C is
C = Ã ssT + diag(s f1(a a)) (6)
where diag(·) expands a vector into a diagonal matrix with the vector on the diagonal.",7,0,23,0.5551330798479087,30,30,0.5333333333333333,0.1,0.6666666666666666,0.0,0.0,0.0,0.0004282183347868607,1
22546727,159,"(21) will be relevant, and which term that is depends on whether α > 1,
|X | = { O(|C |) if α < 1, O(|C |1/α ) if α > 1.",4,0,19,0.5618374558303887,32,32,0.34375,0.1875,0.71875,0.0,0.0,0.0,0.00039908234872574987,0
26668230,27,"This simple addition to the loss function of standard deep learning architectures yields (near-)stateof-the-art performance in semi-supervised classification on MNIST, FASHION, and CIFAR-10 datasets.",0,0,20,0.06506024096385542,24,24,0.5,0.0,0.7083333333333334,0.0,0.0,0.0,0.0008814339682324428,1
47686356,176,"As shown in Figure 5, a robotic arm is tasked to bring 2 boxes to their respective goal locations in a certain
order.",8,0,9,0.6518518518518519,23,23,0.2608695652173913,0.17391304347826086,0.6086956521739131,0.0,0.0,0.0,0.0006201009337587315,0
91200961,99,"Given the radius, the amount of penalty reduction is given by an unnormalized 2D Gaussian, e− x2+y2
2σ2 , whose center is at the positive location and whose σ is 1/3 of the radius.",5,0,9,0.43043478260869567,34,34,0.3235294117647059,0.14705882352941177,0.6176470588235294,0.0,0.0,0.0,0.0006226312801549161,1
96747724,70,"Therefore, a practitioner may wish to choose a less accurate model for content recommendation that does not place high importance in features related to “clickbait” articles (which may hurt user retention), even if exploiting such features increases the accuracy of the model in cross validation.",2,0,26,0.15283842794759825,45,45,0.28888888888888886,0.24444444444444444,0.6666666666666666,0.0,0.0,0.0,0.0008581528856719878,0
2852538,262,"Conclusion
We proposed a hierarchically supervised multi-task learning model focused on a set of semantic task.",0,0,0,0.9812734082397003,16,16,0.3125,0.25,0.6875,0.0,0.0,0.0,0.0006083725547802258,1
2899329,84,Sometimes just one of the changes is actually responsible for the improved results.,5,0,6,0.3,13,13,0.15384615384615385,0.07692307692307693,0.5384615384615384,0.0,0.0,0.0,0.00048361755409195514,1
84548548,183,artemis also supports optional parameters to customise its processing.,20,0,7,0.4740932642487047,9,9,0.3333333333333333,0.2222222222222222,0.7777777777777778,0.0,0.0,0.0,0.0004415170413630949,0
73414525,87,"It contains 20 tasks, and each of them is composed of a set of facts, a question and followed by an answer which is mostly a single word.",13,0,1,0.696,28,28,0.21428571428571427,0.17857142857142858,0.42857142857142855,0.0,0.0,0.0,0.0006535390996944728,1
84480736,0,"Protecting User Privacy: An Approach for Untraceable Web Browsing History and Unambiguous User Profiles
The overturning of the Internet Privacy Rules by the Federal Communications Commissions (FCC) in late March 2017 allows Internet Service Providers (ISPs) to collect, share and sell their customers’ Web browsing data without their consent.",0,0,0,0.0,49,49,0.5918367346938775,0.08163265306122448,0.7346938775510204,0.0,0.0,0.0,0.0008387449984833042,0
22528856,100,3.1).,4,0,1,0.28735632183908044,1,1,0.0,0.0,1.0,0.0,0.0,0.0,0.0,0
23313716,233,"Third, we convert the message digest to a target hash - a fixed length hash value.",0,1,173,0.4989293361884368,16,16,0.375,0.0625,0.6875,0.0,0.0,0.0,0.0004928764048657982,0
66099843,63,"3 Framework
We model the information extraction task as a markov decision process (MDP), where the model learns to utilize external sources to improve upon extractions from a source article (see Figure 3).",0,0,0,0.3197969543147208,33,33,0.42424242424242425,0.12121212121212122,0.696969696969697,0.0,0.0,0.0,0.0008127474042230915,1
60516406,71,"Each unit thus tries to minimize the remaining reconstruction error left by previous units that are higher ranked, and we do this in parallel through the use of a cumulative sum.",5,0,2,0.39226519337016574,31,31,0.22580645161290322,0.1935483870967742,0.5161290322580645,0.0,0.0,0.0,0.0007646425022650545,1
32533290,67,• The pooling regions can be either disjoint or overlapping.,0,0,0,0.4240506329113924,10,10,0.2,0.3,0.6,0.0,0.0,0.0,0.0003975342405465487,0
70889889,5,"In addition, the computational overhead of our method is lower, permitting more optimization steps to be taken in the same amount of time.",0,0,0,0.03164556962025317,23,23,0.21739130434782608,0.17391304347826086,0.4782608695652174,0.0,0.0,0.0,0.0005952249890446212,1
28727146,21,"To quote the Chairs’ opening statement from the FATREC workshop (2017), “If recommendation applications did not alter participants’ behaviors, those applications would not exist”.",0,0,21,0.07191780821917808,24,24,0.4583333333333333,0.16666666666666666,0.6666666666666666,0.0,0.0,0.0,0.0005916147347158601,0
71546396,158,It should be noted that the attacker does not need to worry about the time a user will spend on the website.,9,0,1,0.3305439330543933,22,22,0.18181818181818182,0.2727272727272727,0.36363636363636365,0.0,0.0,0.0,0.0005522080269011956,1
91451160,43,"For decades, statistical packages like SAS, Matlab and R have been the key tools for deep analytics, and the practices surrounding these tools have been elevated into widely-used traditional methodologies.",3,0,0,0.06351550960118169,30,30,0.3333333333333333,0.2,0.6,0.0,0.0,0.0,0.0006902732963310995,0
187460,372,"Initially, an author creates a changeset,
which is then provided as input to CLUSTERCHANGES, which (step 1) decomposes it into independent partitions.",0,1,300,0.9538461538461539,22,22,0.3181818181818182,0.18181818181818182,0.5454545454545454,0.0,0.0,0.0,0.0005595816535696246,1
16057781,12,"While learning to perform a complex task, we force the agent to break its solution down into simpler subpolicies instead of learning a single monolithic policy.",1,0,6,0.044444444444444446,26,26,0.19230769230769232,0.19230769230769232,0.5769230769230769,0.0,0.0,0.0,0.0007346632970593066,1
24824894,316,"In addition, our method applies to explicitly declared variables, and not to latent variables that may a ect data.",12,0,15,0.9905956112852664,19,19,0.3157894736842105,0.10526315789473684,0.5789473684210527,0.0,0.0,0.0,0.0004989120180140059,0
49333267,80,"SPECIALIZED STREAMING ARCHITECTURES
Heron’s modular architecture provides flexibility to incorporate various cloud environments and Big Data platforms.",0,0,80,0.2564102564102564,17,17,0.5882352941176471,0.11764705882352941,0.8823529411764706,0.0,0.0,0.0,0.0007639348549171314,0
88532041,112,"5.2 Twitter Sordoni Dataset
The Twitter Persona Dataset was collected for this paper for experiments with speaker ID information.",0,0,0,0.5803108808290155,19,19,0.5789473684210527,0.10526315789473684,0.6842105263157895,0.0,0.0,0.0,0.0005221037190545469,0
43650136,154,"For these imitation learning experiments, we use human demonstrations collected with a VR setup, where the participant wears a VR headset and controls in real-time the gripper end-effector using a 6DOF controller.",13,0,10,0.8324324324324325,32,32,0.3125,0.15625,0.625,0.0,0.0,0.0,0.0007274977525203198,1
17539393,188,"Thus, there are two types of prediction occurring at the same time.",0,1,142,0.4034334763948498,12,12,0.3333333333333333,0.16666666666666666,0.5,0.0,0.0,0.0,0.000387049883317465,1
66302705,367,"The other insight is to judiciously communicate the vehicle detections at a given camera (forwards and backwards) exploiting the deployment knowledge of the cameras on the roadways, reducing the latency for detection and re-identification tasks, and bounding the inter-node communication requirements.",0,0,367,0.9734748010610079,41,41,0.3902439024390244,0.14634146341463414,0.5609756097560976,0.0,0.0,0.0,0.0009263931043190264,1
19173630,134,This means that components of the input are not copied directly into the generator’s parameters.,7,0,6,0.864516129032258,15,15,0.26666666666666666,0.2,0.4666666666666667,0.0,0.0,0.0,0.0005203380720481924,1
28727146,137,"This algorithm, in contrast with Adamic-Adar index, returns a random recommendation for each node u, by starting a random walk at a point X1 = u and returning v with probability
P(X3 = v |X1 = u).",0,1,65,0.4691780821917808,37,37,0.5675675675675675,0.08108108108108109,0.6756756756756757,0.0,0.0,0.0,0.0007171819154168707,1
91325283,134,We take this one step further and see how well our vectors learned from a completely different task are able to capture semantic relatedness when only a linear model is used on top to predict scores.,6,0,11,0.5491803278688525,36,36,0.16666666666666666,0.2222222222222222,0.5555555555555556,0.0,0.0,0.0,0.000738318300621771,1
75389943,32,We demonstrate that MANNs are capable of meta-learning in tasks that carry significant short- and long-term memory demands.,0,0,26,0.11851851851851852,18,18,0.2777777777777778,0.16666666666666666,0.6111111111111112,0.0,0.0,0.0,0.0006520519455526424,1
187460,137,"To the degree that CLUSTERCHANGES correctly identifies non-trivial partitions, this indicates that i) a large proportion of changesets can be decomposed into multiple independent changes, and ii) our decomposition covers a large fraction of changed methods in a review.",0,1,65,0.35128205128205126,39,39,0.2564102564102564,0.20512820512820512,0.5897435897435898,0.0,0.0,0.0,0.0008823572840155921,1
78412080,377,We also would like to thank Tracy Carver for contributing anecdotes and Jeffrey Heller for his support of this work.,26,0,1,0.989501312335958,20,20,0.35,0.15,0.6,0.0,0.0,0.0,0.00039530204476635836,1
8363020,183,"As expected, all our baseline models are able to generate accurate captions for in-domain images.",7,0,28,0.6224489795918368,15,15,0.3333333333333333,0.13333333333333333,0.6,0.0,0.0,0.0,0.0005929614619665412,1
37010180,3,"Instead of a numerical deconvolution in previous work, we precompute a feedforward, strided convolutional network that captures the feature statistics of Markovian patches and is able to directly generate outputs of arbitrary dimensions.",0,0,0,0.011111111111111112,33,33,0.2727272727272727,0.15151515151515152,0.6363636363636364,0.0,0.0,0.0,0.0008136899517485362,1
67744436,136,"In this dataset, we model the latent variation as 10 uniform categorical variables, each of dimension 10.",8,0,21,0.7597765363128491,17,17,0.23529411764705882,0.058823529411764705,0.5882352941176471,0.0,0.0,0.0,0.0005837202613856146,0
71546396,396,"Although all these approaches are not trivial, they are a prominent step towards protecting against malicious JavaScript programs in general.",21,0,16,0.8284518828451883,20,20,0.3,0.15,0.55,0.0,0.0,0.0,0.0005586034430102314,1
45043151,115,"4 Experiments
We first analyze various components of the proposed framework.",0,0,0,0.4372623574144487,11,11,0.2727272727272727,0.18181818181818182,0.7272727272727273,0.0,0.0,0.0,0.00048756404799718463,0
78412080,186,"4.5 Processor
We find processors are quite reliable and do not selfinflict fail-slow mode.",0,0,0,0.4881889763779528,14,14,0.21428571428571427,0.2857142857142857,0.6428571428571429,0.0,0.0,0.0,0.0005283317512231661,0
37263635,258,So the distinguishing property here is strong normalization.,15,0,11,0.7565982404692082,8,8,0.125,0.25,0.5,0.0,0.0,0.0,0.00034636230915214655,0
13187019,55,"The target shapes are specified as a series of line segments, and the shapes used in this example are shown in Figure 3.",0,0,55,0.6111111111111112,23,23,0.34782608695652173,0.21739130434782608,0.5217391304347826,0.0,0.0,0.0,0.000568457212473372,0
64175585,175,Note that this projection can be performed with a reduced number of principal components.,8,0,14,0.2679938744257274,14,14,0.2857142857142857,0.14285714285714285,0.5,0.0,0.0,0.0,0.0005201464979437056,1
53935450,145,"However, we next discuss why using latency as a reward signal leads to two unfortunate complications, namely that the query latency offers neither a dense nor a linear reward signal.",3,0,10,0.3411764705882353,30,30,0.3333333333333333,0.1,0.6666666666666666,0.0,0.0,0.0,0.0005939623073972913,1
65756728,91,"Then, if removing an edge between vj and vk strongly decreases the probability of prediction ŷi then the absence of that edge is a good counterfactual explanation for the prediction at vi.",0,0,91,0.2870662460567823,32,32,0.375,0.09375,0.53125,0.0,0.0,0.0,0.0006729585973443688,0
66099843,132,"Then, for each tag except Other, we choose the mode of the values to obtain the set of entity extractions from the article.12 Features used in the classifier are provided in the Supplementary material.",4,0,16,0.6700507614213198,34,34,0.38235294117647056,0.14705882352941177,0.5294117647058824,0.0,0.0,0.0,0.000762490090102559,1
70335565,74,This means that CS can find all the optima simultaneously if the number of nests are much higher than the number of local optima.,3,0,44,0.4484848484848485,24,24,0.25,0.125,0.5,0.0,0.0,0.0,0.00047926848864847035,0
86508243,80,The framework operates in a supervised setting.,4,0,2,0.25396825396825395,7,7,0.2857142857142857,0.14285714285714285,0.5714285714285714,0.0,0.0,0.0,0.00039659608141154264,0
96308075,357,conf spellchecker misses the LC errors that violate other types of constraints such as data ranges.,21,0,26,0.8439716312056738,16,16,0.5,0.125,0.625,0.0,0.0,0.0,0.0005514513817920917,0
57956236,27,The deep CNN combined with the fusion-CNN can be learned together end-to-end.,1,0,24,0.08598726114649681,12,12,0.16666666666666666,0.25,0.5833333333333334,0.0,0.0,0.0,0.0004697159254874042,0
29474820,179,"In this paper we propose that using stateless functions with remote storage, we can build a data processing system that inherits the elasticity, simplicity of the serverless model while providing a flexible building block for more complex abstractions.",9,0,1,0.9944444444444445,38,38,0.2894736842105263,0.13157894736842105,0.5789473684210527,0.0,0.0,0.0,0.0008285088958952652,0
78841597,172,"If the cryptographic keys are stored on some media or device that can be physically stolen, we do not consider the tool to be resistant to physical theft.",12,0,10,0.3926940639269406,28,28,0.17857142857142858,0.21428571428571427,0.42857142857142855,0.0,0.0,0.0,0.0005955462463138346,0
73515355,82,The rest of this paper is structured as follows.,1,0,73,0.13781512605042018,9,9,0.3333333333333333,0.2222222222222222,0.4444444444444444,0.0,0.0,0.0,0.0003975408995629395,0
8984509,316,We ran a large Monte Carlo experiment that executes a precise version of each application multiple times to accurately compute the empirical distributions for the outputs.,0,0,316,0.7505938242280285,26,26,0.3076923076923077,0.11538461538461539,0.6153846153846154,0.0,0.0,0.0,0.0007918166970285512,1
87885377,197,Jain and Wallace (2019) argue that attention often does not “explain” model predictions.,12,0,22,0.9516908212560387,13,13,0.46153846153846156,0.23076923076923078,0.6923076923076923,0.0,0.0,0.0,0.0005166407651825353,0
74164301,124,"The alignment is computed with the Berkeley aligner (Liang et al., 2006) using its default settings.",8,0,7,0.5961538461538461,16,16,0.375,0.1875,0.6875,0.0,0.0,0.0,0.0005805362035316217,1
28037079,46,"Table 1 shows the statistics and the densities of four well-known movie and music rating datasets, together with two LBSN datasets, i.e., the Yelp challenge dataset and the Foursquare dataset.",0,0,46,0.13897280966767372,30,30,0.43333333333333335,0.06666666666666667,0.7,0.0,0.0,0.0,0.0005798768871916612,0
52464539,175,Another problem is that it is often difficult to use machine learning alone to “go the last mile”.,4,0,35,0.2996575342465753,18,18,0.16666666666666666,0.2777777777777778,0.6111111111111112,0.0,0.0,0.0,0.0004412505661762957,0
37135417,456,The techniques and approaches presented so far are general and are applicable to other dataflow systems as well.,0,0,456,0.9764453961456103,18,18,0.2222222222222222,0.16666666666666666,0.5,0.0,0.0,0.0,0.0005610885531204248,0
8601517,2,This makes properly localized bounding boxes degenerate during iterative regression or even suppressed during NMS.,0,0,0,0.008583690987124463,15,15,0.26666666666666666,0.26666666666666666,0.7333333333333333,0.0,0.0,0.0,0.0005262662746924002,1
435175,13,"However, because images are high dimensional and highly structured, estimating the distribution of natural images is extremely challenging.",0,0,4,0.051587301587301584,18,18,0.2222222222222222,0.16666666666666666,0.6666666666666666,0.0,0.0,0.0,0.0006202286501330206,0
76874430,440,"In the high latency configuration, the NVM-CoW and the NVM-Log engines are 1.4× and 2.5× faster than their traditional counterparts.",10,0,20,0.47261009667024706,20,20,0.25,0.1,0.55,0.0,0.0,0.0,0.0005980833809267393,1
63531440,160,SRP-Hash converts MIPS to MCSS by vector augmentation.,5,0,7,0.7174887892376681,8,8,0.625,0.0,0.75,0.0,0.0,0.0,0.0003954278403074762,0
68399070,22,"Then, it fits SVMs to ConvNet features.",1,0,4,0.06666666666666667,7,7,0.42857142857142855,0.2857142857142857,0.7142857142857143,0.0,0.0,0.0,0.00033893454014991047,1
66302705,79,Trajectory management.,0,0,79,0.20954907161803712,2,2,1.0,0.0,1.0,0.0,0.0,0.0,0.0002827457009342446,1
37171167,73,"The termination module can decide whether to continue to infer the next turn after digesting intermediate information, or to terminate the whole inference process when it concludes existing information is su cient to yield an answer.",2,0,27,0.27756653992395436,36,36,0.25,0.25,0.6111111111111112,0.0,0.0,0.0,0.0007385774145126233,1
94730041,157,"This encourages the agent to visit state s6 (whenever it is chosen as a goal) and hence, learn the optimal policy.",9,0,12,0.7201834862385321,21,21,0.2857142857142857,0.23809523809523808,0.5714285714285714,0.0,0.0,0.0,0.0005896915921315565,1
63621777,164,"The SFC dataset includes 4.4 million labeled faces from 4,030 people each with 800 to 1200 faces, where the most recent 5% of face images of each identity are left out for testing.",8,0,2,0.640625,33,33,0.24242424242424243,0.15151515151515152,0.5757575757575758,0.0,0.0,0.0,0.0006842697111307547,0
96308075,190,"PCHECK adopts the common practices presented in previous work [8,22,32,33,52,60,61] to obtain the mapping from configuration parameters to the corresponding variables.",12,0,1,0.4491725768321513,21,21,0.38095238095238093,0.14285714285714285,0.6666666666666666,0.0,0.0,0.0,0.000840902313041808,0
22030520,327,"Indeed, these non-source/non-binary artifacts are still subject to community guidelines compliance, which developers may not realize initially.",0,0,327,0.7250554323725056,17,17,0.35294117647058826,0.17647058823529413,0.7058823529411765,0.0,0.0,0.0,0.0005898783475775737,0
52464539,292,"Briefly, this guidance considers the following four important cases:
No training data: An important advantage of using rules is that they provide a good way to incorporate analysts’ domain knowledge.",11,0,15,0.5,30,30,0.36666666666666664,0.23333333333333334,0.6666666666666666,0.0,0.0,0.0,0.0008169038527084747,0
19173630,121,This procedure was introduced in Breuleux et al.,6,0,6,0.7806451612903226,8,8,0.375,0.25,0.625,0.0,0.0,0.0,0.0003918100267014119,0
32338938,304,[8] P. Fender and G. Moerkotte.,15,0,22,0.793733681462141,6,6,0.6666666666666666,0.0,0.8333333333333334,0.0,0.0,0.0,0.0,0
22030520,357,Restrictions apply.,0,0,0,0.7915742793791575,2,2,0.5,0.5,1.0,0.0,0.0,0.0,0.00028037778278743275,0
93142771,48,"2.1 Regularization
For regularization we employ dropout on the penultimate layer with a constraint on l2-norms of the weight vectors (Hinton et al., 2012).",0,0,0,0.39344262295081966,24,24,0.3333333333333333,0.125,0.625,0.0,0.0,0.0,0.0006533999790763023,0
42045072,171,"With neither data augmentation nor regularization, our performance on CIFAR-100 and CIFAR-10 is superior to that of both ResNet and ResNet with stochastic depth.",9,0,4,0.8260869565217391,24,24,0.3333333333333333,0.08333333333333333,0.5,0.0,0.0,0.0,0.0006092587283768131,1
23929837,16,∗Authors contributed equally and listed alphabetically.,0,0,7,0.07339449541284404,6,6,0.3333333333333333,0.3333333333333333,0.8333333333333334,0.0,0.0,0.0,0.0003981188151922809,1
89628084,1,Most of the world’s cellular users experience delays of seconds to minutes; public Wi-Fi in airports and conference venues is often worse.,0,0,0,0.0033444816053511705,22,22,0.36363636363636365,0.13636363636363635,0.6363636363636364,0.0,0.0,0.0,0.0006593842399782645,0
45043151,8,The problem can be studied in supervised and unsupervised learning settings.,0,0,2,0.030418250950570342,11,11,0.2727272727272727,0.18181818181818182,0.5454545454545454,0.0,0.0,0.0,0.00048226257352044285,1
17409856,98,"While this approach works, it suffers from various problems such as alphabet mismatches between the source and target vocabularies and multi-word alignments.",7,0,2,0.4336283185840708,22,22,0.4090909090909091,0.09090909090909091,0.5454545454545454,0.0,0.0,0.0,0.0005926856805120222,0
7415123,67,"When the distilled net had 300 or more units in each of its two hidden layers, all temperatures above 8 gave fairly similar results.",4,0,7,0.39880952380952384,24,24,0.20833333333333334,0.08333333333333333,0.5416666666666666,0.0,0.0,0.0,0.0005882305942771775,0
73414525,39,"3.2 Reasoning Layers
The modules in the reasoning layers include those for question-fact interaction, pooling.",0,0,0,0.312,15,15,0.4,0.13333333333333333,0.6666666666666666,0.0,0.0,0.0,0.0005380148312026204,1
40771210,118,The full version of DDSketch is a simple modification that addresses its unbounded growth by imposing a limit of m = f(n) on the number of buckets it keeps track of.,5,0,27,0.3049095607235142,31,31,0.3870967741935484,0.12903225806451613,0.5483870967741935,0.0,0.0,0.0,0.0006530978480636425,1
3913778,197,"They developed systematic processes by adopting combo-flighting techniques (i.e., flighting a combination of changes and updates), including multiple metrics in their experiment score cards, and performing human-driven evaluation for more sensitive data categories.",0,1,153,0.5644699140401146,33,33,0.36363636363636365,0.18181818181818182,0.696969696969697,0.0,0.0,0.0,0.0008636203591275174,1
55048906,99,"• Lowering γ from its default allows style to be reused across semantic borders, which may be useful for certain applications if used carefully.",5,0,5,0.6346153846153846,24,24,0.25,0.25,0.6666666666666666,0.0,0.0,0.0,0.0005930658828513021,1
55410278,59,The weight adjustment is accomplished using back propagation as implemented in the Torch 7 machine learning package.,2,0,22,0.45038167938931295,17,17,0.4117647058823529,0.23529411764705882,0.7058823529411765,0.0,0.0,0.0,0.0005166746890314974,0
24510148,135,"In addition to the source files, we provide abstract syntax trees (ASTs) and rich runtime information of the proofs, including the environments, the goals, and the proof trees.",3,0,1,0.4426229508196721,28,28,0.42857142857142855,0.10714285714285714,0.6071428571428571,0.0,0.0,0.0,0.0007446899546452449,1
8264189,21,"Licence details: http://creativecommons.org/licenses/by/4.0/
ar X
iv :1
61 0.",0,0,14,0.07894736842105263,9,9,0.6666666666666666,0.1111111111111111,1.0,0.0,0.0,0.0,0.0005261789198296415,0
24824894,203,According to Fig.,9,0,17,0.6363636363636364,3,3,0.3333333333333333,0.3333333333333333,0.6666666666666666,0.0,0.0,0.0,0.00028219275535677443,0
12239056,321,"Replacing ResNet-50 with ResNet-101 and ResNeXt-101 increases APkp to 66.1 and 67.3, respectively.",11,0,34,0.9756838905775076,13,13,0.38461538461538464,0.07692307692307693,0.6923076923076923,0.0,0.0,0.0,0.0005288645959905932,0
91637218,76,"As before, we encode the question via a recurrent neural network.",3,0,1,0.2857142857142857,11,11,0.2727272727272727,0.09090909090909091,0.6363636363636364,0.0,0.0,0.0,0.00043948445392803527,0
76874430,372,"Similar to the Log engine, the NVM-Log engine maintains a WAL.",7,0,107,0.3995703544575725,11,11,0.36363636363636365,0.18181818181818182,0.6363636363636364,0.0,0.0,0.0,0.00042477864298407967,1
15062404,168,"Instead, we found it much easier to optimize the classifier and the HP-Net alternately.",6,0,3,0.5419354838709678,14,14,0.2857142857142857,0.14285714285714285,0.5714285714285714,0.0,0.0,0.0,0.00048537008956875307,1
51116334,136,"Using a convergence threshold of 0.1% cuts the number of iterations and the running time in half, and we found it still produces reasonable results in most cases.",9,0,5,0.7272727272727273,28,28,0.32142857142857145,0.10714285714285714,0.5714285714285714,0.0,0.0,0.0,0.0006793328614801251,0
80770343,57,Both G and D are trained by backpropagating the loss in Eqn.,3,0,6,0.2753623188405797,12,12,0.3333333333333333,0.25,0.4166666666666667,0.0,0.0,0.0,0.00033823218688932845,1
68642594,432,"Consider for example the following sequence of tasks in our simulated environment:
• find and pick an apple;
• bring the apple back home;
• find two apples;
• find one apple and two bananas and bring them home.",10,0,7,0.7024390243902439,39,39,0.3076923076923077,0.1794871794871795,0.717948717948718,0.0,0.0,0.0,0.0005506664403489847,0
30877354,149,Yolo’s confidence and IOU decrease with the car distance (see Fig.,6,0,15,0.9490445859872612,11,11,0.7272727272727273,0.0,0.7272727272727273,0.0,0.0,0.0,0.0005261596659898009,1
75865335,383,Figure 7 column (B) shows this transformation.,23,0,4,0.7913223140495868,7,7,0.5714285714285714,0.14285714285714285,0.8571428571428571,0.0,0.0,0.0,0.0003930478096598572,0
78861774,86,LSTM Reader: This model is a simplified version of the Deep LSTM Reader proposed by Hermann et al.,0,0,86,0.3628691983122363,18,18,0.5,0.1111111111111111,0.6666666666666666,0.0,0.0,0.0,0.0005331830436950985,0
74193008,125,"(13) efficiently, we only take a single second-order step.",7,0,33,0.5102040816326531,9,9,0.3333333333333333,0.1111111111111111,0.6666666666666666,0.0,0.0,0.0,0.0004866199299591173,1
66912872,40,"Section 4 introduces our algorithm-architecture co-design approach and a custom-optimized implementation of a decision tree in race logic, while Section 5 describes the endto-end system, dubbed “Race Trees”, in detail.",1,0,32,0.11461318051575932,30,30,0.4,0.06666666666666667,0.7,0.0,0.0,0.0,0.000759597378135011,1
8784223,242,"For the same experiments but without the approximate identity initialization, several experts fail to specialize.",6,0,37,0.7934426229508197,15,15,0.2,0.13333333333333333,0.6,0.0,0.0,0.0,0.00048712480308339196,0
5550259,124,"Second, if security practitioners cannot troubleshoot classification errors (e.g., errors introduced by biased training data), the concern is that these errors may be amplified later in practice.",6,0,3,0.1887366818873668,27,27,0.37037037037037035,0.25925925925925924,0.7037037037037037,0.0,0.0,0.0,0.0006183966257923648,0
69013017,141,"Unless otherwise specified, we train all the models for a total 256 epochs.",5,0,11,0.7121212121212122,13,13,0.23076923076923078,0.07692307692307693,0.6153846153846154,0.0,0.0,0.0,0.0005218139884146173,0
8363020,184,"For near-domain and out-of-domain, our UpDown model trained only on COCO fails to identify novel objects such as rifle and dolphin, and confuses them with known objects such as baseball bat or bird.",7,0,29,0.6258503401360545,33,33,0.2727272727272727,0.15151515151515152,0.5454545454545454,0.0,0.0,0.0,0.0006332745140662357,1
75865335,72,"Examples include: objectness [1], selective search [39], category-independent object proposals [14], constrained parametric min-cuts (CPMC) [5], multi-scale combinatorial grouping [3], and Cireşan et al.",2,0,2,0.1487603305785124,24,24,0.5,0.16666666666666666,0.9583333333333334,0.0,0.0,0.0,0.0008549778664559828,1
84655302,49,"In particular, Kryo [19] is the library recommended in Spark.",4,0,12,0.10722100656455143,10,10,0.4,0.2,0.6,0.0,0.0,0.0,0.00044225705299323615,1
52492536,57,"Hence, we will be using the term “convolutional transpose” from now on.",2,0,3,0.25675675675675674,12,12,0.25,0.25,0.5,0.0,0.0,0.0,0.0003424263015632782,1
18521109,196,"As described before, for each task we consider a fixed policy for performing actions (answering questions) which gets questions correct with probability πacc.",4,0,1,0.8909090909090909,23,23,0.34782608695652173,0.2608695652173913,0.6521739130434783,0.0,0.0,0.0,0.0006687289303294493,0
28727146,120,We obtain similar results (omitted here) when controlling for content productivity.,0,1,48,0.410958904109589,11,11,0.36363636363636365,0.2727272727272727,0.7272727272727273,0.0,0.0,0.0,0.00047732345516594864,1
61298922,572,"CONCLUSIONS
We showed that it is possible to perform advanced microarchitectural attacks directly from integrated GPUs found in almost all mobile devices.",0,0,0,0.959731543624161,22,22,0.18181818181818182,0.22727272727272727,0.6363636363636364,0.0,0.0,0.0,0.0006580905427073925,1
65123124,268,"This seminal theoretical result also inspires to use regularizers which control the spectral norm of the recurrent matrix, such as the soft unitary constraints.",14,0,19,0.6617283950617284,24,24,0.25,0.125,0.625,0.0,0.0,0.0,0.0006519201081204229,1
72744034,202,Note that by enhancement we mean changes applied by developers on existing features aimed at improving them.,6,0,4,0.5821325648414986,17,17,0.35294117647058826,0.29411764705882354,0.6470588235294118,0.0,0.0,0.0,0.0005927870528904765,1
88049354,23,"On MPII there is over a 2% average accuracy improvement across all joints, with as much as a 4-5% improvement on more difficult joints like the knees and ankles.",1,0,18,0.09019607843137255,29,29,0.27586206896551724,0.034482758620689655,0.5172413793103449,0.0,0.0,0.0,0.0004138294975765865,1
15062404,229,py.,10,0,9,0.7387096774193549,1,1,1.0,0.0,1.0,0.0,0.0,0.0,0.0,1
5681713,441,"By leveraging the remote code execution vulnerability, we modified the control-loop configuration files, which are naı̈vely obfuscated and, thus, easily modifiable.",21,0,8,0.7603448275862069,21,21,0.23809523809523808,0.23809523809523808,0.7142857142857143,0.0,0.0,0.0,0.0006574532585638528,0
